dataset,forecaster,coverage,horizon_hours,window,raw_picp,raw_mpiw,raw_winkler_interval_score,raw_macro_user_abs_coverage_gap,raw_max_abs_cluster_coverage_gap,global_picp,global_mpiw,global_winkler_interval_score,global_macro_user_abs_coverage_gap,global_max_abs_cluster_coverage_gap,segment_picp,segment_mpiw,segment_winkler_interval_score,segment_macro_user_abs_coverage_gap,segment_max_abs_cluster_coverage_gap,user_picp,user_mpiw,user_winkler_interval_score,user_macro_user_abs_coverage_gap,user_max_abs_cluster_coverage_gap,delta_user_gap_user_minus_global,delta_segment_gap_user_minus_global,personalization_conflict,reverse_conflict,window_order
Ausgrid,lightgbm_quantile,0.8,1.0,2012-07,0.7672483547308232,0.5900453044611073,0.9875725129869316,0.0463138778005538,0.0464488636363636,0.7903473046355234,0.5961529663429094,0.987035303522908,0.0392171935124249,0.0161443595548009,0.7905248678390333,0.5958990484177601,0.9870107291276692,0.0389461286726363,0.0143282624633431,0.7910418240011508,0.5967308885848074,0.9856568742933758,0.0269491494947315,0.0137707722385141,-0.012268044017693398,-0.0023735873162868005,0,0,0
Ausgrid,lightgbm_quantile,0.8,1.0,2012-08,0.7757893695831984,0.5517756463329008,0.8977903774299724,0.044654223756608,0.0393313172043011,0.8071281511849534,0.5606638467964359,0.8975868864925733,0.0379953788614377,0.0119249528877064,0.8069685690653433,0.5600969433278394,0.8975463521971658,0.0379140144567914,0.0081494057724956,0.808285683460999,0.5613808815785815,0.8966500892406493,0.0258478081058726,0.0116293988269794,-0.012147570755565103,-0.0002955540607269998,0,0,1
Ausgrid,lightgbm_quantile,0.8,1.0,2012-09,0.7868334262356002,0.4109556963587099,0.6434612487243528,0.0385056670382757,0.0173374368686869,0.8152104236343367,0.4186116690373967,0.6436674994609267,0.0406749349684132,0.0259943181818181,0.8146530100334448,0.4180925917921559,0.6435830355722605,0.0396576551467855,0.0250552398989898,0.8142767558528428,0.4186851842692227,0.6435365521608878,0.0353748606465997,0.0277777777777776,-0.005300074321813501,0.0017834595959594982,1,0,2
Ausgrid,lightgbm_quantile,0.8,1.0,2012-10,0.7797092458733412,0.3709421777677003,0.60365527843066,0.040818858560794,0.0238132331378299,0.7970924587334125,0.3752912063739654,0.6034666449270617,0.0366346603373251,0.0103671477079796,0.7968384759233287,0.3749659216437284,0.6034504618987951,0.0364615924047901,0.0054788826072498,0.7951460064012659,0.3746521455102637,0.6026868330308179,0.02739418132125,0.0068091120718324,-0.009240479016075099,-0.0035580356361472,0,0,3
Ausgrid,lightgbm_quantile,0.8,1.0,2012-11,0.7778753251579339,0.3623329857673456,0.6079622496893056,0.0418989223337049,0.0240609217171717,0.7931832961724266,0.3663617040334639,0.6077222454178571,0.0370517465626161,0.0116593567251462,0.792985878855444,0.36623742139381,0.6077126334295578,0.0369611668524712,0.0098563762626262,0.7932251021924935,0.3660661309671306,0.6066329793118836,0.0253553511705685,0.0105350378787879,-0.011696395392047605,-0.0011243188463582986,0,0,4
Ausgrid,lightgbm_quantile,0.8,1.0,2012-12,0.7796238357248175,0.3952224260170045,0.6600768133046961,0.0438954220160391,0.0216268156951519,0.8000908044736936,0.401108331806177,0.659851026328109,0.0397678642068543,0.0093001588465297,0.7999222318121336,0.4010363710345866,0.6598288545736664,0.0396613262847484,0.0036290322580645,0.8006347322616607,0.4001942649048083,0.6587902967649849,0.0257165461934045,0.0060954993903115,-0.014051318013449797,-0.0032046594562182,0,0,5
Ausgrid,lightgbm_quantile,0.8,1.0,2013-01,0.7731191786240874,0.4413605133409093,0.7779631923455843,0.049177365411587,0.0287786830728301,0.7932467544143561,0.4472789974131369,0.7775243540410982,0.0436306505556155,0.0120413601207319,0.7931950587981443,0.4473876299414421,0.7775081162601631,0.0435672672348689,0.0088737390533201,0.7939187974251087,0.4460509425830024,0.7759647548830915,0.0279956485776962,0.0101901119609799,-0.015635001977919297,-0.0018512481597519996,0,0,6
Ausgrid,lightgbm_quantile,0.8,1.0,2013-02,0.7802720377448639,0.3773386061765092,0.630284069083547,0.0467854156712852,0.0236624053030303,0.806935817805383,0.3845330551944709,0.6301545211579419,0.0426739926739926,0.0149942505411254,0.807226966873706,0.3848065167838249,0.6301375526813927,0.0425052755215798,0.0109009502923975,0.8010655558209906,0.3827044664017657,0.6284264307962734,0.0295772615066093,0.004976663961039,-0.013096731167383299,-0.010017586580086401,0,0,7
Ausgrid,lightgbm_quantile,0.8,1.0,2013-03,0.7837549897507822,0.374987114695157,0.6243265155383708,0.043693134822167,0.0180932306940372,0.806779767684396,0.381603467018302,0.6242502563930049,0.0408125651814291,0.0138288123167155,0.8067527960585464,0.3818584265149203,0.6242435846495445,0.0401976121120581,0.0096801906662231,0.8049794116589348,0.3797178954232325,0.6225374940244036,0.0244736037688351,0.0088141558585522,-0.016338961412594003,-0.0050146564581633,0,0,8
Ausgrid,lightgbm_quantile,0.8,1.0,2013-04,0.777457264957265,0.368052850642862,0.598108669814273,0.0444258639910814,0.0238852339181286,0.7942563173541435,0.3725225823271034,0.5978286562346962,0.0402243589743589,0.0116532651072125,0.79423541434411,0.3727064802900668,0.5978177510163615,0.0403010033444816,0.0093384502923976,0.7913368636194723,0.370888923442457,0.5970679365733601,0.0293060200668896,0.0137548732943469,-0.0109183389074693,0.0021016081871343996,1,0,9
Ausgrid,lightgbm_quantile,0.8,1.0,2013-05,0.7686171647426907,0.4392099123919797,0.7346082188542785,0.0503996295896716,0.0337564149560117,0.7883671377710648,0.4443708518688767,0.7341114765669166,0.0419031179199482,0.0164626957177891,0.7883603948646024,0.4443832108589703,0.7341012853156808,0.0417696083719926,0.0131674608993157,0.7835482072859352,0.4430764254941681,0.7327517345057389,0.0308941993023339,0.016909518572825,-0.011008918617614296,0.0004468228550359027,1,0,10
Ausgrid,lightgbm_quantile,0.8,1.0,2013-06,0.7611482720178372,0.5571408523978555,0.9493792317914518,0.0546125975473801,0.0439236111111112,0.7880968970642883,0.5647936699727094,0.9484923478783398,0.0427327201783723,0.0165021929824561,0.7880829617242661,0.5648143669983011,0.948483267720218,0.0424586584912672,0.0154750631313131,0.7854189892233371,0.5642415321512665,0.9467195189708104,0.030309364548495,0.0161512027491409,-0.012423355629877297,-0.0003509902333152029,0,0,11
Ausgrid,lightgbm_quantile,0.8,6.0,2012-07,0.7532163663825655,0.6491795528440202,1.0589473412772743,0.0668774948753911,0.060661045943304,0.7830492322077175,0.6578466983538547,1.0577232457650263,0.0578883015068148,0.0303810601773251,0.7830672132916172,0.6576297858655469,1.057592033344092,0.0570261085338224,0.0222094941348973,0.7829256122559067,0.6578930287502258,1.0549750367486015,0.0409406804042147,0.0227288000977518,-0.016947621102600105,-0.0076522600795733,0,0,0
Ausgrid,lightgbm_quantile,0.8,6.0,2012-08,0.7584938145071385,0.5998449603019577,0.9709483194330222,0.065786043082677,0.0499312683284457,0.8010010968461179,0.6136214850439049,0.9698740444396432,0.0573798863595497,0.0170463120166006,0.8008932103427194,0.6129484380598216,0.9696427738996634,0.0569132772323515,0.0041300097751709,0.8017877692667315,0.6130592600379798,0.966559230154363,0.0358097781134246,0.0056191959921798,-0.021570108246125104,-0.0114271160244208,0,0,1
Ausgrid,lightgbm_quantile,0.8,6.0,2012-09,0.7778149386845039,0.4461672058881065,0.6996926836102063,0.0579617242660721,0.026760477582846,0.8200552768487551,0.45991747370386,0.6999517222529367,0.0620656819026384,0.0397253787878787,0.8201551467855815,0.4592490980102035,0.6997992756480832,0.0615663322185061,0.0301767676767675,0.8151059085841694,0.4585795821181371,0.6994757704347833,0.0500278706800445,0.0301215277777777,-0.012037811222593897,-0.009603851010101,0,0,2
Ausgrid,lightgbm_quantile,0.8,6.0,2012-10,0.762633959075053,0.3905143211265114,0.6544054059527104,0.0607594310785054,0.0430673457838144,0.7930399719495091,0.3993820011470593,0.6535497080712492,0.0527641421224871,0.0193100358422939,0.7928084654943,0.3993550886990246,0.6534827975194084,0.0527502067824648,0.0102940361379004,0.7895965943827093,0.3991547985620678,0.651529557984563,0.0385222246197,0.0123302207130731,-0.014241917502787096,-0.006979815129220801,0,0,3
Ausgrid,lightgbm_quantile,0.8,6.0,2012-11,0.759410999628391,0.3776618887017908,0.6641512691438888,0.0606512448903753,0.0418313287514319,0.7884661835748792,0.3863380758038938,0.6630841933429813,0.0517837235228539,0.0192251461988304,0.7882432181345225,0.3865924291770993,0.6630298833926901,0.0514632107023411,0.0158065025252526,0.7858951133407656,0.3859766768047823,0.6613532922647037,0.0391838535860275,0.0174873737373737,-0.0125998699368264,-0.0017377724614566978,0,0,4
Ausgrid,lightgbm_quantile,0.8,6.0,2012-12,0.766641493149207,0.4341778788219242,0.759523414683245,0.0591937281979357,0.0397738609910209,0.8032442370626102,0.4463376989479753,0.7587282285613168,0.0525267918150106,0.022603555718475,0.803316161398209,0.4466048718710186,0.7586390330139517,0.0505731470493041,0.0082844574780057,0.7994412378178156,0.4446049912426227,0.7571498985609685,0.0377652209875211,0.0067329010087573,-0.014761570827489495,-0.0158706547097177,0,0,5
Ausgrid,lightgbm_quantile,0.8,6.0,2013-01,0.7474489337217247,0.4981642898238514,0.9473946563946536,0.0718627503865933,0.0572539075490522,0.7826603912683857,0.5098423527840525,0.9454320944691446,0.0566453590822454,0.0250047160913036,0.7825457618585249,0.5104017922419458,0.9453017531046564,0.0558564390261445,0.0189959538853785,0.7815680404214767,0.5086645119183942,0.9421716836708188,0.0419215485309454,0.0192800133022946,-0.014723810551299996,-0.005724702789008999,0,0,6
Ausgrid,lightgbm_quantile,0.8,6.0,2013-02,0.7708557294155121,0.4165379063092848,0.6899521473024014,0.0645101727982162,0.0338846049783549,0.8177655677655677,0.4317820475191136,0.6898686329110092,0.0622919652810957,0.0310250946969696,0.817646121993948,0.432648885957949,0.6898998382109273,0.0631609332696289,0.0219885247913598,0.8180965320910973,0.4323379597515308,0.6874631505830183,0.042366917502787,0.0222569955817377,-0.019925047778308697,-0.008768099115231898,0,0,7
Ausgrid,lightgbm_quantile,0.8,6.0,2013-03,0.7702219764807423,0.4030005858589263,0.6858702839829421,0.0641030136296616,0.0335938366034808,0.8110120653072967,0.4165731145006257,0.6853991767249311,0.0596724745567662,0.0240469208211143,0.8110502751105837,0.4171420552377409,0.6853776019223227,0.0595200848707159,0.0135021694019995,0.8117942424569353,0.4142183026271743,0.6813941785918257,0.0339891933685762,0.0162551877004338,-0.02568328118819,-0.007791733120680502,0,0,8
Ausgrid,lightgbm_quantile,0.8,6.0,2013-04,0.7622584541062802,0.3916983202516308,0.6398587824264047,0.0656215161649944,0.0400057273768614,0.7913368636194723,0.4005447358278255,0.638887451461592,0.0581661092530657,0.0154605263157895,0.7914181531029357,0.4010187224854374,0.6388333864879565,0.0583960423634336,0.0128472222222222,0.7856280193236715,0.3968966686260246,0.6370117217249647,0.0435247120029728,0.0163255360623781,-0.014641397250092898,0.0008650097465886016,1,0,9
Ausgrid,lightgbm_quantile,0.8,6.0,2013-05,0.7494403387636207,0.4767587205859088,0.7925291088342085,0.0803129607652749,0.0537135572552932,0.7831683568885532,0.4873264463795974,0.7908858356900552,0.0689453195238608,0.0282293435200905,0.7836178839860467,0.4878447796511934,0.7907750902028,0.0681541518322724,0.0231890209394454,0.7796800266120042,0.4845031796806689,0.7861696320432041,0.049758603948646,0.0277282588190908,-0.019186715575214806,-0.0005010847009996981,0,0,10
Ausgrid,lightgbm_quantile,0.8,6.0,2013-06,0.7343575808249722,0.6095876571299816,1.0312901788644104,0.0883291527313266,0.0681701030927836,0.7776175213675214,0.624488379436821,1.0283192976068196,0.0696650873281308,0.0313413742690058,0.7779984206614642,0.624756228237943,1.0282045808880438,0.0691494797473058,0.024905303030303,0.775685154217763,0.6220598005660485,1.0220842967359434,0.0432436826458565,0.0288301832760595,-0.026421404682274302,-0.0025111909929463015,0,0,11
Ausgrid,lightgbm_quantile,0.9,1.0,2012-07,0.8685560290574316,0.8146450118253977,1.2162265347478751,0.0390508684863523,0.0423356549364614,0.8915381019167835,0.8240251295017124,1.214690124195324,0.028693314633006,0.0144300603659687,0.8917336462041932,0.8236297717562748,1.2146254007885475,0.0286730859136188,0.0116660557184751,0.8918640090624663,0.8246473654198782,1.2128014063676813,0.0189489157406408,0.0113605816226783,-0.0097443988923652,-0.0030694787432904,0,0,0
Ausgrid,lightgbm_quantile,0.9,1.0,2012-08,0.8725972776638976,0.7654283490489399,1.115878484148957,0.0391956162117452,0.043931757086999,0.9031718631999136,0.7788814041681792,1.1148350083887295,0.0276962635307656,0.0075490522115064,0.9028212320638688,0.7782155933801213,1.1147269907197157,0.0273681087495954,0.003992171288436,0.9046418168087172,0.7797331607972543,1.112690545573031,0.017258244326968,0.0057154203323558,-0.0104380192037976,-0.0018336318791506,0,0,1
Ausgrid,lightgbm_quantile,0.9,1.0,2012-09,0.8835237829803048,0.5829374886742852,0.8202620140101238,0.0346293199554069,0.0228693181818182,0.9113991081382384,0.5955081810542113,0.8204620037515226,0.0316657376439985,0.0177241161616161,0.9111041434411,0.5948762182761023,0.8202852450390878,0.0308783909327387,0.0154592803030302,0.9098731884057972,0.5946341837089179,0.8197192974094757,0.0244867149758454,0.0187342171717171,-0.007179022668153099,0.0010101010101009993,1,0,2
Ausgrid,lightgbm_quantile,0.9,1.0,2012-10,0.8792278023519258,0.5320118099264293,0.7766377945501528,0.0348702664796633,0.0249236314760508,0.8990924047901607,0.5403421712831044,0.7759641344435416,0.029346477505664,0.0069019996227127,0.8991148811450355,0.5398916732774094,0.7759132052939125,0.0290974394936526,0.0021921073051768,0.8969234365447549,0.5384692647130785,0.7739244662943554,0.0196632142985579,0.0043398736282008,-0.0096832632071061,-0.0025621259945119,0,0,3
Ausgrid,lightgbm_quantile,0.9,1.0,2012-11,0.8786696395392047,0.5204784245272073,0.7867098250940855,0.0349266072092159,0.0254024621212121,0.895849591230026,0.5279870684444401,0.7858977834847378,0.0294895020438498,0.0078642787524366,0.8957102378298031,0.5277299744491126,0.7858775393855334,0.0291922147900408,0.0056486254295532,0.8945048309178744,0.5256891785447962,0.7835835087052558,0.0183110367892976,0.0086410984848485,-0.0111784652545522,0.0007768197324119,1,0,4
Ausgrid,lightgbm_quantile,0.9,1.0,2012-12,0.8782455856439026,0.566610118449342,0.8583545013455595,0.0371489193368576,0.0229838709677419,0.9003398424857051,0.5760464706349867,0.8575109864359091,0.0308384579422447,0.0074184384164223,0.9003083755888805,0.5759292274628669,0.8574710002669855,0.0303062178588125,0.0037909335288367,0.8988698888769014,0.5733971121784398,0.8555198454803777,0.0210468587046427,0.0046585744374237,-0.009791599237601999,-0.0027598639789985996,0,0,5
Ausgrid,lightgbm_quantile,0.9,1.0,2013-01,0.8696124177365412,0.6272954810422076,1.017081177573223,0.0440630956234041,0.0362414467253177,0.8925787571474808,0.6367127914218143,1.015431714352305,0.0327287193872046,0.0100853612525938,0.892805768331715,0.6368618226970832,1.015397405943408,0.0323389793936778,0.0090441747034697,0.891578559355558,0.6339844262155778,1.0122999816096587,0.0225401877225159,0.0116049608993157,-0.010188531664688697,0.0015195996467219,1,0,6
Ausgrid,lightgbm_quantile,0.9,1.0,2013-02,0.876219342251951,0.5450567923253368,0.8190790986008956,0.0406235069278547,0.036135349025974,0.904435917343526,0.5567504923165735,0.8183159020536384,0.0318616618888358,0.0069686823593073,0.9045802476508998,0.5570777580655604,0.8183166028681973,0.0315391583054626,0.0068374060150375,0.9007505175983436,0.5535015471473946,0.8156293261940991,0.0217520703933747,0.0020388438880706,-0.010109591495461104,-0.0049298384712367005,0,0,7
Ausgrid,lightgbm_quantile,0.9,1.0,2013-03,0.879555957133096,0.5392230665625621,0.8091438645419545,0.0398006796849714,0.0314684139784946,0.906747851260474,0.5507185691871292,0.8087017508568299,0.0312479771280612,0.0106335532746822,0.9065680404214768,0.5508602835173482,0.8086813864581552,0.0313001222713705,0.0080201751468794,0.905626281152228,0.5470816404316461,0.8052701294924335,0.018283166109253,0.0070294313269039,-0.012964811018808201,-0.0036041219477782995,0,0,8
Ausgrid,lightgbm_quantile,0.9,1.0,2013-04,0.8748374210330732,0.5281973768285093,0.7628473048133344,0.0399572649572649,0.0310053661616162,0.8953664994425864,0.5363548244997602,0.76183762924464,0.0327968227424749,0.0100085282651072,0.8952712746191007,0.5363616935624261,0.7618133361639302,0.0329059829059829,0.0085465399610136,0.8909257710888145,0.53273796313316,0.7602672063438626,0.0233625975473801,0.0139680799220273,-0.009434225195094799,0.0039595516569201,1,0,9
Ausgrid,lightgbm_quantile,0.9,1.0,2013-05,0.8659352860790448,0.6205815695469108,0.9324437655674732,0.0456049735678066,0.0392809139784946,0.8900142050562808,0.629609436357029,0.93065867968163,0.032393821699572,0.0141883606866629,0.8899355378142194,0.6294983307582166,0.930639074788738,0.0323987664976444,0.0119817647710896,0.8842063149566656,0.6259165911298188,0.92823477638523,0.0252930916675657,0.017711451058641,-0.0071007300320063,0.0035230903719781007,1,0,10
Ausgrid,lightgbm_quantile,0.9,1.0,2013-06,0.8604236343366778,0.7690052513397989,1.186028143025139,0.0493311036789297,0.0455808080808081,0.8897621701969528,0.7815919829425114,1.1832030716472144,0.033022110739502,0.0145955165692007,0.8896971386101821,0.7817339656912453,1.1831489932254622,0.0327526941657376,0.0126025883838384,0.8886705685618729,0.779258989659082,1.1802775043019804,0.0224730583426235,0.0119487399770905,-0.010549052396878502,-0.0026467765921101994,0,0,11
Ausgrid,lightgbm_quantile,0.9,6.0,2012-07,0.8599385945984824,0.8871231449361029,1.293268108544062,0.0512959866220735,0.048620784457478,0.8866202754702054,0.8977386500025943,1.290825354866403,0.0394244255043694,0.0230487172231654,0.8866652281799546,0.8974595977164157,1.2906681814210803,0.0389164598842018,0.0159503299120234,0.8865820656669184,0.8967083603056671,1.287580395904703,0.0280257668932283,0.0156295821114369,-0.011398658611141099,-0.007419135111728498,0,0,0
Ausgrid,lightgbm_quantile,0.9,6.0,2012-08,0.8623031071312979,0.831356533921605,1.1998845689259032,0.0520601826878124,0.0439704772684399,0.900074621498184,0.8478863772986672,1.1976068190181304,0.0391502139748984,0.0130859743444633,0.9001914985435322,0.8473438487157176,1.1972874612823643,0.038491207249973,0.0014005987292277,0.9001285647498831,0.8465646751723314,1.1930655549654854,0.0233160714927895,0.0019618939822675,-0.0158341424821089,-0.011124080362195799,0,0,1
Ausgrid,lightgbm_quantile,0.9,6.0,2012-09,0.8777917131178,0.6314611156425342,0.8908934159525631,0.0449832775919732,0.0249269005847952,0.9118241360089188,0.6482333076423679,0.8907444257271832,0.0416178929765886,0.0244318181818181,0.9116290412486064,0.6476187662692379,0.890472075551555,0.0412602192493496,0.0162563131313131,0.9072068933481976,0.6465360414039893,0.8899359302495631,0.0315101263470828,0.0162720959595958,-0.010107766629505799,-0.0081597222222223,0,0,2
Ausgrid,lightgbm_quantile,0.9,6.0,2012-10,0.8669534649548675,0.5626694250828822,0.8437717869618254,0.0474260078397525,0.0347064393939394,0.8960108965368433,0.5748841949336435,0.8417689514184995,0.0373682885604344,0.0108458309752876,0.8957591613622469,0.5747132678944394,0.8417391282508843,0.0372918689538605,0.0074437423788936,0.8914796633941094,0.5744244662856391,0.8388845506857142,0.0269976984212608,0.0091134574880833,-0.010370590139173599,-0.0017323734872043,0,0,3
Ausgrid,lightgbm_quantile,0.9,6.0,2012-11,0.8636752136752137,0.5490670494799973,0.8654445149970871,0.0494472315124489,0.0432345360824742,0.8928581382385731,0.5608828507856751,0.8628249986421963,0.0361691750278706,0.0109321305841925,0.8923285953177258,0.5610729342393825,0.8628079437098657,0.0360391118543292,0.0116319444444444,0.8894230769230769,0.5591371481050266,0.8598026457362368,0.0270670754366406,0.0168166035353535,-0.009102099591229998,0.005884472951161001,1,0,4
Ausgrid,lightgbm_quantile,0.9,6.0,2012-12,0.8655936454849499,0.6265859062238427,0.986254978674582,0.0491535404754198,0.0377965303181465,0.898804707447765,0.6418005642018967,0.9838414716590664,0.0362871758909627,0.010923753665689,0.8991508433128349,0.6422168285953551,0.9837330199121924,0.0355382637465386,0.0039865314266711,0.894556676376452,0.6391159659064194,0.9813525635542736,0.0270377063329377,0.0078802239219598,-0.009249469558024997,-0.0030435297437291994,0,0,5
Ausgrid,lightgbm_quantile,0.9,6.0,2013-01,0.8521145754666092,0.716202467131893,1.2330297344162635,0.0597412522026827,0.0485977164394191,0.8861370338403999,0.7320492835536302,1.2285955414629484,0.0405648757507102,0.0196767119411431,0.8862943683245226,0.7327232434768568,1.22837968177672,0.0394716258496062,0.014925249952839,0.8867776099543281,0.7304912089416432,1.223102542532474,0.0277852698960693,0.0152259007734389,-0.012779605854640903,-0.0044508111677042,0,0,6
Ausgrid,lightgbm_quantile,0.9,6.0,2013-02,0.866322762382545,0.602886075421622,0.8993248974463341,0.0545175386207994,0.0441592261904761,0.9100274725274724,0.6240542429854642,0.8980828753067784,0.0436514572384137,0.0175375405844155,0.9104878364389234,0.6248624700552406,0.8981194004995336,0.0429750955566172,0.0133836524300441,0.9079993828635132,0.6223032583945772,0.8942344126122693,0.0303516682592769,0.0143271354933726,-0.013299788979136803,-0.0032104050910429,0,0,7
Ausgrid,lightgbm_quantile,0.9,6.0,2013-03,0.8693247203941453,0.5830067275385183,0.8876306798747359,0.051882169957205,0.0409686583577713,0.909355108425936,0.602907890636416,0.8862711985020281,0.0411582515194015,0.0151774804496578,0.9093483655194736,0.6032766369585493,0.8862670772711032,0.0407280540871003,0.0108815541514244,0.9090494299996404,0.5980697082248358,0.8809494173506056,0.0229353220412126,0.0118031975099037,-0.0182229294781889,-0.0033742829397541,0,0,8
Ausgrid,lightgbm_quantile,0.9,6.0,2013-04,0.8629343180973615,0.5654530586877025,0.816468828048306,0.0547542735042735,0.0401515151515151,0.8959169453734671,0.5791314904271379,0.8138967534063535,0.0414437012263099,0.008516081871345,0.8959308807134894,0.5793691050151089,0.8138021161721897,0.0410999628390932,0.0056591130604288,0.8889214046822742,0.5730616955255767,0.8118962521356947,0.0317028985507246,0.0123355263157894,-0.009740802675585303,0.0038194444444443997,1,0,9
Ausgrid,lightgbm_quantile,0.9,6.0,2013-05,0.8497860251015932,0.6707094745429725,1.0053945725972455,0.0657810982846046,0.0540710564238998,0.8872203941453591,0.6855103264911228,1.0011399342092282,0.0473320566763764,0.0223884644406715,0.8875103391232424,0.6858280158655906,1.000981421209372,0.0463264645592836,0.0185566402565553,0.8827633329737117,0.6805394010819384,0.9955744154986128,0.034450857697702,0.0223825693265421,-0.012881198978674395,-5.895114129399193e-06,0,0,10
Ausgrid,lightgbm_quantile,0.9,6.0,2013-06,0.8417363433667782,0.8331421083153785,1.2833756503977336,0.0712095875139353,0.0623067010309278,0.8843947417316983,0.8526893479576912,1.2769470695926213,0.0484880156075808,0.0220882066276802,0.8839255852842809,0.8527243196279685,1.276771940234973,0.0479584726867335,0.018069873997709,0.8818236714975846,0.8499121886076391,1.268057849891029,0.0320327015979189,0.0225873424971363,-0.016455314009661902,0.0004991358694561021,1,0,11
Ausgrid,persistence_quantile_interval,0.8,1.0,2012-07,0.7377548818642787,0.4932367527677125,1.5809170564832904,0.0809418491746682,0.0772941104594331,0.7830941849174669,0.6175537421705137,1.5560153476864058,0.0554177005789909,0.0353372434017595,0.7831368899917287,0.6242350762783081,1.554278802361039,0.0534177545222426,0.0221275357499168,0.7811140180530083,0.6407966623600172,1.535165176145205,0.0408912324234905,0.0253214721206075,-0.014526468155500398,-0.010015771281151997,0,0,0
Ausgrid,persistence_quantile_interval,0.8,1.0,2012-08,0.7586916064300356,0.4932367527126845,1.4348190317645566,0.0608646204193189,0.0529020039100684,0.8207780415003416,0.6767997620426065,1.4258357693210315,0.0474314021649225,0.0369234578381436,0.8204588772611213,0.6876658054436807,1.425878524400574,0.045885028949545,0.0259637707722384,0.8151319811558241,0.7141852803638725,1.4184351904560637,0.0420667457834358,0.0196175464320624,-0.005364656381486699,-0.017305911406081204,0,0,1
Ausgrid,persistence_quantile_interval,0.8,1.0,2012-09,0.8163856373095504,0.4932367528249713,1.0111903655458632,0.0424911742846525,0.0223224513172966,0.8644648829431438,0.6314234461713277,1.0421196556879893,0.0687105165366034,0.0676689576174112,0.8636194723151245,0.6415792977978404,1.0474386102127324,0.0687151616499442,0.0815735479797979,0.8540458937198068,0.6587699058724015,1.0605949262799232,0.0773225566703827,0.0680913516609392,0.008612040133779295,0.00042239404352800713,0,0,2
Ausgrid,persistence_quantile_interval,0.8,1.0,2012-10,0.8291976840363937,0.4932367528151084,0.9302765402006954,0.0436994282015319,0.0376912204855337,0.8378286043082677,0.5144132170902446,0.9342148149262584,0.0485183586866616,0.0459289435761001,0.8380196533247024,0.5154129473818374,0.934606122706928,0.0487894235264501,0.046358496840705,0.831575682382134,0.5171511787822388,0.938915063039161,0.0524139605135397,0.0412177142223699,0.0038956018268780992,-0.004711229353730195,0,1,3
Ausgrid,persistence_quantile_interval,0.8,1.0,2012-11,0.8353957636566333,0.4932367526898153,0.9286504684419842,0.0480955035302861,0.0436079545454545,0.8094365477517651,0.4410367684773673,0.921763982201958,0.0399270717205499,0.0203250286368842,0.8095712560386473,0.4356150150567279,0.9209215127035986,0.0389005016722407,0.0120975378787878,0.8037880899293943,0.4277197334273839,0.9193792422087558,0.0370889074693422,0.0052205165692007,-0.0028381642512076977,-0.0151045120676835,0,0,4
Ausgrid,persistence_quantile_interval,0.8,1.0,2012-12,0.8418428812888841,0.4932367526994173,0.951644130649438,0.0562511238177437,0.0503711510263928,0.8107985399359874,0.430772386983781,0.9429693382222156,0.0484329485381378,0.0176472385141739,0.8110188082137592,0.4247825325291188,0.9427513984447738,0.048080519293703,0.0173516789285039,0.8094971589887439,0.4160180680730541,0.9350034206535688,0.0374127917430862,0.0165558385210337,-0.011020156795051604,-0.0010913999931402019,0,0,5
Ausgrid,persistence_quantile_interval,0.8,1.0,2013-01,0.8322949257381235,0.4932367526034449,1.0467869055602803,0.0524840867407487,0.0399926686217008,0.7951549969432158,0.4176681561054015,1.0409015746260182,0.0491701729780271,0.0122417940011319,0.7953550365016003,0.4138605874018218,1.0408774778558418,0.0491733196677095,0.0076612903225806,0.7938648541734096,0.4031471625670443,1.0278574114464345,0.0350999748264825,0.0089014521671655,-0.014070198151544602,-0.0033403418339663996,0,0,6
Ausgrid,persistence_quantile_interval,0.8,1.0,2013-02,0.8389721691352127,0.4932367528262123,0.9514227573679396,0.0564490762860327,0.0444686823593073,0.8022973403408186,0.4190884502334015,0.9426398866880804,0.0473901098901098,0.0103215513009327,0.8023645285873546,0.4173115576756512,0.9424017253714126,0.0477091296384774,0.0070922312223857,0.7990076047141265,0.4092354607347637,0.9334492993710612,0.0384366539257843,0.0073990549828177,-0.0089534559643255,-0.0029224963181150006,0,0,7
Ausgrid,persistence_quantile_interval,0.8,1.0,2013-03,0.8380578631279894,0.493236752724185,0.947479488895582,0.0579116769158844,0.0496151026392961,0.8019810659186536,0.4216228043680664,0.9393161505062128,0.0496498183910526,0.010751160801564,0.8017495594634445,0.4182667388162325,0.9389931378760212,0.0492510878555759,0.0051609848484848,0.8005223504872874,0.4138521702269805,0.9269051982178288,0.0332389326428597,0.0020798691941026,-0.016410885748192897,-0.0086712916074614,0,0,8
Ausgrid,persistence_quantile_interval,0.8,1.0,2013-04,0.8280146785581568,0.4932367528174742,0.9316942805730924,0.0478771832032701,0.0370632875143184,0.7866383314752879,0.4155348465853243,0.9268754785447284,0.0443167038275734,0.0271016081871345,0.7867660720921591,0.4119483828889019,0.9266424365994036,0.0438498699368264,0.0208017676767676,0.7827805648457823,0.4079511607875253,0.928058134746484,0.045006503158677,0.0289772727272727,0.0006897993311036008,0.0018756645401381972,0,0,9
Ausgrid,persistence_quantile_interval,0.8,1.0,2013-05,0.7913879598662207,0.4932367528059608,1.1636970020698714,0.0498741324127018,0.0157493869081305,0.7582712985938792,0.4275323119727203,1.170685955762338,0.0668626604811738,0.0524111016789285,0.7586623871686985,0.4218511848098613,1.171193220930927,0.0662459093034128,0.0517106549364614,0.7572418815406192,0.4137545228997797,1.1688154325021989,0.0626389038731255,0.0534365835777126,-0.004223756608048301,0.0010254818987841044,1,0,10
Ausgrid,persistence_quantile_interval,0.8,1.0,2013-06,0.748920011148272,0.4932367528937217,1.4933011223426806,0.0768882385730212,0.0636600378787879,0.7422798216276477,0.4787220857664334,1.4973994367906385,0.08173541434411,0.0705571338383839,0.7419778892604979,0.4716711260510999,1.4993786716130033,0.0820930880713489,0.0694839015151516,0.7426537532515793,0.4753986732120581,1.4803658843087035,0.0738967855815682,0.0705808080808081,-0.007838628762541794,2.3674242424207015e-05,1,0,11
Ausgrid,persistence_quantile_interval,0.8,6.0,2012-07,0.6891812313446255,0.90274776265212,2.4899567821996715,0.1327323156039846,0.1447733382209188,0.7691273779983457,1.2078349658237275,2.382083743437108,0.089242816556982,0.0725821725317693,0.7697679541122738,1.2292980101590032,2.3711197247752533,0.0852307872118531,0.0377646602372242,0.767055058078901,1.2674341198272476,2.3064207499805085,0.0607877512856475,0.0408200310386875,-0.028455065271334505,-0.0317621414930818,0,0,0
Ausgrid,persistence_quantile_interval,0.8,6.0,2012-08,0.7241297155392528,0.9027477626550254,2.249755732835184,0.0985426331499263,0.0969895527859238,0.8336435070306039,1.378014353205916,2.204130627726387,0.0785926205631675,0.0639643463497452,0.8324342791383464,1.400039358309249,2.2005155107580467,0.0756608048333153,0.0389693304007819,0.8197216528212321,1.4332816243603177,2.164871692193146,0.0576033013270039,0.0224584555229716,-0.020989319236163602,-0.0415058908267736,0,0,1
Ausgrid,persistence_quantile_interval,0.8,6.0,2012-09,0.8248560014864362,0.902747762544684,1.497597540531293,0.0624163879598662,0.0314432989690721,0.8995076179858789,1.2541388748249598,1.6187660204623622,0.1061919360832404,0.1037514318442153,0.8975009290226682,1.288383347676829,1.6420912053907764,0.1059364548494982,0.1198469065656565,0.8804254923820142,1.3251304856985178,1.674787139089985,0.1089650687476774,0.1014993686868686,0.002773132664437003,-0.0022520631573467037,0,1,2
Ausgrid,persistence_quantile_interval,0.8,6.0,2012-10,0.8544116589348006,0.902747762614215,1.3402469590294772,0.0712509440069047,0.0718476333000776,0.8705654151832273,0.9625866852865596,1.3606603594615991,0.0810834502103786,0.085641835716661,0.8705766533606646,0.968620393268904,1.364285377379877,0.0809975905347574,0.0873946901673872,0.8584079548315172,0.9888882741592157,1.387362538516657,0.0786411694896968,0.0727968074492849,-0.002442280720681811,-0.012845028267376088,0,0,3
Ausgrid,persistence_quantile_interval,0.8,6.0,2012-11,0.8617289111854329,0.9027477625081372,1.3567405359111522,0.0766072092159048,0.0774914089347078,0.8190542549238201,0.778350428852097,1.3273008735801346,0.0679812337421033,0.0401632302405497,0.8189613526570049,0.7648047137340376,1.323162731671138,0.0675678186547751,0.0227233676975944,0.8114455592716462,0.7385952979933459,1.307459890676285,0.0525408769973987,0.0181844215349369,-0.015440356744704599,-0.0219788087056128,0,0,4
Ausgrid,persistence_quantile_interval,0.8,6.0,2012-12,0.8529169813356349,0.9027477626237936,1.4971604961372096,0.0792466824900204,0.062949046920821,0.7993648182112417,0.744421795710026,1.4741372350830848,0.0797771244650627,0.0165275419732126,0.7985736505196533,0.7276764913129654,1.4738285023305069,0.0808164311144675,0.0179289990023279,0.7977285395763657,0.6931344736000723,1.435440931786249,0.0532001834070557,0.0209705132468684,-0.026576941058007002,0.0044429712736558,1,0,5
Ausgrid,persistence_quantile_interval,0.8,6.0,2013-01,0.8300248138957816,0.902747762672098,1.7860510327323154,0.0781655698205487,0.0396490102639295,0.7767288812169597,0.7412543467295652,1.7819748826204391,0.0831040745136117,0.0399075646104508,0.7765625561908872,0.7301272176002708,1.782381543566203,0.0844104002589276,0.0312659350404611,0.7749082964721113,0.707234739409211,1.7316635641435223,0.0582074657460351,0.0310442301296973,-0.024896608767576593,-0.0088633344807535,0,0,6
Ausgrid,persistence_quantile_interval,0.8,6.0,2013-02,0.8608606067845198,0.9027477625033656,1.4090399729575978,0.0852703455964325,0.0716402798232694,0.8194079471253384,0.7739063750390234,1.3800827161933351,0.0767070791527313,0.0332873097692685,0.8194203893932155,0.7668817243982605,1.3781707601178994,0.0771943183627966,0.0269283873343151,0.8128234989648033,0.7851063533731655,1.3479243042685845,0.0555014731645166,0.0267979872361314,-0.0212056059882147,-0.006489322533137096,0,0,7
Ausgrid,persistence_quantile_interval,0.8,6.0,2013-03,0.8596284209012119,0.9027477624845828,1.3961900688805309,0.0872275865789189,0.070952468230694,0.8122460171899162,0.7653691506837593,1.3681574563971968,0.0778356169309885,0.0258415811339197,0.8120145107347071,0.7558165031396696,1.366028909030948,0.0783566188369834,0.0143567786276465,0.8072922285755385,0.7587438052985265,1.334486056761334,0.0500602366310641,0.0111351291431104,-0.027775380299924407,-0.0147064519908093,0,0,8
Ausgrid,persistence_quantile_interval,0.8,6.0,2013-04,0.8550236900780379,0.9027477625490709,1.3290370821546642,0.0801305276848754,0.07590206185567,0.7874605165366035,0.7318748916016483,1.301899346842963,0.0744867149758454,0.0397782651072124,0.7871144555927164,0.720003148870427,1.2999041677724037,0.074405425492382,0.0218276515151515,0.7775896506874768,0.7036455036350794,1.287703378591546,0.063003994797473,0.0339330808080808,-0.011482720178372402,-0.005845184299131598,0,0,9
Ausgrid,persistence_quantile_interval,0.8,6.0,2013-05,0.7916958859280038,0.9027477625188204,1.701601526122357,0.0710661883698349,0.021455857385399,0.7296768799223217,0.7474889350804309,1.7253420554852723,0.1006005682022512,0.0887426900584795,0.7302522746071133,0.7341990690150071,1.7273875903091724,0.1005052684575826,0.0844727517106549,0.7221945013845434,0.7052026836585421,1.7263407547052485,0.0999743769554429,0.0911091764418378,-0.0006261912468083081,0.0023664863833583044,1,0,10
Ausgrid,persistence_quantile_interval,0.8,6.0,2013-06,0.7135358602749907,0.9027477625301658,2.291009845002351,0.1174981419546637,0.1143150252525253,0.6940867707172055,0.8480075162966061,2.317133345016184,0.1308481976960238,0.1330097853535353,0.6927884615384615,0.8336130309174852,2.3247267796142075,0.1313429022668153,0.1315893308080808,0.6927652359717578,0.8295692611166973,2.296375283163422,0.1239850427350427,0.1317550505050505,-0.0068631549609810966,-0.0012547348484847898,0,0,11
Ausgrid,persistence_quantile_interval,0.9,1.0,2012-07,0.8463066853669939,0.8927366013284025,2.254816362372056,0.0627180206422843,0.0684307795698925,0.8856627827525443,1.135197146803845,2.1749208403455187,0.0404340633653396,0.0326139418377321,0.8856178300427949,1.1440152439462512,2.1682831189477207,0.0392904664293163,0.0170948342755792,0.8841905815082534,1.1875377878618791,2.118824412866404,0.0285714927895853,0.0200254960647378,-0.011862570575754298,-0.0125884457729943,0,0,0
Ausgrid,persistence_quantile_interval,0.9,1.0,2012-08,0.8644765706476787,0.892736601298276,2.042270604365617,0.0460468587046427,0.046772666177908,0.91421449634984,1.2518579608019391,2.010268173360686,0.0343964649189053,0.0245543293718165,0.9142100010788652,1.2684298191393684,2.0073663728405915,0.0330685618729096,0.0164451979472141,0.9085684360053224,1.3099271244996826,1.984372257069158,0.0280572337900528,0.0111901056404452,-0.006339231128852502,-0.013364223731371302,0,0,1
Ausgrid,persistence_quantile_interval,0.9,1.0,2012-09,0.9128994797473058,0.8927366012956276,1.4363610973902192,0.0283351913786696,0.0160008591065291,0.9464395206243033,1.172320039283531,1.529155264264057,0.0486134336677814,0.0511741122565864,0.9457729468599034,1.1869364870552213,1.5391181583013926,0.0485414344109996,0.0554845328282828,0.935716276477146,1.2285344648307062,1.5754470853730402,0.0519416573764399,0.0453178694158075,0.003328223708658505,-0.0058562428407788955,0,1,2
Ausgrid,persistence_quantile_interval,0.9,1.0,2012-10,0.9237264897328012,0.892736601388245,1.3247579044125315,0.0323475204085302,0.0291098547832834,0.9305323299888516,0.93933830047915,1.3386388664000968,0.0362080591218038,0.0361974836492627,0.9304154529435036,0.9424002356552336,1.3406112556293486,0.0360696047757758,0.0391724706744868,0.9257785809328586,0.9492970241399612,1.3504016437451485,0.0349120724997302,0.0315661656891494,-0.0012959866220736,-0.004631317960113304,0,0,3
Ausgrid,persistence_quantile_interval,0.9,1.0,2012-11,0.9271623002601264,0.8927366014544906,1.3363260907249963,0.034775641025641,0.0342645202020202,0.9072626347082868,0.7832830790073129,1.31418214614029,0.0296149201040505,0.0173847853535353,0.9073021181716834,0.7760331985654043,1.3119450533736337,0.0288275733927907,0.0108349116161615,0.9032980304719436,0.7482027101239958,1.3022271576866555,0.0253855444072835,0.005541237113402,-0.004229375696766999,-0.011843548240133301,0,0,4
Ausgrid,persistence_quantile_interval,0.9,1.0,2012-12,0.9273991261193224,0.8927366015176679,1.3835852072412698,0.0377436436868414,0.0344758064516128,0.9045519113892184,0.7611896179886605,1.3614928309792165,0.0355261265149063,0.0146352639296187,0.9042057755241486,0.7526541086292545,1.360743687057165,0.0348482396518862,0.0092624033201282,0.9041518322724492,0.7306615431131995,1.3374015579289606,0.0260500952997446,0.0086611016789285,-0.009476031215161704,-0.005974162250690201,0,0,5
Ausgrid,persistence_quantile_interval,0.9,1.0,2013-01,0.9180736864818212,0.8927366014402167,1.5373693663316117,0.0363442658323443,0.0246548142717497,0.8920190959111015,0.744639292028958,1.5289170873982427,0.0375813644046463,0.0141647802301452,0.8921157442370626,0.7403847029362971,1.5284464763947962,0.0372878232099831,0.0097785722203747,0.8915987880749452,0.7252113598713826,1.4949682263073711,0.0255713489409141,0.0097033846529814,-0.0120100154637322,-0.004461395577163799,0,0,6
Ausgrid,persistence_quantile_interval,0.9,1.0,2013-02,0.9256474956203216,0.8927366014432687,1.3745707096900597,0.0398615424430641,0.0321648403679653,0.9030622909698997,0.7621503403016598,1.3535503158161393,0.0358690675266762,0.012312297077922,0.902706442108616,0.759549303937048,1.352479279664637,0.0357750039815257,0.0060198821796759,0.8997202978181239,0.7569371227162278,1.327085322350582,0.0263676540850453,0.0046008222876778,-0.009501413441630899,-0.0077114747902442,0,0,7
Ausgrid,persistence_quantile_interval,0.9,1.0,2013-03,0.9259111914266192,0.8927366013695478,1.3682541051677333,0.0403571942316682,0.0357129765395893,0.903288740245262,0.7665272573220046,1.3473251776506447,0.0367812061711079,0.0156586021505376,0.9035696946811954,0.7632650884756754,1.345720392628403,0.0364543999712302,0.0058910679374388,0.9015850325457618,0.7605772540257442,1.3107728766276736,0.0226507713884992,0.0030733843254627,-0.0141304347826087,-0.0125852178250749,0,0,8
Ausgrid,persistence_quantile_interval,0.9,1.0,2013-04,0.9232836306205872,0.8927366013128801,1.317324649134057,0.0363503344481605,0.0297322451317296,0.8944792827945002,0.7477120589641072,1.298691551597819,0.032318376068376,0.0162280701754385,0.894442121887774,0.7435388728349807,1.298031891915636,0.0328711445559271,0.0099431818181818,0.8877252879970271,0.7409237163562818,1.3035406357867785,0.0321511519881085,0.0190577651515151,-0.00016722408026750152,0.0028296949760765987,1,0,9
Ausgrid,persistence_quantile_interval,0.9,1.0,2013-05,0.8929720933577876,0.8927366013969864,1.648345014737171,0.0341460783256014,0.0122960290511224,0.8643282267055058,0.7599459324819998,1.6727070842044458,0.0490847628295033,0.0424672231654404,0.8645327615348654,0.7536785305650283,1.6753234830081498,0.049480796202395,0.0465664711632454,0.862294116589348,0.7407458395598525,1.663227471942183,0.0484513791491351,0.0492699169110459,-0.0006333836803682005,0.0068026937456054995,1,0,10
Ausgrid,persistence_quantile_interval,0.9,1.0,2013-06,0.8541968599033817,0.8927366012531021,2.125231718625344,0.0590974544778892,0.0578993055555555,0.8474777034559643,0.8597181978103651,2.1416628361844072,0.0640328874024526,0.0640388257575758,0.8470503530286139,0.85181782691726,2.146029668296547,0.0642930137495355,0.0659090909090909,0.8467762913415088,0.845116396997569,2.110840176534519,0.0607859531772575,0.0671875,-0.0032469342251950986,0.003148674242424196,1,0,11
Ausgrid,persistence_quantile_interval,0.9,6.0,2012-07,0.8164670766353795,1.4746992031809991,3.226874027336941,0.0959857230193836,0.1060040933528837,0.8791918401841263,1.8744311564207008,3.0241483271322283,0.0591096666307044,0.0452682062561095,0.8795627000395584,1.878916124558104,3.015259226473204,0.0586489013557737,0.0267043565014964,0.8773263027295285,1.8956254130628007,2.878560295361841,0.0386400007192433,0.0319421350182906,-0.0204696659114611,-0.013326071237818898,0,0,0
Ausgrid,persistence_quantile_interval,0.9,6.0,2012-08,0.8452300679684971,1.4746992033112176,2.9256275242633727,0.0694424964936886,0.0696297653958945,0.919217732944942,2.071301880569647,2.829524823874757,0.0508788254755996,0.0299424636860969,0.9186625669795376,2.074171663688774,2.8228269971144857,0.0500890063653036,0.0229744387851348,0.9102676484338476,2.07137596763261,2.7609809599695976,0.0372590534757435,0.0179282210903602,-0.013619771999856096,-0.012014242595736701,0,0,1
Ausgrid,persistence_quantile_interval,0.9,6.0,2012-09,0.9208960423634336,1.4746992032833754,2.0047168587569275,0.0415017651430694,0.0257891414141413,0.9596641583054628,1.9364802781518708,2.213470360738103,0.0630411557041991,0.0673539518900343,0.958944165737644,1.9468826513846595,2.222241801736546,0.0630179301374953,0.0666982323232323,0.9427280750650316,1.962004675586171,2.2639404208860614,0.0666132478632478,0.0561211340206185,0.00357209215904869,-0.011232817869415802,0,1,2
Ausgrid,persistence_quantile_interval,0.9,6.0,2012-10,0.9392059553349876,1.4746992032131017,1.8576652722355933,0.0494641636997878,0.0484189668551158,0.9466950767792284,1.5530978512032632,1.894037114496983,0.0538137878951343,0.0556798026826294,0.9462050922429605,1.5600950376473182,1.8998004023043369,0.0536537562484266,0.0568059628543499,0.9377629733520336,1.5464615182325188,1.907597589861138,0.0488599992807566,0.0457723644828732,-0.004953788614377702,-0.009907438199756195,0,0,3
Ausgrid,persistence_quantile_interval,0.9,6.0,2012-11,0.941541248606466,1.474699203235027,1.9073302355452129,0.0505806391675956,0.049621212121212,0.910205314009662,1.2317547697436124,1.833214297070365,0.0472408026755852,0.0281565656565656,0.9104631178000744,1.2053630106512805,1.822696167714803,0.046444165737644,0.012951030927835,0.9058783909327388,1.1301940204966392,1.7693243735802944,0.0353562801932367,0.0106743986254295,-0.011884522482348496,-0.0174821670311361,0,0,4
Ausgrid,persistence_quantile_interval,0.9,6.0,2012-12,0.9310335527025568,1.4746992032445678,2.1154682665285063,0.0519041967849821,0.0394473973607037,0.8918752472399036,1.1850997885540968,2.0787887062228707,0.0569002409465242,0.0220288624787776,0.8915740640845831,1.1518701322767704,2.077807650010429,0.0564606034451756,0.0198938587739718,0.8919921242852519,1.0728963195461778,1.9817058152166025,0.0384462545402236,0.0198037911539741,-0.018453986406300596,-0.002225071324803502,0,0,5
Ausgrid,persistence_quantile_interval,0.9,6.0,2013-01,0.9090943827093896,1.4746992031154211,2.5600900101190165,0.0549758154421548,0.0154982282502443,0.872642230373647,1.206211394876152,2.5847652234694163,0.0660773366418527,0.0410406055461234,0.8727411263350955,1.1807942542252254,2.5873160802466506,0.0653553961232783,0.0308821084137014,0.8713183730715287,1.1248468183714395,2.4268227355993885,0.0471562915812565,0.0309375346413923,-0.0189210450605962,-0.010103070904731098,0,0,6
Ausgrid,persistence_quantile_interval,0.9,6.0,2013-02,0.9367036948558688,1.4746992032449746,1.9891705515866973,0.0541368052237617,0.0442556141774891,0.9183015806657112,1.3124379276297788,1.9409152307661923,0.0518150780379041,0.0308120265151514,0.9178362398471094,1.293372328777301,1.9334593697538391,0.0514880952380952,0.023831001472754,0.910084706959707,1.3229678893503505,1.8613018434524229,0.0394613991081382,0.016382854688267,-0.012353678929765896,-0.014429171826884399,0,0,7
Ausgrid,persistence_quantile_interval,0.9,6.0,2013-03,0.9363222390045672,1.4746992032518524,1.9607783978851063,0.0562965260545905,0.0484054252199412,0.914628061279534,1.2911367897326942,1.9093455128357084,0.0539841586650843,0.0331699046920821,0.9144235264501744,1.2698855074240056,1.9001467931740248,0.0543010752688172,0.0191791911045943,0.9085931599956846,1.267969240396923,1.820396844329801,0.0365447549178264,0.0106717375366568,-0.0174394037472579,-0.0224981671554253,0,0,8
Ausgrid,persistence_quantile_interval,0.9,6.0,2013-04,0.9389167595689336,1.4746992032466035,1.8324534626480624,0.0564381270903009,0.0503078465063,0.9007501858045336,1.1945359866336216,1.7574061911551286,0.0522644927536231,0.0250426413255361,0.9003623188405797,1.1677858357428774,1.747371526690978,0.0513795986622073,0.0104739404352806,0.8865849126718692,1.1216388435444415,1.737033434063446,0.0447556670382757,0.0203519570707071,-0.007508825715347396,-0.004690684254828999,0,0,9
Ausgrid,persistence_quantile_interval,0.9,6.0,2013-05,0.8968110547703816,1.474699203211963,2.2697775480803486,0.050136656237638,0.0165287209960385,0.8485206063221491,1.195105885631523,2.325860252656688,0.0732014420829287,0.0717777306168647,0.8476305426691121,1.1637221884038498,2.338590559740444,0.0744466321429855,0.070309445259042,0.8372487143525011,1.0899036344344468,2.3453787111905697,0.0778176358470888,0.0794583944281525,0.004616193764160101,0.007680663811287805,0,0,10
Ausgrid,persistence_quantile_interval,0.9,6.0,2013-06,0.8372143255295429,1.4746992031753614,2.985593901011838,0.0823044407283537,0.0812657828282829,0.8158026755852843,1.359953273230699,3.066488296260688,0.0990198810850985,0.1008128156565656,0.8145183017465626,1.33660887605801,3.0887201473502968,0.1005225752508361,0.1107323232323233,0.8081382385730211,1.2795746592025743,3.089232532257322,0.1007943143812709,0.1151751893939394,0.001774433296172398,0.014362373737373813,0,0,11
London,lightgbm_quantile,0.8,1.0,2013-03,0.7862742909849235,0.3808925692279942,0.6568959561021109,0.0373281142920749,0.0196139368634149,0.7945526882269817,0.3823098109675931,0.6568297297007072,0.0354694288808543,0.0081409367900465,0.7945513436765119,0.3821209205675268,0.6568568159627298,0.0354855935778892,0.0156126206664644,0.7948175646695163,0.3809369540410132,0.6559613458987453,0.0265550664867221,0.0151369261935421,-0.008914362394132205,0.006995989403495599,1,0,0
London,lightgbm_quantile,0.8,1.0,2013-04,0.7853718942793727,0.3254301385672893,0.5561474191479109,0.0363450987710138,0.0193821212691298,0.7969018191319479,0.3276314694249553,0.5560590433410613,0.034157066104265,0.0043023705338883,0.7969059885840402,0.3275802773027239,0.5560580781783522,0.0339498769261822,0.0053174869332636,0.7946225186548236,0.3272712906030834,0.5563624711564996,0.0319511595742441,0.0062633416067636,-0.0022059065300208958,0.0019609710728753,1,0,1
London,lightgbm_quantile,0.8,1.0,2013-05,0.7763492479711694,0.2741594974508236,0.4871498797285997,0.0444218453724042,0.0306468528009181,0.7951092912708178,0.2770782379626871,0.4869915836985882,0.0394865205883957,0.0099069260666642,0.7950998783037834,0.2769957307424722,0.4869798301854545,0.0392877889131448,0.0085815575925454,0.7882956478474561,0.2776388117389158,0.4881402320846547,0.0393049938498812,0.0150864335391404,-0.00018152673851450085,0.0051795074724762,1,0,2
London,lightgbm_quantile,0.8,1.0,2013-06,0.7781692735744509,0.2537537562973354,0.4509037406620534,0.0466964191926993,0.0259469549661662,0.7989415708745667,0.2570674784789312,0.4507454200320204,0.0424144679113881,0.0118817750677506,0.7987455139819155,0.2568087857820277,0.45071612555214,0.0416938413411703,0.0030149051490515,0.7979014960114241,0.257541511359061,0.4496994645566198,0.0279995854172746,0.0095020325203252,-0.0144148824941135,-0.002379742547425399,0,0,3
London,lightgbm_quantile,0.8,1.0,2013-07,0.7958905362368738,0.2326944274106291,0.3995988607812089,0.0474591815642551,0.0048337922895358,0.8158017193148562,0.2364040744315765,0.3997868797477519,0.0484653107669883,0.0291863362182008,0.8156093992081254,0.2361719784482953,0.3997172837109208,0.0475299224579899,0.0197355921469284,0.8142739176278189,0.2366429843047595,0.3987737845627966,0.0381437438232902,0.0197355921469284,-0.010321566943698096,-0.009450744071272402,0,0,4
London,lightgbm_quantile,0.8,1.0,2013-08,0.7884091092409862,0.229618673629653,0.3953532143667359,0.0484420279602714,0.012039586359399,0.8018659425160648,0.2315653869919988,0.3953392760546718,0.0461330560064945,0.0115711557220495,0.8018202349904552,0.2314978495397471,0.395313240503384,0.0456450128517019,0.0047071200034802,0.8008523109187212,0.2310230378940098,0.3940003418709672,0.0295702833516979,0.0046161573416755,-0.0165627726547966,-0.006954998380374,0,0,5
London,lightgbm_quantile,0.8,1.0,2013-09,0.7784213371428095,0.2594626608986504,0.4607330935554144,0.0456574184708767,0.0225909110196461,0.7857155760975753,0.2605119462507074,0.4606436620627132,0.0434892724409984,0.0164779507751264,0.7856780557219267,0.2605311022408832,0.4606350783977724,0.0434063488823664,0.0161928104575164,0.7815925037068742,0.2592261143873318,0.4596661983337289,0.0353012708877478,0.0191503267973857,-0.008188001553250598,0.0026723760222593027,1,0,6
London,lightgbm_quantile,0.8,1.0,2013-10,0.7785116984868379,0.2878113524031092,0.5060440196240739,0.0455232987740504,0.0265718660605125,0.7939984717708086,0.2905204489662504,0.5058869367875528,0.0411187241380709,0.0081054539141003,0.7942029531414796,0.2904638790513434,0.505874638195636,0.0409083515231616,0.010365552086919,0.7917020921672873,0.2904728641464786,0.5047603284715929,0.0288005368099611,0.0131035328656609,-0.012318187328109798,0.004998078951560601,1,0,7
London,lightgbm_quantile,0.8,1.0,2013-11,0.7730543102201555,0.3462742447617437,0.6126454834011817,0.0474423175794425,0.042802571508432,0.7937210065523801,0.3502218408129811,0.6122988172850768,0.0415710067179623,0.0136062949442247,0.7938280806754847,0.3500595850234066,0.6123271309075815,0.0415912708435148,0.0226184325317839,0.7894797588190141,0.3508479955711796,0.6111021697948463,0.0330712052105148,0.0245157246554805,-0.008499801507447502,0.010909429711255799,1,0,8
London,lightgbm_quantile,0.8,1.0,2013-12,0.7752410701794036,0.363949820158844,0.6221828086652439,0.0499916952965844,0.0374358469837834,0.8004754140703193,0.3687727197328605,0.6219455754354903,0.0451851420370649,0.0075573482873398,0.8006704764364662,0.3688192644172796,0.62193783976626,0.0447212858093904,0.0063685703510584,0.7973692140466427,0.3695178131994346,0.6205063295307099,0.0317092786159303,0.0063093928772066,-0.013475863421134597,-0.0012479554101331993,0,0,9
London,lightgbm_quantile,0.8,1.0,2014-01,0.7784105666166506,0.362363935109993,0.6229477339956113,0.0473034586287967,0.0349379202243946,0.8036563292714929,0.3674091899529406,0.6227281162153454,0.0426546980928266,0.0074874346025932,0.8036724779469651,0.3674661008373635,0.6227268817708613,0.042557795927229,0.0046528894938744,0.7996151232345797,0.3695304319091982,0.6209876630173171,0.0304529769428744,0.0047042633375119,-0.012201721149952199,-0.0027831712650813,0,0,10
London,lightgbm_quantile,0.8,6.0,2013-03,0.7778877350841644,0.4217334443931377,0.7125833903431553,0.0512030387442743,0.0289096602770925,0.782530592707231,0.422336896156707,0.7125236240757405,0.0497328296166633,0.0205984690327071,0.7824257149503242,0.4222062981185321,0.7125647420552677,0.0496623939434145,0.0298448944773903,0.7815113960439573,0.4176732415092684,0.711160144016444,0.0394178947503132,0.0309932166966051,-0.0103149348663501,0.010394747663898002,1,0,0
London,lightgbm_quantile,0.8,6.0,2013-04,0.7830541266666574,0.3557126929396751,0.5954556639535751,0.0474115715854172,0.0176897238572025,0.7983415777249927,0.3586289137746205,0.5953379427917469,0.0469279147893411,0.0088930475440744,0.7982887617289733,0.3584907521071748,0.5953129830711287,0.0464744303783134,0.0050045804349592,0.7958203088623852,0.3594085178104276,0.5962650592531848,0.0420565317209849,0.0084027869215275,-0.004871383068356203,-0.0004902606225468988,0,0,1
London,lightgbm_quantile,0.8,6.0,2013-05,0.7666460019068956,0.2948655984117828,0.5211128262247605,0.0611598094585961,0.0356007472729288,0.7916091213622066,0.29890610074901,0.5207783228840545,0.0548878489268952,0.0193013126475475,0.7914732987546008,0.2988173779016156,0.5207123439433469,0.0541108178630885,0.0126472764528431,0.7848637134438831,0.3028100170320561,0.520997254869928,0.0506605344538379,0.0190926117159824,-0.0042273144730573045,-0.00020870093156509853,0,0,2
London,lightgbm_quantile,0.8,6.0,2013-06,0.7723406296801538,0.2727415132959107,0.4780568613390152,0.0615209708665809,0.0306868727069909,0.7974752721007555,0.2770919822942173,0.4777778585266117,0.0590688127398081,0.0185044037940379,0.7966367553992549,0.2768699611873259,0.4776559612122168,0.0578558250356575,0.0055096681250368,0.7944410375357899,0.2778630150363831,0.4744992435307281,0.0387902524359548,0.0101964769647696,-0.020278560303853305,-0.0083079268292683,0,0,3
London,lightgbm_quantile,0.8,6.0,2013-07,0.7917211938459717,0.2493050255942075,0.4272008674365152,0.0586481807109365,0.0149051586021432,0.8169420037040375,0.2547668813725146,0.4274532916715399,0.0626664477842804,0.0397669158143193,0.8168922399473849,0.2546387759441091,0.4272398336055736,0.0612861628371348,0.0217268761529264,0.8155903124760427,0.2552255155684095,0.423948882752078,0.0492586155456548,0.0202859653706386,-0.013407832238625607,-0.0194809504436807,0,0,4
London,lightgbm_quantile,0.8,6.0,2013-08,0.7826548720154872,0.2456275222700148,0.4253880083661505,0.0625469657233073,0.0262991306610012,0.8012717788771779,0.2487185153954809,0.4253113982124456,0.0624299381898636,0.0209022520705284,0.8012180038718004,0.2489006040568353,0.425138877548983,0.0609924786331992,0.0099899538827846,0.7972198322219832,0.2489425883453153,0.4206915257620873,0.0379922452156996,0.007484228326143,-0.024437692974164003,-0.013418023744385398,0,0,5
London,lightgbm_quantile,0.8,6.0,2013-09,0.7675496440249981,0.2747438334737305,0.4943770470468078,0.0636032437894336,0.0380832317799162,0.7803391733708741,0.2768659422317134,0.4941061525860458,0.0619419750688996,0.0307909960639296,0.7808630951967347,0.2773045119182272,0.493965754636765,0.060957527528734,0.02376037617342,0.7727416120393622,0.2770193815309663,0.4902539492153256,0.0491263497400634,0.03313924867168,-0.012815625328836198,0.0023482526077504007,1,0,6
London,lightgbm_quantile,0.8,6.0,2013-10,0.7666147808620757,0.3072867221430606,0.5469967271233955,0.0656518269481536,0.0380958840557691,0.7909293568267951,0.3119701306987409,0.5465714502797405,0.0626957745729365,0.0241508881117553,0.7909212847050783,0.3122222309766254,0.5463954201161695,0.0608948474675698,0.0118160522942024,0.7873628243815746,0.31313610013129,0.5425077984659865,0.0404383216146383,0.015856032668049,-0.0222574529582982,-0.008294855443706298,0,0,7
London,lightgbm_quantile,0.8,6.0,2013-11,0.7603796544171332,0.3815962594416935,0.668291073118341,0.0678395159175043,0.0546267670650415,0.7917004484928554,0.3885674014694776,0.6675279656440917,0.0616009309262094,0.02005932985886,0.7917644195668045,0.3884928811168255,0.6674684611544647,0.0607554365206783,0.0262436156967043,0.7862948927441504,0.3899318115548451,0.6634103287169854,0.0464095181002661,0.0338666644079855,-0.015191412825943301,0.013807334549125496,1,0,8
London,lightgbm_quantile,0.8,6.0,2013-12,0.7631953871135692,0.4054949241577592,0.6869667720214098,0.0692044270635705,0.0473764470534221,0.8006602906731924,0.4139208035857296,0.6864878322536702,0.063409136278377,0.016475177641678,0.8001880779056892,0.4139906552938413,0.6863199382211355,0.0624131294670486,0.0044633194503655,0.7962919862399083,0.4155237414735424,0.6822792773715665,0.0427639760429021,0.0116551339651723,-0.020645160235474906,-0.0048200436765057,0,0,9
London,lightgbm_quantile,0.8,6.0,2014-01,0.7724387788610095,0.405519945934971,0.679274512132868,0.0688838278656211,0.0338062109545856,0.8086210237886317,0.4142352991211429,0.6790897792032536,0.0662358553823023,0.0211484998161102,0.8086465942797466,0.4144505399785331,0.6789919614571643,0.0656174499965298,0.0159408449076938,0.8051030625373464,0.4210489210186951,0.6722209187928782,0.0390650089740265,0.0080715009674743,-0.0271708464082758,-0.013076998848635902,0,0,10
London,lightgbm_quantile,0.9,1.0,2013-03,0.8825669619747681,0.5425359441329122,0.8495385837108769,0.0308007912425451,0.0241103624976276,0.890296782625181,0.5442009543238171,0.8493135755592978,0.027035654468815,0.0125591542480336,0.890244345156862,0.5440935002290446,0.8493745262861199,0.0270665020080104,0.0177179787905877,0.8895908936285787,0.5399220615455058,0.8485141279934583,0.0220079648888385,0.0157495878681506,-0.005027689579976499,0.003190433620116999,1,0,0
London,lightgbm_quantile,0.9,1.0,2013-04,0.8838321156216862,0.4678059994962842,0.7254641713115297,0.0298798221141719,0.0198841061005261,0.8972744291672631,0.4715264578826523,0.7250977748680942,0.0253368410023953,0.0060072948123911,0.8972230059247914,0.4714912115985085,0.7250914676531328,0.0251374128610086,0.0033739908002442,0.8914121795254886,0.4709158233880826,0.7284565461279402,0.0266585142129977,0.0154872542125907,0.001321673210602399,0.009479959400199599,0,0,1
London,lightgbm_quantile,0.9,1.0,2013-05,0.8771379201376983,0.4037505698937069,0.6405850043755693,0.0370877355415077,0.0276253042325425,0.8976864271738911,0.4088319714462723,0.6401075020692649,0.0299238510530945,0.0088238642215561,0.897643396467448,0.4088136594763177,0.6400584827091653,0.0295326730129463,0.0067827170207185,0.8922309404226422,0.4098075136111739,0.6403873353883102,0.0282694064953866,0.0099459553223437,-0.0016544445577078987,0.0011220911007875992,1,0,2
London,lightgbm_quantile,0.9,1.0,2013-06,0.8765884432109391,0.3771907670226684,0.5956247061906955,0.0398869398145821,0.025432387845245,0.8983257297557353,0.3823597965204822,0.5951592118214851,0.0335315529858,0.0117378048780487,0.8985648913552815,0.3820654045259863,0.5950043009601688,0.032300835765679,0.0037229272229944,0.8974900546317398,0.382492469557655,0.5928822807368492,0.0204780702606696,0.0041881529976234,-0.013053482725130402,-0.0075496518804253005,0,0,3
London,lightgbm_quantile,0.9,1.0,2013-07,0.8879432776725771,0.3449996964485182,0.5332152191187557,0.038128461790172,0.0143167722068008,0.9074886490790152,0.350918545806457,0.5333465171300048,0.0366026869352504,0.0197974036191974,0.9084031782578758,0.3504488496761742,0.533127365215102,0.0347500458106044,0.0109919252691577,0.9066696075055948,0.3506635958950826,0.5308995315578929,0.0259006589906412,0.0120289740341988,-0.0107020279446092,-0.0077684295849986,0,0,4
London,lightgbm_quantile,0.9,1.0,2013-08,0.8833705267120157,0.3409786450417539,0.5255312268002683,0.0408143433724354,0.0185368656101633,0.9016817680746376,0.3452881667565438,0.525372329816883,0.0371421742227512,0.0119211758051691,0.901079504207781,0.3449162232716588,0.5252076398646726,0.0358039600675399,0.0037733685055625,0.8999919339660689,0.3440601200886497,0.5217858252188148,0.0209659647686046,0.0028665579172575,-0.0161762094541466,-0.009054617887911601,0,0,5
London,lightgbm_quantile,0.9,1.0,2013-09,0.8763800897431799,0.3839025849610468,0.6064066694159331,0.0408244452484125,0.0247934023206172,0.8916786755029468,0.3872873642846692,0.6059355944386037,0.0351589853656741,0.0151288329122009,0.8915035804165874,0.3871396977803831,0.6058506827484883,0.0344414487018286,0.0105359188696058,0.8844094501319466,0.3851740109102128,0.6035125889368701,0.0277204975892174,0.0168872549019608,-0.007438487776456698,0.0017584219897598986,1,0,6
London,lightgbm_quantile,0.9,1.0,2013-10,0.8780039927678168,0.4197294590962594,0.6617020342068509,0.0385721397263781,0.0248493691950781,0.8968835424783143,0.4248130595706719,0.6611540358359245,0.0322339332407346,0.0100277795863445,0.896989818980176,0.4245892579139491,0.6610544800811128,0.0315266920651647,0.0071343667767876,0.8923445941582901,0.4240180710368569,0.6582579956937628,0.0220595665435652,0.0107457832326374,-0.0101743666971694,0.0007180036462929012,1,0,7
London,lightgbm_quantile,0.9,1.0,2013-11,0.8731477567275923,0.4983580903787323,0.7909097160664138,0.0417136139979787,0.0398660037437639,0.8961200231391352,0.5047994141906997,0.7899654226578992,0.0316287659855339,0.0090161634302391,0.8957960196237665,0.5044981639693569,0.7899951089487963,0.0314571153044249,0.0166749955532216,0.8903713942441401,0.50490294883279,0.7873360811391167,0.0262060228263183,0.0211980044552484,-0.0054227431592156,0.0121818410250093,1,0,8
London,lightgbm_quantile,0.9,1.0,2013-12,0.8749596422690731,0.5175005196462276,0.7885374103888547,0.0415341436523698,0.0341679374292882,0.9003607981144868,0.5248184782492765,0.7880195408875577,0.033442787165897,0.007398297997934,0.900251832240984,0.5250902897491764,0.7879605545365064,0.0332594015412054,0.0068408021381605,0.8978007727160214,0.5265660499128084,0.783283944660935,0.0220786218945276,0.0060546117753178,-0.011364165271369398,-0.0013436862226162,0,0,9
London,lightgbm_quantile,0.9,1.0,2014-01,0.8778554558972944,0.516289661735508,0.7886755213182564,0.0421692905917276,0.0332425854885947,0.9023489594197244,0.5238396401700784,0.7881589462558936,0.0343578976109015,0.0096359099483147,0.9026705872062118,0.524054200492657,0.7881112942212903,0.0342022555926733,0.0049375077341913,0.9009386417618204,0.5270493702723357,0.7808807260458229,0.0200309492527726,0.0027135280742974,-0.0143269483581289,-0.006922381874017301,0,0,10
London,lightgbm_quantile,0.9,6.0,2013-03,0.8743174542134639,0.5795997148496995,0.8989682655199307,0.0419955673322343,0.0300175555133801,0.8808158413818048,0.5806264002820458,0.898743650148173,0.0384158311261905,0.0206230468269396,0.8807015515185089,0.5806886494344892,0.8987629249614288,0.0385712464146995,0.0254788093539046,0.8801005212962353,0.5765651886726926,0.8973825248415813,0.0319405650408324,0.0265040970496321,-0.006475266085358103,0.005881050222692502,1,0,0
London,lightgbm_quantile,0.9,6.0,2013-04,0.8803550902806059,0.50451660569587,0.7604502976755706,0.0392979365623974,0.0202545050960324,0.8984793162830326,0.5092170070678746,0.7599861585453584,0.0350395293244762,0.0081374858874978,0.8983417167144558,0.5091131960459875,0.759929917379478,0.0339353923191133,0.0022039316100439,0.8937411654822448,0.5127051447202144,0.7610208662500298,0.0315963066292412,0.0089050939479427,-0.0034432226952350042,0.0007676080604448986,1,0,1
London,lightgbm_quantile,0.9,6.0,2013-05,0.8673591378357407,0.436575827250023,0.6823355217974517,0.0524819475451597,0.0351424093219131,0.8957030299199722,0.4430403437949518,0.6814866987438298,0.0409661360748972,0.0142542736258941,0.8956801686889891,0.4428760316250586,0.6813143175645973,0.0401704326839172,0.0068386145510626,0.8913795677075699,0.4478142285150583,0.6798210849436168,0.0338033467376019,0.0102940012349002,-0.007162789337295299,-0.0039602723909938995,0,0,2
London,lightgbm_quantile,0.9,6.0,2013-06,0.8682499753172944,0.4087426452116103,0.6334369787472295,0.0546295232895252,0.0329209537236084,0.8951158835643773,0.4150086475284915,0.6325820241215347,0.0458523715011484,0.0179429974410789,0.8943608013605385,0.4145601735085789,0.632341651134226,0.0453531123518795,0.0086210134224238,0.8922693766191507,0.4145437488844725,0.6251763908887795,0.0306864399911122,0.0085145084937681,-0.015165931510036205,-0.009428488947310801,0,0,3
London,lightgbm_quantile,0.9,6.0,2013-07,0.8842521919589839,0.3720712797205596,0.5671394833154401,0.0485641099769142,0.0195161557041739,0.9086458474835006,0.3803235310859001,0.567200873772028,0.0473400217952736,0.023564433254954,0.9085705293653238,0.3797818383061866,0.5668530122587407,0.0466694889320933,0.013842244020616,0.9056425375212,0.3780764119235,0.5604663376498008,0.036052457503079,0.0101964230577393,-0.011287564292194602,-0.0133680101972147,0,0,4
London,lightgbm_quantile,0.9,6.0,2013-08,0.8762354807485481,0.3670481320597232,0.5653551924594186,0.0547327667530507,0.0305390552171179,0.8990522155302215,0.3731371723241311,0.5648886005940202,0.0510408962772818,0.0178116867193494,0.9000524306302431,0.3732389991647294,0.5644187822107651,0.050008603999835,0.0066106615407737,0.8955796945579695,0.3708762178016737,0.5553293557598056,0.0288430877400904,0.0100602683894465,-0.0221978085371914,-0.0077514183299029,0,0,5
London,lightgbm_quantile,0.9,6.0,2013-09,0.8674644546140559,0.4100979130639814,0.6486000097779208,0.0545838335079901,0.0364709837374459,0.8890897796331991,0.4155175843834929,0.6476154718524537,0.0487173412232548,0.0236262273956101,0.889043919102023,0.4158090307562491,0.6472843865685614,0.0482303252285968,0.0169199346405228,0.8772549831636262,0.4133666197692421,0.6405122044700343,0.039499718066055,0.0267483660130719,-0.009217623157199803,0.0031221386174618004,1,0,6
London,lightgbm_quantile,0.9,6.0,2013-10,0.867656219098909,0.4490645141583649,0.7081359920403045,0.0535456053951331,0.0357883001049318,0.8971894217535609,0.457627694097014,0.7069963342110038,0.0462212280919223,0.016568228741342,0.8963418489732934,0.4570826271252118,0.7066739333491391,0.0438679491488789,0.0083092864637985,0.8891092279150113,0.4555136939553821,0.699207007176788,0.0305702874045147,0.0144014814580333,-0.015650940687407598,-0.0021667472833086995,0,0,7
London,lightgbm_quantile,0.9,6.0,2013-11,0.861625004345861,0.5343480339904222,0.851183748706959,0.057146289385269,0.0541719251586018,0.8961526961721656,0.5446970069779811,0.8493159830309464,0.0453343902703078,0.0156228672777575,0.8945297778395855,0.5440761092173311,0.8491489259668118,0.0444660437976884,0.0191482513573262,0.8868462955880819,0.5430833429363394,0.842490077478979,0.0340822327595285,0.0314637100531072,-0.0112521575107793,0.0158408427753497,1,0,8
London,lightgbm_quantile,0.9,6.0,2013-12,0.8645771812261119,0.5648948562600536,0.873427393289984,0.0560608657195728,0.0508215000163971,0.9011729980398462,0.576384423114287,0.8722349499424366,0.0448546211955343,0.0164015888841412,0.9011016952572888,0.5770902087953392,0.8720127994175542,0.0441411556245772,0.0063145639982946,0.8941584186388164,0.5832746262155055,0.859740154574453,0.0316425522872742,0.0095661299314596,-0.0132120689082601,-0.006835458952681599,0,0,9
London,lightgbm_quantile,0.9,6.0,2014-01,0.8696429821114228,0.5632790834539827,0.8627938516437142,0.0558489508355963,0.0405181022174907,0.9037742044885632,0.574811341583077,0.8617935003441868,0.0468799380527562,0.0174117823853457,0.903685380677322,0.5754867508762475,0.8616313986180943,0.0465568764175561,0.0060681835062266,0.9017339484606564,0.5905303318639072,0.8424487627896411,0.0276319726199765,0.0049458212638128,-0.0192479654327797,-0.0124659611215329,0,0,10
London,persistence_quantile_interval,0.8,1.0,2013-03,0.7711851192700506,0.3446587077454323,1.048872700329484,0.0499868649029767,0.0673104194502963,0.8057819023526027,0.4100307390446697,1.0412367994773426,0.041879848138498,0.0305214233603567,0.8057146928120741,0.4335881948056164,1.0389582466746925,0.0393475893372047,0.0078708096141681,0.8058477677023209,0.4462708421717844,1.0267276053636976,0.0289708551691943,0.0062814880660398,-0.012908992969303701,-0.0242399352943169,0,0,0
London,persistence_quantile_interval,0.8,1.0,2013-04,0.7956731871243073,0.3446294564914837,0.9221080040372928,0.0357947808532621,0.0217940356909942,0.8244241404651331,0.4006838853390632,0.9235721037797716,0.0404613404641158,0.0287525834980983,0.8242421548211609,0.4247607903937214,0.926057247987884,0.0403796586809992,0.0378914024849875,0.8213665038057227,0.4388158919235085,0.9249930817411132,0.0375817243419501,0.0312088693899329,-0.0028796161221657027,0.0024562858918345983,1,0,1
London,persistence_quantile_interval,0.8,1.0,2013-05,0.8183252836651105,0.3446578064646452,0.8139069301595602,0.0407282715289972,0.0200905478341669,0.8324584668036881,0.3725492735190747,0.8174198161790813,0.0466701577607178,0.033138925683557,0.8323065693626894,0.3894731795552431,0.8214555325758369,0.0473391843274014,0.055387817991083,0.8299649291660561,0.4021058287320966,0.825145622680827,0.0449704991359335,0.0489624311565696,-0.0016996586247843004,0.015823505473012596,1,0,2
London,persistence_quantile_interval,0.8,1.0,2013-06,0.826091486778235,0.3446701138624946,0.7589321562177173,0.048369718255557,0.045655487804878,0.8173404205068644,0.3330386183333307,0.7572859131709494,0.0468151195408305,0.0375338753387533,0.8173251384416184,0.3349185047658443,0.757758999691268,0.0471747391974871,0.0419292005420053,0.8164846248530838,0.3355746956633825,0.7538923379825446,0.0383416000956836,0.0429623983739837,-0.008473519445146897,0.0054285230352303995,1,0,3
London,persistence_quantile_interval,0.8,1.0,2013-07,0.8470460604056348,0.3446525402548301,0.6732826342425747,0.0653867792072041,0.0717381327039076,0.8277658357430253,0.3175848388674572,0.6668287230511953,0.0595619886725939,0.051880081300813,0.827935219950771,0.3150989981875953,0.6660150929603948,0.0594692693889301,0.0427911093627064,0.8251592009904943,0.3028716308846237,0.6556779204617393,0.0453789091696023,0.0409470889063728,-0.014183079502991601,-0.010932992394440198,0,0,4
London,persistence_quantile_interval,0.8,1.0,2013-08,0.8460085756146081,0.3446456270844282,0.6701572541596996,0.0629681095528314,0.0717625073765654,0.8098659892199954,0.2987669245230511,0.660442228660825,0.0595820443574126,0.0328142416890695,0.8094694678548866,0.2963153630506652,0.6601768814664947,0.0608759135715042,0.0118234508061263,0.807894135516217,0.2688767214258467,0.64652711999849,0.035119491412973,0.0117206588175757,-0.0244625529444396,-0.021093582871493797,0,0,5
London,persistence_quantile_interval,0.8,1.0,2013-09,0.8213223057839071,0.3446400755219126,0.7665150359697945,0.0470105647552633,0.0409649375518987,0.7717705662222494,0.2872173594001199,0.7646049621633817,0.060316077291107,0.0430718954248366,0.7723164799262113,0.2853683085507453,0.7649021216302698,0.0599336701076101,0.0360317917605789,0.7652737764170836,0.2484230324127508,0.761837705912976,0.0531385103890005,0.0466572895659984,-0.007177566902106504,0.0035853941411617962,1,0,6
London,persistence_quantile_interval,0.8,1.0,2013-10,0.8034644233781355,0.3446486108993681,0.8347095934488323,0.0417920110302176,0.0230935676349091,0.7700934001443958,0.3068794304282577,0.8357115122797074,0.0548831496244839,0.0446458511277719,0.7700772665366119,0.3019281794895792,0.8362972053413988,0.0545787111879476,0.0340666185823881,0.7643404245021101,0.2760808917390068,0.8317845484451594,0.0473227988168486,0.0393941380893057,-0.007560350807635299,-0.005251713038466201,0,0,7
London,persistence_quantile_interval,0.8,1.0,2013-11,0.775778137138856,0.3446650677425766,0.9763483973330136,0.0498103531165363,0.0425492271861105,0.766910346820488,0.3342949972026465,0.9780721263163088,0.0551329660470291,0.0503408850307008,0.7658836670389944,0.327469349955855,0.9805906729271412,0.0564563488599672,0.0720050815159856,0.7611295422591957,0.323376357244497,0.9768807836118836,0.0516315258522112,0.0806097819182722,-0.0035014401948178994,0.030268896887571402,1,0,8
London,persistence_quantile_interval,0.8,1.0,2013-12,0.7764723754826358,0.3446646370936194,0.993211464968563,0.0547208902165021,0.0333120225566375,0.7893368395013928,0.3658774283153468,0.9908023578045562,0.0501621560759703,0.0199845906691584,0.7893180180470859,0.3663397741442011,0.9907813394897556,0.0501836355743286,0.019746893544474,0.788609524731391,0.375946589581056,0.9808591590007426,0.0373867074619474,0.0211402904822792,-0.012775448614022897,0.0011556998131207995,1,0,9
London,persistence_quantile_interval,0.8,1.0,2014-01,0.7730731791267123,0.3445766531725576,1.01506181969854,0.0567607761475056,0.0485448530075774,0.7982720325264465,0.3886940072367221,1.0103609847081243,0.0494310869994198,0.0227750002052393,0.7981147245631679,0.3972606918997849,1.0095462102840906,0.0493231420755041,0.0090732211905524,0.7993758772944106,0.4135031348658213,0.992030674310577,0.029389835689327,0.0061588224187046,-0.0200412513100928,-0.0166161777865347,0,0,10
London,persistence_quantile_interval,0.8,6.0,2013-03,0.7464744050747597,0.66393612802989,1.6173587560283953,0.0753578791346414,0.1245698171056622,0.8089692801750733,0.8028767867071315,1.5843126894242925,0.0646429334382899,0.0617495880573523,0.8092381273717364,0.8671644484679045,1.5658963803965813,0.0588488803613166,0.0125513915243515,0.8074301299741772,0.9241433341950648,1.51841836986437,0.0399140062565921,0.0093009263525343,-0.024728927181697807,-0.052448661704817996,0,0,0
London,persistence_quantile_interval,0.8,6.0,2013-04,0.7997332481209275,0.6638879008646387,1.3277351152747587,0.0485685548688792,0.0292439565651946,0.847128943968212,0.7865516621794514,1.3357389243590547,0.0641443397151121,0.0582587410237164,0.8467524348055628,0.8555238571470146,1.3473268708319526,0.0615011495550383,0.0668411512595076,0.8419300609917056,0.9114036105458628,1.350645695680467,0.0570763615199178,0.0622249326624992,-0.007067978195194301,0.003966191638782798,1,0,1
London,persistence_quantile_interval,0.8,6.0,2013-05,0.8397926043027751,0.6639583159069644,1.1127906053093153,0.0603826386517911,0.0576252294781012,0.8586891645561453,0.7166364400555628,1.127071641086788,0.0713817843147071,0.0748442827170207,0.857831513176644,0.7646072530954884,1.1518854649483157,0.0718429826367987,0.1074957382638341,0.8530378065633183,0.8151642677050961,1.187752959214392,0.0687727904961175,0.0940302911093626,-0.0026089938185896028,0.0191860083923419,1,0,2
London,persistence_quantile_interval,0.8,6.0,2013-06,0.856578161254915,0.6640086879583649,1.0275247502293334,0.0742696733559962,0.0961297425474254,0.8355605574312589,0.6195023284788411,1.01412871286967,0.0688434186432641,0.0830623306233061,0.8354730246064497,0.6119474261379799,1.01050859057901,0.0677149874504528,0.0763042005420053,0.8343406555235992,0.5975497650316667,0.993304080027381,0.0523422388981896,0.0733231707317072,-0.0165011797450745,-0.009739159891598903,0,0,3
London,persistence_quantile_interval,0.8,6.0,2013-07,0.878353633943696,0.663953433416394,0.9407675927536576,0.0933575906574639,0.1208874246000524,0.8380670054583098,0.5726516987859257,0.9046194535080484,0.0813585714279187,0.1013981772882244,0.8394450270226668,0.5386128671088757,0.887107570149336,0.0794377640423118,0.0658454628901127,0.8369430776263075,0.5012412535074399,0.8499461969631387,0.0579670717075105,0.0646816810910043,-0.02339149972040821,-0.03671649619722009,0,0,4
London,persistence_quantile_interval,0.8,6.0,2013-08,0.8736877478325156,0.6638587271347649,0.9437566016206862,0.0883768106465993,0.1195190321628798,0.80432824786612,0.5265090031344941,0.8976379709410696,0.0813730687786919,0.0853726107340742,0.8044142751529001,0.4832829194397319,0.8811178574636188,0.0792708437821954,0.0129979344939509,0.802251495396196,0.4192803329584746,0.8339246222100882,0.0423008263895734,0.0113914297891871,-0.039072242389118494,-0.0739811809448871,0,0,5
London,persistence_quantile_interval,0.8,6.0,2013-09,0.8387849168995849,0.6639267137905089,1.0635736532108069,0.0664437295085601,0.0832203389830508,0.7503459044359119,0.5125601622683329,1.048252448574163,0.0892410956555167,0.0678962418300653,0.7503097859004351,0.4668605371825505,1.0461430588817753,0.0862733677799024,0.0671610169491525,0.7371987575223796,0.3919611724012056,1.0303811813481456,0.0780712599010834,0.0814576271186441,-0.011169835754433297,0.013561385288578795,1,0,6
London,persistence_quantile_interval,0.8,6.0,2013-10,0.8091458536421392,0.6639586072570667,1.16011500261013,0.0592979617480392,0.0578981017015834,0.7470489764361827,0.5623347761554156,1.1598834883763374,0.0839566382892559,0.0669437418158453,0.7466711486100374,0.5154103102848863,1.1621159707732025,0.0825248643304002,0.0644831317006,0.7359091061884433,0.4591238471250904,1.155511705778787,0.0756854868887752,0.0744746073899217,-0.008271151400480695,0.007530865574076409,1,0,7
London,persistence_quantile_interval,0.8,6.0,2013-11,0.7590199238613944,0.6640035870118064,1.4460686518089854,0.0701324980511933,0.0615563121432322,0.736192236085253,0.6292111506872216,1.4558557437312722,0.0845996848740458,0.0785202500127039,0.7349751299080224,0.585146074977041,1.4834375384046268,0.0872904946322341,0.1448261259887867,0.7271000639119682,0.5620269335245356,1.4901078886258847,0.0852131001689358,0.1592069380219185,0.0006134152948899935,0.0806866880092146,0,0,8
London,persistence_quantile_interval,0.8,6.0,2013-12,0.7480061737358092,0.6639861472027615,1.536726364431948,0.0838701412390175,0.073844262295082,0.7692485574001473,0.7052746542764757,1.5258291731125126,0.074096653710283,0.0534344262295082,0.7690993229326321,0.6992238952349746,1.5283294916397394,0.0743935206969019,0.0634918032786885,0.7658430537405417,0.717617055440922,1.5064472010425536,0.0627587664362063,0.0716065573770492,-0.011337887274076697,0.018172131147541,1,0,9
London,persistence_quantile_interval,0.8,6.0,2014-01,0.7491932317522468,0.6635698425405371,1.5648381484411291,0.0849336258781295,0.0871737595059376,0.7978184986580755,0.7683500054664547,1.54290294223516,0.0691962669356131,0.043729776784981,0.7980618737461477,0.801137291541708,1.5357373481359478,0.0684129897997708,0.0122431549036677,0.7987731744179167,0.8466351067853769,1.472777271025304,0.0417849322839639,0.0110194964111492,-0.027411334651649195,-0.0327102803738318,0,0,10
London,persistence_quantile_interval,0.9,1.0,2013-03,0.8784327272825032,0.676057937229326,1.5006507366492898,0.0342380963520491,0.0415245137016058,0.9017934193794678,0.7850206060060411,1.4832631960982343,0.0276751894274875,0.0139327666341512,0.9017208330756968,0.8050893434295331,1.481112521688443,0.0265288262986589,0.0040836495888677,0.9008376997131496,0.8193386054315291,1.4609165133287534,0.0205167158203637,0.0015851421045071,-0.007158473607123801,-0.0123476245296441,0,0,0
London,persistence_quantile_interval,0.9,1.0,2013-04,0.8960514672071594,0.6760055042767832,1.331856483683758,0.0235013898116928,0.0117228061557225,0.9152919341462026,0.7765837576713663,1.3351969358578684,0.0249810597841546,0.0179945893568279,0.9151488461971252,0.7988188660019697,1.3381478348253113,0.0249546732417488,0.0206057474866391,0.9127594163678722,0.8113218162258767,1.3368923439404856,0.0235675220413707,0.0172348372561806,-0.0014135377427838998,-0.0007597521006472985,0,0,1
London,persistence_quantile_interval,0.9,1.0,2013-05,0.9102124816681296,0.6760662604244541,1.1901625383369443,0.0243852824911815,0.0139129294518751,0.9200401116782247,0.7321597577239963,1.1991243228477622,0.0284641098007957,0.0233215316024127,0.9197941184773156,0.7509031270698941,1.2048790356559862,0.0283963040689368,0.032435090479937,0.9172669752111442,0.7595669835592165,1.2108997282894416,0.0269976424314422,0.0284356150013113,-0.0014664673693534983,0.0051140833988986,1,0,2
London,persistence_quantile_interval,0.9,1.0,2013-06,0.9152651160464464,0.6760981162780679,1.1234161025210452,0.0300896724979342,0.0304369918699186,0.9105804684091926,0.6588432886929665,1.120440758252378,0.0295169550885788,0.0277015582655826,0.9104637690018588,0.6566310410928985,1.1198442828303523,0.0297001011439665,0.0266006097560975,0.9104818296244224,0.6552168998177036,1.111537991912334,0.023532550501743,0.0262025745257452,-0.005984404586835801,-0.0014989837398373985,0,0,3
London,persistence_quantile_interval,0.9,1.0,2013-07,0.9294595433885714,0.6760584619916409,1.0138980025394928,0.0407016167847045,0.0445564516129032,0.9187036461967196,0.6315595711638171,1.0003464075405069,0.0386084243986638,0.0367378048780487,0.919172813565793,0.6213888319933741,0.995754338728657,0.0386461527792301,0.0260752688172042,0.918143065128228,0.5949084278561736,0.9714588551365853,0.0279932423950319,0.0270013768686073,-0.010615182003631898,-0.009736428009441401,0,0,4
London,persistence_quantile_interval,0.9,1.0,2013-08,0.9283264110111968,0.6760392783690208,1.0090269085913168,0.0382484193692059,0.0453970231460232,0.9058913665873624,0.5957611077070134,0.9872898811976164,0.0383668499599958,0.0285620615041636,0.9069895291476808,0.5879568351336593,0.984562916433782,0.0383401726638721,0.0091160679692255,0.9044692662338536,0.5265395488893595,0.953072680891382,0.0218698426343592,0.0101616287456559,-0.0164970073256366,-0.0184004327585077,0,0,5
London,persistence_quantile_interval,0.9,1.0,2013-09,0.9132552848058186,0.6760428335805702,1.126920300697704,0.0303013745259169,0.0292480808012336,0.8825215934568145,0.5721464497339313,1.1209770006442066,0.0381732610848457,0.0227369281045751,0.8825063134294772,0.563246646063563,1.1223664921942793,0.0387400709981378,0.0234896371739904,0.8735841665578543,0.4854503461779673,1.1156206711254146,0.0356081902372455,0.0319036079242149,-0.002565070847600201,0.009166679819639801,1,0,6
London,persistence_quantile_interval,0.9,1.0,2013-10,0.9019990884511602,0.6760719924676749,1.2139513629981822,0.0283363991491188,0.0162268047996851,0.8807349933919432,0.6092037041943749,1.215915124571703,0.0368976886052949,0.026743854987188,0.8808748179927371,0.5953255340508325,1.217038478477321,0.036626593756147,0.0231722509999344,0.8754633370485447,0.5403014803097327,1.2096738739279067,0.031420590529484,0.0296226476952331,-0.005477098075810906,0.0028787927080451,1,0,7
London,persistence_quantile_interval,0.9,1.0,2013-11,0.8846992759059511,0.6761099495033494,1.4013665416246064,0.0314791872232558,0.0235824687698497,0.8787350860521592,0.6588552253209493,1.4048520779212477,0.0347977076685473,0.0276646199449502,0.8772485537568978,0.6380652723319244,1.4133126413632764,0.036492084981399,0.0480669066271437,0.8727319962878372,0.6238195546787316,1.4094450739407265,0.0356550803882112,0.0574338344272707,0.0008573727196639,0.0297692144823205,0,0,8
London,persistence_quantile_interval,0.9,1.0,2013-12,0.8833298379203907,0.6761055840723281,1.434971999046358,0.0346009589144906,0.0217746959116095,0.8918304133191366,0.7133279044189079,1.429265997090322,0.0312039163105628,0.0127585980787515,0.8917510943331289,0.7107459175286567,1.4296753301227845,0.0312937087032078,0.0146765679813777,0.8906325621914626,0.7143858504184096,1.406964743416736,0.0248677290637486,0.0162502868758401,-0.006336187246814201,0.0034916887970886015,1,0,9
London,persistence_quantile_interval,0.9,1.0,2014-01,0.8814650883882522,0.6758086448611743,1.46360132689567,0.0368991359221067,0.0297194788562421,0.8983548544968565,0.7534875235149956,1.452747194411715,0.0317269185598338,0.011921122412958,0.8983198971716835,0.76263791519396,1.451820682256511,0.0316114750029281,0.0050004515265703,0.8989975314750378,0.7698364179894004,1.4123726098367866,0.0191045054040561,0.0030335617169493,-0.012622413155777699,-0.008887560696008701,0,0,10
London,persistence_quantile_interval,0.9,6.0,2013-03,0.8650091340835067,1.0800995044651474,2.076199386902036,0.0485156058320652,0.0778280580080831,0.9023157153284572,1.2645693057665526,2.0229272217184486,0.0397267190489385,0.0261323299148241,0.902322436508374,1.3039576110805349,2.012049970489872,0.0379702983289844,0.0040678368121441,0.9009566927493255,1.3383345793689094,1.9406052354372,0.0270104821360078,0.0037953893770292,-0.012716236912930699,-0.022336940537794902,0,0,0
London,persistence_quantile_interval,0.9,6.0,2013-04,0.8977465023549189,1.080006823546782,1.7460588265567072,0.0299166382287628,0.0158035608409141,0.925447017797352,1.2545619486688968,1.760681334757766,0.0364157233910131,0.0294136428307361,0.9250788446309236,1.3006361258886054,1.7729720905142337,0.0354574775725136,0.0368043909132489,0.92184447809717,1.3380953180007045,1.758327988060304,0.0322075736806553,0.0358980874455794,-0.004208149710357802,0.0064844446148433,1,0,1
London,persistence_quantile_interval,0.9,6.0,2013-05,0.9201214692455356,1.080110073392854,1.5327568773533369,0.0348958118145324,0.0361641096249671,0.9321433756513042,1.1658759839834556,1.5595930095371695,0.0405629634601927,0.047301993181222,0.9313636925790304,1.1989850594991027,1.5813650156150454,0.0403250557955706,0.0589070285864148,0.9265457889048412,1.237129348684875,1.61314589873386,0.0390300861980842,0.051539142407553,-0.0015328772621084966,0.004237149226330998,1,0,2
London,persistence_quantile_interval,0.9,6.0,2013-06,0.9294165867755964,1.0801977560612477,1.450991064603709,0.0419373287779676,0.0557757452574525,0.9193530907423616,1.0271455159000231,1.4332847914863327,0.0405783398718586,0.0481199186991869,0.9196031845275312,1.0183802473861463,1.4280455401383298,0.0407588427896636,0.0436737804878049,0.9189987912133716,0.985906996490344,1.3957539015306268,0.0297638103916977,0.0433180894308943,-0.010814529480160897,-0.004801829268292604,0,0,3
London,persistence_quantile_interval,0.9,6.0,2013-07,0.9425855717781184,1.0800906547187383,1.3512566827104904,0.0525490979949881,0.0671846315237345,0.9226277862923824,0.9674594316966252,1.302053492781601,0.0498312968993784,0.0548665748754261,0.9234478771745852,0.9210399719709514,1.2761569462944005,0.0486080638846994,0.0348855887752426,0.9222244629076928,0.8400744420813092,1.1893961058365556,0.0345650101863066,0.0383113690007868,-0.0152662867130718,-0.016555205874639302,0,0,4
London,persistence_quantile_interval,0.9,6.0,2013-08,0.9408038174608508,1.0799577495295103,1.3549191858865548,0.0496646740867543,0.0683371037015179,0.9035956717521338,0.8947894487120334,1.2845385122836066,0.0484860042798496,0.0451083571030457,0.9044895490288326,0.8317557126121924,1.2612648370145072,0.0479953365466766,0.0092078948231205,0.9022703138651792,0.7169776032277975,1.1558601051773294,0.0267388113247036,0.0121258319399363,-0.021747192955146002,-0.0329825251631094,0,0,5
London,persistence_quantile_interval,0.9,6.0,2013-09,0.92159221617777,1.080074731356789,1.4796890829314642,0.0397692748845125,0.0519745762711864,0.8706275734456527,0.8705894212461753,1.4534370116071418,0.0549675438276439,0.0394978882627741,0.8691369892700166,0.7909285585106411,1.4590826896444653,0.0553030039351367,0.045228813559322,0.8557675744458583,0.6637451501274754,1.4184023380520567,0.0530540747779706,0.0584830508474576,-0.0019134690496733012,0.018985162584683496,1,0,6
London,persistence_quantile_interval,0.9,6.0,2013-10,0.9053951393324146,1.08013691612843,1.5820572751070974,0.0373637906578518,0.0349283630044916,0.868800968099768,0.945872110383665,1.5807505429576978,0.0538229547916951,0.0400530834776997,0.868766008941477,0.8818428364225922,1.5867489826564545,0.0524077105674521,0.0403724468050228,0.8589868567010656,0.7596781541209404,1.5766217937988027,0.0473546591760118,0.0530769482967772,-0.006468295615683295,0.013023864819077496,1,0,7
London,persistence_quantile_interval,0.9,6.0,2013-11,0.8754758662850474,1.0802008903811664,1.9002559384895683,0.0438171473652338,0.0362789437132645,0.8614735876844416,1.033936428391462,1.9163414698408312,0.0528682976217951,0.0525229940545759,0.8574068413593797,0.9770277266638532,1.971076339123668,0.0574060512089293,0.1096820637905042,0.8480756940006113,0.907364504645148,2.014166998188048,0.0599898559331863,0.1285515862933415,0.007121558311391198,0.07602859223876561,0,0,8
London,persistence_quantile_interval,0.9,6.0,2013-12,0.8668949550683251,1.0801721674818252,1.9911630160233085,0.0517472300628858,0.0466475409836065,0.8810722294822774,1.1366791368326403,1.973471689587676,0.0442001748962567,0.0292704918032786,0.881034584751733,1.1267728140377655,1.97818097408389,0.0446677840444292,0.0404426229508196,0.8754241754459556,1.1126933340033385,1.9489084085849395,0.040608747984613,0.0501475409836066,-0.0035914269116436998,0.020877049180328004,1,0,9
London,persistence_quantile_interval,0.9,6.0,2014-01,0.8679858223926595,1.0793846519096302,2.031267294473233,0.0530628276421173,0.058155807039732,0.89821542863597,1.2221664950913165,1.9951874570504555,0.0438565268707152,0.020747992050326,0.8981952594297762,1.2326294802885251,1.991710781807632,0.0438683832098415,0.0128311679779249,0.8978429706282574,1.2567923036943307,1.8887647636265408,0.0268190285668664,0.0111311860453656,-0.017037498303848802,-0.0096168060049604,0,0,10
UCI Electricity,lightgbm_quantile,0.8,1.0,2014-01,0.8066874405497251,356.71982641010214,418.2759721686753,0.0439987290961979,0.0311948556901451,0.8096199918693732,356.71991498813566,418.2760072774485,0.042239198304409,0.0161684493872635,0.8071975781783449,353.75455028216135,416.9442483682002,0.0416363083796765,0.0078780950976233,0.8084230925588977,332.5711013788015,406.618439307458,0.0278355560993515,0.0245974776930362,-0.014403642205057497,0.0084290283057727,1,0,0
UCI Electricity,lightgbm_quantile,0.8,1.0,2014-02,0.8085264694442138,348.5743340499377,404.3843133558274,0.0437634117240866,0.0297289838273445,0.8114601133686754,348.5744226279712,404.3843542303284,0.0420049735371114,0.0184916464036394,0.8103576751117735,346.9720385904946,403.5301396913013,0.0415760168872999,0.0128284571338928,0.8106264558959141,312.2024244338777,384.5449421610819,0.0272899904287818,0.0209140586189766,-0.0147149831083296,0.0024224122153371982,1,0,1
UCI Electricity,lightgbm_quantile,0.8,1.0,2014-03,0.8007512935985128,345.2629925431478,409.82884441514807,0.0442730390783184,0.0368775235531628,0.7945063012357764,343.683723674772,409.2564708988826,0.0456412341186361,0.069216390010468,0.7924243082060127,339.37008613391345,407.5801456343797,0.0424296365294064,0.0122304368935022,0.791436594925068,303.5932997709195,397.9425278816023,0.0324682372722141,0.0125546193698261,-0.013172996846421994,-0.0566617706406419,0,0,2
UCI Electricity,lightgbm_quantile,0.8,1.0,2014-04,0.7964742086394022,366.2994150503538,482.8715730834091,0.0471392329685658,0.041436151032813,0.7928329914062787,365.4906824873827,482.86834868075766,0.0477300258178718,0.0633415752330912,0.7921773479784158,360.4904335424986,482.9234406098254,0.0447552604423706,0.009786867859343,0.7921579743779035,331.7019510704276,496.9675322088154,0.0335815873300731,0.0095121966709217,-0.014148438487798704,-0.053829378562169496,0,0,3
UCI Electricity,lightgbm_quantile,0.8,1.0,2014-05,0.7915846039082265,466.2680917508927,530.53015619422,0.0454993428401147,0.0485045610886796,0.7945171552278746,466.26818032892623,530.530191210708,0.0437398120483259,0.01742934051144,0.7936735040238709,461.2207919288691,528.2059524039965,0.0431392902673239,0.0097726932854793,0.7948358679049428,448.1948267571357,518.0054067707056,0.0287733410166441,0.0086997670802682,-0.014966471031681802,-0.008729573431171799,0,0,4
UCI Electricity,lightgbm_quantile,0.8,1.0,2014-06,0.795956219741495,505.8023028459358,614.173604579267,0.0421624608959168,0.0371477875650337,0.8022516202448008,506.7199924405741,614.4796535365455,0.0399302142516284,0.0223812312422223,0.8033283845680095,501.6187140841813,612.5896265462277,0.0387726926041789,0.0131664348632358,0.8022730331716827,477.8765636420404,601.0414291431883,0.0265605945044232,0.0082212950084994,-0.013369619747205196,-0.014159936233722898,0,0,5
UCI Electricity,lightgbm_quantile,0.8,1.0,2014-07,0.7943000753859087,566.5729581702534,675.2287830965134,0.0464971207319142,0.0523553162853297,0.8009881079715665,567.5402275503405,675.5516259326989,0.0441573947261439,0.0239781823333569,0.8011923603683253,561.5630208835462,673.327553789745,0.0428539289477942,0.0066303038889281,0.8017804493947419,523.5595653993068,661.9794631704037,0.0295532496852342,0.0067471842459445,-0.014604145040909698,-0.017230998087412398,0,0,6
UCI Electricity,lightgbm_quantile,0.8,1.0,2014-08,0.7997043767243046,572.4045543003156,710.5103196815323,0.044317441773266,0.0386720502467474,0.8054402181849757,572.9736658997814,710.6163455489624,0.0421093450898513,0.025986399376638,0.8056503909410608,566.1960488496201,709.3830942112763,0.0406878668155965,0.0123224166292806,0.8066094891519283,526.4991170965071,705.7582161572641,0.0265283407600951,0.0202856288320621,-0.0155810043297562,-0.005700770544575899,0,0,7
UCI Electricity,lightgbm_quantile,0.8,1.0,2014-09,0.8027471765526412,549.2048856745229,651.5094664951,0.0428297284840871,0.0430458970792768,0.8068706944722019,549.2053828593398,651.5096336767072,0.0406101256632908,0.0227911573091281,0.8065525595585267,541.7940322689299,648.8914653197385,0.041534756239319,0.009724312686951,0.8063710595116221,506.4461128145218,636.1756491973163,0.0289716900713356,0.0162442693040745,-0.011638435591955203,-0.006546888005053601,0,0,8
UCI Electricity,lightgbm_quantile,0.8,1.0,2014-10,0.7925358083066588,435.4975092476967,611.141359107545,0.0424069418186554,0.0410149045411495,0.7882583486933767,435.3069800312061,611.1617454743005,0.0450791946732553,0.0896540551318478,0.78983908463351,427.7633110495982,612.3104927124946,0.0429387874314718,0.0230183466742226,0.7897867881261273,389.559498271509,622.9902370466141,0.0341393573647296,0.026886023942764,-0.010939837308525699,-0.0627680311890838,0,0,9
UCI Electricity,lightgbm_quantile,0.8,1.0,2014-11,0.8073672704432272,355.6777419049137,449.19414196468017,0.0445992519750875,0.0386416318961521,0.8102998217628753,355.6778304829471,449.19415805906107,0.0428397211832987,0.0195373691530633,0.8098287373714714,351.76251419356174,448.4733405526874,0.0421585861758143,0.0122693873403572,0.8075885373543411,329.76587743075095,451.6134343219883,0.0362443357710081,0.013205068768351,-0.0065953854122906,-0.006332300384712301,0,0,10
UCI Electricity,lightgbm_quantile,0.8,1.0,2014-12,0.7886856012914277,348.6336167130541,424.0809896413531,0.0478513042551595,0.0389836000199392,0.7886678402134487,348.6280430394618,424.07938165752057,0.0478513042551596,0.0390459099745775,0.7873436531774568,344.7630564390647,422.8277172681625,0.0463206940239893,0.0169193171353687,0.7881419149599587,334.5310151207266,422.9664501684074,0.0407896969960096,0.0176560175674719,-0.007061607259149998,-0.0213898924071056,0,0,11
UCI Electricity,lightgbm_quantile,0.8,6.0,2014-01,0.7809706029611616,394.155460901408,485.83299714177326,0.0844221125495712,0.0553701326486949,0.8008904942421858,404.295116910748,488.8050004854131,0.0843958864808589,0.0534577938371976,0.8020080823975395,409.8806507512556,491.0640313132282,0.0824895294407489,0.0197725003565825,0.8015958165446757,377.7446256801098,470.9455296577301,0.0588262642157213,0.0192055341606047,-0.0255696222651376,-0.0342522596765929,0,0,0
UCI Electricity,lightgbm_quantile,0.8,6.0,2014-02,0.7633373843051262,388.2972702698109,464.4379055950229,0.0910482329837168,0.053481112691639,0.7882211390275906,400.526724877511,468.9684439580057,0.08921230614779,0.0415220776331887,0.7894111119917572,413.3180422483576,475.6050052027933,0.0881733639798155,0.0174383287396986,0.7888948332496719,367.6840664658656,439.7838141495129,0.0554219175186917,0.0173337721282926,-0.03379038862909829,-0.0241883055048961,0,0,1
UCI Electricity,lightgbm_quantile,0.8,6.0,2014-03,0.7543163738088994,383.52381608527264,459.11987590339794,0.0857280515620405,0.0494725346796847,0.7802603136002034,395.50309325858063,463.1001438943451,0.0802666714350427,0.0417143430693566,0.7803457470058571,404.705921606129,467.4879996512377,0.0799038774845226,0.03107930850998,0.7735140547886418,356.2849998200157,440.7018038061117,0.0669420403881458,0.0375372783408199,-0.013324631046896893,-0.004177064728536697,0,0,2
UCI Electricity,lightgbm_quantile,0.8,6.0,2014-04,0.7701807995925642,389.3919421725317,545.6354791412086,0.076853380648447,0.0373901615440697,0.8098513598987982,410.1972374963432,544.6190424082821,0.0737908359824868,0.0629655565930075,0.8106122214281607,410.8500780663118,544.3654492643603,0.0726562179123848,0.024299719887955,0.8031720019386054,364.2315170771794,559.4368563446745,0.0605189876537125,0.0140277163496976,-0.013271848328774302,-0.048937840243309896,0,0,3
UCI Electricity,lightgbm_quantile,0.8,6.0,2014-05,0.763011706363398,525.6840500003093,587.2347210871527,0.0812018692034427,0.0475003403002066,0.8007236010776531,543.7251913360715,596.2423274173303,0.0747657535226378,0.055640871223527,0.8002775592272052,540.9662506482699,594.28719253145,0.0737494933600362,0.0126943374696903,0.7967827368889525,512.6840724913906,566.8643961148682,0.0537286714509373,0.0085003897984186,-0.0210370820717005,-0.0471404814251084,0,0,4
UCI Electricity,lightgbm_quantile,0.8,6.0,2014-06,0.7690359134856288,573.0065460910297,678.5279000247929,0.0820857668580628,0.0483692106979778,0.7979168206872191,588.075486514766,684.1479976973171,0.07866384090293,0.0597105508870214,0.7997578796914661,582.0463913520567,681.1506097747128,0.0753351487222455,0.0280423280423279,0.7963704543400938,548.0621815083734,657.0355106184084,0.0501819496126896,0.0119002852282465,-0.028481891290240396,-0.0478102656587749,0,0,5
UCI Electricity,lightgbm_quantile,0.8,6.0,2014-07,0.7675227888642523,631.7985483551713,741.7553996636653,0.085305255545224,0.0559892836371286,0.8005765761469932,649.5458571657343,746.8857145944584,0.0821988571791876,0.0520182570246754,0.802223652735061,639.3563227996373,742.9589197182851,0.0783893220163873,0.0308479532163742,0.7977930365813922,588.350295668331,729.3099763342271,0.0548430806888714,0.0295072029667664,-0.027355776490316196,-0.022511054057909,0,0,6
UCI Electricity,lightgbm_quantile,0.8,6.0,2014-08,0.7713692789420563,633.8268476900278,801.7733282108718,0.0843134333102861,0.0550519112497061,0.801157721987777,650.0783424076237,802.4018544736022,0.0826766882038321,0.0542231255645889,0.8027898974004403,631.7647277466024,801.5537915638956,0.0758688378672643,0.0160569105691056,0.7989354600290871,593.9334893753168,800.7437529084899,0.0486112104522804,0.0116245899301097,-0.0340654777515517,-0.0425985356344792,0,0,7
UCI Electricity,lightgbm_quantile,0.8,6.0,2014-09,0.7809755867156246,600.4090264097349,722.1765532035661,0.0826020437500513,0.0429604261796042,0.8110876315335518,616.7726745578674,726.2528381664192,0.0822044653638581,0.0617278490343505,0.8113648685280563,593.758648834997,720.1536339061419,0.0779629447086752,0.0123508662724348,0.8099745763408003,590.752191877294,712.4823379063727,0.0493623549126395,0.0197038074489054,-0.0328421104512186,-0.04202404158544511,0,0,8
UCI Electricity,lightgbm_quantile,0.8,6.0,2014-10,0.7627385181476448,480.1634341025996,702.7532904823036,0.0861039585469168,0.054303250795065,0.7867472919597231,492.7675388414375,701.1256359574944,0.0818116253010037,0.0559168925022582,0.7864433079814669,470.49515321112864,705.3780086352378,0.0829047755286937,0.0425688204250463,0.7807063554506513,470.0559035291442,689.3064003074254,0.0655838479205906,0.050278134360291,-0.01622777738041309,-0.0056387581419672025,0,0,9
UCI Electricity,lightgbm_quantile,0.8,6.0,2014-11,0.7704898675012527,389.3991623186252,507.3016479125779,0.0894270024725432,0.0394989959454101,0.799309166481842,404.7977574858137,509.7477055581955,0.0899960570738559,0.0467164643635231,0.7993522922365427,387.609831976075,506.69681107515663,0.0902178466694595,0.0265221878224974,0.7913473307211447,385.21107703812567,502.2196676402481,0.0732234242670675,0.0312951496388029,-0.016772632806788396,-0.015421314724720199,0,0,10
UCI Electricity,lightgbm_quantile,0.8,6.0,2014-12,0.7280813643913565,393.695299103806,510.2364518796172,0.1098749095995358,0.0822243617173014,0.7602639296187683,411.1411077010366,514.6703315903835,0.0983882888682259,0.0465707020083899,0.7595973503723307,400.719063046194,510.7130553340303,0.0960321150132322,0.0712451861360718,0.7544157149782642,392.357707276362,511.0940635697,0.084791065652592,0.0713842533162174,-0.013597223215633905,0.024813551307827496,1,0,11
UCI Electricity,lightgbm_quantile,0.9,1.0,2014-01,0.9041701037641644,455.99133698816536,510.56969846314666,0.0338776774825053,0.0461043816360101,0.9071026550838126,455.9913568785903,510.569706641449,0.0315316364267868,0.0158284338032159,0.9058899681484668,450.978625372452,508.1876115575426,0.0294107663707802,0.0090773141917152,0.9051795250293058,427.67276317760974,496.9452840038403,0.0194464069339248,0.0067344598973131,-0.012085229492862,-0.009093973905902799,0,0,0
UCI Electricity,lightgbm_quantile,0.9,1.0,2014-02,0.9047346936991666,448.6643319846781,501.9221981782596,0.0347166438676462,0.0478859634597339,0.9076672450188148,448.6643518751032,501.9222070882985,0.0323706028119277,0.019899599968625,0.9077775981049864,445.3233008059871,500.16153147820086,0.0303918954945347,0.0141854263079457,0.9074246867502,414.5357330350211,486.1731184586786,0.0219493381000039,0.0132559416424817,-0.010421264711923797,-0.0066436583261433,0,0,1
UCI Electricity,lightgbm_quantile,0.9,1.0,2014-03,0.8993578383584028,445.4081786573016,508.1382080082669,0.0338806376621685,0.0470639549374408,0.8961519637831885,444.1517553328676,507.68955697254665,0.0352456751775121,0.0673396141767609,0.8936802137644407,434.2567856899108,504.0608145430281,0.0310499165229335,0.0102681342453462,0.8908897510686249,407.96336519295824,498.4537508644473,0.024442400824114,0.0125251203008904,-0.0108032743533981,-0.05481449387587051,0,0,2
UCI Electricity,lightgbm_quantile,0.9,1.0,2014-04,0.8966795688048323,465.2200118353231,622.1774518127988,0.0353317372205613,0.0444779271622108,0.8959392933326263,465.08254748453095,622.2281874103464,0.0359219182719564,0.0518698810075722,0.8948084868606202,454.5474170069222,627.2386568677479,0.0323757336476615,0.0079203572212869,0.892538716611129,433.283415543745,658.1099659100348,0.0264021388454965,0.0099773076641535,-0.009519779426459898,-0.0418925733434187,0,0,3
UCI Electricity,lightgbm_quantile,0.9,1.0,2014-05,0.8945001835311391,587.1318346192861,641.0172712246996,0.0330926378358323,0.0539305119385873,0.8974327348507872,587.1318545097109,641.0172799603032,0.0307465967801139,0.0190727491676702,0.8978560405426207,578.7131320906924,636.5924359587721,0.0291826351914052,0.0042561625398698,0.8964844906320181,590.354382752663,646.718077808797,0.0196165185919017,0.0058832205608511,-0.011130078188212201,-0.013189528606819101,0,0,4
UCI Electricity,lightgbm_quantile,0.9,1.0,2014-06,0.8964654395360124,643.1360899050209,746.3138510386318,0.0324693387280313,0.0525652912996446,0.9013271936014096,643.6444165034968,746.4782895680596,0.0288552445356249,0.0188382988068223,0.9016963116743276,635.3312036491551,743.5990437308923,0.0284408534172991,0.0042163824024595,0.9006766484894709,634.2308354101639,743.0852033530136,0.0184053283519387,0.0027523607349388,-0.010449916183686202,-0.0160859380718835,0,0,5
UCI Electricity,lightgbm_quantile,0.9,1.0,2014-07,0.8947291040917577,694.0417193697369,797.8249997494296,0.0351410821627467,0.058180050844923,0.8991979886565915,694.3458361874885,797.935100798848,0.031634848024376,0.0141460650279804,0.8989029574168288,684.4943861561316,794.0971795286022,0.0323119397859987,0.0062883206221026,0.8995206482398772,630.0433390464689,779.5075759560348,0.0202797961817629,0.0042962385776015,-0.011355051842613102,-0.0098498264503789,0,0,6
UCI Electricity,lightgbm_quantile,0.9,1.0,2014-08,0.8980267442365302,697.1418399456214,847.8656635431385,0.0349303173707289,0.0502043766512138,0.9028676247123693,697.8525641330991,847.9364259061462,0.0314116504777729,0.0167316001983424,0.9029436026570572,688.7691267601934,847.3256324821783,0.0314079009168663,0.0039803599022979,0.9026761997608176,636.0283754834927,856.744988630801,0.0180415056657838,0.0065724540152534,-0.013370144811989098,-0.010159146183089,0,0,7
UCI Electricity,lightgbm_quantile,0.9,1.0,2014-09,0.9003564742494259,672.6413016795748,774.4532837922776,0.0351359618890688,0.0510714469685262,0.904613568046203,672.7831983676072,774.4996898894813,0.0317961570933889,0.0175536197935729,0.9045014050958688,664.4686740935591,771.7171567023756,0.0312663401025373,0.0052844831418573,0.9045014050958688,636.9587275399097,759.4520460368216,0.0203889811117591,0.0079354041106475,-0.0114071759816298,-0.009618215682925401,0,0,8
UCI Electricity,lightgbm_quantile,0.9,1.0,2014-10,0.893124686714319,549.7361444182955,761.3133180992143,0.0348028322999017,0.0509645580978017,0.8960572380339671,549.7361643087205,761.3133104331081,0.0324567912441832,0.0139275210607646,0.8927073013818119,539.7276844590372,766.3569857249632,0.0334500301938325,0.0164022101012962,0.8926619119603099,514.2076621459801,763.5366940627058,0.0229433658426842,0.0189558688106538,-0.009513425401499,0.005028347749889198,1,0,9
UCI Electricity,lightgbm_quantile,0.9,1.0,2014-11,0.90741152382545,468.1778845168881,561.0436112024685,0.034144645340751,0.0478905887807139,0.9106713870274372,468.17797771909335,561.0436309760279,0.031531656463237,0.0214808579166971,0.9104694937168356,462.2305408387148,559.8558069494576,0.0301755044273775,0.0114780802865471,0.906792588272242,468.6332266687288,576.4181673323164,0.024939330040501,0.0098799773347756,-0.0065923264227360015,-0.0116008805819215,0,0,10
UCI Electricity,lightgbm_quantile,0.9,1.0,2014-12,0.8882176955593358,448.2638562354713,523.6391870438591,0.0384764152618969,0.0573201734709137,0.8882088150203463,448.25828256187896,523.6381081009603,0.0384813488946689,0.057382483425552,0.8864188930506822,440.4824241935671,522.0746336749676,0.0368528553893031,0.0193879719487143,0.8858554721881253,448.2282252005031,538.2803379228179,0.0320098041150444,0.0206701140468937,-0.0064715447796245,-0.0367123693786583,0,0,11
UCI Electricity,lightgbm_quantile,0.9,6.0,2014-01,0.8886623910227373,555.3474424130281,620.6532163440345,0.0556294653855629,0.025878249523236,0.9058374857942127,569.3256093840824,627.3894028094769,0.0540092109132235,0.0194519722975007,0.9057053620389576,564.4668602056801,624.594920928549,0.0539545732700728,0.0089604138050513,0.904968250562271,511.2152580622501,585.0381273953805,0.0364474803105802,0.0085582408335498,-0.0175617306026433,-0.010893731463950899,0,0,0
UCI Electricity,lightgbm_quantile,0.9,6.0,2014-02,0.8826274955307213,550.3038313495351,605.3002796968959,0.0611436950146627,0.0245412078745412,0.9036022826345408,566.9239762083058,614.1862998208796,0.0575982140498269,0.0212545879212545,0.9044972391746584,565.7873432045433,613.4379763698668,0.0573844372231468,0.0176623992413466,0.9035131172227946,489.5806858610552,547.0105040986834,0.0371806557290428,0.0159356725146199,-0.020417558320784103,-0.0053189154066346014,0,0,1
UCI Electricity,lightgbm_quantile,0.9,6.0,2014-03,0.8770513951473825,543.6238703895178,600.4974561223192,0.0587459965508746,0.0337116852903689,0.8882282701126132,550.4247411502096,603.6755002076465,0.0555342965453114,0.0254423902686515,0.8888610733614668,545.1824258718406,600.4483174323909,0.0540106016895946,0.0187523975696378,0.8794037940379403,456.16824011843937,550.7112403135923,0.0459464829252398,0.0290371979062256,-0.009587813620071599,0.0035948076375740996,1,0,2
UCI Electricity,lightgbm_quantile,0.9,6.0,2014-04,0.8779654090375153,548.8842060299498,724.365735809147,0.0539591496422616,0.0297900438714299,0.8982252725136975,563.4923688009424,719.6925814611936,0.049717423626342,0.0315541031227305,0.8974028027633341,551.2670370840073,724.0622452064572,0.0494621602306611,0.0049203892083149,0.8889316723756951,460.2876101427378,826.487431113589,0.0430889951288433,0.0168214654282765,-0.006628428497498701,-0.014732637694454001,0,0,3
UCI Electricity,lightgbm_quantile,0.9,6.0,2014-05,0.8781868647132219,695.4763594709203,745.243164118728,0.0592206486580994,0.0312983037237779,0.900916124263882,711.2253231528962,753.7913053313532,0.0537894682465886,0.0257251831777576,0.9008525459154884,699.3248103745666,745.6855844367448,0.0532597811315356,0.0086896517113319,0.8949258517511861,685.6797294244803,732.869581246284,0.0387996805187993,0.0066822242296497,-0.014989787727789299,-0.0190429589481079,0,0,4
UCI Electricity,lightgbm_quantile,0.9,6.0,2014-06,0.8824679431890058,753.7106144252367,848.3591572720569,0.0578722984795091,0.028721859114016,0.902314004780798,768.3510370659781,853.6358885658384,0.0546251345112825,0.0300125313283208,0.9028274066224732,757.0513593984845,848.4482985892461,0.0541224114279142,0.01265664160401,0.8995447152468026,737.0902473698044,826.6454317020165,0.0353489489637497,0.0069512015332448,-0.019276185547532798,-0.023061329795076,0,0,5
UCI Electricity,lightgbm_quantile,0.9,6.0,2014-07,0.8796203577871556,799.3025856952455,898.6776102519908,0.0647525610153462,0.0560022081702298,0.8991408975673334,813.598957401359,903.0443221284823,0.0604777118152413,0.0416880616174583,0.8996256824738336,798.4870856343829,897.4526905663814,0.058829443133141,0.0209600521931145,0.8968848596110595,699.1164455228544,902.258570754976,0.0417326292031248,0.0208220415537488,-0.0187450826121165,-0.0208660200637095,0,0,6
UCI Electricity,lightgbm_quantile,0.9,6.0,2014-08,0.8803286603247265,800.9325957970884,982.6449860347414,0.0653718538651662,0.041749473050286,0.8984415357350054,814.241909716576,981.5511532661392,0.0611436950146627,0.0394380259592069,0.8993316326125138,793.1194460301884,984.4370049438888,0.0592800546773796,0.0064969333903864,0.8952338093762169,737.9705542571888,994.7771000070112,0.0376989803622376,0.0086501218893467,-0.0234447146524251,-0.030787904069860202,0,0,7
UCI Electricity,lightgbm_quantile,0.9,6.0,2014-09,0.8889121631057115,762.3020440138855,876.85681727492,0.0631106401504883,0.0452173461977384,0.9082746001626456,777.5878005211194,880.4995372975623,0.0600279701323344,0.0433547103051746,0.907442889179132,751.978848202006,874.9719000276239,0.0613155819512555,0.0095583438854993,0.9067497966928708,751.7523876708286,862.4268840165512,0.0332031346262845,0.0097629919547727,-0.0268248355060499,-0.033591718350401895,0,0,8
UCI Electricity,lightgbm_quantile,0.9,6.0,2014-10,0.8718836675170271,648.694271960671,881.0644793928163,0.0684607681853944,0.0395413028204356,0.8869686240850678,659.7634353825729,876.650328120796,0.0641312813421389,0.0230278056205219,0.8846639089558052,636.6474170990931,889.2408056571195,0.0665667294502857,0.0391741548994437,0.878584229390681,639.6652513902243,844.3900361464148,0.0506506846593392,0.0520146911995436,-0.013480596682799696,0.0289868855790217,1,0,9
UCI Electricity,lightgbm_quantile,0.9,6.0,2014-11,0.8802859853618867,558.7479272553852,663.9239836347529,0.0667272480839843,0.0359969913891482,0.90060437664802,574.7832746646242,668.3950503408088,0.0645253702654082,0.0230465870558749,0.90100893729926,557.4702373882523,662.6454748350509,0.0645294774801416,0.0038367978770456,0.8882560355520507,565.9289633019804,657.4665775203504,0.0553153519472305,0.0185426802299867,-0.009210018318177693,-0.0045039068258882,0,0,10
UCI Electricity,lightgbm_quantile,0.9,6.0,2014-12,0.8395669917109728,558.0414529095519,657.3842671353664,0.0881718443284139,0.0722398559602034,0.8638320657400123,576.3834451057629,663.4574609404744,0.0755209450921488,0.0501064211555357,0.8646695117977573,561.1348274160733,655.6208311477365,0.0731381478037654,0.0400620453572957,0.852442600672341,550.9281421050956,655.5051549963522,0.0732879542871675,0.0549634331959758,-0.002232990804981294,0.0048570120404400965,1,0,11
UCI Electricity,persistence_quantile_interval,0.8,1.0,2014-01,0.7958546179800082,220.536197775896,383.4909669306445,0.056828035821272,0.0899243329350856,0.8008584807492196,225.8816674852372,383.8923585564247,0.0566806199350424,0.0780391278375149,0.8008082253334594,212.78093413878028,380.65695170506297,0.0513537429445337,0.0096998207885303,0.8067984738120014,212.01266798972733,374.2079456205983,0.0254383060574527,0.0399168657905216,-0.0312423138775897,-0.0381222620469933,0,0,0
UCI Electricity,persistence_quantile_interval,0.8,1.0,2014-02,0.792314708141321,220.5361977980144,368.54080298241576,0.0564245566261695,0.0972608024691358,0.7980696219103477,227.4628159298937,369.706694757412,0.0558840856723921,0.0839919532627866,0.7982234499371597,213.58738441074644,365.1284982494871,0.0510905425219941,0.004943783068783,0.8039521802122609,210.65879856388585,356.0113224168681,0.0235684174696271,0.0314869929453262,-0.032315668202765005,-0.05250496031746041,0,0,1
UCI Electricity,persistence_quantile_interval,0.8,1.0,2014-03,0.8038708494938984,220.53619794770069,372.8543332188168,0.0490912638350203,0.08125,0.8116220083246618,231.2034325275938,373.9830076892434,0.0497278324346482,0.0644240342493031,0.8120999274745373,215.13693654246435,370.5068419790989,0.0446681960079462,0.0147774790919952,0.8164889004509192,207.5837723971951,364.1897047574592,0.0305119351685428,0.0492756869772997,-0.019215897266105397,-0.015148347272003398,0,0,2
UCI Electricity,persistence_quantile_interval,0.8,1.0,2014-04,0.8087579423264907,220.53619790868805,407.0619059197219,0.0523592782665363,0.0770318930041152,0.8101427582274356,220.53631582874127,407.061886752555,0.0529233870967741,0.0712319958847736,0.8105388563049853,207.63487057256648,408.73460438194985,0.0483484033887259,0.0152397260273972,0.8146118442489411,199.1798458751848,404.7630274179744,0.0364450961225154,0.0426183127572016,-0.0164782909742587,-0.028613683127571996,0,0,3
UCI Electricity,persistence_quantile_interval,0.8,1.0,2014-05,0.8063195692618169,220.5361979708872,452.28141286228765,0.0514036042001702,0.0802045997610514,0.8063195692618169,220.5361979708872,452.28141286228765,0.0514036042001702,0.0802045997610514,0.7986166950461956,206.06477496850545,456.02769197422737,0.0481961261943051,0.0181557724957556,0.8018202314508246,213.8118093008748,441.9580847141586,0.0318142402169457,0.0273596176821983,-0.0195893639832245,-0.0528449820788531,0,0,4
UCI Electricity,persistence_quantile_interval,0.8,1.0,2014-06,0.7989725887911372,220.536197937525,510.52687458991386,0.0539070136852394,0.0769675925925926,0.7989725887911372,220.536197937525,510.52687458991386,0.0539070136852394,0.0769675925925926,0.7915251303356142,215.6972033712445,510.7846459757343,0.0500315656565656,0.0230592105263158,0.7950054985337244,234.1487435697224,495.7240725791307,0.0282329341805148,0.0241374269005848,-0.025674079504724598,-0.0528301656920078,0,0,5
UCI Electricity,persistence_quantile_interval,0.8,1.0,2014-07,0.7838475152145807,220.5361976686257,577.1525051871012,0.0549551839939456,0.0938321385902031,0.7838475152145807,220.5361976686257,577.1525051871012,0.0549551839939456,0.0938321385902031,0.7818225175795415,227.05648442145176,573.1357235156272,0.0511430643584649,0.022304753820034,0.784455507205247,243.12814211214103,556.106865333489,0.0327397281871787,0.0237584889643464,-0.0222154558067669,-0.0700736496258567,0,0,6
UCI Electricity,persistence_quantile_interval,0.8,1.0,2014-08,0.7914794406079526,220.5361975183939,599.3171339069535,0.0602580172169142,0.0586369972122661,0.8012822028820988,232.63460528733933,594.0641230714605,0.0587113328918739,0.041549681401832,0.8035584775959386,243.5432056520561,588.697762649019,0.0554070885756629,0.0156735364396654,0.8061313578027938,262.3104888960068,573.5963590965983,0.0297884542616592,0.0459652528872958,-0.0289228786302147,0.004415571485463794,1,0,7
UCI Electricity,persistence_quantile_interval,0.8,1.0,2014-09,0.7963852231997394,220.5361977873828,566.8310267143233,0.0534437113066145,0.0733924897119342,0.8096183610296513,237.58813501656664,562.0958198912934,0.052747230368198,0.0487011316872428,0.8103688090583252,250.81157367528857,558.4975048388219,0.050640477354187,0.0150840643274853,0.8129388644509612,282.3505291378212,548.5817929482027,0.0283123574454219,0.0225694444444444,-0.0244348729227761,-0.0261316872427984,0,0,8
UCI Electricity,persistence_quantile_interval,0.8,1.0,2014-10,0.8006909626966859,220.5361977949616,510.6286744247051,0.0512419985494907,0.0774666467542811,0.8063313940655252,226.7731020732031,509.0553484108698,0.0519424210891432,0.0627190362405416,0.8120772632674298,241.91050848187427,505.184620952811,0.0493009570207801,0.0211976513865308,0.8101379954592753,270.67253253932824,495.7906224793682,0.0358419654400403,0.0228883701188454,-0.016100455649102903,-0.03983066612169621,0,0,9
UCI Electricity,persistence_quantile_interval,0.8,1.0,2014-11,0.8079107608341479,220.53619796326183,397.1087561262312,0.0529213506028022,0.0722736625514404,0.807994257086999,220.5362053287664,397.10875604209485,0.0529926278918214,0.0712191358024691,0.8150211795373086,226.543916737653,396.06343488229646,0.050264744216357,0.0266008771929824,0.8122658031932225,249.5368071632836,392.27677103611336,0.0407400619094167,0.0318544238683127,-0.0122525659824047,-0.039364711934156395,0,0,10
UCI Electricity,persistence_quantile_interval,0.8,1.0,2014-12,0.7962290700974364,220.5361979385011,374.5090198270745,0.0567570869990224,0.0864147749900438,0.7962290700974364,220.5361979385011,374.5090198270745,0.0567570869990224,0.0864147749900438,0.7982589947340207,212.35842607781515,372.4737602461823,0.0539514552391763,0.0128136200716846,0.7969641787279664,219.3555263088331,367.1869270239196,0.0393805379497367,0.0273098367184387,-0.0173765490492857,-0.059104938271605095,0,0,11
UCI Electricity,persistence_quantile_interval,0.8,6.0,2014-01,0.7972105288052218,935.0779945536744,1062.849669810481,0.1076825749692555,0.105879131819992,0.8021917273673257,945.6494047434576,1067.7040518561605,0.1074056774824204,0.0938943647949024,0.8032894633115757,876.7769442910856,1027.8370287157682,0.1038081780342446,0.0139749575551781,0.8106986882351086,794.4221016592679,916.7236203188094,0.0504107148488001,0.0379256272401433,-0.0569949626336203,-0.055968737554759104,0,0,0
UCI Electricity,persistence_quantile_interval,0.8,6.0,2014-02,0.7924445346320347,935.0779944506688,1057.512823277532,0.1140528993855606,0.1200507054673721,0.8014440196899875,955.3553666575474,1067.666204654077,0.114095011171624,0.1056106701940036,0.8021116987850859,874.1580346626628,1019.9785261401944,0.1104541963412931,0.0141341490299824,0.8088594033654517,776.1036509054022,886.0281077641713,0.0464143887026951,0.0231790413533834,-0.0676806224689289,-0.08243162884062019,0,0,1
UCI Electricity,persistence_quantile_interval,0.8,6.0,2014-03,0.8320611815343866,935.0779944442528,1025.8002342313862,0.0934792119950808,0.0983124253285544,0.8400281430328257,951.7589353757132,1034.8049145875275,0.0947438747516791,0.1049448217317486,0.8396536909153974,864.4342122904612,986.7858946844084,0.0910833096837259,0.0463814012863945,0.8416530681424021,757.1165175834046,882.4350512068784,0.0709572966922082,0.0494997013142174,-0.023786578059470903,-0.0554451204175312,0,0,2
UCI Electricity,persistence_quantile_interval,0.8,6.0,2014-04,0.8486447132616487,935.077994669094,1031.920132980483,0.0970664304333659,0.0864326131687243,0.8361915526230043,924.939804286604,1028.5708392492438,0.0949138563049853,0.134645061728395,0.831517798957315,836.8910809836505,1015.276614646458,0.0910933936135548,0.0509623921867071,0.8341968067774519,730.5670154229147,1015.7015877535516,0.0776311502117953,0.0642746913580246,-0.017282706093190006,-0.07037037037037039,0,0,3
UCI Electricity,persistence_quantile_interval,0.8,6.0,2014-05,0.8424157679815848,935.07799478541,1137.9845738578974,0.0949809620660296,0.0847968936678614,0.8044098634629332,883.6287288016914,1149.7424284329402,0.0892295746223946,0.15661837913182,0.8000396130924227,829.6134874113601,1175.7115401937854,0.0889818449847065,0.0477751839275608,0.8003549411913096,771.7006556006073,1208.776380683851,0.0670677245924384,0.05449207696661,-0.0221618500299562,-0.10212630216521,0,0,4
UCI Electricity,persistence_quantile_interval,0.8,6.0,2014-06,0.8144835451287065,935.0779950793856,1361.6323202086803,0.0982363962202671,0.0780349794238683,0.7733097100032584,878.0036094771831,1401.5256819558065,0.1028103616813294,0.1551954732510289,0.7708312968393614,862.3446684543097,1411.3494495853931,0.102665770609319,0.0681980994152047,0.7732170495275335,883.5954389509585,1363.77020753993,0.0677551726946888,0.0720540935672514,-0.035055188986640604,-0.0831413796837775,0,0,5
UCI Electricity,persistence_quantile_interval,0.8,6.0,2014-07,0.7744950808816574,935.0779956598138,1731.655738930624,0.1118307161101125,0.1106083233771406,0.7485918629584082,899.9292481162439,1765.62964198893,0.1189179122126573,0.168839605734767,0.7462820846340618,910.7035416922472,1748.694921715174,0.1179664096742661,0.0851054046406338,0.7437831094503832,992.6580394937948,1615.0986081355848,0.0810107448049695,0.0942947085455574,-0.03790716740768779,-0.0745448971892096,0,0,6
UCI Electricity,persistence_quantile_interval,0.8,6.0,2014-08,0.7789737252861603,935.0779953738372,1920.4620804503984,0.1226155283322296,0.0781137992831542,0.7880561599344118,953.4337371963404,1902.6940634033656,0.1208088954056695,0.0660916965352449,0.7877674376438685,1002.9854285753178,1851.7049476744464,0.1174654321571595,0.0318760611205433,0.7903137120423801,1177.259798856911,1599.2842909200292,0.0574415460536688,0.0390581441656709,-0.0633673493520007,-0.027033552369574,0,0,7
UCI Electricity,persistence_quantile_interval,0.8,6.0,2014-09,0.7938202590420332,935.0779954036824,1637.0355250032494,0.1052062968393613,0.0965406378600823,0.8221967660475725,988.7057410192136,1599.497303629228,0.1064607771260996,0.0615997942386832,0.823254724666015,1058.4369259023597,1555.058784457927,0.1025741283805799,0.0424159356725145,0.8223963424568264,1315.190247077663,1434.2055477010497,0.0578618849788204,0.0448976608187133,-0.048598892147279193,-0.0167021334199699,0,0,8
UCI Electricity,persistence_quantile_interval,0.8,6.0,2014-10,0.8176910888279254,935.077995177774,1322.6645298242445,0.0951230567905906,0.0930854241338112,0.8312501970800618,961.9520896148176,1310.918725047373,0.0963816100652729,0.0756620868180008,0.8323814366348186,1020.2695645766418,1288.749940417231,0.0928404755147731,0.078073712507074,0.831988261911519,1273.633913473491,1359.895504575618,0.0842688723867183,0.0835561686474249,-0.0121127376785546,0.00789408182942411,1,0,9
UCI Electricity,persistence_quantile_interval,0.8,6.0,2014-11,0.8369745845552297,935.0779944370385,1034.7636348560177,0.1031687846203975,0.0985982510288066,0.8292746008471815,935.0778901234128,1034.7635885459997,0.1054354024112088,0.1473765432098766,0.826017228739003,936.0697914027696,1029.8379073544654,0.1000967334636689,0.0945979532163742,0.8241966031280548,1091.3842586983908,1158.6948056132533,0.0959259938090583,0.092938596491228,-0.009509408602150507,-0.054437946718648586,0,0,10
UCI Electricity,persistence_quantile_interval,0.8,6.0,2014-12,0.7997016207864283,935.077994442222,1050.4200596035232,0.109801973953899,0.1143418956591,0.7740802273515593,899.4795901398746,1035.0331464154506,0.116427608551698,0.1775139386698526,0.7719074196701668,850.4797440612716,1008.3849528248352,0.1126281020401728,0.0463973584720381,0.7753425251474159,890.9924131262995,1009.942525450772,0.0854101630246271,0.0449842269357294,-0.03101744552707089,-0.1325297117341232,0,0,11
UCI Electricity,persistence_quantile_interval,0.9,1.0,2014-01,0.8946015829470564,371.0387446591593,510.23613984785214,0.0366947308674676,0.0634433492632418,0.8994211758584808,382.9961633153213,512.9333531615393,0.0350591634345536,0.0501518319394663,0.8995808107085422,357.0703719519719,502.8965789931671,0.0327221880616781,0.004308542413381,0.9031272664207108,334.4710388251425,488.3464947557519,0.0164684041244915,0.0231257467144563,-0.0185907593100621,-0.02702608522501,0,0,0
UCI Electricity,persistence_quantile_interval,0.9,1.0,2014-02,0.8913232265046781,371.0387447871331,495.3241706243589,0.0387751361541684,0.0660879629629629,0.8972166945957268,386.48102258489,500.2850596432449,0.037141722524787,0.0511381172839506,0.897300699972071,357.0279689311972,486.2624070399612,0.0345864317134478,0.0047102631006741,0.8998906839128613,326.8202131030407,462.9016985299896,0.0155370670995671,0.0128086419753086,-0.0216046554252199,-0.038329475308642,0,0,1
UCI Electricity,persistence_quantile_interval,0.9,1.0,2014-03,0.8993058840223253,371.0387449584588,500.4401841202479,0.0314654085075521,0.0512096774193548,0.9071802178917164,393.731793826154,506.9552518522641,0.0309504383060574,0.0342468140183194,0.9068599627912844,356.34565424021986,493.8656168223748,0.0286112950525021,0.0075189031276083,0.9069920064326932,321.2081352089696,475.72412232458873,0.0202456405890328,0.0228643966547191,-0.010704797717024598,-0.011382417363600301,0,0,2
UCI Electricity,persistence_quantile_interval,0.9,1.0,2014-04,0.9041452834799608,371.0387456147151,531.424879070476,0.0338760589768654,0.0452417695473251,0.9085665118931248,381.8485976123175,530.762973880861,0.0336622271098077,0.0320473251028806,0.908086917562724,348.7102816516584,535.4179394151396,0.031706174649723,0.0125745180111618,0.9095002443792768,315.2190120020169,530.5971014387483,0.0251262626262626,0.0302211934156378,-0.0085359644835451,-0.0018261316872428025,0,0,3
UCI Electricity,persistence_quantile_interval,0.9,1.0,2014-05,0.9042929949862832,371.0387453990623,597.0994651076198,0.0341801863589064,0.0523048586220629,0.9042929949862832,371.0387453990623,597.0994651076198,0.0341801863589064,0.0523048586220629,0.904377739412859,349.11471425874896,605.3417234222941,0.0323465534638791,0.0114851843668679,0.9025833254501308,337.4016238461167,586.6050924884908,0.0226874625547882,0.0168906810035842,-0.011492723804118199,-0.0354141776184787,0,0,4
UCI Electricity,persistence_quantile_interval,0.9,1.0,2014-06,0.900636404366243,371.0387455111077,701.7413333592866,0.0347598973607038,0.0419238683127571,0.900636404366243,371.0387455111077,701.7413333592866,0.0347598973607038,0.0419238683127571,0.8960094900619094,360.723065058026,705.6893609979213,0.0336581541218638,0.0143530701754386,0.8979105571847508,369.77344206925176,680.6987139282539,0.0189638318670576,0.0190586419753086,-0.0157960654936462,-0.022865226337448502,0,0,5
UCI Electricity,persistence_quantile_interval,0.9,1.0,2014-07,0.8893493992999716,371.03874592180273,797.318316045803,0.0379505250212846,0.0642273994424532,0.8893493992999716,371.03874592180273,797.318316045803,0.0379505250212846,0.0642273994424532,0.8872278324346482,376.651215652328,791.3912889595814,0.0358971478573455,0.0177195340501792,0.8871391464068363,394.1508550683124,759.9830273956023,0.0249067811307665,0.0177136389360498,-0.013043743890518097,-0.04651376050640341,0,0,6
UCI Electricity,persistence_quantile_interval,0.9,1.0,2014-08,0.8946547945637435,371.0387457015162,837.2475797807926,0.040860609213887,0.0404694344882516,0.9005031453977864,385.6516991769107,827.6859488262365,0.0392557862706145,0.0322431302270012,0.9020098224702804,402.6965712904715,815.9791243821695,0.0377680288840538,0.0030677689399518,0.9031794926370889,454.1752938025443,778.8673245102553,0.0187330511146848,0.0244573874950219,-0.020522735155929697,-0.007785742731979298,0,0,7
UCI Electricity,persistence_quantile_interval,0.9,1.0,2014-09,0.8971814923427827,371.0387458250897,799.4537399091096,0.0359726295210166,0.0488297325102881,0.9057215298142718,394.5720419105925,787.2867777845537,0.035102028347996,0.0354552469135802,0.9058936135549038,410.5213212027566,778.7512272831146,0.0335940045617464,0.009875730994152,0.906806981101336,489.4908141679306,751.0920732804344,0.0189546676441837,0.0153163580246913,-0.0161473607038123,-0.0201388888888889,0,0,8
UCI Electricity,persistence_quantile_interval,0.9,1.0,2014-10,0.8999917226374042,371.0387453735764,704.5665614024746,0.0332083845741493,0.0471898645957785,0.9035519739538992,380.89864606291377,700.3945639656887,0.0328085091287484,0.0400338510553565,0.9064874814744742,395.9892013902654,693.7006324096193,0.0311256424810014,0.0134161007357102,0.9035884337653328,484.1237484020937,679.3234997786291,0.0252534449594803,0.0150573005093378,-0.0075550641692681,-0.0249765505460187,0,0,9
UCI Electricity,persistence_quantile_interval,0.9,1.0,2014-11,0.903854064841968,371.0387453510641,532.8583278686606,0.034829138155751,0.0437114197530864,0.9044466845878136,371.0388918207542,532.8583228313329,0.0348372841316389,0.0421939300411522,0.9072264988595634,373.68199453959306,531.578731367035,0.0326582355816226,0.0159210526315789,0.9051940778755296,444.0834838870709,551.0120791938349,0.0272411616161616,0.0157273391812865,-0.0075961225154772966,-0.026466590859865698,0,0,10
UCI Electricity,persistence_quantile_interval,0.9,1.0,2014-12,0.8946409989594173,371.0387453518593,499.7074701467705,0.0385149623182921,0.0580918956591,0.8946409989594173,371.0387453518593,499.7074701467705,0.0385149623182921,0.0580918956591,0.8955111074322832,353.58561436245355,493.9656108519225,0.0360540235865418,0.0069668458781362,0.8938851969223978,365.0229127529018,491.6735375842175,0.0270612603664112,0.0100263293563117,-0.0114537019518809,-0.0480655663027883,0,0,11
UCI Electricity,persistence_quantile_interval,0.9,6.0,2014-01,0.895770267713556,1264.2084498081765,1358.7854944169137,0.0769711947781666,0.0679111907606531,0.8997434017595308,1277.0379311520712,1365.6946761750198,0.07586399899095,0.0582536837913182,0.8999119052123735,1190.1851573098854,1316.3067059154755,0.0749686642701731,0.0055531975099037,0.9066806199350425,928.1140692354325,1019.2644505992282,0.0385189039195282,0.0154817487266553,-0.03734509507142181,-0.0427719350646629,0,0,0
UCI Electricity,persistence_quantile_interval,0.9,6.0,2014-02,0.8900151427873202,1264.2084497425087,1354.3265428946502,0.0837638336126239,0.0798804012345679,0.8987440650747103,1294.417865508436,1372.396556848559,0.0818827677698645,0.0651372354497354,0.8997859499371597,1196.7988177467437,1310.2983482967084,0.0792157607177768,0.0106046365914787,0.9059587086300795,898.8883383408895,982.731648199074,0.0358196742773355,0.0165256892230576,-0.046063093492529,-0.04861154622667781,0,0,1
UCI Electricity,persistence_quantile_interval,0.9,6.0,2014-03,0.9271000851385868,1264.208449841925,1326.8975558343914,0.0638488159429886,0.0654569892473118,0.9347211711285592,1294.6242844512967,1347.362666966516,0.0641834578879323,0.0712542444821731,0.9347733973449374,1182.998951202231,1282.1066466419757,0.0635841374199854,0.0393611602101438,0.9239753807586794,872.4163197678421,981.435989659868,0.0513194510137798,0.0264987479746648,-0.012864006874152498,-0.044755496507508305,0,0,2
UCI Electricity,persistence_quantile_interval,0.9,6.0,2014-04,0.9414416340827632,1264.208449373969,1315.749462667584,0.0681074861518409,0.0611951754385964,0.9316990469208212,1247.8960681762617,1306.735000658913,0.0687245438253502,0.0830246913580247,0.9297063375692408,1145.0595846877063,1278.6139332110106,0.0686603942652329,0.0429778665651953,0.916734889214728,846.9530832642859,1171.8437591409215,0.0569210247637666,0.0365612139917694,-0.011803519061583605,-0.04646347736625531,0,0,3
UCI Electricity,persistence_quantile_interval,0.9,6.0,2014-05,0.935484856368051,1264.2084496815369,1345.9543776096823,0.0689183063727808,0.0474014336917563,0.900807634093274,1188.009424114779,1324.792543022743,0.0732917100242802,0.1529868578255675,0.8987846072588528,1124.8634022828062,1326.8689990977114,0.0699975167912212,0.0331211092246745,0.888035860688046,898.9901836324484,1417.0546287038785,0.0578014142465235,0.0612867855121674,-0.0154902957777567,-0.0917000723134001,0,0,4
UCI Electricity,persistence_quantile_interval,0.9,6.0,2014-06,0.9139286005213424,1264.208449231469,1471.7515692636828,0.0660628462039752,0.0388374485596707,0.8718495438253503,1178.0349213782183,1495.6750518851504,0.0820788530465949,0.150758744855967,0.8712223036819811,1155.8900459639397,1505.6375624366412,0.0802236070381231,0.0565204678362573,0.8655486314760509,1024.7356996629694,1583.440255995026,0.0604309221244705,0.0761988304093567,-0.0216479309221244,-0.0745599144466103,0,0,5
UCI Electricity,persistence_quantile_interval,0.9,6.0,2014-07,0.8803871834894207,1264.208448625988,1760.813090894516,0.0822034733390092,0.0741213659896455,0.8523160848863243,1211.5251604022228,1829.3989003339584,0.0955562387664364,0.1406536240541617,0.8509276558509129,1215.088692705526,1818.5487782436176,0.0949372102923091,0.0754845783814375,0.844025912086526,1138.2381329867635,1936.4168526924789,0.0720002443792766,0.0918718166383701,-0.0235559943871598,-0.048781807415791606,0,0,6
UCI Electricity,persistence_quantile_interval,0.9,6.0,2014-08,0.8804945921231041,1264.2084487858283,1993.422318507716,0.0890667864913442,0.0549165251839275,0.8877392551950304,1282.919161620553,1964.8489341831428,0.0858701478888783,0.0445564516129032,0.8878969192444739,1322.538148281884,1903.7682056285792,0.0840290259515025,0.0218555461233729,0.892524359095639,1374.1172884216635,1720.923272519555,0.0414116450666918,0.0199844368986983,-0.044458502822186496,-0.024572014714204896,0,0,7
UCI Electricity,persistence_quantile_interval,0.9,6.0,2014-09,0.8976610866731835,1264.2084489798062,1636.183444966896,0.0766342864125122,0.0592849794238683,0.919488229064842,1328.479601764842,1597.9062874971144,0.0718587080482241,0.0359182098765432,0.9189648501140436,1376.9631563531975,1580.002076091581,0.0704738921472792,0.0313961988304093,0.9109054252199412,1477.8660102082283,1568.2547917301067,0.0443528022157054,0.0255994152046783,-0.027505905832518697,-0.0103187946718649,0,0,8
UCI Electricity,persistence_quantile_interval,0.9,6.0,2014-10,0.9181585627345252,1264.2084495103168,1405.608441264081,0.0676611326585311,0.0553414974113899,0.9272528221864852,1294.9392147859464,1412.161350578586,0.068158759814587,0.0425104540023895,0.926698041812506,1337.462019094113,1429.101789415281,0.0671132500867152,0.0565365025466892,0.9144032021568442,1442.862068594507,1524.0584986328051,0.0600524627124523,0.0503926146010186,-0.008106297102134695,0.007882160598629097,1,0,9
UCI Electricity,persistence_quantile_interval,0.9,6.0,2014-11,0.9270986070381232,1264.2084495920042,1327.4317858131476,0.0699627321603127,0.0646271929824561,0.915806247963506,1241.5156195642835,1315.324974126166,0.072149926686217,0.1038966049382715,0.9177551726946888,1238.574598375641,1312.4277272336687,0.0691257331378299,0.0569846491228069,0.9062051971326164,1243.380962943067,1300.826349190085,0.0699841153470185,0.0519298245614034,-0.002165811339198506,-0.0519667803768681,0,0,10
UCI Electricity,persistence_quantile_interval,0.9,6.0,2014-12,0.8936772774571942,1264.2084493584107,1356.1891951067323,0.0797184908397187,0.0749303066507367,0.8678548623592849,1208.8704237579502,1331.6304338620048,0.0915072288966669,0.1399193548387096,0.8677188771166399,1149.0967183493165,1306.970973350103,0.0892376549049285,0.0464393995188294,0.865803258915902,1070.0153424277842,1190.8041064391762,0.0769363116072273,0.0498533166396621,-0.0145709172894396,-0.09006603819904749,0,0,11
