dataset,configuration,coverage,horizon_hours,window,window_order,fold,fit_days,validation_start,validation_stop_exclusive,policy,n,picp,mpiw,macro_user_abs_coverage_gap,max_abs_cluster_coverage_gap,normalized_interval_score
London,lightgbm_quantile__c80__h1,0.8,1.0,2013-03,0,1,35,2013-02-08 00:00:00,2013-02-15 00:00:00,rolling_global_norm,167996,0.7994416533726993,0.3952594611899647,0.0369038296041308,0.0053861788617886,2.6660706195064288
London,lightgbm_quantile__c80__h1,0.8,1.0,2013-03,0,1,35,2013-02-08 00:00:00,2013-02-15 00:00:00,rolling_group_norm,167996,0.7992809352603634,0.3949804478865817,0.0367240676993689,0.0048853077816493,2.666054370228176
London,lightgbm_quantile__c80__h1,0.8,1.0,2013-03,0,1,35,2013-02-08 00:00:00,2013-02-15 00:00:00,rolling_user_norm,167996,0.7981023357698993,0.3936576053759392,0.0290238382099827,0.0044497677119629,2.662337342855564
London,lightgbm_quantile__c80__h1,0.8,1.0,2013-03,0,2,42,2013-02-15 00:00:00,2013-02-22 00:00:00,rolling_global_norm,167988,0.8014977260280496,0.3800268258783519,0.0361097883597883,0.0100319396051102,2.5867302720160787
London,lightgbm_quantile__c80__h1,0.8,1.0,2013-03,0,2,42,2013-02-15 00:00:00,2013-02-22 00:00:00,rolling_group_norm,167988,0.8014084339357573,0.3797729994820098,0.036160758377425,0.004037963157526,2.586700892911064
London,lightgbm_quantile__c80__h1,0.8,1.0,2013-03,0,2,42,2013-02-15 00:00:00,2013-02-22 00:00:00,rolling_user_norm,167988,0.7989023025454199,0.378403443227917,0.0330007054673721,0.0036530337941628,2.5851276147225923
London,lightgbm_quantile__c80__h1,0.8,1.0,2013-03,0,3,49,2013-02-22 00:00:00,2013-03-01 00:00:00,rolling_global_norm,167845,0.7953588131907414,0.4028039389551504,0.0400407199190637,0.0100391986062717,2.7654300829058527
London,lightgbm_quantile__c80__h1,0.8,1.0,2013-03,0,3,49,2013-02-22 00:00:00,2013-03-01 00:00:00,rolling_group_norm,167845,0.7949000565998391,0.402572485821865,0.0404657199190637,0.0204921602787456,2.76546137804407
London,lightgbm_quantile__c80__h1,0.8,1.0,2013-03,0,3,49,2013-02-22 00:00:00,2013-03-01 00:00:00,rolling_user_norm,167845,0.7933927135154458,0.4012111658106702,0.034692805982847,0.0231779907084785,2.762409205802651
London,lightgbm_quantile__c80__h1,0.8,1.0,2013-04,1,1,35,2013-03-11 00:00:00,2013-03-18 00:00:00,rolling_global_norm,167950,0.7922536469187258,0.3852317288660872,0.0438290590352353,0.0181692799070848,2.7520453308414123
London,lightgbm_quantile__c80__h1,0.8,1.0,2013-04,1,1,35,2013-03-11 00:00:00,2013-03-18 00:00:00,rolling_group_norm,167950,0.7922655552247693,0.3850993153795152,0.0437640983469102,0.0237587108013938,2.752082321404844
London,lightgbm_quantile__c80__h1,0.8,1.0,2013-04,1,1,35,2013-03-11 00:00:00,2013-03-18 00:00:00,rolling_user_norm,167950,0.7951830902054183,0.3839990420882007,0.0327926273678915,0.0209639953542393,2.747337314730089
London,lightgbm_quantile__c80__h1,0.8,1.0,2013-04,1,2,42,2013-03-18 00:00:00,2013-03-25 00:00:00,rolling_global_norm,167968,0.7952348066298343,0.3856371938472431,0.0441602564344307,0.0068815331010453,2.717603591847126
London,lightgbm_quantile__c80__h1,0.8,1.0,2013-04,1,2,42,2013-03-18 00:00:00,2013-03-25 00:00:00,rolling_group_norm,167968,0.7950085730615355,0.3855608552098577,0.0440964009159819,0.0110554587688734,2.717614748519538
London,lightgbm_quantile__c80__h1,0.8,1.0,2013-04,1,2,42,2013-03-18 00:00:00,2013-03-25 00:00:00,rolling_user_norm,167968,0.7974971423128215,0.3850462011114797,0.0322961808945559,0.0057200929152149,2.71206638492269
London,lightgbm_quantile__c80__h1,0.8,1.0,2013-04,1,3,49,2013-03-25 00:00:00,2013-04-01 00:00:00,rolling_global_norm,167986,0.7918993249437453,0.393814470562389,0.0468961697722567,0.0118176538908246,2.7782665397382056
London,lightgbm_quantile__c80__h1,0.8,1.0,2013-04,1,3,49,2013-03-25 00:00:00,2013-04-01 00:00:00,rolling_group_norm,167986,0.7918993249437453,0.3937581116428568,0.0467792443064182,0.0142131242740999,2.778271942778882
London,lightgbm_quantile__c80__h1,0.8,1.0,2013-04,1,3,49,2013-03-25 00:00:00,2013-04-01 00:00:00,rolling_user_norm,167986,0.7939590203945567,0.3931303240013306,0.0356575569358178,0.0152293844367015,2.770104750446808
London,lightgbm_quantile__c80__h1,0.8,1.0,2013-05,2,1,35,2013-04-10 00:00:00,2013-04-17 00:00:00,rolling_global_norm,168000,0.8030357142857143,0.3328382395520347,0.0401357142857142,0.0118466898954703,2.337681260632246
London,lightgbm_quantile__c80__h1,0.8,1.0,2013-05,2,1,35,2013-04-10 00:00:00,2013-04-17 00:00:00,rolling_group_norm,168000,0.8031547619047619,0.3328707947220448,0.0402190476190476,0.0132259001161439,2.337685604272261
London,lightgbm_quantile__c80__h1,0.8,1.0,2013-05,2,1,35,2013-04-10 00:00:00,2013-04-17 00:00:00,rolling_user_norm,168000,0.8006904761904762,0.3322948353784747,0.0382095238095238,0.0101408246225318,2.336052362761493
London,lightgbm_quantile__c80__h1,0.8,1.0,2013-05,2,2,42,2013-04-17 00:00:00,2013-04-24 00:00:00,rolling_global_norm,167837,0.8021294470230045,0.3071634151621206,0.0399771954994028,0.0110101744186046,2.2460825523122296
London,lightgbm_quantile__c80__h1,0.8,1.0,2013-05,2,2,42,2013-04-17 00:00:00,2013-04-24 00:00:00,rolling_group_norm,167837,0.8020579490815494,0.3071393029655201,0.039965290737498,0.0097383720930231,2.246075981160267
London,lightgbm_quantile__c80__h1,0.8,1.0,2013-05,2,2,42,2013-04-17 00:00:00,2013-04-24 00:00:00,rolling_user_norm,167837,0.7970828839886318,0.306660996208309,0.0413283570737342,0.0059678194044188,2.2501618584542
London,lightgbm_quantile__c80__h1,0.8,1.0,2013-05,2,3,49,2013-04-24 00:00:00,2013-05-01 00:00:00,rolling_global_norm,167726,0.8002217903008478,0.2919572538373321,0.0432653562012016,0.0092074211233343,2.203960944015856
London,lightgbm_quantile__c80__h1,0.8,1.0,2013-05,2,3,49,2013-04-24 00:00:00,2013-05-01 00:00:00,rolling_group_norm,167726,0.8000727376793103,0.2918960972018645,0.0432455378457248,0.0071016229168935,2.203945444869013
London,lightgbm_quantile__c80__h1,0.8,1.0,2013-05,2,3,49,2013-04-24 00:00:00,2013-05-01 00:00:00,rolling_user_norm,167726,0.7915827003565339,0.2920672878670603,0.04423998370519,0.0117070593039175,2.205830898854041
London,lightgbm_quantile__c80__h1,0.8,1.0,2013-06,3,1,35,2013-05-11 00:00:00,2013-05-18 00:00:00,rolling_global_norm,167987,0.7902992493466756,0.2798223242176009,0.0456743844906383,0.0134816628264209,2.1912041893102785
London,lightgbm_quantile__c80__h1,0.8,1.0,2013-06,3,1,35,2013-05-11 00:00:00,2013-05-18 00:00:00,rolling_group_norm,167987,0.7902397209307863,0.2795918491756597,0.0454339083001621,0.0118539488966318,2.19110584658899
London,lightgbm_quantile__c80__h1,0.8,1.0,2013-06,3,1,35,2013-05-11 00:00:00,2013-05-18 00:00:00,rolling_user_norm,167987,0.7854000607189842,0.2804379379535032,0.0367158595016954,0.0195121951219512,2.1868671938338946
London,lightgbm_quantile__c80__h1,0.8,1.0,2013-06,3,2,42,2013-05-18 00:00:00,2013-05-25 00:00:00,rolling_global_norm,167923,0.794054417798634,0.2835258552017868,0.0471611813328699,0.0093707233919954,2.1655065006289864
London,lightgbm_quantile__c80__h1,0.8,1.0,2013-06,3,2,42,2013-05-18 00:00:00,2013-05-25 00:00:00,rolling_group_norm,167923,0.7941616097854374,0.283279292368065,0.0470916344818714,0.0079703832752613,2.165432270831764
London,lightgbm_quantile__c80__h1,0.8,1.0,2013-06,3,2,42,2013-05-18 00:00:00,2013-05-25 00:00:00,rolling_user_norm,167923,0.7907433764284821,0.2840865579923709,0.0350231801812757,0.0111113778780822,2.1606922235444586
London,lightgbm_quantile__c80__h1,0.8,1.0,2013-06,3,3,49,2013-05-25 00:00:00,2013-06-01 00:00:00,rolling_global_norm,167871,0.7946339748973914,0.2772928947900313,0.0487882111287808,0.0129557377639587,2.137037124817379
London,lightgbm_quantile__c80__h1,0.8,1.0,2013-06,3,3,49,2013-05-25 00:00:00,2013-06-01 00:00:00,rolling_group_norm,167871,0.7943659119204627,0.2770340160173249,0.0480074460554389,0.0088380412730044,2.1368731993179044
London,lightgbm_quantile__c80__h1,0.8,1.0,2013-06,3,3,49,2013-05-25 00:00:00,2013-06-01 00:00:00,rolling_user_norm,167871,0.7951045743457774,0.2778507768418363,0.035529038213548,0.0080577197805495,2.1331091029954554
London,lightgbm_quantile__c80__h1,0.8,1.0,2013-07,4,1,35,2013-06-10 00:00:00,2013-06-17 00:00:00,rolling_global_norm,167869,0.798384454544913,0.2627125692744766,0.0470110809352358,0.0082897793263646,2.086364759847483
London,lightgbm_quantile__c80__h1,0.8,1.0,2013-07,4,1,35,2013-06-10 00:00:00,2013-06-17 00:00:00,rolling_group_norm,167869,0.798170001608397,0.2624666093083353,0.0473842147244715,0.0078252032520326,2.086305259996776
London,lightgbm_quantile__c80__h1,0.8,1.0,2013-07,4,1,35,2013-06-10 00:00:00,2013-06-17 00:00:00,rolling_user_norm,167869,0.7975445138768921,0.2628959385643675,0.0325827178295758,0.0168626596980255,2.081198432412161
London,lightgbm_quantile__c80__h1,0.8,1.0,2013-07,4,2,42,2013-06-17 00:00:00,2013-06-24 00:00:00,rolling_global_norm,167695,0.8039655326634664,0.2519186647687531,0.050042018907372,0.0200493612078977,1.98093720144796
London,lightgbm_quantile__c80__h1,0.8,1.0,2013-07,4,2,42,2013-06-17 00:00:00,2013-06-24 00:00:00,rolling_group_norm,167695,0.8036971883478935,0.2516918904746905,0.0490421546093212,0.0054224738675957,1.980855803283387
London,lightgbm_quantile__c80__h1,0.8,1.0,2013-07,4,2,42,2013-06-17 00:00:00,2013-06-24 00:00:00,rolling_user_norm,167695,0.8039059005933391,0.2521692214263581,0.034182686476554,0.0047229135855907,1.9757298728375263
London,lightgbm_quantile__c80__h1,0.8,1.0,2013-07,4,3,49,2013-06-24 00:00:00,2013-07-01 00:00:00,rolling_global_norm,167901,0.8025979595118552,0.2517294374367715,0.0476841478696741,0.0212833914053426,1.9879510207536075
London,lightgbm_quantile__c80__h1,0.8,1.0,2013-07,4,3,49,2013-06-24 00:00:00,2013-07-01 00:00:00,rolling_group_norm,167901,0.8024609740263607,0.251504578853978,0.0473692355889724,0.0047328687572589,1.9878778904809595
London,lightgbm_quantile__c80__h1,0.8,1.0,2013-07,4,3,49,2013-06-24 00:00:00,2013-07-01 00:00:00,rolling_user_norm,167901,0.8025622241678132,0.2519906330068741,0.0314168024227234,0.0038594089604572,1.982020077179237
London,lightgbm_quantile__c80__h1,0.8,1.0,2013-08,5,1,35,2013-07-11 00:00:00,2013-07-18 00:00:00,rolling_global_norm,167833,0.8132012178772947,0.2348097223094608,0.0540708934220415,0.0236788617886178,1.82990208412274
London,lightgbm_quantile__c80__h1,0.8,1.0,2013-08,5,1,35,2013-07-11 00:00:00,2013-07-18 00:00:00,rolling_group_norm,167833,0.8133442171682566,0.2346486646604923,0.0537114923916597,0.01737482895337,1.8299184713186207
London,lightgbm_quantile__c80__h1,0.8,1.0,2013-08,5,1,35,2013-07-11 00:00:00,2013-07-18 00:00:00,rolling_user_norm,167833,0.8121108482837106,0.2347720726437834,0.0402256423263646,0.0162520613311812,1.8231033089050448
London,lightgbm_quantile__c80__h1,0.8,1.0,2013-08,5,2,42,2013-07-18 00:00:00,2013-07-25 00:00:00,rolling_global_norm,167845,0.8183860109029164,0.2315560816221924,0.0559245151429535,0.0294860627177699,1.813727183568588
London,lightgbm_quantile__c80__h1,0.8,1.0,2013-08,5,2,42,2013-07-18 00:00:00,2013-07-25 00:00:00,rolling_group_norm,167845,0.8184515475587596,0.2314352734698973,0.0558579541543241,0.022284982546003,1.8137745783986357
London,lightgbm_quantile__c80__h1,0.8,1.0,2013-08,5,2,42,2013-07-18 00:00:00,2013-07-25 00:00:00,rolling_user_norm,167845,0.8168429205516995,0.2312992417469555,0.0431872030470952,0.0210921465784903,1.8058163038586583
London,lightgbm_quantile__c80__h1,0.8,1.0,2013-08,5,3,49,2013-07-25 00:00:00,2013-08-01 00:00:00,rolling_global_norm,167917,0.8085959134572438,0.2303901971216072,0.0527185090893382,0.0164137786032168,1.8621046319746557
London,lightgbm_quantile__c80__h1,0.8,1.0,2013-08,5,3,49,2013-07-25 00:00:00,2013-08-01 00:00:00,rolling_group_norm,167917,0.8083815218232817,0.2302907211536827,0.0522278735522368,0.0156078074079265,1.862080193014369
London,lightgbm_quantile__c80__h1,0.8,1.0,2013-08,5,3,49,2013-07-25 00:00:00,2013-08-01 00:00:00,rolling_user_norm,167917,0.8074465360862807,0.2299111520385831,0.0375403505516043,0.0161334407961593,1.854681449949198
London,lightgbm_quantile__c80__h1,0.8,1.0,2013-09,6,1,35,2013-08-11 00:00:00,2013-08-18 00:00:00,rolling_global_norm,167974,0.7905271053853573,0.2303872569537396,0.0538587173579109,0.0124255952380952,1.837555432999952
London,lightgbm_quantile__c80__h1,0.8,1.0,2013-09,6,1,35,2013-08-11 00:00:00,2013-08-18 00:00:00,rolling_group_norm,167974,0.7907592841749318,0.2304475507028407,0.053735599078341,0.0110029074859004,1.8375048222688937
London,lightgbm_quantile__c80__h1,0.8,1.0,2013-09,6,1,35,2013-08-11 00:00:00,2013-08-18 00:00:00,rolling_user_norm,167974,0.7884434495814828,0.2287234496411374,0.0401623655913978,0.0120888359547413,1.831237174672567
London,lightgbm_quantile__c80__h1,0.8,1.0,2013-09,6,2,42,2013-08-18 00:00:00,2013-08-25 00:00:00,rolling_global_norm,167955,0.7974159745169838,0.2327877553883231,0.0516314069480426,0.0040610599078341,1.8541533992297732
London,lightgbm_quantile__c80__h1,0.8,1.0,2013-09,6,2,42,2013-08-18 00:00:00,2013-08-25 00:00:00,rolling_group_norm,167955,0.7975826858384686,0.2328384119643036,0.0515208708172687,0.0045223577235772,1.854141434730128
London,lightgbm_quantile__c80__h1,0.8,1.0,2013-09,6,2,42,2013-08-18 00:00:00,2013-08-25 00:00:00,rolling_user_norm,167955,0.7954094846833973,0.23125874929478,0.0355620815568837,0.0090592334494773,1.8484039312822365
London,lightgbm_quantile__c80__h1,0.8,1.0,2013-09,6,3,49,2013-08-25 00:00:00,2013-09-01 00:00:00,rolling_global_norm,167966,0.7884690949358799,0.2336030134933184,0.0543435719552013,0.0162298387096774,1.8883790454117757
London,lightgbm_quantile__c80__h1,0.8,1.0,2013-09,6,3,49,2013-08-25 00:00:00,2013-09-01 00:00:00,rolling_group_norm,167966,0.789243061095698,0.2336430423409738,0.0534792862409156,0.0125759512511163,1.888287489915166
London,lightgbm_quantile__c80__h1,0.8,1.0,2013-09,6,3,49,2013-08-25 00:00:00,2013-09-01 00:00:00,rolling_user_norm,167966,0.7887489134705833,0.2322208860995873,0.0366066671932965,0.0133616551459293,1.8822219752291096
London,lightgbm_quantile__c80__h1,0.8,1.0,2013-10,7,1,35,2013-09-10 00:00:00,2013-09-17 00:00:00,rolling_global_norm,167976,0.7831773586702863,0.2653658161057065,0.0512465260571702,0.0215019686929799,2.159461542027368
London,lightgbm_quantile__c80__h1,0.8,1.0,2013-10,7,1,35,2013-09-10 00:00:00,2013-09-17 00:00:00,rolling_group_norm,167976,0.7835285993237129,0.2653397119476723,0.0505569229493769,0.0231054006968641,2.159249415215305
London,lightgbm_quantile__c80__h1,0.8,1.0,2013-10,7,1,35,2013-09-10 00:00:00,2013-09-17 00:00:00,rolling_user_norm,167976,0.7785993237129114,0.2644135976667098,0.0441188610564991,0.027061556329849,2.15653556709362
London,lightgbm_quantile__c80__h1,0.8,1.0,2013-10,7,2,42,2013-09-17 00:00:00,2013-09-24 00:00:00,rolling_global_norm,167811,0.7906513875729243,0.2789782065630652,0.0477230183539903,0.0117392870003601,2.1968670290853907
London,lightgbm_quantile__c80__h1,0.8,1.0,2013-10,7,2,42,2013-09-17 00:00:00,2013-09-24 00:00:00,rolling_group_norm,167811,0.7908361192055348,0.2789480988593077,0.0474670659730379,0.014390756302521,2.196773588240201
London,lightgbm_quantile__c80__h1,0.8,1.0,2013-10,7,2,42,2013-09-17 00:00:00,2013-09-24 00:00:00,rolling_user_norm,167811,0.7860748103521223,0.2784706372644572,0.0398019349851909,0.0163690476190476,2.193930068135882
London,lightgbm_quantile__c80__h1,0.8,1.0,2013-10,7,3,49,2013-09-24 00:00:00,2013-10-01 00:00:00,rolling_global_norm,167877,0.7971014492753623,0.2676765079413201,0.0498555483373851,0.0087351242299424,2.0815639393965077
London,lightgbm_quantile__c80__h1,0.8,1.0,2013-10,7,3,49,2013-09-24 00:00:00,2013-10-01 00:00:00,rolling_group_norm,167877,0.7970895357910851,0.2676153959544387,0.0494743328689273,0.0056833066511424,2.0814624341347825
London,lightgbm_quantile__c80__h1,0.8,1.0,2013-10,7,3,49,2013-09-24 00:00:00,2013-10-01 00:00:00,rolling_user_norm,167877,0.7960054087218619,0.2674824504640746,0.0334987500349803,0.0054796918767507,2.0765021392219314
London,lightgbm_quantile__c80__h1,0.8,1.0,2013-11,8,1,35,2013-10-11 00:00:00,2013-10-18 00:00:00,rolling_global_norm,167967,0.7915007114492728,0.3039706448294492,0.0470921842507945,0.0108163265306122,2.362395839840689
London,lightgbm_quantile__c80__h1,0.8,1.0,2013-11,8,1,35,2013-10-11 00:00:00,2013-10-18 00:00:00,rolling_group_norm,167967,0.7915840611548697,0.303819904126579,0.046996676410196,0.0195847851335656,2.362350325326217
London,lightgbm_quantile__c80__h1,0.8,1.0,2013-11,8,1,35,2013-10-11 00:00:00,2013-10-18 00:00:00,rolling_user_norm,167967,0.78967297147654,0.3048534999000643,0.0349898598631982,0.0214358304297329,2.3563627735633594
London,lightgbm_quantile__c80__h1,0.8,1.0,2013-11,8,2,42,2013-10-18 00:00:00,2013-10-25 00:00:00,rolling_global_norm,167953,0.8024506856084738,0.2967763591444709,0.0500404391168231,0.015948025551684,2.243200382126011
London,lightgbm_quantile__c80__h1,0.8,1.0,2013-11,8,2,42,2013-10-18 00:00:00,2013-10-25 00:00:00,rolling_group_norm,167953,0.8025995367751693,0.2966359650509924,0.04980212143681,0.007273519163763,2.24320063483587
London,lightgbm_quantile__c80__h1,0.8,1.0,2013-11,8,2,42,2013-10-18 00:00:00,2013-10-25 00:00:00,rolling_user_norm,167953,0.8023554208617887,0.2976390530919409,0.0346669962102487,0.0107578397212543,2.2373499404634987
London,lightgbm_quantile__c80__h1,0.8,1.0,2013-11,8,3,49,2013-10-25 00:00:00,2013-11-01 00:00:00,rolling_global_norm,167564,0.8032095199446182,0.3019149398267933,0.0462962997972702,0.0112296747967479,2.3240265977359136
London,lightgbm_quantile__c80__h1,0.8,1.0,2013-11,8,3,49,2013-10-25 00:00:00,2013-11-01 00:00:00,rolling_group_norm,167564,0.8026664438662242,0.3017399121657651,0.0465123949303691,0.0066481260760163,2.324069538970487
London,lightgbm_quantile__c80__h1,0.8,1.0,2013-11,8,3,49,2013-10-25 00:00:00,2013-11-01 00:00:00,rolling_user_norm,167564,0.8036213029051587,0.3026397386246982,0.0319977968005612,0.006166552292893,2.318483507032123
London,lightgbm_quantile__c80__h1,0.8,1.0,2013-12,9,1,35,2013-11-10 00:00:00,2013-11-17 00:00:00,rolling_global_norm,167866,0.7927037041449728,0.346027971075924,0.0490150517598343,0.0159924468007843,2.5717182430514325
London,lightgbm_quantile__c80__h1,0.8,1.0,2013-12,9,1,35,2013-11-10 00:00:00,2013-11-17 00:00:00,rolling_group_norm,167866,0.7930075179011831,0.3459145076178592,0.04888983436853,0.0226741230299949,2.571726378193204
London,lightgbm_quantile__c80__h1,0.8,1.0,2013-12,9,1,35,2013-11-10 00:00:00,2013-11-17 00:00:00,rolling_user_norm,167866,0.789492809741103,0.3460463074389625,0.0373020841959972,0.0224562422833902,2.5671640475798223
London,lightgbm_quantile__c80__h1,0.8,1.0,2013-12,9,2,42,2013-11-17 00:00:00,2013-11-24 00:00:00,rolling_global_norm,167728,0.7959374701898312,0.3649804281691386,0.0477669061575466,0.0170677701549966,2.680787729518669
London,lightgbm_quantile__c80__h1,0.8,1.0,2013-12,9,2,42,2013-11-17 00:00:00,2013-11-24 00:00:00,rolling_group_norm,167728,0.7960149766288276,0.3649110515540862,0.047603353065689,0.0214599440996043,2.6807981216628383
London,lightgbm_quantile__c80__h1,0.8,1.0,2013-12,9,2,42,2013-11-17 00:00:00,2013-11-24 00:00:00,rolling_user_norm,167728,0.791275159782505,0.3653310132318771,0.0373496792908833,0.0238919743003376,2.6745104880933046
London,lightgbm_quantile__c80__h1,0.8,1.0,2013-12,9,3,49,2013-11-24 00:00:00,2013-12-01 00:00:00,rolling_global_norm,167792,0.8004851244397826,0.375407269804082,0.0498540609313998,0.0068289266328138,2.7166491582988748
London,lightgbm_quantile__c80__h1,0.8,1.0,2013-12,9,3,49,2013-11-24 00:00:00,2013-12-01 00:00:00,rolling_group_norm,167792,0.8006162391532373,0.3754140711467174,0.0494006879155268,0.0075348432055749,2.7166294074359567
London,lightgbm_quantile__c80__h1,0.8,1.0,2013-12,9,3,49,2013-11-24 00:00:00,2013-12-01 00:00:00,rolling_user_norm,167792,0.7966768379898922,0.3760380599186517,0.0369234715140006,0.0092770034843205,2.709471219330673
London,lightgbm_quantile__c80__h1,0.8,1.0,2014-01,10,1,35,2013-12-11 00:00:00,2013-12-18 00:00:00,rolling_global_norm,167789,0.8021622394793461,0.3734465396731118,0.0508550207552839,0.0093388039649976,2.6507165301107496
London,lightgbm_quantile__c80__h1,0.8,1.0,2014-01,10,1,35,2013-12-11 00:00:00,2013-12-18 00:00:00,rolling_group_norm,167789,0.8023052762696005,0.3737201484816344,0.0509154753828437,0.0133328492066373,2.650741787886544
London,lightgbm_quantile__c80__h1,0.8,1.0,2014-01,10,1,35,2013-12-11 00:00:00,2013-12-18 00:00:00,rolling_user_norm,167789,0.8018523264337948,0.3750599846316929,0.0326728389841547,0.0151483243164736,2.643140111009861
London,lightgbm_quantile__c80__h1,0.8,1.0,2014-01,10,2,42,2013-12-18 00:00:00,2013-12-25 00:00:00,rolling_global_norm,167933,0.803570471557109,0.3641384500359444,0.0511172316374715,0.0174326580991794,2.615066288842085
London,lightgbm_quantile__c80__h1,0.8,1.0,2014-01,10,2,42,2013-12-18 00:00:00,2013-12-25 00:00:00,rolling_group_norm,167933,0.8035049692436864,0.3643207376883833,0.0509829473974597,0.0201190735496986,2.615042139985918
London,lightgbm_quantile__c80__h1,0.8,1.0,2014-01,10,2,42,2013-12-18 00:00:00,2013-12-25 00:00:00,rolling_user_norm,167933,0.8021294206618116,0.3660116843483371,0.0364015057139283,0.0140201844187903,2.6086893740134407
London,lightgbm_quantile__c80__h1,0.8,1.0,2014-01,10,3,49,2013-12-25 00:00:00,2014-01-01 00:00:00,rolling_global_norm,167992,0.8010083813514929,0.3611548709985442,0.0548371370499419,0.0065826330532212,2.697468308623781
London,lightgbm_quantile__c80__h1,0.8,1.0,2014-01,10,3,49,2013-12-25 00:00:00,2014-01-01 00:00:00,rolling_group_norm,167992,0.801079813324444,0.3612431088999396,0.0544872822299651,0.0068379790940765,2.6974129455600533
London,lightgbm_quantile__c80__h1,0.8,1.0,2014-01,10,3,49,2013-12-25 00:00:00,2014-01-01 00:00:00,rolling_user_norm,167992,0.7983296823658269,0.3630605717634457,0.041144831591173,0.0021003360537686,2.686644194543215
London,lightgbm_quantile__c90__h1,0.9,1.0,2013-03,0,1,35,2013-02-08 00:00:00,2013-02-15 00:00:00,rolling_global_norm,167996,0.9009500226195862,0.559162831215842,0.0276666810097532,0.004471544715447,3.4271449408955745
London,lightgbm_quantile__c90__h1,0.9,1.0,2013-03,0,1,35,2013-02-08 00:00:00,2013-02-15 00:00:00,rolling_group_norm,167996,0.9008071620752875,0.5589947436078877,0.0277404905335628,0.0034771342530989,3.427109852596232
London,lightgbm_quantile__c90__h1,0.9,1.0,2013-03,0,1,35,2013-02-08 00:00:00,2013-02-15 00:00:00,rolling_user_norm,167996,0.9002059572846972,0.5543299510927879,0.0213802065404475,0.0042474963232719,3.419408266494178
London,lightgbm_quantile__c90__h1,0.9,1.0,2013-03,0,2,42,2013-02-15 00:00:00,2013-02-22 00:00:00,rolling_global_norm,167988,0.8995940186203777,0.5397618986316287,0.0285108465608465,0.0039997096399535,3.3591044104024377
London,lightgbm_quantile__c90__h1,0.9,1.0,2013-03,0,2,42,2013-02-15 00:00:00,2013-02-22 00:00:00,rolling_group_norm,167988,0.8995225849465438,0.5396276841840004,0.0284537037037037,0.0016260162601626,3.3590636902406388
London,lightgbm_quantile__c90__h1,0.9,1.0,2013-03,0,2,42,2013-02-15 00:00:00,2013-02-22 00:00:00,rolling_user_norm,167988,0.8981772507560064,0.5351537341027849,0.0241922398589065,0.0027745775729647,3.354445332782909
London,lightgbm_quantile__c90__h1,0.9,1.0,2013-03,0,3,49,2013-02-22 00:00:00,2013-03-01 00:00:00,rolling_global_norm,167845,0.8933599451875242,0.5672830000265161,0.0305064260421696,0.008678955453149,3.567239359386246
London,lightgbm_quantile__c90__h1,0.9,1.0,2013-03,0,3,49,2013-02-22 00:00:00,2013-03-01 00:00:00,rolling_group_norm,167845,0.893127587953171,0.5671533608316649,0.0306219022326458,0.0137848432055749,3.567145813680278
London,lightgbm_quantile__c90__h1,0.9,1.0,2013-03,0,3,49,2013-02-22 00:00:00,2013-03-01 00:00:00,rolling_user_norm,167845,0.8928416098185826,0.5627502008205647,0.0256488900002299,0.0121515679442508,3.560148571851569
London,lightgbm_quantile__c90__h1,0.9,1.0,2013-04,1,1,35,2013-03-11 00:00:00,2013-03-18 00:00:00,rolling_global_norm,167950,0.8901637392080977,0.5479925055345085,0.0333623530246447,0.0189750290360046,3.5851210338713204
London,lightgbm_quantile__c90__h1,0.9,1.0,2013-04,1,1,35,2013-03-11 00:00:00,2013-03-18 00:00:00,rolling_group_norm,167950,0.8900208395355761,0.5478809228789029,0.0337031852453835,0.0239474448315911,3.585138721785384
London,lightgbm_quantile__c90__h1,0.9,1.0,2013-04,1,1,35,2013-03-11 00:00:00,2013-03-18 00:00:00,rolling_user_norm,167950,0.8909913664781185,0.544610505643722,0.0268540564553059,0.0215882694541231,3.576355728171812
London,lightgbm_quantile__c90__h1,0.9,1.0,2013-04,1,2,42,2013-03-18 00:00:00,2013-03-25 00:00:00,rolling_global_norm,167968,0.8933546866069727,0.5473129236198139,0.0314867606532831,0.007650987224158,3.5416346213565286
London,lightgbm_quantile__c90__h1,0.9,1.0,2013-04,1,2,42,2013-03-18 00:00:00,2013-03-25 00:00:00,rolling_group_norm,167968,0.8932713373975996,0.5472321007635758,0.0313652421667344,0.0109538327526133,3.541588379199556
London,lightgbm_quantile__c90__h1,0.9,1.0,2013-04,1,2,42,2013-03-18 00:00:00,2013-03-25 00:00:00,rolling_user_norm,167968,0.8941762716707944,0.5459582901222013,0.0248910613895046,0.0072303921568627,3.532366735872136
London,lightgbm_quantile__c90__h1,0.9,1.0,2013-04,1,3,49,2013-03-25 00:00:00,2013-04-01 00:00:00,rolling_global_norm,167986,0.8900146440774827,0.5598058649831864,0.0359107660455486,0.0132404181184668,3.6388714222662815
London,lightgbm_quantile__c90__h1,0.9,1.0,2013-04,1,3,49,2013-03-25 00:00:00,2013-04-01 00:00:00,rolling_group_norm,167986,0.8899432095531771,0.5597133968177882,0.0360300724637681,0.0158173635307782,3.638802648146176
London,lightgbm_quantile__c90__h1,0.9,1.0,2013-04,1,3,49,2013-03-25 00:00:00,2013-04-01 00:00:00,rolling_user_norm,167986,0.8899372566761515,0.5587441933199926,0.029016718426501,0.0194468641114983,3.628413082811407
London,lightgbm_quantile__c90__h1,0.9,1.0,2013-05,2,1,35,2013-04-10 00:00:00,2013-04-17 00:00:00,rolling_global_norm,168000,0.9042023809523808,0.4785673038220674,0.0302714285714285,0.0095528455284552,3.084195375682427
London,lightgbm_quantile__c90__h1,0.9,1.0,2013-05,2,1,35,2013-04-10 00:00:00,2013-04-17 00:00:00,rolling_group_norm,168000,0.9042976190476192,0.4787698575827354,0.0301404761904761,0.0114038908246225,3.0840993244306945
London,lightgbm_quantile__c90__h1,0.9,1.0,2013-05,2,1,35,2013-04-10 00:00:00,2013-04-17 00:00:00,rolling_user_norm,168000,0.8984166666666666,0.4773699961158307,0.0297642857142857,0.0048267089093702,3.090860856608745
London,lightgbm_quantile__c90__h1,0.9,1.0,2013-05,2,2,42,2013-04-17 00:00:00,2013-04-24 00:00:00,rolling_global_norm,167837,0.9032513688876708,0.4460862616663316,0.0302156246615852,0.010719476744186,2.968759081347576
London,lightgbm_quantile__c90__h1,0.9,1.0,2013-05,2,2,42,2013-04-17 00:00:00,2013-04-24 00:00:00,rolling_group_norm,167837,0.903066665872245,0.4462119797766301,0.0302237096744987,0.0114098837209302,2.96867442058995
London,lightgbm_quantile__c90__h1,0.9,1.0,2013-05,2,2,42,2013-04-17 00:00:00,2013-04-24 00:00:00,rolling_user_norm,167837,0.8969238010688942,0.445800270523486,0.0319815576914444,0.0050672430355427,2.9800807521772708
London,lightgbm_quantile__c90__h1,0.9,1.0,2013-05,2,3,49,2013-04-24 00:00:00,2013-05-01 00:00:00,rolling_global_norm,167726,0.902316873949179,0.4269527300688477,0.0325163912688574,0.0125730675670768,2.919127894502731
London,lightgbm_quantile__c90__h1,0.9,1.0,2013-05,2,3,49,2013-04-24 00:00:00,2013-05-01 00:00:00,rolling_group_norm,167726,0.902173783432503,0.4270238066286619,0.0325132191411624,0.0123915332389354,2.919028796029822
London,lightgbm_quantile__c90__h1,0.9,1.0,2013-05,2,3,49,2013-04-24 00:00:00,2013-05-01 00:00:00,rolling_user_norm,167726,0.89218725778949,0.4270283288503559,0.035911879177745,0.0106694208920807,2.931578110515472
London,lightgbm_quantile__c90__h1,0.9,1.0,2013-06,3,1,35,2013-05-11 00:00:00,2013-05-18 00:00:00,rolling_global_norm,167987,0.8932953145183854,0.4118363338466556,0.0352611491965207,0.0124831989247311,2.903817423765928
London,lightgbm_quantile__c90__h1,0.9,1.0,2013-06,3,1,35,2013-05-11 00:00:00,2013-05-18 00:00:00,rolling_group_norm,167987,0.8937239191127885,0.4116240945378535,0.0344680524841515,0.0067228302611367,2.903407188227089
London,lightgbm_quantile__c90__h1,0.9,1.0,2013-06,3,1,35,2013-05-11 00:00:00,2013-05-18 00:00:00,rolling_user_norm,167987,0.8901641198426069,0.4119573602468375,0.0274259140498304,0.0117160278745644,2.8941936319167185
London,lightgbm_quantile__c90__h1,0.9,1.0,2013-06,3,2,42,2013-05-18 00:00:00,2013-05-25 00:00:00,rolling_global_norm,167923,0.8961011892355425,0.4164977962126005,0.0351289643081234,0.0096012100549807,2.8539594264961585
London,lightgbm_quantile__c90__h1,0.9,1.0,2013-06,3,2,42,2013-05-18 00:00:00,2013-05-25 00:00:00,rolling_group_norm,167923,0.8962798425468816,0.4162357765480011,0.0351543651923166,0.0080865272938444,2.8536390826145106
London,lightgbm_quantile__c90__h1,0.9,1.0,2013-06,3,2,42,2013-05-18 00:00:00,2013-05-25 00:00:00,rolling_user_norm,167923,0.8967622064874973,0.417028520616208,0.0245001185575585,0.0054006968641114,2.8441658371861998
London,lightgbm_quantile__c90__h1,0.9,1.0,2013-06,3,3,49,2013-05-25 00:00:00,2013-06-01 00:00:00,rolling_global_norm,167871,0.894686991797273,0.4078091876572656,0.0366356960021166,0.0129305273772795,2.8403833161248406
London,lightgbm_quantile__c90__h1,0.9,1.0,2013-06,3,3,49,2013-05-25 00:00:00,2013-06-01 00:00:00,rolling_group_norm,167871,0.8947584752577872,0.4075550956234879,0.0357977420905498,0.0070841186568866,2.8398167885476875
London,lightgbm_quantile__c90__h1,0.9,1.0,2013-06,3,3,49,2013-05-25 00:00:00,2013-06-01 00:00:00,rolling_user_norm,167871,0.8958485980306307,0.4081278635108457,0.0262220293033854,0.005823599322921,2.830987381661066
London,lightgbm_quantile__c90__h1,0.9,1.0,2013-07,4,1,35,2013-06-10 00:00:00,2013-06-17 00:00:00,rolling_global_norm,167869,0.898575675079973,0.3895603820178087,0.0374611922932459,0.0106054006968641,2.7634459206811406
London,lightgbm_quantile__c90__h1,0.9,1.0,2013-07,4,1,35,2013-06-10 00:00:00,2013-06-17 00:00:00,rolling_group_norm,167869,0.8987782139644603,0.3891109769617216,0.0364545862719997,0.001880081300813,2.762911114055892
London,lightgbm_quantile__c90__h1,0.9,1.0,2013-07,4,1,35,2013-06-10 00:00:00,2013-06-17 00:00:00,rolling_user_norm,167869,0.8958294860873658,0.3888955197650701,0.025103550991646,0.00982868757259,2.752342186343379
London,lightgbm_quantile__c90__h1,0.9,1.0,2013-07,4,2,42,2013-06-17 00:00:00,2013-06-24 00:00:00,rolling_global_norm,167695,0.903676317123349,0.3764508947348466,0.0383488898736478,0.0189169570267131,2.6404575428248145
London,lightgbm_quantile__c90__h1,0.9,1.0,2013-07,4,2,42,2013-06-17 00:00:00,2013-06-24 00:00:00,rolling_group_norm,167695,0.9039267718178836,0.3759818480388128,0.0367274613022192,0.0077743902439023,2.6399069060739597
London,lightgbm_quantile__c90__h1,0.9,1.0,2013-07,4,2,42,2013-06-17 00:00:00,2013-06-24 00:00:00,rolling_user_norm,167695,0.9022570738543187,0.376149504338956,0.0256289024049761,0.0042174796747966,2.6289747378242265
London,lightgbm_quantile__c90__h1,0.9,1.0,2013-07,4,3,49,2013-06-24 00:00:00,2013-07-01 00:00:00,rolling_global_norm,167901,0.902287657607757,0.3758130525682583,0.0368532268170425,0.0185903019744483,2.653467950588633
London,lightgbm_quantile__c90__h1,0.9,1.0,2013-07,4,3,49,2013-06-24 00:00:00,2013-07-01 00:00:00,rolling_group_norm,167901,0.9021566280129362,0.3753343893604402,0.0358495300751879,0.006794425087108,2.6526830565565733
London,lightgbm_quantile__c90__h1,0.9,1.0,2013-07,4,3,49,2013-06-24 00:00:00,2013-07-01 00:00:00,rolling_user_norm,167901,0.9007689054859708,0.375417903536754,0.0235715538847117,0.0025842044134727,2.640705993028419
London,lightgbm_quantile__c90__h1,0.9,1.0,2013-08,5,1,35,2013-07-11 00:00:00,2013-07-18 00:00:00,rolling_global_norm,167833,0.90642483897684,0.3497231309828386,0.0426106867818774,0.0191347270615562,2.451447848289819
London,lightgbm_quantile__c90__h1,0.9,1.0,2013-08,5,1,35,2013-07-11 00:00:00,2013-07-18 00:00:00,rolling_group_norm,167833,0.9077416241144473,0.3493119722114858,0.0407881014836174,0.0103150406504064,2.451076307880314
London,lightgbm_quantile__c90__h1,0.9,1.0,2013-08,5,1,35,2013-07-11 00:00:00,2013-07-18 00:00:00,rolling_user_norm,167833,0.906877670064886,0.3488501439676211,0.0308517221293351,0.0121660859465737,2.439985065573949
London,lightgbm_quantile__c90__h1,0.9,1.0,2013-08,5,2,42,2013-07-18 00:00:00,2013-07-25 00:00:00,rolling_global_norm,167845,0.9066758020792992,0.3416205255717534,0.0413637321789586,0.0197880371660859,2.4370360762365157
London,lightgbm_quantile__c90__h1,0.9,1.0,2013-08,5,2,42,2013-07-18 00:00:00,2013-07-25 00:00:00,rolling_group_norm,167845,0.9079507879293396,0.3411977069802999,0.0395049701743462,0.00987950058072,2.436659368562366
London,lightgbm_quantile__c90__h1,0.9,1.0,2013-08,5,2,42,2013-07-18 00:00:00,2013-07-25 00:00:00,rolling_user_norm,167845,0.909207900145968,0.3406500905775154,0.0288214651239201,0.0114764808362368,2.4240151021279925
London,lightgbm_quantile__c90__h1,0.9,1.0,2013-08,5,3,49,2013-07-25 00:00:00,2013-08-01 00:00:00,rolling_global_norm,167917,0.9030294728943468,0.3409687489340221,0.0392443023552765,0.0139445412311265,2.494403851895892
London,lightgbm_quantile__c90__h1,0.9,1.0,2013-08,5,3,49,2013-07-25 00:00:00,2013-08-01 00:00:00,rolling_group_norm,167917,0.9023565213766324,0.3405203525541613,0.0385733717529416,0.0058590601675018,2.4938296747805437
London,lightgbm_quantile__c90__h1,0.9,1.0,2013-08,5,3,49,2013-07-25 00:00:00,2013-08-01 00:00:00,rolling_user_norm,167917,0.9022671915291484,0.3396639652489603,0.0255215409580925,0.0064372568945578,2.477971483328228
London,lightgbm_quantile__c90__h1,0.9,1.0,2013-09,6,1,35,2013-08-11 00:00:00,2013-08-18 00:00:00,rolling_global_norm,167974,0.8944598568826128,0.3430165433760387,0.0420685867895545,0.0141513056835638,2.438729464501441
London,lightgbm_quantile__c90__h1,0.9,1.0,2013-09,6,1,35,2013-08-11 00:00:00,2013-08-18 00:00:00,rolling_group_norm,167974,0.8937871337230762,0.343046715506516,0.0413892089093701,0.007650987224158,2.4379758627131163
London,lightgbm_quantile__c90__h1,0.9,1.0,2013-09,6,1,35,2013-08-11 00:00:00,2013-08-18 00:00:00,rolling_user_norm,167974,0.8886732470501387,0.3403293601083573,0.0303664746543778,0.0146196283391405,2.4239387409785813
London,lightgbm_quantile__c90__h1,0.9,1.0,2013-09,6,2,42,2013-08-18 00:00:00,2013-08-25 00:00:00,rolling_global_norm,167955,0.900794855764937,0.3488621229693451,0.0405593210052834,0.008173455978975,2.4756324095541675
London,lightgbm_quantile__c90__h1,0.9,1.0,2013-09,6,2,42,2013-08-18 00:00:00,2013-08-25 00:00:00,rolling_group_norm,167955,0.9001577803578339,0.3487479252211163,0.0391641537980321,0.0027148664343786,2.4752969374885727
London,lightgbm_quantile__c90__h1,0.9,1.0,2013-09,6,2,42,2013-08-18 00:00:00,2013-08-25 00:00:00,rolling_user_norm,167955,0.8961448006906612,0.3464004491346525,0.0262672143911112,0.0075783972125436,2.460391431541929
London,lightgbm_quantile__c90__h1,0.9,1.0,2013-09,6,3,49,2013-08-25 00:00:00,2013-09-01 00:00:00,rolling_global_norm,167966,0.8968362644820975,0.3495358493221998,0.0404292212898922,0.0120391705069125,2.517718453139857
London,lightgbm_quantile__c90__h1,0.9,1.0,2013-09,6,3,49,2013-08-25 00:00:00,2013-09-01 00:00:00,rolling_group_norm,167966,0.8967707750378052,0.349476492583946,0.039869069444932,0.0046244900103311,2.5170963887797178
London,lightgbm_quantile__c90__h1,0.9,1.0,2013-09,6,3,49,2013-08-25 00:00:00,2013-09-01 00:00:00,rolling_user_norm,167966,0.8916625983830061,0.3471741566156712,0.0271187720745708,0.0091589861751152,2.501208032191643
London,lightgbm_quantile__c90__h1,0.9,1.0,2013-10,7,1,35,2013-09-10 00:00:00,2013-09-17 00:00:00,rolling_global_norm,167976,0.8890555793684812,0.3920815959411974,0.0400505971305357,0.0191659464131374,2.84572482349361
London,lightgbm_quantile__c90__h1,0.9,1.0,2013-10,7,1,35,2013-09-10 00:00:00,2013-09-17 00:00:00,rolling_group_norm,167976,0.88945444587322,0.3919463278688637,0.0394268486294559,0.0150188734030197,2.8448482031787146
London,lightgbm_quantile__c90__h1,0.9,1.0,2013-10,7,1,35,2013-09-10 00:00:00,2013-09-17 00:00:00,rolling_user_norm,167976,0.882251035862266,0.3901360777628221,0.0347198703554225,0.0215882694541231,2.837844647779994
London,lightgbm_quantile__c90__h1,0.9,1.0,2013-10,7,2,42,2013-09-17 00:00:00,2013-09-24 00:00:00,rolling_global_norm,167811,0.892718594132685,0.4120420679589522,0.0376698904635854,0.0134557676149321,2.9028996358553267
London,lightgbm_quantile__c90__h1,0.9,1.0,2013-10,7,2,42,2013-09-17 00:00:00,2013-09-24 00:00:00,rolling_group_norm,167811,0.8927305123025309,0.4118629328501418,0.0373178651445698,0.010441547058179,2.9023482679021506
London,lightgbm_quantile__c90__h1,0.9,1.0,2013-10,7,2,42,2013-09-17 00:00:00,2013-09-24 00:00:00,rolling_user_norm,167811,0.8884280529881832,0.4109487628002075,0.0292306517674395,0.0126050420168067,2.893851036193284
London,lightgbm_quantile__c90__h1,0.9,1.0,2013-10,7,3,49,2013-09-24 00:00:00,2013-10-01 00:00:00,rolling_global_norm,167877,0.898902172423858,0.3989493869096859,0.0395967059064918,0.0090743705428613,2.767138759010373
London,lightgbm_quantile__c90__h1,0.9,1.0,2013-10,7,3,49,2013-09-24 00:00:00,2013-10-01 00:00:00,rolling_group_norm,167877,0.8990272640087683,0.3987333171739142,0.0379761447999782,0.0025910364145658,2.7666521259086867
London,lightgbm_quantile__c90__h1,0.9,1.0,2013-10,7,3,49,2013-09-24 00:00:00,2013-10-01 00:00:00,rolling_user_norm,167877,0.8975678621848139,0.3980452787215776,0.0253141044364133,0.0031509241740649,2.7560750177114834
London,lightgbm_quantile__c90__h1,0.9,1.0,2013-11,8,1,35,2013-10-11 00:00:00,2013-10-18 00:00:00,rolling_global_norm,167967,0.8955449582358439,0.4404351555375667,0.0345587178430834,0.0104441776710684,3.088639428610373
London,lightgbm_quantile__c90__h1,0.9,1.0,2013-11,8,1,35,2013-10-11 00:00:00,2013-10-18 00:00:00,rolling_group_norm,167967,0.895271094917454,0.4401049289798536,0.0342985629928983,0.0120789779326364,3.088234763398407
London,lightgbm_quantile__c90__h1,0.9,1.0,2013-11,8,1,35,2013-10-11 00:00:00,2013-10-18 00:00:00,rolling_user_norm,167967,0.8909130960248144,0.4403905402060707,0.0266763784805325,0.0169062137049942,3.0762487718140066
London,lightgbm_quantile__c90__h1,0.9,1.0,2013-11,8,2,42,2013-10-18 00:00:00,2013-10-25 00:00:00,rolling_global_norm,167953,0.9020559323143976,0.432784832475905,0.0373659087164277,0.0112224157955864,2.9511755084086198
London,lightgbm_quantile__c90__h1,0.9,1.0,2013-11,8,2,42,2013-10-18 00:00:00,2013-10-25 00:00:00,rolling_group_norm,167953,0.902300048227778,0.432491178553132,0.0366837658592848,0.0041811846689895,2.950609708044077
London,lightgbm_quantile__c90__h1,0.9,1.0,2013-11,8,2,42,2013-10-18 00:00:00,2013-10-25 00:00:00,rolling_user_norm,167953,0.9003113966407269,0.4329574573042936,0.023225053550832,0.0057781649245063,2.937765498608533
London,lightgbm_quantile__c90__h1,0.9,1.0,2013-11,8,3,49,2013-10-25 00:00:00,2013-11-01 00:00:00,rolling_global_norm,167564,0.901386932754052,0.4380193100523827,0.0367242309590123,0.0080613158680268,3.0617851497668225
London,lightgbm_quantile__c90__h1,0.9,1.0,2013-11,8,3,49,2013-10-25 00:00:00,2013-11-01 00:00:00,rolling_group_norm,167564,0.9015480652168724,0.4377175195191571,0.0357803158597625,0.0026859777753699,3.06147027879693
London,lightgbm_quantile__c90__h1,0.9,1.0,2013-11,8,3,49,2013-10-25 00:00:00,2013-11-01 00:00:00,rolling_user_norm,167564,0.8987730061349694,0.4380927717697453,0.025004458184424,0.0069613821138211,3.049759484165352
London,lightgbm_quantile__c90__h1,0.9,1.0,2013-12,9,1,35,2013-11-10 00:00:00,2013-11-17 00:00:00,rolling_global_norm,167866,0.8954880678636532,0.5010026667874442,0.0374598999309868,0.0102113443242065,3.359671956830132
London,lightgbm_quantile__c90__h1,0.9,1.0,2013-12,9,1,35,2013-11-10 00:00:00,2013-11-17 00:00:00,rolling_group_norm,167866,0.8954046680090072,0.5009305502820416,0.037547619047619,0.0149684072917423,3.3593920461688835
London,lightgbm_quantile__c90__h1,0.9,1.0,2013-12,9,1,35,2013-11-10 00:00:00,2013-11-17 00:00:00,rolling_user_norm,167866,0.8923546161819547,0.5008894632609155,0.0285464216701173,0.0152226014961144,3.3491415229920354
London,lightgbm_quantile__c90__h1,0.9,1.0,2013-12,9,2,42,2013-11-17 00:00:00,2013-11-24 00:00:00,rolling_global_norm,167728,0.8979538300104932,0.5237118723131371,0.0358424276532302,0.0109296163200116,3.4911738680679845
London,lightgbm_quantile__c90__h1,0.9,1.0,2013-12,9,2,42,2013-11-17 00:00:00,2013-11-24 00:00:00,rolling_group_norm,167728,0.8979955642468759,0.5237770963622136,0.0353467576051089,0.0138335329776035,3.490846476502534
London,lightgbm_quantile__c90__h1,0.9,1.0,2013-12,9,2,42,2013-11-17 00:00:00,2013-11-24 00:00:00,rolling_user_norm,167728,0.8934644185824668,0.5239043535543976,0.0281631452774984,0.0196050673345675,3.475847618474432
London,lightgbm_quantile__c90__h1,0.9,1.0,2013-12,9,3,49,2013-11-24 00:00:00,2013-12-01 00:00:00,rolling_global_norm,167792,0.8996376466100887,0.5359553840699025,0.0355526211944156,0.0109613027490806,3.557730774621242
London,lightgbm_quantile__c90__h1,0.9,1.0,2013-12,9,3,49,2013-11-24 00:00:00,2013-12-01 00:00:00,rolling_group_norm,167792,0.899727043005626,0.5361582711999962,0.0352310614913375,0.0068887921022067,3.557239815314563
London,lightgbm_quantile__c90__h1,0.9,1.0,2013-12,9,3,49,2013-11-24 00:00:00,2013-12-01 00:00:00,rolling_user_norm,167792,0.8971643463335558,0.5364890574555534,0.0265177163838206,0.0069250871080139,3.544807041005922
London,lightgbm_quantile__c90__h1,0.9,1.0,2014-01,10,1,35,2013-12-11 00:00:00,2013-12-18 00:00:00,rolling_global_norm,167789,0.9021926347972752,0.531261702134086,0.0359782416279784,0.0102792200718927,3.430865414996686
London,lightgbm_quantile__c90__h1,0.9,1.0,2014-01,10,1,35,2013-12-11 00:00:00,2013-12-18 00:00:00,rolling_group_norm,167789,0.9020674776058024,0.5319730443380916,0.0367560431136746,0.0138375512871717,3.430837605437738
London,lightgbm_quantile__c90__h1,0.9,1.0,2014-01,10,1,35,2013-12-11 00:00:00,2013-12-18 00:00:00,rolling_user_norm,167789,0.9020853572045844,0.5341348307983282,0.0228895050081892,0.014999455357467,3.409028507755115
London,lightgbm_quantile__c90__h1,0.9,1.0,2014-01,10,2,42,2013-12-18 00:00:00,2013-12-25 00:00:00,rolling_global_norm,167933,0.9012939684278848,0.5184785779031011,0.0395185209570271,0.0162128802729978,3.404185292836701
London,lightgbm_quantile__c90__h1,0.9,1.0,2014-01,10,2,42,2013-12-18 00:00:00,2013-12-25 00:00:00,rolling_group_norm,167933,0.9010140949068974,0.5189447998316039,0.0393763413658924,0.0180643287591664,3.403729090060075
London,lightgbm_quantile__c90__h1,0.9,1.0,2014-01,10,2,42,2013-12-18 00:00:00,2013-12-25 00:00:00,rolling_user_norm,167933,0.8987631972274657,0.521304014755834,0.0257679409642644,0.0117839250707906,3.3763383109108784
London,lightgbm_quantile__c90__h1,0.9,1.0,2014-01,10,3,49,2013-12-25 00:00:00,2014-01-01 00:00:00,rolling_global_norm,167992,0.8983106338397067,0.51352629758128,0.0408062137049941,0.0100456072971675,3.5496399803959937
London,lightgbm_quantile__c90__h1,0.9,1.0,2014-01,10,3,49,2013-12-25 00:00:00,2014-01-01 00:00:00,rolling_group_norm,167992,0.8985070717653222,0.5137960158993957,0.0404146922183507,0.0049070847851335,3.548997434894275
London,lightgbm_quantile__c90__h1,0.9,1.0,2014-01,10,3,49,2013-12-25 00:00:00,2014-01-01 00:00:00,rolling_user_norm,167992,0.8957986094575933,0.5162651976747903,0.0300444541231126,0.0060903019744483,3.522493479471481
London,lightgbm_quantile__c80__h6,0.8,6.0,2013-03,0,1,35,2013-02-08 00:00:00,2013-02-15 00:00:00,rolling_global_norm,167996,0.7935903235791328,0.4410731917084129,0.0497256454388984,0.008153321812596,2.8561035606097307
London,lightgbm_quantile__c80__h6,0.8,6.0,2013-03,0,1,35,2013-02-08 00:00:00,2013-02-15 00:00:00,rolling_group_norm,167996,0.7933998428534013,0.4408635318201399,0.0499851692484222,0.0112369337979094,2.85606687698963
London,lightgbm_quantile__c80__h6,0.8,6.0,2013-03,0,1,35,2013-02-08 00:00:00,2013-02-15 00:00:00,rolling_user_norm,167996,0.795197504702493,0.4361319749109424,0.0393319277108433,0.0059211789554531,2.849826811592691
London,lightgbm_quantile__c80__h6,0.8,6.0,2013-03,0,2,42,2013-02-15 00:00:00,2013-02-22 00:00:00,rolling_global_norm,167990,0.8008095719983332,0.425402295381187,0.049211386210926,0.0106126596980254,2.736081830337455
London,lightgbm_quantile__c80__h6,0.8,6.0,2013-03,0,2,42,2013-02-15 00:00:00,2013-02-22 00:00:00,rolling_group_norm,167990,0.8006071789987499,0.4252256810606907,0.0493518624014022,0.0015913018433179,2.7360628914955702
London,lightgbm_quantile__c80__h6,0.8,6.0,2013-03,0,2,42,2013-02-15 00:00:00,2013-02-22 00:00:00,rolling_user_norm,167990,0.7991606643252575,0.4202819241212047,0.0422433464796961,0.0015058658728769,2.732473470014462
London,lightgbm_quantile__c80__h6,0.8,6.0,2013-03,0,3,49,2013-02-22 00:00:00,2013-03-01 00:00:00,rolling_global_norm,167832,0.7904928738262071,0.4486671947635446,0.0544354056437389,0.0106614823348695,2.968586835987514
London,lightgbm_quantile__c80__h6,0.8,6.0,2013-03,0,3,49,2013-02-22 00:00:00,2013-03-01 00:00:00,rolling_group_norm,167832,0.7900281233614567,0.4484947787985271,0.0551665784832451,0.0208188153310104,2.968557912457804
London,lightgbm_quantile__c80__h6,0.8,6.0,2013-03,0,3,49,2013-02-22 00:00:00,2013-03-01 00:00:00,rolling_user_norm,167832,0.7914640831307498,0.4439750223026937,0.0441230599647266,0.0167174796747967,2.9610316930153857
London,lightgbm_quantile__c80__h6,0.8,6.0,2013-04,1,1,35,2013-03-11 00:00:00,2013-03-18 00:00:00,rolling_global_norm,167949,0.7841070801255143,0.4248971024764591,0.060001817921906,0.0301103368176539,2.959168721237941
London,lightgbm_quantile__c80__h6,0.8,6.0,2013-04,1,1,35,2013-03-11 00:00:00,2013-03-18 00:00:00,rolling_group_norm,167949,0.7842202097065181,0.4247418458030664,0.0599227680776693,0.0403818234610917,2.959189482055825
London,lightgbm_quantile__c80__h6,0.8,6.0,2013-04,1,1,35,2013-03-11 00:00:00,2013-03-18 00:00:00,rolling_user_norm,167949,0.7838034165133463,0.420935056629755,0.0455136092889434,0.0418699186991869,2.9490256252177938
London,lightgbm_quantile__c80__h6,0.8,6.0,2013-04,1,2,42,2013-03-18 00:00:00,2013-03-25 00:00:00,rolling_global_norm,167965,0.7910100318518739,0.4236152151350553,0.0595758275717134,0.012253193960511,2.90184221299874
London,lightgbm_quantile__c80__h6,0.8,6.0,2013-04,1,2,42,2013-03-18 00:00:00,2013-03-25 00:00:00,rolling_group_norm,167965,0.7909088202899414,0.4234939607338862,0.0594704587575211,0.0198751451800233,2.901856887583941
London,lightgbm_quantile__c80__h6,0.8,6.0,2013-04,1,2,42,2013-03-18 00:00:00,2013-03-25 00:00:00,rolling_user_norm,167965,0.790378947995118,0.4224582310741561,0.0451834594260665,0.0161367595818815,2.888493948904447
London,lightgbm_quantile__c80__h6,0.8,6.0,2013-04,1,3,49,2013-03-25 00:00:00,2013-04-01 00:00:00,rolling_global_norm,167982,0.7767975140193593,0.4362772141865003,0.0667271764074933,0.0249309806745888,3.0191207149343517
London,lightgbm_quantile__c80__h6,0.8,6.0,2013-04,1,3,49,2013-03-25 00:00:00,2013-04-01 00:00:00,rolling_group_norm,167982,0.7772142253336667,0.4361752854402797,0.0665801466736511,0.0272067363530779,3.0189702066552755
London,lightgbm_quantile__c80__h6,0.8,6.0,2013-04,1,3,49,2013-03-25 00:00:00,2013-04-01 00:00:00,rolling_user_norm,167982,0.7768213260944625,0.4361586473007698,0.0518378981765571,0.0281867015098722,3.0037784977621005
London,lightgbm_quantile__c80__h6,0.8,6.0,2013-05,2,1,35,2013-04-10 00:00:00,2013-04-17 00:00:00,rolling_global_norm,168000,0.813029761904762,0.3674655764629039,0.0593869047619047,0.0278890824622531,2.4709259839329447
London,lightgbm_quantile__c80__h6,0.8,6.0,2013-05,2,1,35,2013-04-10 00:00:00,2013-04-17 00:00:00,rolling_group_norm,168000,0.8132797619047619,0.3675239382177636,0.0588964285714285,0.0260743321718931,2.4708558728621406
London,lightgbm_quantile__c80__h6,0.8,6.0,2013-05,2,1,35,2013-04-10 00:00:00,2013-04-17 00:00:00,rolling_user_norm,168000,0.8107202380952381,0.3710305962410092,0.0508321428571428,0.0210656213704993,2.471551400957108
London,lightgbm_quantile__c80__h6,0.8,6.0,2013-05,2,2,42,2013-04-17 00:00:00,2013-04-24 00:00:00,rolling_global_norm,167810,0.809987485847089,0.3380960234311507,0.0568891008907386,0.03462964309079,2.3695491273031526
London,lightgbm_quantile__c80__h6,0.8,6.0,2013-05,2,2,42,2013-04-17 00:00:00,2013-04-24 00:00:00,rolling_group_norm,167810,0.8105178475656993,0.338107955682452,0.0564940339494234,0.032121828887112,2.3693930082078616
London,lightgbm_quantile__c80__h6,0.8,6.0,2013-05,2,2,42,2013-04-17 00:00:00,2013-04-24 00:00:00,rolling_user_norm,167810,0.8056611644121328,0.3414643218236131,0.0544771130808708,0.0130769789925128,2.3772558937889543
London,lightgbm_quantile__c80__h6,0.8,6.0,2013-05,2,3,49,2013-04-24 00:00:00,2013-05-01 00:00:00,rolling_global_norm,167719,0.8074696367137891,0.3211236413586893,0.058459584539159,0.0233670987183676,2.3114260004686358
London,lightgbm_quantile__c80__h6,0.8,6.0,2013-05,2,3,49,2013-04-24 00:00:00,2013-05-01 00:00:00,rolling_group_norm,167719,0.8077021685080402,0.3210399938607744,0.0576165809269935,0.0167229423083904,2.311233141577441
London,lightgbm_quantile__c80__h6,0.8,6.0,2013-05,2,3,49,2013-04-24 00:00:00,2013-05-01 00:00:00,rolling_user_norm,167719,0.8002074899087164,0.3245860194745916,0.0568708550496518,0.0077700268840821,2.3173081024297213
London,lightgbm_quantile__c80__h6,0.8,6.0,2013-06,3,1,35,2013-05-11 00:00:00,2013-05-18 00:00:00,rolling_global_norm,167986,0.782041360589573,0.299209543469044,0.0650239130434782,0.0262744815668203,2.3270165357387955
London,lightgbm_quantile__c80__h6,0.8,6.0,2013-06,3,1,35,2013-05-11 00:00:00,2013-05-18 00:00:00,rolling_group_norm,167986,0.7822437584084388,0.2990638017679758,0.0642977743271221,0.0233957607433217,2.3265545451882232
London,lightgbm_quantile__c80__h6,0.8,6.0,2013-06,3,1,35,2013-05-11 00:00:00,2013-05-18 00:00:00,rolling_user_norm,167986,0.7778029121474409,0.2999871269740345,0.0531268115942029,0.0323606271777003,2.315475360619937
London,lightgbm_quantile__c80__h6,0.8,6.0,2013-06,3,2,42,2013-05-18 00:00:00,2013-05-25 00:00:00,rolling_global_norm,167909,0.7853480158895593,0.3047508678853363,0.0655233040905178,0.0213258421570746,2.2980243522192896
London,lightgbm_quantile__c80__h6,0.8,6.0,2013-06,3,2,42,2013-05-18 00:00:00,2013-05-25 00:00:00,rolling_group_norm,167909,0.7849787682613797,0.3045474854732132,0.0648357861605385,0.0200566202090592,2.297661666306376
London,lightgbm_quantile__c80__h6,0.8,6.0,2013-06,3,2,42,2013-05-18 00:00:00,2013-05-25 00:00:00,rolling_user_norm,167909,0.7871227867475835,0.3055538263746009,0.0445204881754477,0.0157375145180023,2.2852405793111057
London,lightgbm_quantile__c80__h6,0.8,6.0,2013-06,3,3,49,2013-05-25 00:00:00,2013-06-01 00:00:00,rolling_global_norm,167861,0.7857274769005308,0.298811319597071,0.0651679915994782,0.0270801070815477,2.283744222769684
London,lightgbm_quantile__c80__h6,0.8,6.0,2013-06,3,3,49,2013-05-25 00:00:00,2013-06-01 00:00:00,rolling_group_norm,167861,0.7853223798261657,0.2986045984018552,0.0655587274172945,0.0174283622045353,2.283085128703811
London,lightgbm_quantile__c80__h6,0.8,6.0,2013-06,3,3,49,2013-05-25 00:00:00,2013-06-01 00:00:00,rolling_user_norm,167861,0.7848994108220492,0.2995977998061618,0.046470979842093,0.0199114401858304,2.2716948036018443
London,lightgbm_quantile__c80__h6,0.8,6.0,2013-07,4,1,35,2013-06-10 00:00:00,2013-06-17 00:00:00,rolling_global_norm,167844,0.7983008031267129,0.282673365046631,0.0658733398660583,0.0152842833465446,2.185919087061046
London,lightgbm_quantile__c80__h6,0.8,6.0,2013-07,4,1,35,2013-06-10 00:00:00,2013-06-17 00:00:00,rolling_group_norm,167844,0.7981161078143991,0.2824253039573878,0.0653836392804839,0.012253193960511,2.185449522233325
London,lightgbm_quantile__c80__h6,0.8,6.0,2013-07,4,1,35,2013-06-10 00:00:00,2013-06-17 00:00:00,rolling_user_norm,167844,0.7952086461237816,0.2829563174683394,0.0416310347048211,0.0242305458768873,2.1720816277370822
London,lightgbm_quantile__c80__h6,0.8,6.0,2013-07,4,2,42,2013-06-17 00:00:00,2013-06-24 00:00:00,rolling_global_norm,167685,0.811151862122432,0.2735549427424986,0.0663623421950818,0.0363458188153309,2.077513143717169
London,lightgbm_quantile__c80__h6,0.8,6.0,2013-07,4,2,42,2013-06-17 00:00:00,2013-06-24 00:00:00,rolling_group_norm,167685,0.8102155827891583,0.2733396415534267,0.0653141016942182,0.01602415560705,2.0768773583366205
London,lightgbm_quantile__c80__h6,0.8,6.0,2013-07,4,2,42,2013-06-17 00:00:00,2013-06-24 00:00:00,rolling_user_norm,167685,0.8095655544622358,0.2739364747997311,0.0453262048688214,0.0148479741591179,2.066528448744531
London,lightgbm_quantile__c80__h6,0.8,6.0,2013-07,4,3,49,2013-06-24 00:00:00,2013-07-01 00:00:00,rolling_global_norm,167891,0.8054630683002663,0.2722099626010953,0.0666595238095238,0.0328977932636468,2.0892618017322664
London,lightgbm_quantile__c80__h6,0.8,6.0,2013-07,4,3,49,2013-06-24 00:00:00,2013-07-01 00:00:00,rolling_group_norm,167891,0.8053439433918436,0.272082374806404,0.0656489862914863,0.0121370499419279,2.0887452111659988
London,lightgbm_quantile__c80__h6,0.8,6.0,2013-07,4,3,49,2013-06-24 00:00:00,2013-07-01 00:00:00,rolling_user_norm,167891,0.8053915933552126,0.2725624213954715,0.0427131421356421,0.0092334494773518,2.075610660845126
London,lightgbm_quantile__c80__h6,0.8,6.0,2013-08,5,1,35,2013-07-11 00:00:00,2013-07-18 00:00:00,rolling_global_norm,167813,0.810378218612384,0.2529570869372585,0.0704316093229061,0.0293771777003484,1.9560899294470084
London,lightgbm_quantile__c80__h6,0.8,6.0,2013-08,5,1,35,2013-07-11 00:00:00,2013-07-18 00:00:00,rolling_group_norm,167813,0.8102649973482388,0.2530091295109267,0.0698526016496566,0.0132621951219511,1.9558674792122224
London,lightgbm_quantile__c80__h6,0.8,6.0,2013-08,5,1,35,2013-07-11 00:00:00,2013-07-18 00:00:00,rolling_user_norm,167813,0.8103960956540912,0.2528862256810052,0.0521087549100282,0.0150769454123111,1.9382650974216584
London,lightgbm_quantile__c80__h6,0.8,6.0,2013-08,5,2,42,2013-07-18 00:00:00,2013-07-25 00:00:00,rolling_global_norm,167824,0.8170047192296692,0.248963458773552,0.0703351490933214,0.0461817653890823,1.9399130192662
London,lightgbm_quantile__c80__h6,0.8,6.0,2013-08,5,2,42,2013-07-18 00:00:00,2013-07-25 00:00:00,rolling_group_norm,167824,0.8174814090952426,0.2490584780272876,0.0690663344009919,0.03311556329849,1.9396532432478717
London,lightgbm_quantile__c80__h6,0.8,6.0,2013-08,5,2,42,2013-07-18 00:00:00,2013-07-25 00:00:00,rolling_user_norm,167824,0.8153958909333587,0.2489478599188357,0.052598224527943,0.0295949477351915,1.921395558195336
London,lightgbm_quantile__c80__h6,0.8,6.0,2013-08,5,3,49,2013-07-25 00:00:00,2013-08-01 00:00:00,rolling_global_norm,167914,0.808276856009624,0.2466718745289887,0.0673041409367952,0.0278435769850724,1.9835407211008784
London,lightgbm_quantile__c80__h6,0.8,6.0,2013-08,5,3,49,2013-07-25 00:00:00,2013-08-01 00:00:00,rolling_group_norm,167914,0.8081696582774516,0.2467848456311112,0.0662326277448092,0.0188380405073935,1.9830866662067992
London,lightgbm_quantile__c80__h6,0.8,6.0,2013-08,5,3,49,2013-07-25 00:00:00,2013-08-01 00:00:00,rolling_user_norm,167914,0.8050132806079302,0.2467102997567139,0.0486756469248602,0.0141951082766836,1.9675061451013949
London,lightgbm_quantile__c80__h6,0.8,6.0,2013-09,6,1,35,2013-08-11 00:00:00,2013-08-18 00:00:00,rolling_global_norm,167973,0.7865728420639031,0.2452711315030852,0.0704461627369394,0.0292266705069125,1.9591232043100768
London,lightgbm_quantile__c80__h6,0.8,6.0,2013-09,6,1,35,2013-08-11 00:00:00,2013-08-18 00:00:00,rolling_group_norm,167973,0.785001160900859,0.2457148167896357,0.0708361188164586,0.015809811827957,1.9582134951983217
London,lightgbm_quantile__c80__h6,0.8,6.0,2013-09,6,1,35,2013-08-11 00:00:00,2013-08-18 00:00:00,rolling_user_norm,167973,0.7807623844308311,0.2449130128507298,0.0513551664355062,0.0230691056910569,1.9457699754405715
London,lightgbm_quantile__c80__h6,0.8,6.0,2013-09,6,2,42,2013-08-18 00:00:00,2013-08-25 00:00:00,rolling_global_norm,167944,0.7953782213118659,0.2507115881256892,0.0732599481700867,0.0157738095238095,1.9804861401083331
London,lightgbm_quantile__c80__h6,0.8,6.0,2013-09,6,2,42,2013-08-18 00:00:00,2013-08-25 00:00:00,rolling_group_norm,167944,0.7957354832563235,0.2511905746280138,0.0724471224072451,0.0088051684088269,1.9800602715046576
London,lightgbm_quantile__c80__h6,0.8,6.0,2013-09,6,2,42,2013-08-18 00:00:00,2013-08-25 00:00:00,rolling_user_norm,167944,0.7895727147144286,0.2504928840984709,0.0464559624547936,0.0180603948896632,1.963787720167806
London,lightgbm_quantile__c80__h6,0.8,6.0,2013-09,6,3,49,2013-08-25 00:00:00,2013-09-01 00:00:00,rolling_global_norm,167963,0.789370277977888,0.2503309242011987,0.0709780521091811,0.0281586021505376,2.0139351483002983
London,lightgbm_quantile__c80__h6,0.8,6.0,2013-09,6,3,49,2013-08-25 00:00:00,2013-09-01 00:00:00,rolling_group_norm,167963,0.7895905645886296,0.2507627376075428,0.0695204779628973,0.0130856374807988,2.0129199282159127
London,lightgbm_quantile__c80__h6,0.8,6.0,2013-09,6,3,49,2013-08-25 00:00:00,2013-09-01 00:00:00,rolling_user_norm,167963,0.7870364306424629,0.2503270476421452,0.0474726757650951,0.0159412918695052,1.996827273283228
London,lightgbm_quantile__c80__h6,0.8,6.0,2013-10,7,1,35,2013-09-10 00:00:00,2013-09-17 00:00:00,rolling_global_norm,167973,0.7759520875378781,0.2796245930265786,0.0726809924345333,0.0373921081379575,2.31148410748134
London,lightgbm_quantile__c80__h6,0.8,6.0,2013-10,7,1,35,2013-09-10 00:00:00,2013-09-17 00:00:00,rolling_group_norm,167973,0.7761783143719526,0.2800695849322595,0.0702443290983701,0.0335220673635308,2.310225664764193
London,lightgbm_quantile__c80__h6,0.8,6.0,2013-10,7,1,35,2013-09-10 00:00:00,2013-09-17 00:00:00,rolling_user_norm,167973,0.7664862805331809,0.2796482418649696,0.057979499197784,0.0463704994192799,2.2976593450197806
London,lightgbm_quantile__c80__h6,0.8,6.0,2013-10,7,2,42,2013-09-17 00:00:00,2013-09-24 00:00:00,rolling_global_norm,167794,0.782668033421934,0.2972855829501344,0.0706405727368736,0.0296603048853679,2.3471735348357954
London,lightgbm_quantile__c80__h6,0.8,6.0,2013-10,7,2,42,2013-09-17 00:00:00,2013-09-24 00:00:00,rolling_group_norm,167794,0.7830136953645541,0.297653531640016,0.0700672171781655,0.0240535009501535,2.346260526007589
London,lightgbm_quantile__c80__h6,0.8,6.0,2013-10,7,2,42,2013-09-17 00:00:00,2013-09-24 00:00:00,rolling_user_norm,167794,0.7758203511448561,0.2981089965000054,0.0550034725177724,0.0338108463674902,2.3332196194000145
London,lightgbm_quantile__c80__h6,0.8,6.0,2013-10,7,3,49,2013-09-24 00:00:00,2013-10-01 00:00:00,rolling_global_norm,167868,0.7951247408678247,0.286764263319988,0.0702754177990419,0.0189421598770177,2.2061037841397466
London,lightgbm_quantile__c80__h6,0.8,6.0,2013-10,7,3,49,2013-09-24 00:00:00,2013-10-01 00:00:00,rolling_group_norm,167868,0.794898372530798,0.287031509654724,0.0682254114701417,0.0107044098384515,2.205473608864591
London,lightgbm_quantile__c80__h6,0.8,6.0,2013-10,7,3,49,2013-09-24 00:00:00,2013-10-01 00:00:00,rolling_user_norm,167868,0.792533419115019,0.2879046420150797,0.0437237864944937,0.0127450980392157,2.191265011237776
London,lightgbm_quantile__c80__h6,0.8,6.0,2013-11,8,1,35,2013-10-11 00:00:00,2013-10-18 00:00:00,rolling_global_norm,167967,0.7882798406829913,0.3255774194281677,0.0718213350597036,0.0263265306122449,2.562750789850801
London,lightgbm_quantile__c80__h6,0.8,6.0,2013-11,8,1,35,2013-10-11 00:00:00,2013-10-18 00:00:00,rolling_group_norm,167967,0.7878035566510089,0.3255936317235752,0.0702860186892664,0.0221980255516841,2.561729381865508
London,lightgbm_quantile__c80__h6,0.8,6.0,2013-11,8,1,35,2013-10-11 00:00:00,2013-10-18 00:00:00,rolling_user_norm,167967,0.7827311317103955,0.3271090901108657,0.0483083464118962,0.0287311265969802,2.5441095501637507
London,lightgbm_quantile__c80__h6,0.8,6.0,2013-11,8,2,42,2013-10-18 00:00:00,2013-10-25 00:00:00,rolling_global_norm,167953,0.8015397164682977,0.3214232931864514,0.0736097874443895,0.0249128919860627,2.398596300587992
London,lightgbm_quantile__c80__h6,0.8,6.0,2013-11,8,2,42,2013-10-18 00:00:00,2013-10-25 00:00:00,rolling_group_norm,167953,0.801265830321578,0.3214214872864602,0.071540294941506,0.0081445993031358,2.3977809487444834
London,lightgbm_quantile__c80__h6,0.8,6.0,2013-11,8,2,42,2013-10-18 00:00:00,2013-10-25 00:00:00,rolling_user_norm,167953,0.8000452507546754,0.3231030601155381,0.0463812242544076,0.0109393147502903,2.381878417107984
London,lightgbm_quantile__c80__h6,0.8,6.0,2013-11,8,3,49,2013-10-25 00:00:00,2013-11-01 00:00:00,rolling_global_norm,167533,0.7955029755331785,0.3223723737968629,0.0708379379357201,0.0216682923304794,2.5146190717354977
London,lightgbm_quantile__c80__h6,0.8,6.0,2013-11,8,3,49,2013-10-25 00:00:00,2013-11-01 00:00:00,rolling_group_norm,167533,0.7962908800057302,0.3223497474684704,0.0675816229469455,0.0040868176538908,2.513625682093487
London,lightgbm_quantile__c80__h6,0.8,6.0,2013-11,8,3,49,2013-10-25 00:00:00,2013-11-01 00:00:00,rolling_user_norm,167533,0.7935749971647377,0.3239526191299738,0.0469847630863759,0.0110191637630662,2.500438116618194
London,lightgbm_quantile__c80__h6,0.8,6.0,2013-12,9,1,35,2013-11-10 00:00:00,2013-11-17 00:00:00,rolling_global_norm,167852,0.7922693801682434,0.384574449822076,0.0712429306312226,0.0182489121811669,2.779883295795004
London,lightgbm_quantile__c80__h6,0.8,6.0,2013-12,9,1,35,2013-11-10 00:00:00,2013-11-17 00:00:00,rolling_group_norm,167852,0.7920846936586994,0.3844666912665064,0.0708420596939869,0.0246350497494372,2.779426250869753
London,lightgbm_quantile__c80__h6,0.8,6.0,2013-12,9,1,35,2013-11-10 00:00:00,2013-11-17 00:00:00,rolling_user_norm,167852,0.7885160736839597,0.3851497877895956,0.0480873929177943,0.0309172779432057,2.7609506993204227
London,lightgbm_quantile__c80__h6,0.8,6.0,2013-12,9,2,42,2013-11-17 00:00:00,2013-11-24 00:00:00,rolling_global_norm,167717,0.7939624486486164,0.4048201325284785,0.0674842353237364,0.0159788014083995,2.8914359669395107
London,lightgbm_quantile__c80__h6,0.8,6.0,2013-12,9,2,42,2013-11-17 00:00:00,2013-11-24 00:00:00,rolling_group_norm,167717,0.7934675673903063,0.4047228425139102,0.06655766683984,0.0277759628298668,2.891013894317515
London,lightgbm_quantile__c80__h6,0.8,6.0,2013-12,9,2,42,2013-11-17 00:00:00,2013-11-24 00:00:00,rolling_user_norm,167717,0.7886916651263736,0.4057135315079809,0.050106840517829,0.0343823732258884,2.8751642284582424
London,lightgbm_quantile__c80__h6,0.8,6.0,2013-12,9,3,49,2013-11-24 00:00:00,2013-12-01 00:00:00,rolling_global_norm,167784,0.7980260334716064,0.417249671971971,0.07177155177108,0.0207593429301949,2.9292833255165824
London,lightgbm_quantile__c80__h6,0.8,6.0,2013-12,9,3,49,2013-11-24 00:00:00,2013-12-01 00:00:00,rolling_group_norm,167784,0.7982763553139751,0.4172426839154599,0.0699862266533257,0.0136686991869918,2.928475805376077
London,lightgbm_quantile__c80__h6,0.8,6.0,2013-12,9,3,49,2013-11-24 00:00:00,2013-12-01 00:00:00,rolling_user_norm,167784,0.7952546130739522,0.4186958929343393,0.0489106166108524,0.0198025551684088,2.909690148087529
London,lightgbm_quantile__c80__h6,0.8,6.0,2014-01,10,1,35,2013-12-11 00:00:00,2013-12-18 00:00:00,rolling_global_norm,167759,0.8024964383430994,0.4198197478269704,0.0722657029056254,0.0166007044043425,2.8871749258546693
London,lightgbm_quantile__c80__h6,0.8,6.0,2014-01,10,1,35,2013-12-11 00:00:00,2013-12-18 00:00:00,rolling_group_norm,167759,0.8029315863828468,0.4204053818145503,0.0715822744592868,0.0180893939944083,2.886842148273553
London,lightgbm_quantile__c80__h6,0.8,6.0,2014-01,10,1,35,2013-12-11 00:00:00,2013-12-18 00:00:00,rolling_user_norm,167759,0.8040641634726006,0.4266034877741299,0.0436667859368014,0.0209215351657527,2.862273784183702
London,lightgbm_quantile__c80__h6,0.8,6.0,2014-01,10,2,42,2013-12-18 00:00:00,2013-12-25 00:00:00,rolling_global_norm,167932,0.798186170592859,0.4081531544652788,0.0734117651671999,0.0223335511508022,2.893863768375213
London,lightgbm_quantile__c80__h6,0.8,6.0,2014-01,10,2,42,2013-12-18 00:00:00,2013-12-25 00:00:00,rolling_group_norm,167932,0.7979003406140581,0.4085564341608061,0.0711810111989459,0.0214985841864516,2.893044397176036
London,lightgbm_quantile__c80__h6,0.8,6.0,2014-01,10,2,42,2013-12-18 00:00:00,2013-12-25 00:00:00,rolling_user_norm,167932,0.7988531072100612,0.4140160929515479,0.0469417137210615,0.0192478036738545,2.8686440536901974
London,lightgbm_quantile__c80__h6,0.8,6.0,2014-01,10,3,49,2013-12-25 00:00:00,2014-01-01 00:00:00,rolling_global_norm,167992,0.7952521548645174,0.4022229265604842,0.0757555749128919,0.0243879020643303,3.036595693075772
London,lightgbm_quantile__c80__h6,0.8,6.0,2014-01,10,3,49,2013-12-25 00:00:00,2014-01-01 00:00:00,rolling_group_norm,167992,0.7944783084908805,0.4024503642834504,0.0755844367015098,0.0121939510321651,3.035355364380916
London,lightgbm_quantile__c80__h6,0.8,6.0,2014-01,10,3,49,2013-12-25 00:00:00,2014-01-01 00:00:00,rolling_user_norm,167992,0.790424544025906,0.4077792222309966,0.0550618176538908,0.0122299567930869,3.012562406620991
London,lightgbm_quantile__c90__h6,0.9,6.0,2013-03,0,1,35,2013-02-08 00:00:00,2013-02-15 00:00:00,rolling_global_norm,167996,0.8945927283982952,0.605159157985247,0.0349154905335628,0.0082349270353302,3.634401852468786
London,lightgbm_quantile__c90__h6,0.9,6.0,2013-03,0,1,35,2013-02-08 00:00:00,2013-02-15 00:00:00,rolling_group_norm,167996,0.8948070192147433,0.6051718052580383,0.0347846815834767,0.0102642276422764,3.634288821010578
London,lightgbm_quantile__c90__h6,0.9,6.0,2013-03,0,1,35,2013-02-08 00:00:00,2013-02-15 00:00:00,rolling_user_norm,167996,0.8948903545322507,0.6002272895387296,0.028147891566265,0.0095746225319396,3.627681527043253
London,lightgbm_quantile__c90__h6,0.9,6.0,2013-03,0,2,42,2013-02-15 00:00:00,2013-02-22 00:00:00,rolling_global_norm,167990,0.9004047859991666,0.5885071989831153,0.0348922290388548,0.0028745644599302,3.5357060213057667
London,lightgbm_quantile__c90__h6,0.9,6.0,2013-03,0,2,42,2013-02-15 00:00:00,2013-02-22 00:00:00,rolling_group_norm,167990,0.900172629323174,0.588557789620581,0.0348838957055214,0.0016623112659698,3.5356884793690355
London,lightgbm_quantile__c90__h6,0.9,6.0,2013-03,0,2,42,2013-02-15 00:00:00,2013-02-22 00:00:00,rolling_user_norm,167990,0.898446336091434,0.5839891120296691,0.0293906733859187,0.004057781649245,3.531259244194257
London,lightgbm_quantile__c90__h6,0.9,6.0,2013-03,0,3,49,2013-02-22 00:00:00,2013-03-01 00:00:00,rolling_global_norm,167832,0.8874290957624291,0.6128209485384527,0.0397356261022927,0.0169425087108013,3.794466518765398
London,lightgbm_quantile__c90__h6,0.9,6.0,2013-03,0,3,49,2013-02-22 00:00:00,2013-03-01 00:00:00,rolling_group_norm,167832,0.8875303875303875,0.612876616453612,0.0398653880070546,0.0217697444831591,3.794261066775913
London,lightgbm_quantile__c90__h6,0.9,6.0,2013-03,0,3,49,2013-02-22 00:00:00,2013-03-01 00:00:00,rolling_user_norm,167832,0.8894072644072644,0.6085317700858112,0.0329124338624338,0.0182128339140534,3.788616954229141
London,lightgbm_quantile__c90__h6,0.9,6.0,2013-04,1,1,35,2013-03-11 00:00:00,2013-03-18 00:00:00,rolling_global_norm,167949,0.8831788221424361,0.5819098492163282,0.0447957803785353,0.0273228803716608,3.826706855577224
London,lightgbm_quantile__c90__h6,0.9,6.0,2013-04,1,1,35,2013-03-11 00:00:00,2013-03-18 00:00:00,rolling_group_norm,167949,0.8829763797343241,0.5819109877058717,0.0452008204319398,0.0342552264808362,3.82638975569185
London,lightgbm_quantile__c90__h6,0.9,6.0,2013-04,1,1,35,2013-03-11 00:00:00,2013-03-18 00:00:00,rolling_user_norm,167949,0.8847030943917499,0.5793730783251566,0.0345098624442917,0.0330937862950058,3.8081909454446343
London,lightgbm_quantile__c90__h6,0.9,6.0,2013-04,1,2,42,2013-03-18 00:00:00,2013-03-25 00:00:00,rolling_global_norm,167965,0.8887565861935522,0.5802575973180929,0.0427395183652514,0.0142232840694896,3.746026788202832
London,lightgbm_quantile__c90__h6,0.9,6.0,2013-04,1,2,42,2013-03-18 00:00:00,2013-03-25 00:00:00,rolling_group_norm,167965,0.8887506325722621,0.5802779531936066,0.0427346845283934,0.0152003484320557,3.7456602728279424
London,lightgbm_quantile__c90__h6,0.9,6.0,2013-04,1,2,42,2013-03-18 00:00:00,2013-03-25 00:00:00,rolling_user_norm,167965,0.8888161224064537,0.5820504454291822,0.0328681761123381,0.0133130081300812,3.727096527806269
London,lightgbm_quantile__c90__h6,0.9,6.0,2013-04,1,3,49,2013-03-25 00:00:00,2013-04-01 00:00:00,rolling_global_norm,167982,0.8793739805455346,0.5993661828491628,0.0489466430941155,0.0243668227103589,3.929150090149456
London,lightgbm_quantile__c90__h6,0.9,6.0,2013-04,1,3,49,2013-03-25 00:00:00,2013-04-01 00:00:00,rolling_group_norm,167982,0.8795049469586027,0.5993525440020924,0.0486561669036394,0.02590737514518,3.928469049508704
London,lightgbm_quantile__c90__h6,0.9,6.0,2013-04,1,3,49,2013-03-25 00:00:00,2013-04-01 00:00:00,rolling_user_norm,167982,0.8785048398042647,0.6023233567498141,0.0390861994562099,0.0227941176470588,3.9076775717119423
London,lightgbm_quantile__c90__h6,0.9,6.0,2013-05,2,1,35,2013-04-10 00:00:00,2013-04-17 00:00:00,rolling_global_norm,168000,0.9114404761904762,0.5193325738051577,0.0413499999999999,0.025413763066202,3.21998280848656
London,lightgbm_quantile__c90__h6,0.9,6.0,2013-05,2,1,35,2013-04-10 00:00:00,2013-04-17 00:00:00,rolling_group_norm,168000,0.9120178571428572,0.5194355448026385,0.0409511904761904,0.0241797328687571,3.219704736656436
London,lightgbm_quantile__c90__h6,0.9,6.0,2013-05,2,1,35,2013-04-10 00:00:00,2013-04-17 00:00:00,rolling_user_norm,168000,0.9054940476190476,0.5252052354375433,0.036020238095238,0.0137267711962834,3.227667876250354
London,lightgbm_quantile__c90__h6,0.9,6.0,2013-05,2,2,42,2013-04-17 00:00:00,2013-04-24 00:00:00,rolling_global_norm,167810,0.9080865264286992,0.4857544601451509,0.040714574844277,0.0239659809551501,3.107767659663971
London,lightgbm_quantile__c90__h6,0.9,6.0,2013-05,2,2,42,2013-04-17 00:00:00,2013-04-24 00:00:00,rolling_group_norm,167810,0.9081699541147726,0.4856835379422241,0.0399058008396448,0.0210583702842189,3.107400780424519
London,lightgbm_quantile__c90__h6,0.9,6.0,2013-05,2,2,42,2013-04-17 00:00:00,2013-04-24 00:00:00,rolling_user_norm,167810,0.901084559918956,0.4912686284170877,0.0378150181817297,0.0038671221923384,3.117795070587518
London,lightgbm_quantile__c90__h6,0.9,6.0,2013-05,2,3,49,2013-04-24 00:00:00,2013-05-01 00:00:00,rolling_global_norm,167719,0.9088713860683644,0.468849577337539,0.041543082214797,0.0176257665477675,3.0446470517683752
London,lightgbm_quantile__c90__h6,0.9,6.0,2013-05,2,3,49,2013-04-24 00:00:00,2013-05-01 00:00:00,rolling_group_norm,167719,0.9093841484864564,0.4686877973300909,0.0406731629781796,0.013843807864067,3.0443454980969005
London,lightgbm_quantile__c90__h6,0.9,6.0,2013-05,2,3,49,2013-04-24 00:00:00,2013-05-01 00:00:00,rolling_user_norm,167719,0.8998682319832577,0.4737671145718065,0.0396455080009376,0.0052182789887708,3.0479843563979565
London,lightgbm_quantile__c90__h6,0.9,6.0,2013-06,3,1,35,2013-05-11 00:00:00,2013-05-18 00:00:00,rolling_global_norm,167986,0.887901372733442,0.441683129948593,0.0484195134575569,0.0200076804915514,3.0798170399536886
London,lightgbm_quantile__c90__h6,0.9,6.0,2013-06,3,1,35,2013-05-11 00:00:00,2013-05-18 00:00:00,rolling_group_norm,167986,0.8880799590442061,0.4414411785659026,0.0474914596273291,0.0134581881533101,3.07888858913808
London,lightgbm_quantile__c90__h6,0.9,6.0,2013-06,3,1,35,2013-05-11 00:00:00,2013-05-18 00:00:00,rolling_user_norm,167986,0.8835557725048516,0.4413776893498225,0.0381819358178053,0.0185164431058032,3.0590166622154378
London,lightgbm_quantile__c90__h6,0.9,6.0,2013-06,3,2,42,2013-05-18 00:00:00,2013-05-25 00:00:00,rolling_global_norm,167909,0.8890649101596698,0.4482418788090307,0.049404817757779,0.0179380057144229,3.03168536835782
London,lightgbm_quantile__c90__h6,0.9,6.0,2013-06,3,2,42,2013-05-18 00:00:00,2013-05-25 00:00:00,rolling_group_norm,167909,0.8888445527041433,0.4479032731664717,0.0496743544483207,0.0178861788617886,3.0309353584608427
London,lightgbm_quantile__c90__h6,0.9,6.0,2013-06,3,2,42,2013-05-18 00:00:00,2013-05-25 00:00:00,rolling_user_norm,167909,0.8895413587121596,0.4480040468182059,0.0341107405575347,0.015236643437863,3.008764137540526
London,lightgbm_quantile__c90__h6,0.9,6.0,2013-06,3,3,49,2013-05-25 00:00:00,2013-06-01 00:00:00,rolling_global_norm,167861,0.8894501998677478,0.4435761528155619,0.0517104022078742,0.0233478589692801,3.03972348976318
London,lightgbm_quantile__c90__h6,0.9,6.0,2013-06,3,3,49,2013-05-25 00:00:00,2013-06-01 00:00:00,rolling_group_norm,167861,0.8889974443140456,0.443193136034098,0.0509961367548316,0.0147285146636895,3.0382122956371225
London,lightgbm_quantile__c90__h6,0.9,6.0,2013-06,3,3,49,2013-05-25 00:00:00,2013-06-01 00:00:00,rolling_user_norm,167861,0.889688492264433,0.4431322166076532,0.0356509694265846,0.0138937282229965,3.01468741656578
London,lightgbm_quantile__c90__h6,0.9,6.0,2013-07,4,1,35,2013-06-10 00:00:00,2013-06-17 00:00:00,rolling_global_norm,167844,0.8975775124520388,0.4226372451794248,0.0503470115987106,0.0148783358554923,2.9124349499463933
London,lightgbm_quantile__c90__h6,0.9,6.0,2013-07,4,1,35,2013-06-10 00:00:00,2013-06-17 00:00:00,rolling_group_norm,167844,0.8964872143180572,0.4217639034894726,0.0507376709393699,0.0122241579558652,2.911117349891772
London,lightgbm_quantile__c90__h6,0.9,6.0,2013-07,4,1,35,2013-06-10 00:00:00,2013-06-17 00:00:00,rolling_user_norm,167844,0.8940027644717714,0.4201149913818415,0.0317409170132471,0.0216971544715447,2.881675160031052
London,lightgbm_quantile__c90__h6,0.9,6.0,2013-07,4,2,42,2013-06-17 00:00:00,2013-06-24 00:00:00,rolling_global_norm,167685,0.9071413662521992,0.4122239652693102,0.0500256522945965,0.0230908826945411,2.767843383920452
London,lightgbm_quantile__c90__h6,0.9,6.0,2013-07,4,2,42,2013-06-17 00:00:00,2013-06-24 00:00:00,rolling_group_norm,167685,0.9065688642394968,0.4114812562196321,0.0495125246730816,0.0106054006968641,2.766413131349952
London,lightgbm_quantile__c90__h6,0.9,6.0,2013-07,4,2,42,2013-06-17 00:00:00,2013-06-24 00:00:00,rolling_user_norm,167685,0.9050183379550945,0.4097812625644172,0.0319947667365737,0.0066779018327364,2.739798461813396
London,lightgbm_quantile__c90__h6,0.9,6.0,2013-07,4,3,49,2013-06-24 00:00:00,2013-07-01 00:00:00,rolling_global_norm,167891,0.90344926172338,0.4089737432171446,0.0505387554112554,0.021965737514518,2.7905774255957514
London,lightgbm_quantile__c90__h6,0.9,6.0,2013-07,4,3,49,2013-06-24 00:00:00,2013-07-01 00:00:00,rolling_group_norm,167891,0.902007850331465,0.408330256539837,0.0505479978354978,0.0079195702671311,2.788642404819828
London,lightgbm_quantile__c90__h6,0.9,6.0,2013-07,4,3,49,2013-06-24 00:00:00,2013-07-01 00:00:00,rolling_user_norm,167891,0.9012871446355076,0.4066100552042272,0.0336235317460317,0.0025479094076654,2.759796347376441
London,lightgbm_quantile__c90__h6,0.9,6.0,2013-08,5,1,35,2013-07-11 00:00:00,2013-07-18 00:00:00,rolling_global_norm,167813,0.9051980478270456,0.3790736211628524,0.0533849031027984,0.0184930425169769,2.602842162284242
London,lightgbm_quantile__c90__h6,0.9,6.0,2013-08,5,1,35,2013-07-11 00:00:00,2013-07-18 00:00:00,rolling_group_norm,167813,0.9060918999124024,0.3790941792074901,0.0536697728626682,0.0087367737633577,2.60188961535037
London,lightgbm_quantile__c90__h6,0.9,6.0,2013-08,5,1,35,2013-07-11 00:00:00,2013-07-18 00:00:00,rolling_user_norm,167813,0.9062051211765476,0.3760021615236924,0.0358872032761597,0.0071210801393728,2.56848727842607
London,lightgbm_quantile__c90__h6,0.9,6.0,2013-08,5,2,42,2013-07-18 00:00:00,2013-07-25 00:00:00,rolling_global_norm,167824,0.9074268281056344,0.3702543650944815,0.0535206724409842,0.0214576074332171,2.5974218162191787
London,lightgbm_quantile__c90__h6,0.9,6.0,2013-08,5,2,42,2013-07-18 00:00:00,2013-07-25 00:00:00,rolling_group_norm,167824,0.9081299456573552,0.3702639113612494,0.052842302610068,0.0134001161440185,2.5962699257529382
London,lightgbm_quantile__c90__h6,0.9,6.0,2013-08,5,2,42,2013-07-18 00:00:00,2013-07-25 00:00:00,rolling_user_norm,167824,0.9080882352941176,0.3677208738287813,0.0371222033927286,0.0137993612078978,2.558354147973693
London,lightgbm_quantile__c90__h6,0.9,6.0,2013-08,5,3,49,2013-07-25 00:00:00,2013-08-01 00:00:00,rolling_global_norm,167914,0.9053920459282728,0.3682369010965819,0.0500316323887795,0.0225418739925712,2.6493618269501544
London,lightgbm_quantile__c90__h6,0.9,6.0,2013-08,5,3,49,2013-07-25 00:00:00,2013-08-01 00:00:00,rolling_group_norm,167914,0.9056004859630524,0.3682627580160747,0.0497567960743338,0.0126252715677341,2.6481607610344877
London,lightgbm_quantile__c90__h6,0.9,6.0,2013-08,5,3,49,2013-07-25 00:00:00,2013-08-01 00:00:00,rolling_user_norm,167914,0.9033552890169968,0.3656963222218434,0.0341611249950849,0.009944635223211,2.6170259666017874
London,lightgbm_quantile__c90__h6,0.9,6.0,2013-09,6,1,35,2013-08-11 00:00:00,2013-08-18 00:00:00,rolling_global_norm,167973,0.8916016264518702,0.3685439107940766,0.0568091655108645,0.0239799347158218,2.6110347907942244
London,lightgbm_quantile__c90__h6,0.9,6.0,2013-09,6,1,35,2013-08-11 00:00:00,2013-08-18 00:00:00,rolling_group_norm,167973,0.8920362201068028,0.3690988117858066,0.0565905686546463,0.009890879792619,2.6085775207057926
London,lightgbm_quantile__c90__h6,0.9,6.0,2013-09,6,1,35,2013-08-11 00:00:00,2013-08-18 00:00:00,rolling_user_norm,167973,0.8843802277747019,0.3663991375803848,0.0378186199722607,0.01803955453149,2.5785564248849537
London,lightgbm_quantile__c90__h6,0.9,6.0,2013-09,6,2,42,2013-08-18 00:00:00,2013-08-25 00:00:00,rolling_global_norm,167944,0.8952507978850093,0.3763821904297017,0.0572986727714144,0.0199116743471582,2.639201361754611
London,lightgbm_quantile__c90__h6,0.9,6.0,2013-09,6,2,42,2013-08-18 00:00:00,2013-08-25 00:00:00,rolling_group_norm,167944,0.8958462344591054,0.3767774788577657,0.0560964618151047,0.0051147273425499,2.6369346111124594
London,lightgbm_quantile__c90__h6,0.9,6.0,2013-09,6,2,42,2013-08-18 00:00:00,2013-08-25 00:00:00,rolling_user_norm,167944,0.8904992140237222,0.3742171189967821,0.0334635077618946,0.0164706736353078,2.5999824872027237
London,lightgbm_quantile__c90__h6,0.9,6.0,2013-09,6,3,49,2013-08-25 00:00:00,2013-09-01 00:00:00,rolling_global_norm,167963,0.8925358561111674,0.3781400302294013,0.0569859287486706,0.0272321428571429,2.6925836162611376
London,lightgbm_quantile__c90__h6,0.9,6.0,2013-09,6,3,49,2013-08-25 00:00:00,2013-09-01 00:00:00,rolling_group_norm,167963,0.8924346433440699,0.3784828856024153,0.0558769910197329,0.0116671466973886,2.689117202134834
London,lightgbm_quantile__c90__h6,0.9,6.0,2013-09,6,3,49,2013-08-25 00:00:00,2013-09-01 00:00:00,rolling_user_norm,167963,0.888177753433792,0.3759562814689844,0.0351075404702824,0.0145473310291859,2.6518709207901474
London,lightgbm_quantile__c90__h6,0.9,6.0,2013-10,7,1,35,2013-09-10 00:00:00,2013-09-17 00:00:00,rolling_global_norm,167973,0.886404362605895,0.4187653094317154,0.0553174205814243,0.0271773448097861,3.0551790058112744
London,lightgbm_quantile__c90__h6,0.9,6.0,2013-10,7,1,35,2013-09-10 00:00:00,2013-09-17 00:00:00,rolling_group_norm,167973,0.8869223029891709,0.4185965652025873,0.0538317741959846,0.0215519744483159,3.0528663626464216
London,lightgbm_quantile__c90__h6,0.9,6.0,2013-10,7,1,35,2013-09-10 00:00:00,2013-09-17 00:00:00,rolling_user_norm,167973,0.874086906824311,0.415814162898455,0.0460774106128,0.0352714866434379,3.032376349934457
London,lightgbm_quantile__c90__h6,0.9,6.0,2013-10,7,2,42,2013-09-17 00:00:00,2013-09-24 00:00:00,rolling_global_norm,167794,0.8908363827073673,0.4428934681329314,0.0531504244100818,0.0217861001080302,3.096874677800137
London,lightgbm_quantile__c90__h6,0.9,6.0,2013-10,7,2,42,2013-09-17 00:00:00,2013-09-24 00:00:00,rolling_group_norm,167794,0.8902761719727761,0.4424612050347334,0.0519482901435979,0.0169467787114846,3.094956376534097
London,lightgbm_quantile__c90__h6,0.9,6.0,2013-10,7,2,42,2013-09-17 00:00:00,2013-09-24 00:00:00,rolling_user_norm,167794,0.880985017342694,0.4405802568507488,0.040404244494885,0.0232142857142857,3.0721857233259424
London,lightgbm_quantile__c90__h6,0.9,6.0,2013-10,7,3,49,2013-09-24 00:00:00,2013-10-01 00:00:00,rolling_global_norm,167868,0.9013093621178544,0.431572313249644,0.0522575671996626,0.0148634453781512,2.9159922422211126
London,lightgbm_quantile__c90__h6,0.9,6.0,2013-10,7,3,49,2013-09-24 00:00:00,2013-10-01 00:00:00,rolling_group_norm,167868,0.9001239068792146,0.4309910454488078,0.0519897238378938,0.0045565910837817,2.9148385624369384
London,lightgbm_quantile__c90__h6,0.9,6.0,2013-10,7,3,49,2013-09-24 00:00:00,2013-10-01 00:00:00,rolling_user_norm,167868,0.8965973264707985,0.4294267309357777,0.0325582781326177,0.0068102240896358,2.889465965736957
London,lightgbm_quantile__c90__h6,0.9,6.0,2013-11,8,1,35,2013-10-11 00:00:00,2013-10-18 00:00:00,rolling_global_norm,167967,0.8941518274422953,0.4724208192491069,0.0497451897045552,0.0171668667466986,3.3370002425148373
London,lightgbm_quantile__c90__h6,0.9,6.0,2013-11,8,1,35,2013-10-11 00:00:00,2013-10-18 00:00:00,rolling_group_norm,167967,0.8935088439991189,0.471747737075149,0.0495778020821072,0.0148736933797909,3.335418844194619
London,lightgbm_quantile__c90__h6,0.9,6.0,2013-11,8,1,35,2013-10-11 00:00:00,2013-10-18 00:00:00,rolling_user_norm,167967,0.8855608542154113,0.4703882592439032,0.0368996269339924,0.0276495354239256,3.309740119696613
London,lightgbm_quantile__c90__h6,0.9,6.0,2013-11,8,2,42,2013-10-18 00:00:00,2013-10-25 00:00:00,rolling_global_norm,167953,0.902954993361238,0.4692117152165526,0.0515993862250782,0.0204656862745097,3.1299220961968097
London,lightgbm_quantile__c90__h6,0.9,6.0,2013-11,8,2,42,2013-10-18 00:00:00,2013-10-25 00:00:00,rolling_group_norm,167953,0.9026572910278472,0.4685999330193838,0.0503160528917449,0.0047981997677118,3.1280220761436976
London,lightgbm_quantile__c90__h6,0.9,6.0,2013-11,8,2,42,2013-10-18 00:00:00,2013-10-25 00:00:00,rolling_user_norm,167953,0.8995850029472531,0.4675667608999121,0.0326679106936892,0.0096617305458768,3.104093813462868
London,lightgbm_quantile__c90__h6,0.9,6.0,2013-11,8,3,49,2013-10-25 00:00:00,2013-11-01 00:00:00,rolling_global_norm,167533,0.8979902466976656,0.4690678608771521,0.052418802434125,0.017083920378599,3.295393230526722
London,lightgbm_quantile__c90__h6,0.9,6.0,2013-11,8,3,49,2013-10-25 00:00:00,2013-11-01 00:00:00,rolling_group_norm,167533,0.8984021058537721,0.46848325994847,0.0491298746504391,0.0038377707934443,3.2929895753007563
London,lightgbm_quantile__c90__h6,0.9,6.0,2013-11,8,3,49,2013-10-25 00:00:00,2013-11-01 00:00:00,rolling_user_norm,167533,0.8942775453194296,0.4672285339840481,0.0332575505140021,0.0086309523809523,3.264512503910824
London,lightgbm_quantile__c90__h6,0.9,6.0,2013-12,9,1,35,2013-11-10 00:00:00,2013-11-17 00:00:00,rolling_global_norm,167852,0.8949312489574148,0.5392531837845819,0.0523869107976078,0.0165829266533644,3.5987605371017737
London,lightgbm_quantile__c90__h6,0.9,6.0,2013-12,9,1,35,2013-11-10 00:00:00,2013-11-17 00:00:00,rolling_group_norm,167852,0.8938767485642113,0.5393475161946654,0.0515734214428215,0.0131527344033699,3.5968071346263604
London,lightgbm_quantile__c90__h6,0.9,6.0,2013-12,9,1,35,2013-11-10 00:00:00,2013-11-17 00:00:00,rolling_user_norm,167852,0.8887889331077378,0.5381065547040825,0.0365273689398596,0.0220495315563947,3.5770889909344814
London,lightgbm_quantile__c90__h6,0.9,6.0,2013-12,9,2,42,2013-11-17 00:00:00,2013-11-24 00:00:00,rolling_global_norm,167717,0.8963611321452208,0.5620890095866272,0.0497454640258232,0.0158536371757369,3.748562118270592
London,lightgbm_quantile__c90__h6,0.9,6.0,2013-12,9,2,42,2013-11-17 00:00:00,2013-11-24 00:00:00,rolling_group_norm,167717,0.8960868606044706,0.5623564557160825,0.0488071246783079,0.0171004392173944,3.74695220632772
London,lightgbm_quantile__c90__h6,0.9,6.0,2013-12,9,2,42,2013-11-17 00:00:00,2013-11-24 00:00:00,rolling_user_norm,167717,0.8904106321959014,0.5631586129192628,0.0370293356345536,0.0274093433518458,3.719026073288187
London,lightgbm_quantile__c90__h6,0.9,6.0,2013-12,9,3,49,2013-11-24 00:00:00,2013-12-01 00:00:00,rolling_global_norm,167784,0.9001215848948648,0.5787505188453548,0.0495362215483677,0.0205281776470176,3.803607921965644
London,lightgbm_quantile__c90__h6,0.9,6.0,2013-12,9,3,49,2013-11-24 00:00:00,2013-12-01 00:00:00,rolling_group_norm,167784,0.8996328612978591,0.5793048714501317,0.0481658869694247,0.0061265969802555,3.801735593275308
London,lightgbm_quantile__c90__h6,0.9,6.0,2013-12,9,3,49,2013-11-24 00:00:00,2013-12-01 00:00:00,rolling_user_norm,167784,0.8946383445382158,0.583596476835699,0.0337731380516757,0.0171965737514517,3.762962362836152
London,lightgbm_quantile__c90__h6,0.9,6.0,2014-01,10,1,35,2013-12-11 00:00:00,2013-12-18 00:00:00,rolling_global_norm,167759,0.902222831561943,0.582385101605084,0.0491308679847843,0.0145971713489545,3.7177633039898894
London,lightgbm_quantile__c90__h6,0.9,6.0,2014-01,10,1,35,2013-12-11 00:00:00,2013-12-18 00:00:00,rolling_group_norm,167759,0.9027235498542552,0.5839975632478384,0.0487353238591473,0.011695290657565,3.717141461186503
London,lightgbm_quantile__c90__h6,0.9,6.0,2014-01,10,1,35,2013-12-11 00:00:00,2013-12-18 00:00:00,rolling_user_norm,167759,0.9008756609183411,0.5968353997329177,0.0318367012141625,0.0092262445081877,3.662520710374237
London,lightgbm_quantile__c90__h6,0.9,6.0,2014-01,10,2,42,2013-12-18 00:00:00,2013-12-25 00:00:00,rolling_global_norm,167932,0.8992687516375676,0.5690581736892243,0.051012794089968,0.0142002738212475,3.7401203724216736
London,lightgbm_quantile__c90__h6,0.9,6.0,2014-01,10,2,42,2013-12-18 00:00:00,2013-12-25 00:00:00,rolling_group_norm,167932,0.899381892670843,0.5703452272092795,0.049447499058912,0.0150874900166992,3.7386417384970647
London,lightgbm_quantile__c90__h6,0.9,6.0,2014-01,10,2,42,2013-12-18 00:00:00,2013-12-25 00:00:00,rolling_user_norm,167932,0.8961484410356573,0.5838121822796755,0.0332108413325804,0.0116024105133231,3.672638978836424
London,lightgbm_quantile__c90__h6,0.9,6.0,2014-01,10,3,49,2013-12-25 00:00:00,2014-01-01 00:00:00,rolling_global_norm,167992,0.8943699699985713,0.5637802696005407,0.0533896051103368,0.0213034085453672,4.001536061936388
London,lightgbm_quantile__c90__h6,0.9,6.0,2014-01,10,3,49,2013-12-25 00:00:00,2014-01-01 00:00:00,rolling_group_norm,167992,0.8943044906900328,0.5647030087532499,0.0519882694541231,0.0106697071531445,3.998939148239972
London,lightgbm_quantile__c90__h6,0.9,6.0,2014-01,10,3,49,2013-12-25 00:00:00,2014-01-01 00:00:00,rolling_user_norm,167992,0.8895959331396733,0.5781668086493479,0.03910368757259,0.013298127700432,3.9262644820214097
Ausgrid,lightgbm_quantile__c80__h1,0.8,1.0,2012-07,0,1,35,2012-06-10 00:00:00,2012-06-17 00:00:00,rolling_global_norm,100464,0.797688724319159,0.6086267206767463,0.0411192068800764,0.0086647029945998,2.914278703117699
Ausgrid,lightgbm_quantile__c80__h1,0.8,1.0,2012-07,0,1,35,2012-06-10 00:00:00,2012-06-17 00:00:00,rolling_group_norm,100464,0.7978977544194935,0.6085428067316966,0.0415153686892817,0.013372564935065,2.914226721064999
Ausgrid,lightgbm_quantile__c80__h1,0.8,1.0,2012-07,0,1,35,2012-06-10 00:00:00,2012-06-17 00:00:00,rolling_user_norm,100464,0.7979475234910017,0.6095621677697445,0.0315794712533843,0.0121550324675324,2.9110087719292506
Ausgrid,lightgbm_quantile__c80__h1,0.8,1.0,2012-07,0,2,42,2012-06-17 00:00:00,2012-06-24 00:00:00,rolling_global_norm,100464,0.7921942188246536,0.5982412931062077,0.0434444179009396,0.0131370091896407,2.8365957412298406
Ausgrid,lightgbm_quantile__c80__h1,0.8,1.0,2012-07,0,2,42,2012-06-17 00:00:00,2012-06-24 00:00:00,rolling_group_norm,100464,0.7924430641821946,0.5980251373202624,0.0435101130753304,0.0100243506493507,2.83651740723059
Ausgrid,lightgbm_quantile__c80__h1,0.8,1.0,2012-07,0,2,42,2012-06-17 00:00:00,2012-06-24 00:00:00,rolling_user_norm,100464,0.7927018633540373,0.5989920930708965,0.0341057493231406,0.011140422077922,2.832948459631969
Ausgrid,lightgbm_quantile__c80__h1,0.8,1.0,2012-07,0,3,49,2012-06-24 00:00:00,2012-07-01 00:00:00,rolling_global_norm,100464,0.7942247969421883,0.6172033289491545,0.0435041407867494,0.0116228070175439,2.914852924915893
Ausgrid,lightgbm_quantile__c80__h1,0.8,1.0,2012-07,0,3,49,2012-06-24 00:00:00,2012-07-01 00:00:00,rolling_group_norm,100464,0.7942546583850931,0.616982492973427,0.0433269628921802,0.0131696428571429,2.9147405536847666
Ausgrid,lightgbm_quantile__c80__h1,0.8,1.0,2012-07,0,3,49,2012-06-24 00:00:00,2012-07-01 00:00:00,rolling_user_norm,100464,0.7948618410574932,0.6179360361676552,0.0350195094760312,0.014454816017316,2.9109413459183
Ausgrid,lightgbm_quantile__c80__h1,0.8,1.0,2012-08,1,1,35,2012-07-11 00:00:00,2012-07-18 00:00:00,rolling_global_norm,100464,0.8044871794871795,0.5643532513868664,0.0434822423952858,0.0127454590083455,2.646711181369166
Ausgrid,lightgbm_quantile__c80__h1,0.8,1.0,2012-08,1,1,35,2012-07-11 00:00:00,2012-07-18 00:00:00,rolling_group_norm,100464,0.8049749163879598,0.5638850664273615,0.0434364548494983,0.0066829004329004,2.646571201895053
Ausgrid,lightgbm_quantile__c80__h1,0.8,1.0,2012-08,1,1,35,2012-07-11 00:00:00,2012-07-18 00:00:00,rolling_user_norm,100464,0.8057015448319796,0.5646586564143358,0.0311235865583691,0.0099634740259739,2.642786534012808
Ausgrid,lightgbm_quantile__c80__h1,0.8,1.0,2012-08,1,2,42,2012-07-18 00:00:00,2012-07-25 00:00:00,rolling_global_norm,100464,0.7889194139194139,0.6005383485545364,0.0484750756489886,0.0200553467000835,2.947174439234338
Ausgrid,lightgbm_quantile__c80__h1,0.8,1.0,2012-08,1,2,42,2012-07-18 00:00:00,2012-07-25 00:00:00,rolling_group_norm,100464,0.7893673355629878,0.6000273331027979,0.0482262302914476,0.0129281537176274,2.9469938439872867
Ausgrid,lightgbm_quantile__c80__h1,0.8,1.0,2012-08,1,2,42,2012-07-18 00:00:00,2012-07-25 00:00:00,rolling_user_norm,100464,0.7892279821627648,0.6007751786701231,0.0349717311673833,0.0136069340016709,2.942369212486465
Ausgrid,lightgbm_quantile__c80__h1,0.8,1.0,2012-08,1,3,49,2012-07-25 00:00:00,2012-08-01 00:00:00,rolling_global_norm,100464,0.7941551202420768,0.5931240066232011,0.0447762382544991,0.0136069340016709,2.862306516819073
Ausgrid,lightgbm_quantile__c80__h1,0.8,1.0,2012-08,1,3,49,2012-07-25 00:00:00,2012-08-01 00:00:00,rolling_group_norm,100464,0.7944736422997293,0.5925826841841642,0.0446010511227902,0.0071834415584416,2.8621480039499723
Ausgrid,lightgbm_quantile__c80__h1,0.8,1.0,2012-08,1,3,49,2012-07-25 00:00:00,2012-08-01 00:00:00,rolling_user_norm,100464,0.7950111482720178,0.593603729605733,0.0292005096352922,0.0077583874458875,2.856415266232132
Ausgrid,lightgbm_quantile__c80__h1,0.8,1.0,2012-09,2,1,35,2012-08-11 00:00:00,2012-08-18 00:00:00,rolling_global_norm,100464,0.8051739926739927,0.6059257794017636,0.044551282051282,0.009002209131075,2.8156525948029465
Ausgrid,lightgbm_quantile__c80__h1,0.8,1.0,2012-09,2,1,35,2012-08-11 00:00:00,2012-08-18 00:00:00,rolling_group_norm,100464,0.8049251473164517,0.6053877703580013,0.0440635451505016,0.0083228905597325,2.8156579036635714
Ausgrid,lightgbm_quantile__c80__h1,0.8,1.0,2012-09,2,1,35,2012-08-11 00:00:00,2012-08-18 00:00:00,rolling_user_norm,100464,0.8055223761745501,0.6067154380905833,0.0278627169931517,0.0089494569757727,2.8094845773709265
Ausgrid,lightgbm_quantile__c80__h1,0.8,1.0,2012-09,2,2,42,2012-08-18 00:00:00,2012-08-25 00:00:00,rolling_global_norm,100464,0.8212394489568403,0.5238289444540095,0.0440973881191272,0.0262150220913106,2.3182563526536213
Ausgrid,lightgbm_quantile__c80__h1,0.8,1.0,2012-09,2,2,42,2012-08-18 00:00:00,2012-08-25 00:00:00,rolling_group_norm,100464,0.8211598184424271,0.5233174881326271,0.0436315496098104,0.0239650974025973,2.318194651168406
Ausgrid,lightgbm_quantile__c80__h1,0.8,1.0,2012-09,2,2,42,2012-08-18 00:00:00,2012-08-25 00:00:00,rolling_user_norm,100464,0.8224239528587355,0.5244155381776101,0.0352245580506449,0.0253179112554111,2.3156376907985874
Ausgrid,lightgbm_quantile__c80__h1,0.8,1.0,2012-09,2,3,49,2012-08-25 00:00:00,2012-09-01 00:00:00,rolling_global_norm,100464,0.8094441790093964,0.4898392137741358,0.0458552317247969,0.0165193912616592,2.288795118434612
Ausgrid,lightgbm_quantile__c80__h1,0.8,1.0,2012-09,2,3,49,2012-08-25 00:00:00,2012-09-01 00:00:00,rolling_group_norm,100464,0.8090161649944259,0.4893094542987026,0.0453635132982959,0.0118912337662336,2.288673654669361
Ausgrid,lightgbm_quantile__c80__h1,0.8,1.0,2012-09,2,3,49,2012-08-25 00:00:00,2012-09-01 00:00:00,rolling_user_norm,100464,0.8106585443541965,0.4900762698162675,0.0356266921484312,0.0156114718614718,2.284351032115503
Ausgrid,lightgbm_quantile__c80__h1,0.8,1.0,2012-10,3,1,35,2012-09-10 00:00:00,2012-09-17 00:00:00,rolling_global_norm,100464,0.8043975951584648,0.4215701813321129,0.0432612677177894,0.0161864177489177,1.991335160755531
Ausgrid,lightgbm_quantile__c80__h1,0.8,1.0,2012-10,3,1,35,2012-09-10 00:00:00,2012-09-17 00:00:00,rolling_group_norm,100464,0.80430801082975,0.4211637315868172,0.0429726071030418,0.017201028138528,1.991243837962296
Ausgrid,lightgbm_quantile__c80__h1,0.8,1.0,2012-10,3,1,35,2012-09-10 00:00:00,2012-09-17 00:00:00,rolling_user_norm,100464,0.80242673992674,0.4205372545424171,0.034059961777353,0.0151718073593073,1.988421747453617
Ausgrid,lightgbm_quantile__c80__h1,0.8,1.0,2012-10,3,2,42,2012-09-17 00:00:00,2012-09-24 00:00:00,rolling_global_norm,100464,0.8098224239528587,0.4058503246755145,0.0442347507564898,0.0162878787878787,1.837058811963368
Ausgrid,lightgbm_quantile__c80__h1,0.8,1.0,2012-10,3,2,42,2012-09-17 00:00:00,2012-09-24 00:00:00,rolling_group_norm,100464,0.8098025163242555,0.4055140359027062,0.0439401178531613,0.0155776515151514,1.836979546046953
Ausgrid,lightgbm_quantile__c80__h1,0.8,1.0,2012-10,3,2,42,2012-09-17 00:00:00,2012-09-24 00:00:00,rolling_user_norm,100464,0.8081501831501832,0.4050334561391491,0.0334567606306736,0.0156452922077922,1.8340407495495024
Ausgrid,lightgbm_quantile__c80__h1,0.8,1.0,2012-10,3,3,49,2012-09-24 00:00:00,2012-10-01 00:00:00,rolling_global_norm,100464,0.8109372511546424,0.3714131322098918,0.0448439241917502,0.0201433982683981,1.6974007908865043
Ausgrid,lightgbm_quantile__c80__h1,0.8,1.0,2012-10,3,3,49,2012-09-24 00:00:00,2012-10-01 00:00:00,rolling_group_norm,100464,0.810977066411849,0.3710738777872154,0.0451305940436375,0.018756764069264,1.697305248861097
Ausgrid,lightgbm_quantile__c80__h1,0.8,1.0,2012-10,3,3,49,2012-09-24 00:00:00,2012-10-01 00:00:00,rolling_user_norm,100464,0.8085881509794554,0.3706986250290529,0.0373108775282688,0.0195008116883116,1.6950578271583951
Ausgrid,lightgbm_quantile__c80__h1,0.8,1.0,2012-11,4,1,35,2012-10-11 00:00:00,2012-10-18 00:00:00,rolling_global_norm,100464,0.7850573339703775,0.403848929991762,0.0445373467112597,0.019141604010025,2.0111602555175585
Ausgrid,lightgbm_quantile__c80__h1,0.8,1.0,2012-11,4,1,35,2012-10-11 00:00:00,2012-10-18 00:00:00,rolling_group_norm,100464,0.7846691352126135,0.4036734000970666,0.044575171205606,0.0183051055473736,2.011071039387609
Ausgrid,lightgbm_quantile__c80__h1,0.8,1.0,2012-11,4,1,35,2012-10-11 00:00:00,2012-10-18 00:00:00,rolling_user_norm,100464,0.7815038222646918,0.4034738603259246,0.0350314540531931,0.0222334956709957,2.0073326634391027
Ausgrid,lightgbm_quantile__c80__h1,0.8,1.0,2012-11,4,2,42,2012-10-18 00:00:00,2012-10-25 00:00:00,rolling_global_norm,100464,0.800346392737697,0.3672999226503506,0.0451743908265647,0.0072240259740259,1.754797815882847
Ausgrid,lightgbm_quantile__c80__h1,0.8,1.0,2012-11,4,2,42,2012-10-18 00:00:00,2012-10-25 00:00:00,rolling_group_norm,100464,0.7997491638795987,0.3671465030287061,0.0447802197802197,0.0027184585174275,1.7547123381468357
Ausgrid,lightgbm_quantile__c80__h1,0.8,1.0,2012-11,4,2,42,2012-10-18 00:00:00,2012-10-25 00:00:00,rolling_user_norm,100464,0.8013218665392579,0.3671747969318688,0.0302715400541487,0.0033364661654134,1.751054502097828
Ausgrid,lightgbm_quantile__c80__h1,0.8,1.0,2012-11,4,3,49,2012-10-25 00:00:00,2012-11-01 00:00:00,rolling_global_norm,100464,0.7995301799649626,0.3580711865665847,0.0447443860487338,0.0058792815371763,1.6886162644291691
Ausgrid,lightgbm_quantile__c80__h1,0.8,1.0,2012-11,4,3,49,2012-10-25 00:00:00,2012-11-01 00:00:00,rolling_group_norm,100464,0.7999781016085364,0.3579706005244761,0.044435817805383,0.0039028679653679,1.6885919248851284
Ausgrid,lightgbm_quantile__c80__h1,0.8,1.0,2012-11,4,3,49,2012-10-25 00:00:00,2012-11-01 00:00:00,rolling_user_norm,100464,0.8016702500398153,0.3578572935812278,0.0327898550724637,0.0041718880534669,1.6851545314887135
Ausgrid,lightgbm_quantile__c80__h1,0.8,1.0,2012-12,5,1,35,2012-11-10 00:00:00,2012-11-17 00:00:00,rolling_global_norm,100464,0.7891682592769549,0.3574833207096916,0.0463987099856665,0.0199509189640768,1.7478149783355683
Ausgrid,lightgbm_quantile__c80__h1,0.8,1.0,2012-12,5,1,35,2012-11-10 00:00:00,2012-11-17 00:00:00,rolling_group_norm,100464,0.7889094601051123,0.3573854965067051,0.0456581462016244,0.0142857142857143,1.7476422426788183
Ausgrid,lightgbm_quantile__c80__h1,0.8,1.0,2012-12,5,1,35,2012-11-10 00:00:00,2012-11-17 00:00:00,rolling_user_norm,100464,0.7894668737060041,0.3567712593084021,0.0318741041567128,0.0136431277056277,1.7427685872751624
Ausgrid,lightgbm_quantile__c80__h1,0.8,1.0,2012-12,5,2,42,2012-11-17 00:00:00,2012-11-24 00:00:00,rolling_global_norm,100464,0.7932393693263259,0.3595149116758569,0.0457079152731326,0.0181495405179615,1.7199267608384754
Ausgrid,lightgbm_quantile__c80__h1,0.8,1.0,2012-12,5,2,42,2012-11-17 00:00:00,2012-11-24 00:00:00,rolling_group_norm,100464,0.7927615862398472,0.3593961467480165,0.0454331899984074,0.0096908939014203,1.719706000597792
Ausgrid,lightgbm_quantile__c80__h1,0.8,1.0,2012-12,5,2,42,2012-11-17 00:00:00,2012-11-24 00:00:00,rolling_user_norm,100464,0.7927317247969422,0.3586886974662468,0.0292582417582417,0.0085682957393483,1.714591379345266
Ausgrid,lightgbm_quantile__c80__h1,0.8,1.0,2012-12,5,3,49,2012-11-24 00:00:00,2012-12-01 00:00:00,rolling_global_norm,100464,0.807184663162924,0.3939667085676023,0.0440217391304347,0.0101242690058479,2.0539142646535304
Ausgrid,lightgbm_quantile__c80__h1,0.8,1.0,2012-12,5,3,49,2012-11-24 00:00:00,2012-12-01 00:00:00,rolling_group_norm,100464,0.8075828157349897,0.3938940151516552,0.0448658225832138,0.0179041353383457,2.054151440173995
Ausgrid,lightgbm_quantile__c80__h1,0.8,1.0,2012-12,5,3,49,2012-11-24 00:00:00,2012-12-01 00:00:00,rolling_user_norm,100464,0.8087872272654881,0.3930946586602719,0.0333612040133779,0.0197838345864661,2.050405779476724
Ausgrid,lightgbm_quantile__c80__h1,0.8,1.0,2013-01,6,1,35,2012-12-11 00:00:00,2012-12-18 00:00:00,rolling_global_norm,100464,0.800346392737697,0.379057235759331,0.0466555183946488,0.0130749458874458,1.830410860330481
Ausgrid,lightgbm_quantile__c80__h1,0.8,1.0,2013-01,6,1,35,2012-12-11 00:00:00,2012-12-18 00:00:00,rolling_group_norm,100464,0.8000378244943462,0.3791021468480955,0.0466176939003026,0.0074269480519479,1.8302713415843237
Ausgrid,lightgbm_quantile__c80__h1,0.8,1.0,2013-01,6,1,35,2012-12-11 00:00:00,2012-12-18 00:00:00,rolling_user_norm,100464,0.8005952380952381,0.3775624298081556,0.0318940117853161,0.0091517857142856,1.8263884176237053
Ausgrid,lightgbm_quantile__c80__h1,0.8,1.0,2013-01,6,2,42,2012-12-18 00:00:00,2012-12-25 00:00:00,rolling_global_norm,100464,0.7983058608058609,0.4218670417361896,0.0452998088867654,0.0079037800687286,2.187229565301525
Ausgrid,lightgbm_quantile__c80__h1,0.8,1.0,2013-01,6,2,42,2012-12-18 00:00:00,2012-12-25 00:00:00,rolling_group_norm,100464,0.7982959069915592,0.4219479342289643,0.045564580347189,0.0087628865979382,2.1872418521578054
Ausgrid,lightgbm_quantile__c80__h1,0.8,1.0,2013-01,6,2,42,2012-12-18 00:00:00,2012-12-25 00:00:00,rolling_user_norm,100464,0.7956880076445294,0.420508547043728,0.03610447523491,0.0103583701521846,2.18422051113757
Ausgrid,lightgbm_quantile__c80__h1,0.8,1.0,2013-01,6,3,49,2012-12-25 00:00:00,2013-01-01 00:00:00,rolling_global_norm,100464,0.7999581939799331,0.3967411582274649,0.0510929288103201,0.0122754803675856,1.8450289104098463
Ausgrid,lightgbm_quantile__c80__h1,0.8,1.0,2013-01,6,3,49,2012-12-25 00:00:00,2013-01-01 00:00:00,rolling_group_norm,100464,0.799848702022615,0.3968707147861629,0.0509794553272814,0.0066885964912281,1.844855479973985
Ausgrid,lightgbm_quantile__c80__h1,0.8,1.0,2013-01,6,3,49,2012-12-25 00:00:00,2013-01-01 00:00:00,rolling_user_norm,100464,0.8021380793119923,0.3955982994429846,0.0341415830546265,0.0054315476190476,1.8398185370939484
Ausgrid,lightgbm_quantile__c80__h1,0.8,1.0,2013-02,7,1,35,2013-01-11 00:00:00,2013-01-18 00:00:00,rolling_global_norm,100464,0.7953893932154802,0.4490149280421865,0.04720895046982,0.0091948621553885,2.282738403473655
Ausgrid,lightgbm_quantile__c80__h1,0.8,1.0,2013-02,7,1,35,2013-01-11 00:00:00,2013-01-18 00:00:00,rolling_group_norm,100464,0.7957477305303392,0.449268138248322,0.0472527472527472,0.0076890034364262,2.2826317295255514
Ausgrid,lightgbm_quantile__c80__h1,0.8,1.0,2013-02,7,1,35,2013-01-11 00:00:00,2013-01-18 00:00:00,rolling_user_norm,100464,0.79229375696767,0.4473327185880867,0.0336737537824494,0.0102356406480118,2.2769170687129474
Ausgrid,lightgbm_quantile__c80__h1,0.8,1.0,2013-02,7,2,42,2013-01-18 00:00:00,2013-01-25 00:00:00,rolling_global_norm,100464,0.797499601847428,0.4511071766611905,0.0508998248128683,0.0095081453634086,2.255977529439202
Ausgrid,lightgbm_quantile__c80__h1,0.8,1.0,2013-02,7,2,42,2013-01-18 00:00:00,2013-01-25 00:00:00,rolling_group_norm,100464,0.797609093804746,0.4513631884197541,0.0508182035355948,0.0037923416789397,2.255835456585576
Ausgrid,lightgbm_quantile__c80__h1,0.8,1.0,2013-02,7,2,42,2013-01-18 00:00:00,2013-01-25 00:00:00,rolling_user_norm,100464,0.7959368530020704,0.4494307866237156,0.0341555183946488,0.0059320887445888,2.249593821676884
Ausgrid,lightgbm_quantile__c80__h1,0.8,1.0,2013-02,7,3,49,2013-01-25 00:00:00,2013-02-01 00:00:00,rolling_global_norm,100464,0.7989827201783724,0.4232089112923086,0.0500457875457875,0.0097943722943723,2.1131071776636827
Ausgrid,lightgbm_quantile__c80__h1,0.8,1.0,2013-02,7,3,49,2013-01-25 00:00:00,2013-02-01 00:00:00,rolling_group_norm,100464,0.7989528587354674,0.4234599707064971,0.0495500875935658,0.0031173294059891,2.112982103273091
Ausgrid,lightgbm_quantile__c80__h1,0.8,1.0,2013-02,7,3,49,2013-01-25 00:00:00,2013-02-01 00:00:00,rolling_user_norm,100464,0.7963648670170409,0.4214336144762876,0.034691033604077,0.0120197510822511,2.105642510980551
Ausgrid,lightgbm_quantile__c80__h1,0.8,1.0,2013-03,8,1,35,2013-02-08 00:00:00,2013-02-15 00:00:00,rolling_global_norm,100464,0.8098323777671603,0.3952843952025547,0.0490862398471094,0.0192978896103895,1.948754976475688
Ausgrid,lightgbm_quantile__c80__h1,0.8,1.0,2013-03,8,1,35,2013-02-08 00:00:00,2013-02-15 00:00:00,rolling_group_norm,100464,0.8099219620958752,0.3955398613750649,0.0491758241758241,0.0120822890559731,1.9487521314689729
Ausgrid,lightgbm_quantile__c80__h1,0.8,1.0,2013-03,8,1,35,2013-02-08 00:00:00,2013-02-15 00:00:00,rolling_user_norm,100464,0.8061096512183469,0.3933042977437098,0.0316989170250039,0.0066152597402596,1.9429985343902307
Ausgrid,lightgbm_quantile__c80__h1,0.8,1.0,2013-03,8,2,42,2013-02-15 00:00:00,2013-02-22 00:00:00,rolling_global_norm,100464,0.8094740404523013,0.3706499547737599,0.0464584328714763,0.0164231601731601,1.812416195785875
Ausgrid,lightgbm_quantile__c80__h1,0.8,1.0,2013-03,8,2,42,2013-02-15 00:00:00,2013-02-22 00:00:00,rolling_group_norm,100464,0.8091157031374423,0.3709194387908634,0.0460045389393215,0.0120822890559731,1.81245278230016
Ausgrid,lightgbm_quantile__c80__h1,0.8,1.0,2013-03,8,2,42,2013-02-15 00:00:00,2013-02-22 00:00:00,rolling_user_norm,100464,0.8067466953336518,0.3688112260369103,0.0309822423952858,0.0099154135338345,1.8064667919313384
Ausgrid,lightgbm_quantile__c80__h1,0.8,1.0,2013-03,8,3,49,2013-02-22 00:00:00,2013-03-01 00:00:00,rolling_global_norm,100464,0.808209906035993,0.3937454361913416,0.0477703455964325,0.0154761904761904,1.9678269529413557
Ausgrid,lightgbm_quantile__c80__h1,0.8,1.0,2013-03,8,3,49,2013-02-22 00:00:00,2013-03-01 00:00:00,rolling_group_norm,100464,0.8084189361363274,0.3940136343665282,0.046832696289218,0.0105680868838763,1.967831181564628
Ausgrid,lightgbm_quantile__c80__h1,0.8,1.0,2013-03,8,3,49,2013-02-22 00:00:00,2013-03-01 00:00:00,rolling_user_norm,100464,0.8081800445930881,0.3918744306911882,0.0323160535117056,0.0104114452798662,1.9619246871092293
Ausgrid,lightgbm_quantile__c80__h1,0.8,1.0,2013-04,9,1,35,2013-03-11 00:00:00,2013-03-18 00:00:00,rolling_global_norm,100464,0.8042482879439401,0.3721018501456853,0.0463529224398789,0.0080018939393938,1.7975954512007792
Ausgrid,lightgbm_quantile__c80__h1,0.8,1.0,2013-04,9,1,35,2013-03-11 00:00:00,2013-03-18 00:00:00,rolling_group_norm,100464,0.8037306896002548,0.372324517946959,0.0461976429367733,0.0074987727049582,1.797605512306299
Ausgrid,lightgbm_quantile__c80__h1,0.8,1.0,2013-04,9,1,35,2013-03-11 00:00:00,2013-03-18 00:00:00,rolling_user_norm,100464,0.8045767638158943,0.3706958020859495,0.0293816690555821,0.0080203730976926,1.791051990679935
Ausgrid,lightgbm_quantile__c80__h1,0.8,1.0,2013-04,9,2,42,2013-03-18 00:00:00,2013-03-25 00:00:00,rolling_global_norm,100464,0.7966933428889951,0.3714272266554437,0.0452361044752349,0.0075355915562101,1.868696161179333
Ausgrid,lightgbm_quantile__c80__h1,0.8,1.0,2013-04,9,2,42,2013-03-18 00:00:00,2013-03-25 00:00:00,rolling_group_norm,100464,0.7965042204172639,0.3716309329885755,0.0451664277751234,0.0049889543446245,1.8686544375433525
Ausgrid,lightgbm_quantile__c80__h1,0.8,1.0,2013-04,9,2,42,2013-03-18 00:00:00,2013-03-25 00:00:00,rolling_user_norm,100464,0.7935379837553751,0.369858081842974,0.0318721133938525,0.0087053571428571,1.8639454450992048
Ausgrid,lightgbm_quantile__c80__h1,0.8,1.0,2013-04,9,3,49,2013-03-25 00:00:00,2013-04-01 00:00:00,rolling_global_norm,100464,0.8022774327122153,0.3997232980087745,0.0456521739130434,0.0055964653902798,1.9493858313657972
Ausgrid,lightgbm_quantile__c80__h1,0.8,1.0,2013-04,9,3,49,2013-03-25 00:00:00,2013-04-01 00:00:00,rolling_group_norm,100464,0.8021878483835005,0.3999410383838698,0.0453874024526198,0.0081737849779086,1.9493972431950928
Ausgrid,lightgbm_quantile__c80__h1,0.8,1.0,2013-04,9,3,49,2013-03-25 00:00:00,2013-04-01 00:00:00,rolling_user_norm,100464,0.8032031374422679,0.3982837617351139,0.0303014014970536,0.008081737849779,1.9440956374795528
Ausgrid,lightgbm_quantile__c80__h1,0.8,1.0,2013-05,10,1,35,2013-04-10 00:00:00,2013-04-17 00:00:00,rolling_global_norm,100464,0.8047857939162287,0.357006313002114,0.0452659659181398,0.0126352813852813,1.6873395412829886
Ausgrid,lightgbm_quantile__c80__h1,0.8,1.0,2013-05,10,1,35,2013-04-10 00:00:00,2013-04-17 00:00:00,rolling_group_norm,100464,0.8048753782449435,0.3570372999324482,0.0452759197324414,0.0080357142857142,1.6873095256419262
Ausgrid,lightgbm_quantile__c80__h1,0.8,1.0,2013-05,10,1,35,2013-04-10 00:00:00,2013-04-17 00:00:00,rolling_user_norm,100464,0.8017896958114349,0.3552059271066327,0.0308906673037107,0.0047889610389609,1.6829985188938883
Ausgrid,lightgbm_quantile__c80__h1,0.8,1.0,2013-05,10,2,42,2013-04-17 00:00:00,2013-04-24 00:00:00,rolling_global_norm,100464,0.7857043318999841,0.3861934111620599,0.0480231724796942,0.0198725981620718,1.916680844647627
Ausgrid,lightgbm_quantile__c80__h1,0.8,1.0,2013-05,10,2,42,2013-04-17 00:00:00,2013-04-24 00:00:00,rolling_group_norm,100464,0.7860626692148431,0.3862257563405563,0.0480152094282529,0.0165178571428571,1.9165830413853988
Ausgrid,lightgbm_quantile__c80__h1,0.8,1.0,2013-05,10,2,42,2013-04-17 00:00:00,2013-04-24 00:00:00,rolling_user_norm,100464,0.7823698041089345,0.3845397347075801,0.0382107023411371,0.0220305735930735,1.9129778356918767
Ausgrid,lightgbm_quantile__c80__h1,0.8,1.0,2013-05,10,3,49,2013-04-24 00:00:00,2013-05-01 00:00:00,rolling_global_norm,100464,0.7947623029144768,0.3811463204863537,0.0474538143016403,0.010656850459482,1.805398117551945
Ausgrid,lightgbm_quantile__c80__h1,0.8,1.0,2013-05,10,3,49,2013-04-24 00:00:00,2013-05-01 00:00:00,rolling_group_norm,100464,0.7947125338429686,0.3811781072971201,0.047439878961618,0.0059094256259205,1.8053211138434788
Ausgrid,lightgbm_quantile__c80__h1,0.8,1.0,2013-05,10,3,49,2013-04-24 00:00:00,2013-05-01 00:00:00,rolling_user_norm,100464,0.7928113553113553,0.3797078675534338,0.0340997770345596,0.0083640157093766,1.800224489862652
Ausgrid,lightgbm_quantile__c80__h1,0.8,1.0,2013-06,11,1,35,2013-05-11 00:00:00,2013-05-18 00:00:00,rolling_global_norm,100464,0.7917861124382863,0.4239146504244193,0.0449633699633699,0.0144945697577276,2.11993289555078
Ausgrid,lightgbm_quantile__c80__h1,0.8,1.0,2013-06,11,1,35,2013-05-11 00:00:00,2013-05-18 00:00:00,rolling_group_norm,100464,0.7917363433667781,0.4239741125429948,0.0447861920688007,0.0112757034632035,2.1198208430561847
Ausgrid,lightgbm_quantile__c80__h1,0.8,1.0,2013-06,11,1,35,2013-05-11 00:00:00,2013-05-18 00:00:00,rolling_user_norm,100464,0.7912884217232043,0.4230642091869802,0.0307612677177894,0.0122564935064936,2.115148208100313
Ausgrid,lightgbm_quantile__c80__h1,0.8,1.0,2013-06,11,2,42,2013-05-18 00:00:00,2013-05-25 00:00:00,rolling_global_norm,100464,0.7812450230928492,0.4928499658900527,0.0505235706322662,0.0256161236424394,2.5292109479651823
Ausgrid,lightgbm_quantile__c80__h1,0.8,1.0,2013-06,11,2,42,2013-05-18 00:00:00,2013-05-25 00:00:00,rolling_group_norm,100464,0.781802436693741,0.4929272168419905,0.0503802357063226,0.0203733766233766,2.5290012616995123
Ausgrid,lightgbm_quantile__c80__h1,0.8,1.0,2013-06,11,2,42,2013-05-18 00:00:00,2013-05-25 00:00:00,rolling_user_norm,100464,0.7783186016881669,0.4920315147177127,0.0414815257206561,0.0242846700083542,2.524702835857314
Ausgrid,lightgbm_quantile__c80__h1,0.8,1.0,2013-06,11,3,49,2013-05-25 00:00:00,2013-06-01 00:00:00,rolling_global_norm,100464,0.7944238732282211,0.4943460560283852,0.0480152094282529,0.0086401570937654,2.3935475992979645
Ausgrid,lightgbm_quantile__c80__h1,0.8,1.0,2013-06,11,3,49,2013-05-25 00:00:00,2013-06-01 00:00:00,rolling_group_norm,100464,0.7947822105430801,0.4943659651666255,0.0478559483994266,0.0111254295532646,2.393570003701217
Ausgrid,lightgbm_quantile__c80__h1,0.8,1.0,2013-06,11,3,49,2013-05-25 00:00:00,2013-06-01 00:00:00,rolling_user_norm,100464,0.7923733874820831,0.4937297436182346,0.0322802197802197,0.0126288659793815,2.3876716408070044
Ausgrid,lightgbm_quantile__c90__h1,0.9,1.0,2012-07,0,1,35,2012-06-10 00:00:00,2012-06-17 00:00:00,rolling_global_norm,100464,0.897336359292881,0.8365509408215789,0.0302476508998248,0.0071950710108604,3.605250012210648
Ausgrid,lightgbm_quantile__c90__h1,0.9,1.0,2012-07,0,1,35,2012-06-10 00:00:00,2012-06-17 00:00:00,rolling_group_norm,100464,0.8972666825927695,0.8362296502462467,0.0296165790731008,0.0086647727272727,3.6051006986172975
Ausgrid,lightgbm_quantile__c90__h1,0.9,1.0,2012-07,0,1,35,2012-06-10 00:00:00,2012-06-17 00:00:00,rolling_user_norm,100464,0.8964305621914318,0.8370579769068042,0.0222786271699315,0.0098484848484848,3.600052949729488
Ausgrid,lightgbm_quantile__c90__h1,0.9,1.0,2012-07,0,2,42,2012-06-17 00:00:00,2012-06-24 00:00:00,rolling_global_norm,100464,0.8941710463449594,0.8232502844993874,0.0310957158783245,0.0123903508771929,3.502450460434358
Ausgrid,lightgbm_quantile__c90__h1,0.9,1.0,2012-07,0,2,42,2012-06-17 00:00:00,2012-06-24 00:00:00,rolling_group_norm,100464,0.8938624781016086,0.8228886087133077,0.0308468705207835,0.0073457792207792,3.5021107533170226
Ausgrid,lightgbm_quantile__c90__h1,0.9,1.0,2012-07,0,2,42,2012-06-17 00:00:00,2012-06-24 00:00:00,rolling_user_norm,100464,0.8935738174868609,0.8238554220569803,0.0244983277591973,0.0076951399116347,3.4975109086979423
Ausgrid,lightgbm_quantile__c90__h1,0.9,1.0,2012-07,0,3,49,2012-06-24 00:00:00,2012-07-01 00:00:00,rolling_global_norm,100464,0.8952958273610447,0.8473535519639469,0.0309065934065934,0.0130430242272348,3.600575950675673
Ausgrid,lightgbm_quantile__c90__h1,0.9,1.0,2012-07,0,3,49,2012-06-24 00:00:00,2012-07-01 00:00:00,rolling_group_norm,100464,0.8954650422041727,0.8469997686528556,0.0306696926262143,0.0064664502164502,3.600068408900251
Ausgrid,lightgbm_quantile__c90__h1,0.9,1.0,2012-07,0,3,49,2012-06-24 00:00:00,2012-07-01 00:00:00,rolling_user_norm,100464,0.8943502150023889,0.8478213349636736,0.0237935977066411,0.0091382575757575,3.593739659496927
Ausgrid,lightgbm_quantile__c90__h1,0.9,1.0,2012-08,1,1,35,2012-07-11 00:00:00,2012-07-18 00:00:00,rolling_global_norm,100464,0.9039158305462652,0.7866526262799716,0.0304726071030418,0.0087506136475208,3.3001303472493646
Ausgrid,lightgbm_quantile__c90__h1,0.9,1.0,2012-08,1,1,35,2012-07-11 00:00:00,2012-07-18 00:00:00,rolling_group_norm,100464,0.903846153846154,0.7860625582026411,0.0302834846313107,0.0043630338733431,3.2998309363191227
Ausgrid,lightgbm_quantile__c90__h1,0.9,1.0,2012-08,1,1,35,2012-07-11 00:00:00,2012-07-18 00:00:00,rolling_user_norm,100464,0.905140149705367,0.7873254663012901,0.0219501512979773,0.0075351731601731,3.292508522051513
Ausgrid,lightgbm_quantile__c90__h1,0.9,1.0,2012-08,1,2,42,2012-07-18 00:00:00,2012-07-25 00:00:00,rolling_global_norm,100464,0.8917224080267558,0.8285112301333635,0.0330984233158146,0.0124686716791979,3.652970976207961
Ausgrid,lightgbm_quantile__c90__h1,0.9,1.0,2012-08,1,2,42,2012-07-18 00:00:00,2012-07-25 00:00:00,rolling_group_norm,100464,0.8918119923554706,0.8279514766258691,0.0330128205128205,0.0100175865800865,3.6528033494578582
Ausgrid,lightgbm_quantile__c90__h1,0.9,1.0,2012-08,1,2,42,2012-07-18 00:00:00,2012-07-25 00:00:00,rolling_user_norm,100464,0.8908962414397197,0.8290811658506742,0.0246555980251632,0.0105486008836525,3.644791216871692
Ausgrid,lightgbm_quantile__c90__h1,0.9,1.0,2012-08,1,3,49,2012-07-25 00:00:00,2012-08-01 00:00:00,rolling_global_norm,100464,0.8945194298455168,0.8234034135888405,0.0326743908265647,0.0141917293233082,3.538860198039085
Ausgrid,lightgbm_quantile__c90__h1,0.9,1.0,2012-08,1,3,49,2012-07-25 00:00:00,2012-08-01 00:00:00,rolling_group_norm,100464,0.8949175824175825,0.8228108835241409,0.0323479057174709,0.0074134199134199,3.5383434014604664
Ausgrid,lightgbm_quantile__c90__h1,0.9,1.0,2012-08,1,3,49,2012-07-25 00:00:00,2012-08-01 00:00:00,rolling_user_norm,100464,0.8952261506609333,0.8239624677870706,0.0220138557095078,0.0064326298701299,3.5276172152209475
Ausgrid,lightgbm_quantile__c90__h1,0.9,1.0,2012-09,2,1,35,2012-08-11 00:00:00,2012-08-18 00:00:00,rolling_global_norm,100464,0.9034280936454848,0.8361119980648384,0.0319477623825449,0.0080449189985272,3.4967745991478147
Ausgrid,lightgbm_quantile__c90__h1,0.9,1.0,2012-09,2,1,35,2012-08-11 00:00:00,2012-08-18 00:00:00,rolling_group_norm,100464,0.9030498487020228,0.8355362548701784,0.0317327599936295,0.0042096219931271,3.496635101105257
Ausgrid,lightgbm_quantile__c90__h1,0.9,1.0,2012-09,2,1,35,2012-08-11 00:00:00,2012-08-18 00:00:00,rolling_user_norm,100464,0.90406513776079,0.8376252790396895,0.0204570791527313,0.0058664702994599,3.486711810896821
Ausgrid,lightgbm_quantile__c90__h1,0.9,1.0,2012-09,2,2,42,2012-08-18 00:00:00,2012-08-25 00:00:00,rolling_global_norm,100464,0.914855072463768,0.7368493992795319,0.0323260073260073,0.0205326460481098,2.9241243987429044
Ausgrid,lightgbm_quantile__c90__h1,0.9,1.0,2012-09,2,2,42,2012-08-18 00:00:00,2012-08-25 00:00:00,rolling_group_norm,100464,0.9143275203057812,0.7363071435520283,0.0316551202420767,0.0163291605301914,2.923993636233431
Ausgrid,lightgbm_quantile__c90__h1,0.9,1.0,2012-09,2,2,42,2012-08-18 00:00:00,2012-08-25 00:00:00,rolling_user_norm,100464,0.9147953495779584,0.7379290777029299,0.0240444338270425,0.0164637445887445,2.9199810573400966
Ausgrid,lightgbm_quantile__c90__h1,0.9,1.0,2012-09,2,3,49,2012-08-25 00:00:00,2012-09-01 00:00:00,rolling_global_norm,100464,0.9070015129797738,0.6874118551722921,0.0334985666507405,0.0124631811487481,2.9051912489050653
Ausgrid,lightgbm_quantile__c90__h1,0.9,1.0,2012-09,2,3,49,2012-08-25 00:00:00,2012-09-01 00:00:00,rolling_group_norm,100464,0.9068721133938524,0.6867561523582506,0.0332138875617136,0.0076153657339224,2.9049331370933897
Ausgrid,lightgbm_quantile__c90__h1,0.9,1.0,2012-09,2,3,49,2012-08-25 00:00:00,2012-09-01 00:00:00,rolling_user_norm,100464,0.9066829909221212,0.6866929202356685,0.0243092052874661,0.0098349567099567,2.8976468887361806
Ausgrid,lightgbm_quantile__c90__h1,0.9,1.0,2012-10,3,1,35,2012-09-10 00:00:00,2012-09-17 00:00:00,rolling_global_norm,100464,0.9011984392419174,0.5983264210884018,0.0350652970218187,0.0084483225108225,2.549431897878614
Ausgrid,lightgbm_quantile__c90__h1,0.9,1.0,2012-10,3,1,35,2012-09-10 00:00:00,2012-09-17 00:00:00,rolling_group_norm,100464,0.9012183468705208,0.5976749467384176,0.0345158464723682,0.0086512445887445,2.549214326220472
Ausgrid,lightgbm_quantile__c90__h1,0.9,1.0,2012-10,3,1,35,2012-09-10 00:00:00,2012-09-17 00:00:00,rolling_user_norm,100464,0.8998148590539895,0.5960611816913493,0.0258301481127568,0.0090570887445887,2.543534946268766
Ausgrid,lightgbm_quantile__c90__h1,0.9,1.0,2012-10,3,2,42,2012-09-17 00:00:00,2012-09-24 00:00:00,rolling_global_norm,100464,0.907996894409938,0.5804645484539213,0.0355848861283643,0.0118802160039273,2.358633936444428
Ausgrid,lightgbm_quantile__c90__h1,0.9,1.0,2012-10,3,2,42,2012-09-17 00:00:00,2012-09-24 00:00:00,rolling_group_norm,100464,0.9077580028666984,0.5799036056210178,0.0350314540531931,0.00919237012987,2.358559932269059
Ausgrid,lightgbm_quantile__c90__h1,0.9,1.0,2012-10,3,2,42,2012-09-17 00:00:00,2012-09-24 00:00:00,rolling_user_norm,100464,0.9052994107341932,0.5782603796948116,0.0251672240802675,0.0102069805194805,2.353438843187352
Ausgrid,lightgbm_quantile__c90__h1,0.9,1.0,2012-10,3,3,49,2012-09-24 00:00:00,2012-10-01 00:00:00,rolling_global_norm,100464,0.9105052556139512,0.5310276180429427,0.035345994585125,0.0162946428571428,2.188181757285326
Ausgrid,lightgbm_quantile__c90__h1,0.9,1.0,2012-10,3,3,49,2012-09-24 00:00:00,2012-10-01 00:00:00,rolling_group_norm,100464,0.909818442427138,0.530456939028545,0.0351090938047459,0.0157196969696969,2.188165241605333
Ausgrid,lightgbm_quantile__c90__h1,0.9,1.0,2012-10,3,3,49,2012-09-24 00:00:00,2012-10-01 00:00:00,rolling_user_norm,100464,0.9077580028666984,0.5289124017139296,0.0274147953495779,0.0181547619047618,2.181720458475526
Ausgrid,lightgbm_quantile__c90__h1,0.9,1.0,2012-11,4,1,35,2012-10-11 00:00:00,2012-10-18 00:00:00,rolling_global_norm,100464,0.8895624303232998,0.5803704789340681,0.0335503264851091,0.0150532581453634,2.602806952347694
Ausgrid,lightgbm_quantile__c90__h1,0.9,1.0,2012-11,4,1,35,2012-10-11 00:00:00,2012-10-18 00:00:00,rolling_group_norm,100464,0.8890149705367096,0.580116012471225,0.0336717630195891,0.0124509081983309,2.602582981136559
Ausgrid,lightgbm_quantile__c90__h1,0.9,1.0,2012-11,4,1,35,2012-10-11 00:00:00,2012-10-18 00:00:00,rolling_user_norm,100464,0.8864966555183946,0.5783288395222985,0.026104873387482,0.0180668290043289,2.594980415580184
Ausgrid,lightgbm_quantile__c90__h1,0.9,1.0,2012-11,4,2,42,2012-10-18 00:00:00,2012-10-25 00:00:00,rolling_global_norm,100464,0.9024924351011308,0.5301901197290992,0.0346512183468705,0.0059456168831169,2.257370034957728
Ausgrid,lightgbm_quantile__c90__h1,0.9,1.0,2012-11,4,2,42,2012-10-18 00:00:00,2012-10-25 00:00:00,rolling_group_norm,100464,0.9029104953017996,0.5299694724478461,0.0342251950947603,0.0036120129870129,2.257271012515902
Ausgrid,lightgbm_quantile__c90__h1,0.9,1.0,2012-11,4,2,42,2012-10-18 00:00:00,2012-10-25 00:00:00,rolling_user_norm,100464,0.9020544672718586,0.528356527597491,0.0231326644370122,0.0035348788638261,2.249237596310784
Ausgrid,lightgbm_quantile__c90__h1,0.9,1.0,2012-11,4,3,49,2012-10-25 00:00:00,2012-11-01 00:00:00,rolling_global_norm,100464,0.9012681159420288,0.5169630528079533,0.0346094123268036,0.0055059523809523,2.17333350640075
Ausgrid,lightgbm_quantile__c90__h1,0.9,1.0,2012-11,4,3,49,2012-10-25 00:00:00,2012-11-01 00:00:00,rolling_group_norm,100464,0.9018056219143176,0.5167209899390811,0.0344581143494186,0.0031723484848484,2.1732214568811266
Ausgrid,lightgbm_quantile__c90__h1,0.9,1.0,2012-11,4,3,49,2012-10-25 00:00:00,2012-11-01 00:00:00,rolling_user_norm,100464,0.900800286669852,0.5147991190837587,0.024745182353878,0.002281746031746,2.1658217334741794
Ausgrid,lightgbm_quantile__c90__h1,0.9,1.0,2012-12,5,1,35,2012-11-10 00:00:00,2012-11-17 00:00:00,rolling_global_norm,100464,0.8934245102723364,0.5159330163980265,0.0364090619525402,0.0154709690893901,2.25100996467891
Ausgrid,lightgbm_quantile__c90__h1,0.9,1.0,2012-12,5,1,35,2012-11-10 00:00:00,2012-11-17 00:00:00,rolling_group_norm,100464,0.8929666348144609,0.5156749738824044,0.0356884057971014,0.0096752297410191,2.2506017287810045
Ausgrid,lightgbm_quantile__c90__h1,0.9,1.0,2012-12,5,1,35,2012-11-10 00:00:00,2012-11-17 00:00:00,rolling_user_norm,100464,0.8903388278388278,0.5131578458047562,0.0253842172320433,0.0108761487050961,2.240534347164245
Ausgrid,lightgbm_quantile__c90__h1,0.9,1.0,2012-12,5,2,42,2012-11-17 00:00:00,2012-11-24 00:00:00,rolling_global_norm,100464,0.8958333333333334,0.5173760431490508,0.0338449593884376,0.0110588972431078,2.2079542156591443
Ausgrid,lightgbm_quantile__c90__h1,0.9,1.0,2012-12,5,2,42,2012-11-17 00:00:00,2012-11-24 00:00:00,rolling_group_norm,100464,0.8956939799331104,0.5171576411206531,0.0336976429367733,0.0052098674521354,2.2076668034733022
Ausgrid,lightgbm_quantile__c90__h1,0.9,1.0,2012-12,5,2,42,2012-11-17 00:00:00,2012-11-24 00:00:00,rolling_user_norm,100464,0.8949673514890906,0.5148124177595993,0.0202699474438604,0.0079099165439371,2.198313476862173
Ausgrid,lightgbm_quantile__c90__h1,0.9,1.0,2012-12,5,3,49,2012-11-24 00:00:00,2012-12-01 00:00:00,rolling_global_norm,100464,0.9022037744863832,0.5632581492679374,0.0324912406434145,0.0042545995670995,2.7009970045791607
Ausgrid,lightgbm_quantile__c90__h1,0.9,1.0,2012-12,5,3,49,2012-11-24 00:00:00,2012-12-01 00:00:00,rolling_group_norm,100464,0.9017458990285078,0.5630464397556787,0.0326425386207994,0.0077903091060985,2.701273338284625
Ausgrid,lightgbm_quantile__c90__h1,0.9,1.0,2012-12,5,3,49,2012-11-24 00:00:00,2012-12-01 00:00:00,rolling_user_norm,100464,0.9029104953017996,0.5604974637001382,0.0243470297818123,0.0105054302422723,2.692865085586221
Ausgrid,lightgbm_quantile__c90__h1,0.9,1.0,2013-01,6,1,35,2012-12-11 00:00:00,2012-12-18 00:00:00,rolling_global_norm,100464,0.9011088549132028,0.5442613986456266,0.0354972925625099,0.0097673160173159,2.3853245938236056
Ausgrid,lightgbm_quantile__c90__h1,0.9,1.0,2013-01,6,1,35,2012-12-11 00:00:00,2012-12-18 00:00:00,rolling_group_norm,100464,0.9013079311992356,0.5443387097174502,0.0351787705048574,0.006351461038961,2.385083418161772
Ausgrid,lightgbm_quantile__c90__h1,0.9,1.0,2013-01,6,1,35,2012-12-11 00:00:00,2012-12-18 00:00:00,rolling_user_norm,100464,0.9000637044115305,0.5405989778045401,0.0237896161809205,0.0051001082251082,2.3779719016390923
Ausgrid,lightgbm_quantile__c90__h1,0.9,1.0,2013-01,6,2,42,2012-12-18 00:00:00,2012-12-25 00:00:00,rolling_global_norm,100464,0.8981923873228221,0.5974893911644152,0.0319995222169135,0.0068360333824251,2.846654848063404
Ausgrid,lightgbm_quantile__c90__h1,0.9,1.0,2013-01,6,2,42,2012-12-18 00:00:00,2012-12-25 00:00:00,rolling_group_norm,100464,0.8982122949514254,0.5975908820188109,0.0317367415193502,0.0079099165439371,2.8467324595590755
Ausgrid,lightgbm_quantile__c90__h1,0.9,1.0,2013-01,6,2,42,2012-12-18 00:00:00,2012-12-25 00:00:00,rolling_user_norm,100464,0.8952460582895365,0.5941946084571242,0.0282170727822901,0.0109983766233766,2.8424743097906155
Ausgrid,lightgbm_quantile__c90__h1,0.9,1.0,2013-01,6,3,49,2012-12-25 00:00:00,2013-01-01 00:00:00,rolling_global_norm,100464,0.9009495938843765,0.5734219643088261,0.0382564898869246,0.009868777056277,2.4220735543362983
Ausgrid,lightgbm_quantile__c90__h1,0.9,1.0,2013-01,6,3,49,2012-12-25 00:00:00,2013-01-01 00:00:00,rolling_group_norm,100464,0.9011984392419174,0.5735826347966573,0.0378244943462334,0.0044913419913419,2.4218176049468707
Ausgrid,lightgbm_quantile__c90__h1,0.9,1.0,2013-01,6,3,49,2012-12-25 00:00:00,2013-01-01 00:00:00,rolling_user_norm,100464,0.8989787386526517,0.5703794412722022,0.0257505175983436,0.0049498746867168,2.4122164391355807
Ausgrid,lightgbm_quantile__c90__h1,0.9,1.0,2013-02,7,1,35,2013-01-11 00:00:00,2013-01-18 00:00:00,rolling_global_norm,100464,0.895425226946966,0.6438277342278843,0.0359850294632903,0.0090486633249791,2.99443541219151
Ausgrid,lightgbm_quantile__c90__h1,0.9,1.0,2013-02,7,1,35,2013-01-11 00:00:00,2013-01-18 00:00:00,rolling_group_norm,100464,0.8955745341614907,0.6440725018228209,0.0366161012900143,0.0046104845446951,2.994210656533504
Ausgrid,lightgbm_quantile__c90__h1,0.9,1.0,2013-02,7,1,35,2013-01-11 00:00:00,2013-01-18 00:00:00,rolling_user_norm,100464,0.892936773371556,0.6403777854912953,0.0239249880554228,0.0079545454545454,2.9819545443873943
Ausgrid,lightgbm_quantile__c90__h1,0.9,1.0,2013-02,7,2,42,2013-01-18 00:00:00,2013-01-25 00:00:00,rolling_global_norm,100464,0.8961020863194776,0.6448919686772167,0.0376731963688485,0.0070645363408521,2.972989223451113
Ausgrid,lightgbm_quantile__c90__h1,0.9,1.0,2013-02,7,2,42,2013-01-18 00:00:00,2013-01-25 00:00:00,rolling_group_norm,100464,0.8957238413760152,0.6451217666259826,0.0374542124542124,0.0052405498281786,2.97279572430376
Ausgrid,lightgbm_quantile__c90__h1,0.9,1.0,2013-02,7,2,42,2013-01-18 00:00:00,2013-01-25 00:00:00,rolling_user_norm,100464,0.8945891065456283,0.6415287609017694,0.0260192705844879,0.0072655866470299,2.9600268935933536
Ausgrid,lightgbm_quantile__c90__h1,0.9,1.0,2013-02,7,3,49,2013-01-25 00:00:00,2013-02-01 00:00:00,rolling_global_norm,100464,0.8978539576365663,0.6062130148879528,0.0369366141105271,0.0060985797827903,2.740417172795357
Ausgrid,lightgbm_quantile__c90__h1,0.9,1.0,2013-02,7,3,49,2013-01-25 00:00:00,2013-02-01 00:00:00,rolling_group_norm,100464,0.8978937728937729,0.6065167749418074,0.0363672559324733,0.002387088856161,2.7402225686606205
Ausgrid,lightgbm_quantile__c90__h1,0.9,1.0,2013-02,7,3,49,2013-01-25 00:00:00,2013-02-01 00:00:00,rolling_user_norm,100464,0.8976847427934385,0.6029966861094009,0.0238115145723841,0.0059929653679653,2.7263066322395044
Ausgrid,lightgbm_quantile__c90__h1,0.9,1.0,2013-03,8,1,35,2013-02-08 00:00:00,2013-02-15 00:00:00,rolling_global_norm,100464,0.9069218824653608,0.5708056615628075,0.034824414715719,0.0105113636363636,2.54920308884322
Ausgrid,lightgbm_quantile__c90__h1,0.9,1.0,2013-03,8,1,35,2013-02-08 00:00:00,2013-02-15 00:00:00,rolling_group_norm,100464,0.9067128523650264,0.5709685946989916,0.0345914954610606,0.0078686299081035,2.5492380896687554
Ausgrid,lightgbm_quantile__c90__h1,0.9,1.0,2013-03,8,1,35,2013-02-08 00:00:00,2013-02-15 00:00:00,rolling_user_norm,100464,0.9041547220895046,0.5667725189822925,0.022688724319159,0.0060505645557191,2.540266502792751
Ausgrid,lightgbm_quantile__c90__h1,0.9,1.0,2013-03,8,2,42,2013-02-15 00:00:00,2013-02-22 00:00:00,rolling_global_norm,100464,0.90849458512502,0.5396931843918421,0.0347925625099538,0.0126082251082251,2.3648078743750225
Ausgrid,lightgbm_quantile__c90__h1,0.9,1.0,2013-03,8,2,42,2013-02-15 00:00:00,2013-02-22 00:00:00,rolling_group_norm,100464,0.9085642618251314,0.5398761922818149,0.0347348303870042,0.0096710849288168,2.3648270012747314
Ausgrid,lightgbm_quantile__c90__h1,0.9,1.0,2013-03,8,2,42,2013-02-15 00:00:00,2013-02-22 00:00:00,rolling_user_norm,100464,0.9064839146360886,0.5361534976529047,0.0246675426023252,0.0074619538537064,2.3557391271613617
Ausgrid,lightgbm_quantile__c90__h1,0.9,1.0,2013-03,8,3,49,2013-02-22 00:00:00,2013-03-01 00:00:00,rolling_global_norm,100464,0.9046623666188884,0.5674866464943946,0.0339584328714763,0.0067562592047127,2.5742009501733505
Ausgrid,lightgbm_quantile__c90__h1,0.9,1.0,2013-03,8,3,49,2013-02-22 00:00:00,2013-03-01 00:00:00,rolling_group_norm,100464,0.9046424589902852,0.5676586954910181,0.0337752826883261,0.0076153657339224,2.5742818645654224
Ausgrid,lightgbm_quantile__c90__h1,0.9,1.0,2013-03,8,3,49,2013-02-22 00:00:00,2013-03-01 00:00:00,rolling_user_norm,100464,0.9047121356903964,0.5636743969363606,0.0218486223921006,0.0058322890559732,2.5630424845132795
Ausgrid,lightgbm_quantile__c90__h1,0.9,1.0,2013-04,9,1,35,2013-03-11 00:00:00,2013-03-18 00:00:00,rolling_global_norm,100464,0.9027213728300684,0.5378478179260562,0.0364608217869087,0.0049648268398267,2.341064255050214
Ausgrid,lightgbm_quantile__c90__h1,0.9,1.0,2013-04,9,1,35,2013-03-11 00:00:00,2013-03-18 00:00:00,rolling_group_norm,100464,0.9027014652014652,0.537940716610396,0.0363174868609651,0.0030743740795287,2.341063240772794
Ausgrid,lightgbm_quantile__c90__h1,0.9,1.0,2013-04,9,1,35,2013-03-11 00:00:00,2013-03-18 00:00:00,rolling_user_norm,100464,0.903149386845039,0.5343031770828071,0.0218665392578435,0.0042403043691703,2.3288011905502177
Ausgrid,lightgbm_quantile__c90__h1,0.9,1.0,2013-04,9,2,42,2013-03-18 00:00:00,2013-03-25 00:00:00,rolling_global_norm,100464,0.8985805860805861,0.5335191716619279,0.0346890428412167,0.0021374458874459,2.436071423119625
Ausgrid,lightgbm_quantile__c90__h1,0.9,1.0,2013-04,9,2,42,2013-03-18 00:00:00,2013-03-25 00:00:00,rolling_group_norm,100464,0.8984511864946647,0.5335619772428786,0.0347587195413282,0.0043357683982684,2.436101932871824
Ausgrid,lightgbm_quantile__c90__h1,0.9,1.0,2013-04,9,2,42,2013-03-18 00:00:00,2013-03-25 00:00:00,rolling_user_norm,100464,0.8966694537346711,0.5299941194259182,0.021207596751075,0.0068046536796536,2.424908372527972
Ausgrid,lightgbm_quantile__c90__h1,0.9,1.0,2013-04,9,3,49,2013-03-25 00:00:00,2013-04-01 00:00:00,rolling_global_norm,100464,0.9020345596432552,0.5762874234041824,0.0352564102564102,0.0054675994108983,2.5485461768347677
Ausgrid,lightgbm_quantile__c90__h1,0.9,1.0,2013-04,9,3,49,2013-03-25 00:00:00,2013-04-01 00:00:00,rolling_group_norm,100464,0.9016463608854912,0.5763492520840309,0.0353897913680522,0.0054675994108983,2.5485633166950543
Ausgrid,lightgbm_quantile__c90__h1,0.9,1.0,2013-04,9,3,49,2013-03-25 00:00:00,2013-04-01 00:00:00,rolling_user_norm,100464,0.9018553909858258,0.5727146225154109,0.0222169135212613,0.0043323514972999,2.5376260531861456
Ausgrid,lightgbm_quantile__c90__h1,0.9,1.0,2013-05,10,1,35,2013-04-10 00:00:00,2013-04-17 00:00:00,rolling_global_norm,100464,0.903348463131072,0.5151776874543331,0.0352365026278069,0.0061823593073593,2.160220428979684
Ausgrid,lightgbm_quantile__c90__h1,0.9,1.0,2013-05,10,1,35,2013-04-10 00:00:00,2013-04-17 00:00:00,rolling_group_norm,100464,0.9031892021022456,0.5150667748871717,0.0356067845198279,0.0050324675324675,2.1602177308207047
Ausgrid,lightgbm_quantile__c90__h1,0.9,1.0,2013-05,10,1,35,2013-04-10 00:00:00,2013-04-17 00:00:00,rolling_user_norm,100464,0.8998944895684026,0.5107884306299496,0.0222109412326803,0.0017427589592537,2.150873379785934
Ausgrid,lightgbm_quantile__c90__h1,0.9,1.0,2013-05,10,2,42,2013-04-17 00:00:00,2013-04-24 00:00:00,rolling_global_norm,100464,0.887870281892021,0.552409835261901,0.0387024207676381,0.018421052631579,2.457384312412614
Ausgrid,lightgbm_quantile__c90__h1,0.9,1.0,2013-05,10,2,42,2013-04-17 00:00:00,2013-04-24 00:00:00,rolling_group_norm,100464,0.887979773849339,0.5523451071645611,0.0385730211817168,0.0154970760233917,2.457164082300063
Ausgrid,lightgbm_quantile__c90__h1,0.9,1.0,2013-05,10,2,42,2013-04-17 00:00:00,2013-04-24 00:00:00,rolling_user_norm,100464,0.8844063545150501,0.5482307308879807,0.0300983436853002,0.019204260651629,2.449473319453532
Ausgrid,lightgbm_quantile__c90__h1,0.9,1.0,2013-05,10,3,49,2013-04-24 00:00:00,2013-05-01 00:00:00,rolling_global_norm,100464,0.8966097308488613,0.5495401289869625,0.0375756489886924,0.0097274436090225,2.308672419257634
Ausgrid,lightgbm_quantile__c90__h1,0.9,1.0,2013-05,10,3,49,2013-04-24 00:00:00,2013-05-01 00:00:00,rolling_group_norm,100464,0.8971074215639433,0.5494285150585632,0.0371974040452301,0.0053675856307435,2.308492288533204
Ausgrid,lightgbm_quantile__c90__h1,0.9,1.0,2013-05,10,3,49,2013-04-24 00:00:00,2013-05-01 00:00:00,rolling_user_norm,100464,0.8947782290173595,0.5454772289977133,0.0254877369007803,0.0084315169366715,2.2998525437171367
Ausgrid,lightgbm_quantile__c90__h1,0.9,1.0,2013-06,11,1,35,2013-05-11 00:00:00,2013-05-18 00:00:00,rolling_global_norm,100464,0.8940615543876413,0.601173266878181,0.0331720815416467,0.0108500417710943,2.705537162895603
Ausgrid,lightgbm_quantile__c90__h1,0.9,1.0,2013-06,11,1,35,2013-05-11 00:00:00,2013-05-18 00:00:00,rolling_group_norm,100464,0.8943800764452938,0.6012840272671467,0.033319397993311,0.0068053510063819,2.7052496844077965
Ausgrid,lightgbm_quantile__c90__h1,0.9,1.0,2013-06,11,1,35,2013-05-11 00:00:00,2013-05-18 00:00:00,rolling_user_norm,100464,0.8928969581143494,0.5981950966880699,0.0220616340181557,0.0080326460481099,2.695708046082516
Ausgrid,lightgbm_quantile__c90__h1,0.9,1.0,2013-06,11,2,42,2013-05-18 00:00:00,2013-05-25 00:00:00,rolling_global_norm,100464,0.8848940914158305,0.6928919696223921,0.038489409141583,0.0213972431077694,3.203906601610015
Ausgrid,lightgbm_quantile__c90__h1,0.9,1.0,2013-06,11,2,42,2013-05-18 00:00:00,2013-05-25 00:00:00,rolling_group_norm,100464,0.88513298295907,0.693049094625401,0.0382186653925784,0.0152430044182622,3.203342601316672
Ausgrid,lightgbm_quantile__c90__h1,0.9,1.0,2013-06,11,2,42,2013-05-18 00:00:00,2013-05-25 00:00:00,rolling_user_norm,100464,0.8803551520942825,0.6902478174576467,0.0328356426182513,0.0232769423558897,3.19638314405961
Ausgrid,lightgbm_quantile__c90__h1,0.9,1.0,2013-06,11,3,49,2013-05-25 00:00:00,2013-06-01 00:00:00,rolling_global_norm,100464,0.8954451345755694,0.7003235412675091,0.036080586080586,0.0076911027568922,3.039417277330841
Ausgrid,lightgbm_quantile__c90__h1,0.9,1.0,2013-06,11,3,49,2013-05-25 00:00:00,2013-06-01 00:00:00,rolling_group_norm,100464,0.8952759197324415,0.7004342651483757,0.0361821149864628,0.0076644575355915,3.039274104510898
Ausgrid,lightgbm_quantile__c90__h1,0.9,1.0,2013-06,11,3,49,2013-05-25 00:00:00,2013-06-01 00:00:00,rolling_user_norm,100464,0.8925883898709985,0.6977821341413851,0.0266503424112119,0.0107326951399117,3.029003723958028
Ausgrid,lightgbm_quantile__c80__h6,0.8,6.0,2012-07,0,1,35,2012-06-10 00:00:00,2012-06-17 00:00:00,rolling_global_norm,100464,0.7913381907947126,0.6752815617866338,0.0557552954292084,0.022874895572264,3.1599702505352285
Ausgrid,lightgbm_quantile__c80__h6,0.8,6.0,2012-07,0,1,35,2012-06-10 00:00:00,2012-06-17 00:00:00,rolling_group_norm,100464,0.7913381907947126,0.6752620492195348,0.0549311196050326,0.0154694264069265,3.1595271530794613
Ausgrid,lightgbm_quantile__c80__h6,0.8,6.0,2012-07,0,1,35,2012-06-10 00:00:00,2012-06-17 00:00:00,rolling_user_norm,100464,0.7898252110208632,0.6756252241223525,0.0452082337951903,0.0157061688311688,3.1549070915145747
Ausgrid,lightgbm_quantile__c80__h6,0.8,6.0,2012-07,0,2,42,2012-06-17 00:00:00,2012-06-24 00:00:00,rolling_global_norm,100464,0.7926321866539258,0.6637808667309293,0.058562271062271,0.0224310776942355,3.012326718063804
Ausgrid,lightgbm_quantile__c80__h6,0.8,6.0,2012-07,0,2,42,2012-06-17 00:00:00,2012-06-24 00:00:00,rolling_group_norm,100464,0.7926720019111323,0.6636562054791145,0.0582517120560598,0.0105524227234754,3.0118407125474613
Ausgrid,lightgbm_quantile__c80__h6,0.8,6.0,2012-07,0,2,42,2012-06-17 00:00:00,2012-06-24 00:00:00,rolling_user_norm,100464,0.7901835483357222,0.663941890939056,0.0450011944577161,0.0131020021645021,3.0047787767205363
Ausgrid,lightgbm_quantile__c80__h6,0.8,6.0,2012-07,0,3,49,2012-06-24 00:00:00,2012-07-01 00:00:00,rolling_global_norm,100464,0.7919453734671126,0.6916790097973483,0.0595118649466475,0.0185672514619883,3.1049502528998
Ausgrid,lightgbm_quantile__c80__h6,0.8,6.0,2012-07,0,3,49,2012-06-24 00:00:00,2012-07-01 00:00:00,rolling_group_norm,100464,0.7923833412963848,0.6915250603685511,0.0595994585125019,0.0123579545454546,3.1046388938654985
Ausgrid,lightgbm_quantile__c80__h6,0.8,6.0,2012-07,0,3,49,2012-06-24 00:00:00,2012-07-01 00:00:00,rolling_user_norm,100464,0.7906115623506927,0.6918434627371611,0.0472447842013059,0.0179044913419913,3.097817099214609
Ausgrid,lightgbm_quantile__c80__h6,0.8,6.0,2012-08,1,1,35,2012-07-11 00:00:00,2012-07-18 00:00:00,rolling_global_norm,100464,0.8092749641662685,0.6270142606937033,0.0651676222328396,0.0200785468826705,2.832830062662409
Ausgrid,lightgbm_quantile__c80__h6,0.8,6.0,2012-08,1,1,35,2012-07-11 00:00:00,2012-07-18 00:00:00,rolling_group_norm,100464,0.8085881509794554,0.6263922290081966,0.0643653448001274,0.0109596908939013,2.832585175965728
Ausgrid,lightgbm_quantile__c80__h6,0.8,6.0,2012-08,1,1,35,2012-07-11 00:00:00,2012-07-18 00:00:00,rolling_user_norm,100464,0.809593486223921,0.6259696998915595,0.0418597706641184,0.0120039682539682,2.822093477232188
Ausgrid,lightgbm_quantile__c80__h6,0.8,6.0,2012-08,1,2,42,2012-07-18 00:00:00,2012-07-25 00:00:00,rolling_global_norm,100464,0.7878145405319318,0.6602477941058271,0.0672499601847428,0.0278613199665831,3.145018759540936
Ausgrid,lightgbm_quantile__c80__h6,0.8,6.0,2012-08,1,2,42,2012-07-18 00:00:00,2012-07-25 00:00:00,rolling_group_norm,100464,0.7879439401178532,0.659669309993925,0.0669692626214365,0.0131631161236425,3.144390839140346
Ausgrid,lightgbm_quantile__c80__h6,0.8,6.0,2012-08,1,2,42,2012-07-18 00:00:00,2012-07-25 00:00:00,rolling_user_norm,100464,0.7870879120879121,0.6590265539410978,0.0471372830068482,0.0138122294372294,3.1349124727498268
Ausgrid,lightgbm_quantile__c80__h6,0.8,6.0,2012-08,1,3,49,2012-07-25 00:00:00,2012-08-01 00:00:00,rolling_global_norm,100464,0.7911689759515846,0.6587861641204709,0.0697483675744545,0.0295060568086884,3.0589777190657683
Ausgrid,lightgbm_quantile__c80__h6,0.8,6.0,2012-08,1,3,49,2012-07-25 00:00:00,2012-08-01 00:00:00,rolling_group_norm,100464,0.7912585602802994,0.658167124189478,0.0681776556776556,0.0136852548036758,3.058079535245075
Ausgrid,lightgbm_quantile__c80__h6,0.8,6.0,2012-08,1,3,49,2012-07-25 00:00:00,2012-08-01 00:00:00,rolling_user_norm,100464,0.7909300844083452,0.6577601681897985,0.0430562191431756,0.0133980785296575,3.042516762550798
Ausgrid,lightgbm_quantile__c80__h6,0.8,6.0,2012-09,2,1,35,2012-08-11 00:00:00,2012-08-18 00:00:00,rolling_global_norm,100464,0.802755215798694,0.6689208432821697,0.0673275999362955,0.0168703007518797,3.033500317708337
Ausgrid,lightgbm_quantile__c80__h6,0.8,6.0,2012-09,2,1,35,2012-08-11 00:00:00,2012-08-18 00:00:00,rolling_group_norm,100464,0.8024068322981367,0.6681457271568897,0.0663302277432712,0.0051271645021644,3.032682672322864
Ausgrid,lightgbm_quantile__c80__h6,0.8,6.0,2012-09,2,1,35,2012-08-11 00:00:00,2012-08-18 00:00:00,rolling_user_norm,100464,0.8020285873546743,0.6678133253216644,0.0440137760789934,0.0039089347079037,3.019071088387528
Ausgrid,lightgbm_quantile__c80__h6,0.8,6.0,2012-09,2,2,42,2012-08-18 00:00:00,2012-08-25 00:00:00,rolling_global_norm,100464,0.8253802357063227,0.5813298874795113,0.0682692307692307,0.0436485389610389,2.492923697726177
Ausgrid,lightgbm_quantile__c80__h6,0.8,6.0,2012-09,2,2,42,2012-08-18 00:00:00,2012-08-25 00:00:00,rolling_group_norm,100464,0.8252707437490047,0.5805511230799488,0.068028348463131,0.0350581709956709,2.492129240682925
Ausgrid,lightgbm_quantile__c80__h6,0.8,6.0,2012-09,2,2,42,2012-08-18 00:00:00,2012-08-25 00:00:00,rolling_user_norm,100464,0.8252010670488932,0.5797927335937695,0.0460642618251313,0.0330965909090908,2.482793675906997
Ausgrid,lightgbm_quantile__c80__h6,0.8,6.0,2012-09,2,3,49,2012-08-25 00:00:00,2012-09-01 00:00:00,rolling_global_norm,100464,0.8121615703137443,0.5330870636657807,0.0642080745341615,0.025892857142857,2.4733238037687
Ausgrid,lightgbm_quantile__c80__h6,0.8,6.0,2012-09,2,3,49,2012-08-25 00:00:00,2012-09-01 00:00:00,rolling_group_norm,100464,0.8123506927854754,0.5323918285721826,0.06462414397197,0.0158482142857142,2.472810016504147
Ausgrid,lightgbm_quantile__c80__h6,0.8,6.0,2012-09,2,3,49,2012-08-25 00:00:00,2012-09-01 00:00:00,rolling_user_norm,100464,0.8097527472527473,0.5315173023644303,0.0505394967351488,0.0175054112554111,2.465871220415358
Ausgrid,lightgbm_quantile__c80__h6,0.8,6.0,2012-10,3,1,35,2012-09-10 00:00:00,2012-09-17 00:00:00,rolling_global_norm,100464,0.8049550087593565,0.4551270089431434,0.0687231247013855,0.0292748917748917,2.1765967052248607
Ausgrid,lightgbm_quantile__c80__h6,0.8,6.0,2012-10,3,1,35,2012-09-10 00:00:00,2012-09-17 00:00:00,rolling_group_norm,100464,0.8046066252587992,0.454763008579308,0.0679487179487179,0.0171672077922077,2.1764637408533534
Ausgrid,lightgbm_quantile__c80__h6,0.8,6.0,2012-10,3,1,35,2012-09-10 00:00:00,2012-09-17 00:00:00,rolling_user_norm,100464,0.8023869246695333,0.453845821173991,0.0523510909380474,0.0146306818181817,2.1683196799708493
Ausgrid,lightgbm_quantile__c80__h6,0.8,6.0,2012-10,3,2,42,2012-09-17 00:00:00,2012-09-24 00:00:00,rolling_global_norm,100464,0.8146997929606625,0.4461792336421528,0.070170409300844,0.0294439935064935,1.9690089887014424
Ausgrid,lightgbm_quantile__c80__h6,0.8,6.0,2012-10,3,2,42,2012-09-17 00:00:00,2012-09-24 00:00:00,rolling_group_norm,100464,0.8148590539894888,0.4460107006686059,0.0704212454212454,0.0197577276524644,1.969015158157004
Ausgrid,lightgbm_quantile__c80__h6,0.8,6.0,2012-10,3,2,42,2012-09-17 00:00:00,2012-09-24 00:00:00,rolling_user_norm,100464,0.8134356585443542,0.4456955599102711,0.0481147475712693,0.0181913116123642,1.9566510060177704
Ausgrid,lightgbm_quantile__c80__h6,0.8,6.0,2012-10,3,3,49,2012-09-24 00:00:00,2012-10-01 00:00:00,rolling_global_norm,100464,0.8177755215798694,0.4070271926702123,0.0665691192865105,0.034381764069264,1.8364828060278808
Ausgrid,lightgbm_quantile__c80__h6,0.8,6.0,2012-10,3,3,49,2012-09-24 00:00:00,2012-10-01 00:00:00,rolling_group_norm,100464,0.8186016881669056,0.4069060565221775,0.0665352763178849,0.0246397243107768,1.83660575648872
Ausgrid,lightgbm_quantile__c80__h6,0.8,6.0,2012-10,3,3,49,2012-09-24 00:00:00,2012-10-01 00:00:00,rolling_user_norm,100464,0.8158842968625577,0.4066685055549248,0.0519011785316132,0.0254193722943723,1.82938366276869
Ausgrid,lightgbm_quantile__c80__h6,0.8,6.0,2012-11,4,1,35,2012-10-11 00:00:00,2012-10-18 00:00:00,rolling_global_norm,100464,0.7733715559802516,0.4278536074386416,0.0641861761426978,0.0379124895572264,2.201548315463005
Ausgrid,lightgbm_quantile__c80__h6,0.8,6.0,2012-11,4,1,35,2012-10-11 00:00:00,2012-10-18 00:00:00,rolling_group_norm,100464,0.7730530339225992,0.428223844789284,0.0647873865265169,0.0306547619047619,2.20100339566377
Ausgrid,lightgbm_quantile__c80__h6,0.8,6.0,2012-11,4,1,35,2012-10-11 00:00:00,2012-10-18 00:00:00,rolling_user_norm,100464,0.7684543717152413,0.4280840350714226,0.0506489886924669,0.0339691558441559,2.1905996728167256
Ausgrid,lightgbm_quantile__c80__h6,0.8,6.0,2012-11,4,2,42,2012-10-18 00:00:00,2012-10-25 00:00:00,rolling_global_norm,100464,0.79987856346552,0.3924197420713948,0.0634077878643095,0.0105384199134198,1.8845425146018997
Ausgrid,lightgbm_quantile__c80__h6,0.8,6.0,2012-11,4,2,42,2012-10-18 00:00:00,2012-10-25 00:00:00,rolling_group_norm,100464,0.8000378244943462,0.3927150920018358,0.0623526835483357,0.0033617424242424,1.8843496400867996
Ausgrid,lightgbm_quantile__c80__h6,0.8,6.0,2012-11,4,2,42,2012-10-18 00:00:00,2012-10-25 00:00:00,rolling_user_norm,100464,0.8008042681955725,0.3926520718384839,0.0423315814620162,0.0033259695630829,1.8767911267459148
Ausgrid,lightgbm_quantile__c80__h6,0.8,6.0,2012-11,4,3,49,2012-10-25 00:00:00,2012-11-01 00:00:00,rolling_global_norm,100464,0.8012123745819398,0.3842300423497435,0.0649008600095556,0.0173024891774891,1.794101193307443
Ausgrid,lightgbm_quantile__c80__h6,0.8,6.0,2012-11,4,3,49,2012-10-25 00:00:00,2012-11-01 00:00:00,rolling_group_norm,100464,0.8008241758241759,0.3844790929350309,0.0640388596910336,0.0021907216494845,1.7937971115106883
Ausgrid,lightgbm_quantile__c80__h6,0.8,6.0,2012-11,4,3,49,2012-10-25 00:00:00,2012-11-01 00:00:00,rolling_user_norm,100464,0.8027950310559007,0.3841502720084922,0.0461737537824494,0.0055351006381934,1.786214236627463
Ausgrid,lightgbm_quantile__c80__h6,0.8,6.0,2012-12,5,1,35,2012-11-10 00:00:00,2012-11-17 00:00:00,rolling_global_norm,100464,0.7871774964166268,0.381000732212935,0.0617833253702819,0.0241802422723476,1.8446895452862755
Ausgrid,lightgbm_quantile__c80__h6,0.8,6.0,2012-12,5,1,35,2012-11-10 00:00:00,2012-11-17 00:00:00,rolling_group_norm,100464,0.7874661570313745,0.381273696910889,0.0611641981207198,0.0171942640692641,1.8443028498519844
Ausgrid,lightgbm_quantile__c80__h6,0.8,6.0,2012-12,5,1,35,2012-11-10 00:00:00,2012-11-17 00:00:00,rolling_user_norm,100464,0.7819318362796623,0.3790226003965234,0.04569198917025,0.0245670995670995,1.8343519762667888
Ausgrid,lightgbm_quantile__c80__h6,0.8,6.0,2012-12,5,2,42,2012-11-17 00:00:00,2012-11-24 00:00:00,rolling_global_norm,100464,0.7919155120242076,0.3829208258195089,0.0612577639751552,0.0254594820384294,1.815474451637484
Ausgrid,lightgbm_quantile__c80__h6,0.8,6.0,2012-12,5,2,42,2012-11-17 00:00:00,2012-11-24 00:00:00,rolling_group_norm,100464,0.7921444497531454,0.3831362647054351,0.0604236343366778,0.0118055555555556,1.8148171288921189
Ausgrid,lightgbm_quantile__c80__h6,0.8,6.0,2012-12,5,2,42,2012-11-17 00:00:00,2012-11-24 00:00:00,rolling_user_norm,100464,0.7893275203057811,0.3810612947965271,0.0403069756330626,0.0119099832915622,1.8042599510194288
Ausgrid,lightgbm_quantile__c80__h6,0.8,6.0,2012-12,5,3,49,2012-11-24 00:00:00,2012-12-01 00:00:00,rolling_global_norm,100464,0.8005255613951267,0.407216062289611,0.0608536391145086,0.012702922077922,2.36366597194651
Ausgrid,lightgbm_quantile__c80__h6,0.8,6.0,2012-12,5,3,49,2012-11-24 00:00:00,2012-12-01 00:00:00,rolling_group_norm,100464,0.8008341296384774,0.4074257465206951,0.0599159898072941,0.0120822890559731,2.363790591460452
Ausgrid,lightgbm_quantile__c80__h6,0.8,6.0,2012-12,5,3,49,2012-11-24 00:00:00,2012-12-01 00:00:00,rolling_user_norm,100464,0.8016901576684186,0.4053282495610512,0.0453436056696926,0.0108813700918963,2.3563285966402017
Ausgrid,lightgbm_quantile__c80__h6,0.8,6.0,2013-01,6,1,35,2012-12-11 00:00:00,2012-12-18 00:00:00,rolling_global_norm,100464,0.8053531613314222,0.4135410792093057,0.0612458193979933,0.0275162337662336,2.0613466650379237
Ausgrid,lightgbm_quantile__c80__h6,0.8,6.0,2013-01,6,1,35,2012-12-11 00:00:00,2012-12-18 00:00:00,rolling_group_norm,100464,0.8054526994744386,0.4139315979188591,0.0600593247332377,0.0124999999999999,2.060972048855423
Ausgrid,lightgbm_quantile__c80__h6,0.8,6.0,2013-01,6,1,35,2012-12-11 00:00:00,2012-12-18 00:00:00,rolling_user_norm,100464,0.8027950310559007,0.4115117100677436,0.0418657429526994,0.0085430194805193,2.053722535390282
Ausgrid,lightgbm_quantile__c80__h6,0.8,6.0,2013-01,6,2,42,2012-12-18 00:00:00,2012-12-25 00:00:00,rolling_global_norm,100464,0.7971213569039656,0.4544212986051459,0.0606943780856824,0.0154516445753559,2.5521109878527075
Ausgrid,lightgbm_quantile__c80__h6,0.8,6.0,2013-01,6,2,42,2012-12-18 00:00:00,2012-12-25 00:00:00,rolling_group_norm,100464,0.797111403089664,0.4548586440452191,0.0600752508361204,0.0129356897398135,2.552026824105808
Ausgrid,lightgbm_quantile__c80__h6,0.8,6.0,2013-01,6,2,42,2012-12-18 00:00:00,2012-12-25 00:00:00,rolling_user_norm,100464,0.7939560439560439,0.452463758684928,0.0513457556935817,0.0135493372606775,2.548172271449202
Ausgrid,lightgbm_quantile__c80__h6,0.8,6.0,2013-01,6,3,49,2012-12-25 00:00:00,2013-01-01 00:00:00,rolling_global_norm,100464,0.7998686096512183,0.4514167887944809,0.0663362000318522,0.0224431818181817,2.11325358702184
Ausgrid,lightgbm_quantile__c80__h6,0.8,6.0,2013-01,6,3,49,2012-12-25 00:00:00,2013-01-01 00:00:00,rolling_group_norm,100464,0.8000079630514413,0.4519579903668287,0.0647316451664277,0.0081033549783549,2.1127327409283225
Ausgrid,lightgbm_quantile__c80__h6,0.8,6.0,2013-01,6,3,49,2012-12-25 00:00:00,2013-01-01 00:00:00,rolling_user_norm,100464,0.7974896480331263,0.4500938643863956,0.0468167701863354,0.0110223475355054,2.1034934340365963
Ausgrid,lightgbm_quantile__c80__h6,0.8,6.0,2013-02,7,1,35,2013-01-11 00:00:00,2013-01-18 00:00:00,rolling_global_norm,100464,0.7904224398789617,0.520154330298873,0.064618171683389,0.0210735171261488,2.694777425198603
Ausgrid,lightgbm_quantile__c80__h6,0.8,6.0,2013-02,7,1,35,2013-01-11 00:00:00,2013-01-18 00:00:00,rolling_group_norm,100464,0.7902631788501354,0.5208753829320669,0.0633321388756171,0.0130847953216374,2.6940453161508744
Ausgrid,lightgbm_quantile__c80__h6,0.8,6.0,2013-02,7,1,35,2013-01-11 00:00:00,2013-01-18 00:00:00,rolling_user_norm,100464,0.7881728778467909,0.5212968010650421,0.0452639751552795,0.0139482081492391,2.680867836359057
Ausgrid,lightgbm_quantile__c80__h6,0.8,6.0,2013-02,7,2,42,2013-01-18 00:00:00,2013-01-25 00:00:00,rolling_global_norm,100464,0.7879140786749482,0.5237563915202811,0.0701246217550565,0.0213345864661654,2.82354677797549
Ausgrid,lightgbm_quantile__c80__h6,0.8,6.0,2013-02,7,2,42,2013-01-18 00:00:00,2013-01-25 00:00:00,rolling_group_norm,100464,0.7864508679726071,0.5245229472301652,0.0710105112279025,0.018648538961039,2.82308285559376
Ausgrid,lightgbm_quantile__c80__h6,0.8,6.0,2013-02,7,2,42,2013-01-18 00:00:00,2013-01-25 00:00:00,rolling_user_norm,100464,0.7846790890269151,0.5252421922190581,0.0517677974199713,0.020407196969697,2.808475939617206
Ausgrid,lightgbm_quantile__c80__h6,0.8,6.0,2013-02,7,3,49,2013-01-25 00:00:00,2013-02-01 00:00:00,rolling_global_norm,100464,0.7965639433030738,0.4774376784711431,0.0675107501194457,0.0184862012987012,2.389588590015168
Ausgrid,lightgbm_quantile__c80__h6,0.8,6.0,2013-02,7,3,49,2013-01-25 00:00:00,2013-02-01 00:00:00,rolling_group_norm,100464,0.7956083771301162,0.4782802521849211,0.0676182513139034,0.0072368421052632,2.3890340831592844
Ausgrid,lightgbm_quantile__c80__h6,0.8,6.0,2013-02,7,3,49,2013-01-25 00:00:00,2013-02-01 00:00:00,rolling_user_norm,100464,0.8001373626373627,0.479124441109596,0.0434125656951743,0.0042867585630743,2.377035536909448
Ausgrid,lightgbm_quantile__c80__h6,0.8,6.0,2013-03,8,1,35,2013-02-08 00:00:00,2013-02-15 00:00:00,rolling_global_norm,100464,0.8204033285555025,0.4474060074279564,0.066760232521102,0.0370535714285713,2.1714047708781714
Ausgrid,lightgbm_quantile__c80__h6,0.8,6.0,2013-03,8,1,35,2013-02-08 00:00:00,2013-02-15 00:00:00,rolling_group_norm,100464,0.820721850613155,0.4482706808956167,0.0665770823379518,0.0217047128129601,2.17143445209715
Ausgrid,lightgbm_quantile__c80__h6,0.8,6.0,2013-03,8,1,35,2013-02-08 00:00:00,2013-02-15 00:00:00,rolling_user_norm,100464,0.8191591017677974,0.4468809982061001,0.046050326485109,0.0216740304369169,2.1612016880617144
Ausgrid,lightgbm_quantile__c80__h6,0.8,6.0,2013-03,8,2,42,2013-02-15 00:00:00,2013-02-22 00:00:00,rolling_global_norm,100464,0.822324414715719,0.41402674410264,0.0704093008440834,0.035362554112554,1.942679353564374
Ausgrid,lightgbm_quantile__c80__h6,0.8,6.0,2013-03,8,2,42,2013-02-15 00:00:00,2013-02-22 00:00:00,rolling_group_norm,100464,0.822961458831024,0.4147671982636746,0.0703575410097149,0.025109649122807,1.9428326996974568
Ausgrid,lightgbm_quantile__c80__h6,0.8,6.0,2013-03,8,2,42,2013-02-15 00:00:00,2013-02-22 00:00:00,rolling_user_norm,100464,0.8248228221054308,0.412724672264589,0.0486602165949991,0.0302266081871344,1.9311382092271896
Ausgrid,lightgbm_quantile__c80__h6,0.8,6.0,2013-03,8,3,49,2013-02-22 00:00:00,2013-03-01 00:00:00,rolling_global_norm,100464,0.8189102564102564,0.4383926326495179,0.0655179964962573,0.0254531926406925,2.171725630445785
Ausgrid,lightgbm_quantile__c80__h6,0.8,6.0,2013-03,8,3,49,2013-02-22 00:00:00,2013-03-01 00:00:00,rolling_group_norm,100464,0.8184523809523809,0.4390633018088974,0.0658604077082337,0.0229933726067745,2.1720069799605577
Ausgrid,lightgbm_quantile__c80__h6,0.8,6.0,2013-03,8,3,49,2013-02-22 00:00:00,2013-03-01 00:00:00,rolling_user_norm,100464,0.8212693103997452,0.4364042031623068,0.0443342888995062,0.0276159147869673,2.159246889031957
Ausgrid,lightgbm_quantile__c80__h6,0.8,6.0,2013-04,9,1,35,2013-03-11 00:00:00,2013-03-18 00:00:00,rolling_global_norm,100464,0.7993709189361363,0.4027152621235415,0.0675903806338588,0.0074607683982683,1.9548486044244344
Ausgrid,lightgbm_quantile__c80__h6,0.8,6.0,2013-04,9,1,35,2013-03-11 00:00:00,2013-03-18 00:00:00,rolling_group_norm,100464,0.7997292562509953,0.4031666103926736,0.067542602325211,0.0008928571428571,1.954779945801296
Ausgrid,lightgbm_quantile__c80__h6,0.8,6.0,2013-04,9,1,35,2013-03-11 00:00:00,2013-03-18 00:00:00,rolling_user_norm,100464,0.7998984710941233,0.3990730848984985,0.0389532568880394,0.0020434462444771,1.9373116004892164
Ausgrid,lightgbm_quantile__c80__h6,0.8,6.0,2013-04,9,2,42,2013-03-18 00:00:00,2013-03-25 00:00:00,rolling_global_norm,100464,0.7930502468545947,0.3947492169551735,0.0645982640547857,0.0164641629847815,2.0347893104464627
Ausgrid,lightgbm_quantile__c80__h6,0.8,6.0,2013-04,9,2,42,2013-03-18 00:00:00,2013-03-25 00:00:00,rolling_group_norm,100464,0.7932990922121357,0.3951973525184062,0.0649307214524605,0.0122606774668631,2.034678795452705
Ausgrid,lightgbm_quantile__c80__h6,0.8,6.0,2013-04,9,2,42,2013-03-18 00:00:00,2013-03-25 00:00:00,rolling_user_norm,100464,0.7899645644210862,0.3911309655595062,0.0393673355629877,0.0171084928816888,2.021803189138697
Ausgrid,lightgbm_quantile__c80__h6,0.8,6.0,2013-04,9,3,49,2013-03-25 00:00:00,2013-04-01 00:00:00,rolling_global_norm,100464,0.7957974996018474,0.4416395184827651,0.0665890269151138,0.0090697103583702,2.176874059987512
Ausgrid,lightgbm_quantile__c80__h6,0.8,6.0,2013-04,9,3,49,2013-03-25 00:00:00,2013-04-01 00:00:00,rolling_group_norm,100464,0.795837314859054,0.4420979943798153,0.0670230132186653,0.0064055735930735,2.176820077259673
Ausgrid,lightgbm_quantile__c80__h6,0.8,6.0,2013-04,9,3,49,2013-03-25 00:00:00,2013-04-01 00:00:00,rolling_user_norm,100464,0.7965639433030738,0.4381832135869526,0.0402253543557891,0.0047483766233766,2.162397823601
Ausgrid,lightgbm_quantile__c80__h6,0.8,6.0,2013-05,10,1,35,2013-04-10 00:00:00,2013-04-17 00:00:00,rolling_global_norm,100464,0.8094242713807931,0.3866781947544296,0.0640348781653129,0.0193317099567099,1.7858881132227824
Ausgrid,lightgbm_quantile__c80__h6,0.8,6.0,2013-05,10,1,35,2013-04-10 00:00:00,2013-04-17 00:00:00,rolling_group_norm,100464,0.8094441790093964,0.3871605239314109,0.0635570950788342,0.0117943053510063,1.7858643709811262
Ausgrid,lightgbm_quantile__c80__h6,0.8,6.0,2013-05,10,1,35,2013-04-10 00:00:00,2013-04-17 00:00:00,rolling_user_norm,100464,0.8038501353718746,0.3834660193772071,0.0453017996496257,0.0056578301423662,1.7768651809361862
Ausgrid,lightgbm_quantile__c80__h6,0.8,6.0,2013-05,10,2,42,2013-04-17 00:00:00,2013-04-24 00:00:00,rolling_global_norm,100464,0.7744266602962255,0.4101700049468528,0.0712454212454212,0.0321950710108605,2.0896109308095445
Ausgrid,lightgbm_quantile__c80__h6,0.8,6.0,2013-05,10,2,42,2013-04-17 00:00:00,2013-04-24 00:00:00,rolling_group_norm,100464,0.7742773530817009,0.4105866646487831,0.0717371396719222,0.02953216374269,2.089381492591257
Ausgrid,lightgbm_quantile__c80__h6,0.8,6.0,2013-05,10,2,42,2013-04-17 00:00:00,2013-04-24 00:00:00,rolling_user_norm,100464,0.7692606306736741,0.4071333472113238,0.057312071985985,0.0354234307359307,2.079545551081659
Ausgrid,lightgbm_quantile__c80__h6,0.8,6.0,2013-05,10,3,49,2013-04-24 00:00:00,2013-05-01 00:00:00,rolling_global_norm,100464,0.7873467112597548,0.4117531100812304,0.0682114986462812,0.0223527568922305,1.9361613093105423
Ausgrid,lightgbm_quantile__c80__h6,0.8,6.0,2013-05,10,3,49,2013-04-24 00:00:00,2013-05-01 00:00:00,rolling_group_norm,100464,0.7875756489886925,0.412250259232962,0.0677038541168976,0.0178623642439432,1.9358460426387265
Ausgrid,lightgbm_quantile__c80__h6,0.8,6.0,2013-05,10,3,49,2013-04-24 00:00:00,2013-05-01 00:00:00,rolling_user_norm,100464,0.7853858098423315,0.4088616375485926,0.0508221850613155,0.0168703007518797,1.925434370429096
Ausgrid,lightgbm_quantile__c80__h6,0.8,6.0,2013-06,11,1,35,2013-05-11 00:00:00,2013-05-18 00:00:00,rolling_global_norm,100464,0.7890687211339386,0.4602734677241602,0.0744644847905717,0.0226138262322472,2.2747851366254386
Ausgrid,lightgbm_quantile__c80__h6,0.8,6.0,2013-06,11,1,35,2013-05-11 00:00:00,2013-05-18 00:00:00,rolling_group_norm,100464,0.789277751234273,0.4607842736218633,0.0732959069915591,0.0139724310776943,2.274393526092714
Ausgrid,lightgbm_quantile__c80__h6,0.8,6.0,2013-06,11,1,35,2013-05-11 00:00:00,2013-05-18 00:00:00,rolling_user_norm,100464,0.7910594839942666,0.4576110585230187,0.0429666348144609,0.0107345779220779,2.2535710821887465
Ausgrid,lightgbm_quantile__c80__h6,0.8,6.0,2013-06,11,2,42,2013-05-18 00:00:00,2013-05-25 00:00:00,rolling_global_norm,100464,0.7687430323299889,0.5406600977058198,0.082809762701067,0.0466583124477861,2.7505134112735155
Ausgrid,lightgbm_quantile__c80__h6,0.8,6.0,2013-06,11,2,42,2013-05-18 00:00:00,2013-05-25 00:00:00,rolling_group_norm,100464,0.7692009077878643,0.5410638541533485,0.0830566172957477,0.0360850041771094,2.749749600774825
Ausgrid,lightgbm_quantile__c80__h6,0.8,6.0,2013-06,11,2,42,2013-05-18 00:00:00,2013-05-25 00:00:00,rolling_user_norm,100464,0.7641841853798376,0.5378123065311893,0.0636148272017837,0.043499373433584,2.7312145875110523
Ausgrid,lightgbm_quantile__c80__h6,0.8,6.0,2013-06,11,3,49,2013-05-25 00:00:00,2013-06-01 00:00:00,rolling_global_norm,100464,0.7857441471571907,0.5507927588258311,0.0772157190635451,0.0266081871345029,2.5993764644170123
Ausgrid,lightgbm_quantile__c80__h6,0.8,6.0,2013-06,11,3,49,2013-05-25 00:00:00,2013-06-01 00:00:00,rolling_group_norm,100464,0.7856346551998726,0.5510364977676317,0.0774964166268514,0.0163414334806087,2.598793513180712
Ausgrid,lightgbm_quantile__c80__h6,0.8,6.0,2013-06,11,3,49,2013-05-25 00:00:00,2013-06-01 00:00:00,rolling_user_norm,100464,0.7803292721770982,0.5481537719422948,0.0538561076604554,0.0228767795778105,2.579236103814206
Ausgrid,lightgbm_quantile__c90__h6,0.9,6.0,2012-07,0,1,35,2012-06-10 00:00:00,2012-06-17 00:00:00,rolling_global_norm,100464,0.8935638636725594,0.9174581469617114,0.0388139034878165,0.0163847117794486,3.872009548143129
Ausgrid,lightgbm_quantile__c90__h6,0.9,6.0,2012-07,0,1,35,2012-06-10 00:00:00,2012-06-17 00:00:00,rolling_group_norm,100464,0.8929765886287625,0.917136831391662,0.0389393215480172,0.0083603896103896,3.871369381238903
Ausgrid,lightgbm_quantile__c90__h6,0.9,6.0,2012-07,0,1,35,2012-06-10 00:00:00,2012-06-17 00:00:00,rolling_user_norm,100464,0.8925386207994903,0.916726600793311,0.0329909221213569,0.0097808441558441,3.866417829837473
Ausgrid,lightgbm_quantile__c90__h6,0.9,6.0,2012-07,0,2,42,2012-06-17 00:00:00,2012-06-24 00:00:00,rolling_global_norm,100464,0.8941013696448479,0.8999514709915845,0.0394827998088867,0.0163324979114453,3.70151725420508
Ausgrid,lightgbm_quantile__c90__h6,0.9,6.0,2012-07,0,2,42,2012-06-17 00:00:00,2012-06-24 00:00:00,rolling_group_norm,100464,0.8942108616021659,0.8996878068529582,0.0392100652970218,0.0065685045948203,3.7008363999324616
Ausgrid,lightgbm_quantile__c90__h6,0.9,6.0,2012-07,0,2,42,2012-06-17 00:00:00,2012-06-24 00:00:00,rolling_user_norm,100464,0.8912545787545788,0.8989742500860156,0.0315078037904124,0.0094747177221404,3.6937503241191374
Ausgrid,lightgbm_quantile__c90__h6,0.9,6.0,2012-07,0,3,49,2012-06-24 00:00:00,2012-07-01 00:00:00,rolling_global_norm,100464,0.8929467271858577,0.9328082348868668,0.0404503105590062,0.016750208855472,3.811562660248085
Ausgrid,lightgbm_quantile__c90__h6,0.9,6.0,2012-07,0,3,49,2012-06-24 00:00:00,2012-07-01 00:00:00,rolling_group_norm,100464,0.8932552954292085,0.9325612403877824,0.0398709985666507,0.0084280303030302,3.810916201780108
Ausgrid,lightgbm_quantile__c90__h6,0.9,6.0,2012-07,0,3,49,2012-06-24 00:00:00,2012-07-01 00:00:00,rolling_user_norm,100464,0.8912048096830706,0.9317478899961372,0.032572861920688,0.012114448051948,3.80408991536079
Ausgrid,lightgbm_quantile__c90__h6,0.9,6.0,2012-08,1,1,35,2012-07-11 00:00:00,2012-07-18 00:00:00,rolling_global_norm,100464,0.905697563306259,0.8604455164953686,0.0402771141901576,0.0117268041237112,3.4993910890344773
Ausgrid,lightgbm_quantile__c90__h6,0.9,6.0,2012-08,1,1,35,2012-07-11 00:00:00,2012-07-18 00:00:00,rolling_group_norm,100464,0.9049410734193344,0.8600630533139715,0.0403806338588947,0.0073085419734904,3.499064571077356
Ausgrid,lightgbm_quantile__c90__h6,0.9,6.0,2012-08,1,1,35,2012-07-11 00:00:00,2012-07-18 00:00:00,rolling_user_norm,100464,0.9061255773212294,0.8588563242262786,0.0283544354196528,0.0081296992481202,3.488420303907416
Ausgrid,lightgbm_quantile__c90__h6,0.9,6.0,2012-08,1,2,42,2012-07-18 00:00:00,2012-07-25 00:00:00,rolling_global_norm,100464,0.8900800286669852,0.9005711251014429,0.0459886128364389,0.0217888471177944,3.8685064151975457
Ausgrid,lightgbm_quantile__c90__h6,0.9,6.0,2012-08,1,2,42,2012-07-18 00:00:00,2012-07-25 00:00:00,rolling_group_norm,100464,0.889890906195254,0.9001592739693669,0.0450469820035037,0.0117115705931495,3.867456967353304
Ausgrid,lightgbm_quantile__c90__h6,0.9,6.0,2012-08,1,2,42,2012-07-18 00:00:00,2012-07-25 00:00:00,rolling_user_norm,100464,0.8886864946647556,0.8989218683641451,0.0347169135212613,0.0130952380952381,3.856522526395585
Ausgrid,lightgbm_quantile__c90__h6,0.9,6.0,2012-08,1,3,49,2012-07-25 00:00:00,2012-08-01 00:00:00,rolling_global_norm,100464,0.8951365663322185,0.9023709390161984,0.0455267558528428,0.0194392230576441,3.7542716453484175
Ausgrid,lightgbm_quantile__c90__h6,0.9,6.0,2012-08,1,3,49,2012-07-25 00:00:00,2012-08-01 00:00:00,rolling_group_norm,100464,0.8948777671603758,0.9019058761352016,0.0452878643096034,0.0086309523809523,3.7530230135836216
Ausgrid,lightgbm_quantile__c90__h6,0.9,6.0,2012-08,1,3,49,2012-07-25 00:00:00,2012-08-01 00:00:00,rolling_user_norm,100464,0.8961618092052874,0.9007974014711786,0.0287943940117853,0.0070645363408521,3.732373837366289
Ausgrid,lightgbm_quantile__c90__h6,0.9,6.0,2012-09,2,1,35,2012-08-11 00:00:00,2012-08-18 00:00:00,rolling_global_norm,100464,0.9019449753145404,0.9156422957325776,0.045558608058608,0.0136695906432748,3.753675620690841
Ausgrid,lightgbm_quantile__c90__h6,0.9,6.0,2012-09,2,1,35,2012-08-11 00:00:00,2012-08-18 00:00:00,rolling_group_norm,100464,0.9019250676859372,0.9147921181309387,0.0437908106386367,0.0045251623376623,3.752221061285505
Ausgrid,lightgbm_quantile__c90__h6,0.9,6.0,2012-09,2,1,35,2012-08-11 00:00:00,2012-08-18 00:00:00,rolling_user_norm,100464,0.8999343048256092,0.91522274084703,0.0302138079311992,0.0035346097201767,3.735351756106445
Ausgrid,lightgbm_quantile__c90__h6,0.9,6.0,2012-09,2,2,42,2012-08-18 00:00:00,2012-08-25 00:00:00,rolling_global_norm,100464,0.9177018633540373,0.8111048047027898,0.04417502787068,0.0302962662337662,3.132294544879283
Ausgrid,lightgbm_quantile__c90__h6,0.9,6.0,2012-09,2,2,42,2012-08-18 00:00:00,2012-08-25 00:00:00,rolling_group_norm,100464,0.9177018633540373,0.8102260793381201,0.0434185379837553,0.0226866883116882,3.1314415835701777
Ausgrid,lightgbm_quantile__c90__h6,0.9,6.0,2012-09,2,2,42,2012-08-18 00:00:00,2012-08-25 00:00:00,rolling_user_norm,100464,0.916407867494824,0.8100019943418865,0.0298574613792005,0.019439935064935,3.1188186471609907
Ausgrid,lightgbm_quantile__c90__h6,0.9,6.0,2012-09,2,3,49,2012-08-25 00:00:00,2012-09-01 00:00:00,rolling_global_norm,100464,0.9077779104953018,0.7431199427001495,0.0438545150501672,0.0189664502164501,3.117734847776201
Ausgrid,lightgbm_quantile__c90__h6,0.9,6.0,2012-09,2,3,49,2012-08-25 00:00:00,2012-09-01 00:00:00,rolling_group_norm,100464,0.9076584647236822,0.7424588423163436,0.0437310877528268,0.0091585497835497,3.1169097159003445
Ausgrid,lightgbm_quantile__c90__h6,0.9,6.0,2012-09,2,3,49,2012-08-25 00:00:00,2012-09-01 00:00:00,rolling_user_norm,100464,0.904951027233636,0.7409229275637464,0.0318820672081541,0.0090570887445887,3.100084208559976
Ausgrid,lightgbm_quantile__c90__h6,0.9,6.0,2012-10,3,1,35,2012-09-10 00:00:00,2012-09-17 00:00:00,rolling_global_norm,100464,0.9012183468705208,0.6421608130413995,0.047591176939003,0.0181209415584415,2.785539021948372
Ausgrid,lightgbm_quantile__c90__h6,0.9,6.0,2012-10,3,1,35,2012-09-10 00:00:00,2012-09-17 00:00:00,rolling_group_norm,100464,0.9009894091415832,0.6415660767001087,0.0461518553909858,0.0095305735930735,2.785054914228584
Ausgrid,lightgbm_quantile__c90__h6,0.9,6.0,2012-10,3,1,35,2012-09-10 00:00:00,2012-09-17 00:00:00,rolling_user_norm,100464,0.8980231724796942,0.6408926779262799,0.0364409141583054,0.0156111929307806,2.7707199728957828
Ausgrid,lightgbm_quantile__c90__h6,0.9,6.0,2012-10,3,2,42,2012-09-17 00:00:00,2012-09-24 00:00:00,rolling_global_norm,100464,0.9106744704570792,0.6333436559284609,0.0490523968784838,0.0228557900432899,2.5206822076326403
Ausgrid,lightgbm_quantile__c90__h6,0.9,6.0,2012-10,3,2,42,2012-09-17 00:00:00,2012-09-24 00:00:00,rolling_group_norm,100464,0.9105649784997611,0.6329418647946671,0.0493848542761586,0.0132466583124477,2.5204909491685368
Ausgrid,lightgbm_quantile__c90__h6,0.9,6.0,2012-10,3,2,42,2012-09-17 00:00:00,2012-09-24 00:00:00,rolling_user_norm,100464,0.9102763178850136,0.633383666431471,0.0333930562191431,0.0171739718614718,2.506960584576833
Ausgrid,lightgbm_quantile__c90__h6,0.9,6.0,2012-10,3,3,49,2012-09-24 00:00:00,2012-10-01 00:00:00,rolling_global_norm,100464,0.9121078197165152,0.5780150460819172,0.0454929128842172,0.021976461038961,2.3679579569885787
Ausgrid,lightgbm_quantile__c90__h6,0.9,6.0,2012-10,3,3,49,2012-09-24 00:00:00,2012-10-01 00:00:00,rolling_group_norm,100464,0.9113214683866858,0.5777052699664289,0.0460443541965281,0.0169277360066834,2.3682436001042126
Ausgrid,lightgbm_quantile__c90__h6,0.9,6.0,2012-10,3,3,49,2012-09-24 00:00:00,2012-10-01 00:00:00,rolling_user_norm,100464,0.910127010670489,0.57734052901128,0.0365484153527631,0.0171063311688312,2.356977270016705
Ausgrid,lightgbm_quantile__c90__h6,0.9,6.0,2012-11,4,1,35,2012-10-11 00:00:00,2012-10-18 00:00:00,rolling_global_norm,100464,0.882087115782768,0.616076544289862,0.0436375218983914,0.0241384711779448,2.8599787962894863
Ausgrid,lightgbm_quantile__c90__h6,0.9,6.0,2012-11,4,1,35,2012-10-11 00:00:00,2012-10-18 00:00:00,rolling_group_norm,100464,0.8817685937251155,0.6162193595890781,0.0440874343048256,0.0235457251082251,2.8594786809424573
Ausgrid,lightgbm_quantile__c90__h6,0.9,6.0,2012-11,4,1,35,2012-10-11 00:00:00,2012-10-18 00:00:00,rolling_user_norm,100464,0.8758560280299411,0.6147518258774741,0.0365862398471094,0.0304112554112554,2.846301048641541
Ausgrid,lightgbm_quantile__c90__h6,0.9,6.0,2012-11,4,2,42,2012-10-18 00:00:00,2012-10-25 00:00:00,rolling_global_norm,100464,0.90090977862717,0.5679995530597464,0.0446866539257843,0.009090909090909,2.43640601518664
Ausgrid,lightgbm_quantile__c90__h6,0.9,6.0,2012-11,4,2,42,2012-10-18 00:00:00,2012-10-25 00:00:00,rolling_group_norm,100464,0.9010491320273928,0.5681809126002182,0.0448100812231246,0.0029605263157894,2.4362007086489275
Ausgrid,lightgbm_quantile__c90__h6,0.9,6.0,2012-11,4,2,42,2012-10-18 00:00:00,2012-10-25 00:00:00,rolling_user_norm,100464,0.8986801242236024,0.5672061159081367,0.0312410415671285,0.0030167748917748,2.4250829435420806
Ausgrid,lightgbm_quantile__c90__h6,0.9,6.0,2012-11,4,3,49,2012-10-25 00:00:00,2012-11-01 00:00:00,rolling_global_norm,100464,0.9034181398311834,0.5548357307431349,0.0460921325051759,0.0107819264069264,2.3104342577720214
Ausgrid,lightgbm_quantile__c90__h6,0.9,6.0,2012-11,4,3,49,2012-10-25 00:00:00,2012-11-01 00:00:00,rolling_group_norm,100464,0.9027213728300684,0.5549735602434812,0.0457099060359929,0.0063283208020049,2.310428392551422
Ausgrid,lightgbm_quantile__c90__h6,0.9,6.0,2012-11,4,3,49,2012-10-25 00:00:00,2012-11-01 00:00:00,rolling_user_norm,100464,0.901845437171524,0.5536140511676048,0.0319895684026118,0.0037176274018378,2.297847681894938
Ausgrid,lightgbm_quantile__c90__h6,0.9,6.0,2012-12,5,1,35,2012-11-10 00:00:00,2012-11-17 00:00:00,rolling_global_norm,100464,0.8951465201465202,0.5529042132586893,0.0432791845835324,0.0090747702589808,2.3707006288689283
Ausgrid,lightgbm_quantile__c90__h6,0.9,6.0,2012-12,5,1,35,2012-11-10 00:00:00,2012-11-17 00:00:00,rolling_group_norm,100464,0.8950569358178054,0.5532423689905184,0.0431059882146838,0.0088000541125541,2.370512201808744
Ausgrid,lightgbm_quantile__c90__h6,0.9,6.0,2012-12,5,1,35,2012-11-10 00:00:00,2012-11-17 00:00:00,rolling_user_norm,100464,0.8887263099219621,0.5506012122680399,0.0327818920210224,0.0168831168831169,2.3543605176116427
Ausgrid,lightgbm_quantile__c90__h6,0.9,6.0,2012-12,5,2,42,2012-11-17 00:00:00,2012-11-24 00:00:00,rolling_global_norm,100464,0.8944696607740086,0.5538088435053199,0.0456999522216913,0.0158886800334169,2.3346224866814342
Ausgrid,lightgbm_quantile__c90__h6,0.9,6.0,2012-12,5,2,42,2012-11-17 00:00:00,2012-11-24 00:00:00,rolling_group_norm,100464,0.894957397674789,0.5541326165420148,0.0450768434464086,0.0092053049289891,2.333961710094304
Ausgrid,lightgbm_quantile__c90__h6,0.9,6.0,2012-12,5,2,42,2012-11-17 00:00:00,2012-11-24 00:00:00,rolling_user_norm,100464,0.8939719700589266,0.5513898728562872,0.0286391145086797,0.0077433166248955,2.319155608842328
Ausgrid,lightgbm_quantile__c90__h6,0.9,6.0,2012-12,5,3,49,2012-11-24 00:00:00,2012-12-01 00:00:00,rolling_global_norm,100464,0.8944497531454053,0.5870982018440324,0.0431358496575887,0.0163782523318606,3.162880981520024
Ausgrid,lightgbm_quantile__c90__h6,0.9,6.0,2012-12,5,3,49,2012-11-24 00:00:00,2012-12-01 00:00:00,rolling_group_norm,100464,0.8941511387163561,0.5873538329007217,0.0426859372511546,0.0158566519391262,3.1630395449748927
Ausgrid,lightgbm_quantile__c90__h6,0.9,6.0,2012-12,5,3,49,2012-11-24 00:00:00,2012-12-01 00:00:00,rolling_user_norm,100464,0.8962215320910973,0.5842915411779063,0.034205287466157,0.0147214040255277,3.153557167997298
Ausgrid,lightgbm_quantile__c90__h6,0.9,6.0,2013-01,6,1,35,2012-12-11 00:00:00,2012-12-18 00:00:00,rolling_global_norm,100464,0.8993072145246058,0.5939611356548458,0.0440197483675744,0.0139272186147185,2.710057895347531
Ausgrid,lightgbm_quantile__c90__h6,0.9,6.0,2013-01,6,1,35,2012-12-11 00:00:00,2012-12-18 00:00:00,rolling_group_norm,100464,0.8993470297818124,0.5944474625600906,0.0432990922121356,0.0055397727272726,2.7094612993151173
Ausgrid,lightgbm_quantile__c90__h6,0.9,6.0,2013-01,6,1,35,2012-12-11 00:00:00,2012-12-18 00:00:00,rolling_user_norm,100464,0.8963310240484154,0.5893598320023745,0.0311056696926262,0.0056808688387636,2.6985674323897544
Ausgrid,lightgbm_quantile__c90__h6,0.9,6.0,2013-01,6,2,42,2012-12-18 00:00:00,2012-12-25 00:00:00,rolling_global_norm,100464,0.8921205605988215,0.6489780526861157,0.0415312947921643,0.0176362297496318,3.3096889477630165
Ausgrid,lightgbm_quantile__c90__h6,0.9,6.0,2013-01,6,2,42,2012-12-18 00:00:00,2012-12-25 00:00:00,rolling_group_norm,100464,0.8920608377130116,0.6495663160286864,0.0403487816531294,0.0143532155130093,3.309396196750683
Ausgrid,lightgbm_quantile__c90__h6,0.9,6.0,2013-01,6,2,42,2012-12-18 00:00:00,2012-12-25 00:00:00,rolling_user_norm,100464,0.8889353400222966,0.6452823553567891,0.0369087434304825,0.0176975945017182,3.30120822337444
Ausgrid,lightgbm_quantile__c90__h6,0.9,6.0,2013-01,6,3,49,2012-12-25 00:00:00,2013-01-01 00:00:00,rolling_global_norm,100464,0.8995560598821468,0.654834652502695,0.0451604554865424,0.0135213744588744,2.7654108669606736
Ausgrid,lightgbm_quantile__c90__h6,0.9,6.0,2013-01,6,3,49,2012-12-25 00:00:00,2013-01-01 00:00:00,rolling_group_norm,100464,0.8999442586399108,0.6555604189726659,0.0439520624303233,0.0051326232247285,2.764821024239326
Ausgrid,lightgbm_quantile__c90__h6,0.9,6.0,2013-01,6,3,49,2012-12-25 00:00:00,2013-01-01 00:00:00,rolling_user_norm,100464,0.8964902850772416,0.6532054703204102,0.0342391304347826,0.0109805764411027,2.7494107550892406
Ausgrid,lightgbm_quantile__c90__h6,0.9,6.0,2013-02,7,1,35,2013-01-11 00:00:00,2013-01-18 00:00:00,rolling_global_norm,100464,0.8964206083771301,0.7567204163172524,0.0464922758401019,0.0093097326649957,3.4912485147328884
Ausgrid,lightgbm_quantile__c90__h6,0.9,6.0,2013-02,7,1,35,2013-01-11 00:00:00,2013-01-18 00:00:00,rolling_group_norm,100464,0.8956840261188087,0.7575529878970388,0.0456243032329988,0.0074134199134199,3.490732720424469
Ausgrid,lightgbm_quantile__c90__h6,0.9,6.0,2013-02,7,1,35,2013-01-11 00:00:00,2013-01-18 00:00:00,rolling_user_norm,100464,0.8934245102723364,0.7564770949893267,0.0331720815416467,0.0078869047619047,3.472721708771741
Ausgrid,lightgbm_quantile__c90__h6,0.9,6.0,2013-02,7,2,42,2013-01-18 00:00:00,2013-01-25 00:00:00,rolling_global_norm,100464,0.8911052715400541,0.7568075132932084,0.0486422997292562,0.0176378446115288,3.736690115178332
Ausgrid,lightgbm_quantile__c90__h6,0.9,6.0,2013-02,7,2,42,2013-01-18 00:00:00,2013-01-25 00:00:00,rolling_group_norm,100464,0.8910555024685459,0.7576955304865978,0.0472189042841216,0.0112416457811195,3.73557814721328
Ausgrid,lightgbm_quantile__c90__h6,0.9,6.0,2013-02,7,2,42,2013-01-18 00:00:00,2013-01-25 00:00:00,rolling_user_norm,100464,0.8920309762701067,0.7566332550759869,0.0349836757445453,0.0120509607351713,3.716318648022374
Ausgrid,lightgbm_quantile__c90__h6,0.9,6.0,2013-02,7,3,49,2013-01-25 00:00:00,2013-02-01 00:00:00,rolling_global_norm,100464,0.9001831501831502,0.6897207875760755,0.048088867654085,0.0160579004329004,3.0791140196176907
Ausgrid,lightgbm_quantile__c90__h6,0.9,6.0,2013-02,7,3,49,2013-01-25 00:00:00,2013-02-01 00:00:00,rolling_group_norm,100464,0.900959547698678,0.690588670415902,0.0461100493709189,0.0049310064935064,3.0780839999617786
Ausgrid,lightgbm_quantile__c90__h6,0.9,6.0,2013-02,7,3,49,2013-01-25 00:00:00,2013-02-01 00:00:00,rolling_user_norm,100464,0.9026118808727503,0.6886289271454901,0.0309205287466156,0.0053448699067255,3.0580969812063863
Ausgrid,lightgbm_quantile__c90__h6,0.9,6.0,2013-03,8,1,35,2013-02-08 00:00:00,2013-02-15 00:00:00,rolling_global_norm,100464,0.9110029463290332,0.6429843965917814,0.0453874024526198,0.0197781385281384,2.867704778162657
Ausgrid,lightgbm_quantile__c90__h6,0.9,6.0,2013-03,8,1,35,2013-02-08 00:00:00,2013-02-15 00:00:00,rolling_group_norm,100464,0.9114309603440038,0.6436603788804116,0.0449315177576047,0.012907268170426,2.867700871873074
Ausgrid,lightgbm_quantile__c90__h6,0.9,6.0,2013-03,8,1,35,2013-02-08 00:00:00,2013-02-15 00:00:00,rolling_user_norm,100464,0.9077580028666984,0.639065557449503,0.0309384456123586,0.0089653902798232,2.8472765496051893
Ausgrid,lightgbm_quantile__c90__h6,0.9,6.0,2013-03,8,2,42,2013-02-15 00:00:00,2013-02-22 00:00:00,rolling_global_norm,100464,0.9148351648351648,0.6024921161932033,0.0474120082815734,0.0242424242424241,2.534268982380806
Ausgrid,lightgbm_quantile__c90__h6,0.9,6.0,2013-03,8,2,42,2013-02-15 00:00:00,2013-02-22 00:00:00,rolling_group_norm,100464,0.9155418856505813,0.6031000653118727,0.0468645484949832,0.0178939617083946,2.534239447781036
Ausgrid,lightgbm_quantile__c90__h6,0.9,6.0,2013-03,8,2,42,2013-02-15 00:00:00,2013-02-22 00:00:00,rolling_user_norm,100464,0.9143673355629878,0.5984713618227682,0.0343784838350055,0.0164825724104074,2.518648825551122
Ausgrid,lightgbm_quantile__c90__h6,0.9,6.0,2013-03,8,3,49,2013-02-22 00:00:00,2013-03-01 00:00:00,rolling_global_norm,100464,0.909460105112279,0.6302824251889123,0.0460344003822264,0.0125245459008345,2.8420751335532195
Ausgrid,lightgbm_quantile__c90__h6,0.9,6.0,2013-03,8,3,49,2013-02-22 00:00:00,2013-03-01 00:00:00,rolling_group_norm,100464,0.9092709826405478,0.6307459274492013,0.0456899984073897,0.0149177712322041,2.842442818760996
Ausgrid,lightgbm_quantile__c90__h6,0.9,6.0,2013-03,8,3,49,2013-02-22 00:00:00,2013-03-01 00:00:00,rolling_user_norm,100464,0.9088131071826724,0.6253647359422474,0.0315316929447364,0.0152859597447225,2.824351613949548
Ausgrid,lightgbm_quantile__c90__h6,0.9,6.0,2013-04,9,1,35,2013-03-11 00:00:00,2013-03-18 00:00:00,rolling_global_norm,100464,0.8992673992673993,0.582547629319822,0.0476190476190476,0.0027568922305765,2.545915497135905
Ausgrid,lightgbm_quantile__c90__h6,0.9,6.0,2013-04,9,1,35,2013-03-11 00:00:00,2013-03-18 00:00:00,rolling_group_norm,100464,0.8990882306099698,0.5827405252904281,0.0476827520305781,0.0032873376623376,2.545883125352601
Ausgrid,lightgbm_quantile__c90__h6,0.9,6.0,2013-04,9,1,35,2013-03-11 00:00:00,2013-03-18 00:00:00,rolling_user_norm,100464,0.9012283006848224,0.5774753557366258,0.0269569198917024,0.0029209621993127,2.524798478745873
Ausgrid,lightgbm_quantile__c90__h6,0.9,6.0,2013-04,9,2,42,2013-03-18 00:00:00,2013-03-25 00:00:00,rolling_global_norm,100464,0.8969581143494187,0.5731618212190822,0.0457835642618251,0.0082781050564555,2.648969464425872
Ausgrid,lightgbm_quantile__c90__h6,0.9,6.0,2013-04,9,2,42,2013-03-18 00:00:00,2013-03-25 00:00:00,rolling_group_norm,100464,0.8966395922917662,0.5733456939873716,0.0460105112279025,0.0070814923907707,2.648887706244268
Ausgrid,lightgbm_quantile__c90__h6,0.9,6.0,2013-04,9,2,42,2013-03-18 00:00:00,2013-03-25 00:00:00,rolling_user_norm,100464,0.8943103997451823,0.5675781172371194,0.0278985507246376,0.0097815414825724,2.632269192715715
Ausgrid,lightgbm_quantile__c90__h6,0.9,6.0,2013-04,9,3,49,2013-03-25 00:00:00,2013-04-01 00:00:00,rolling_global_norm,100464,0.8972368211498646,0.6362043014071233,0.0475513616817964,0.004228031418753,2.8473641705814585
Ausgrid,lightgbm_quantile__c90__h6,0.9,6.0,2013-04,9,3,49,2013-03-25 00:00:00,2013-04-01 00:00:00,rolling_group_norm,100464,0.8973562669214843,0.6364709535340006,0.0476827520305781,0.0075148809523809,2.8474233731803023
Ausgrid,lightgbm_quantile__c90__h6,0.9,6.0,2013-04,9,3,49,2013-03-25 00:00:00,2013-04-01 00:00:00,rolling_user_norm,100464,0.8975553432075172,0.6303902069667825,0.0306577480490523,0.0033549783549783,2.8298086918881693
Ausgrid,lightgbm_quantile__c90__h6,0.9,6.0,2013-05,10,1,35,2013-04-10 00:00:00,2013-04-17 00:00:00,rolling_global_norm,100464,0.9063644688644688,0.5579693318933457,0.0452599936295588,0.0139272186147185,2.291602775765394
Ausgrid,lightgbm_quantile__c90__h6,0.9,6.0,2013-05,10,1,35,2013-04-10 00:00:00,2013-04-17 00:00:00,rolling_group_norm,100464,0.9067028985507246,0.5581901266914455,0.0448140627488453,0.009868777056277,2.291497753490944
Ausgrid,lightgbm_quantile__c90__h6,0.9,6.0,2013-05,10,1,35,2013-04-10 00:00:00,2013-04-17 00:00:00,rolling_user_norm,100464,0.901407469342252,0.5523521990828022,0.0305243669374104,0.0034565580618212,2.2756370835696806
Ausgrid,lightgbm_quantile__c90__h6,0.9,6.0,2013-05,10,2,42,2013-04-17 00:00:00,2013-04-24 00:00:00,rolling_global_norm,100464,0.8831720815416467,0.5881479217663581,0.0512203376333811,0.0205618212197159,2.6692272696061927
Ausgrid,lightgbm_quantile__c90__h6,0.9,6.0,2013-05,10,2,42,2013-04-17 00:00:00,2013-04-24 00:00:00,rolling_group_norm,100464,0.8829033285555025,0.5884366563669338,0.051365663322185,0.018587383406971,2.668887684373697
Ausgrid,lightgbm_quantile__c90__h6,0.9,6.0,2013-05,10,2,42,2013-04-17 00:00:00,2013-04-24 00:00:00,rolling_user_norm,100464,0.8758759356585444,0.5828142347612099,0.0420568561872909,0.0249661796536796,2.6589996363594204
Ausgrid,lightgbm_quantile__c90__h6,0.9,6.0,2013-05,10,3,49,2013-04-24 00:00:00,2013-05-01 00:00:00,rolling_global_norm,100464,0.8941212772734511,0.5958673011938013,0.0479475234910017,0.0112155388471177,2.473334073211832
Ausgrid,lightgbm_quantile__c90__h6,0.9,6.0,2013-05,10,3,49,2013-04-24 00:00:00,2013-05-01 00:00:00,rolling_group_norm,100464,0.894071508201943,0.5961352657258799,0.0475553432075171,0.0085235640648011,2.4729323487246053
Ausgrid,lightgbm_quantile__c90__h6,0.9,6.0,2013-05,10,3,49,2013-04-24 00:00:00,2013-05-01 00:00:00,rolling_user_norm,100464,0.8898510909380475,0.5903741019506983,0.0358536391145086,0.0148441335297005,2.459205417967189
Ausgrid,lightgbm_quantile__c90__h6,0.9,6.0,2013-06,11,1,35,2013-05-11 00:00:00,2013-05-18 00:00:00,rolling_global_norm,100464,0.8909061952540214,0.6467478742093299,0.0516802038541168,0.0177422723475355,2.911393776245511
Ausgrid,lightgbm_quantile__c90__h6,0.9,6.0,2013-06,11,1,35,2013-05-11 00:00:00,2013-05-18 00:00:00,rolling_group_norm,100464,0.8915034241121198,0.647090818810441,0.0502747252747252,0.011032790309106,2.910816200673613
Ausgrid,lightgbm_quantile__c90__h6,0.9,6.0,2013-06,11,1,35,2013-05-11 00:00:00,2013-05-18 00:00:00,rolling_user_norm,100464,0.890249243510113,0.6437194587503517,0.0325848064978499,0.0123642439431913,2.88227672176702
Ausgrid,lightgbm_quantile__c90__h6,0.9,6.0,2013-06,11,2,42,2013-05-18 00:00:00,2013-05-25 00:00:00,rolling_global_norm,100464,0.87754817646122,0.7546777870474792,0.0553710781971651,0.0364087301587301,3.4668853562726087
Ausgrid,lightgbm_quantile__c90__h6,0.9,6.0,2013-06,11,2,42,2013-05-18 00:00:00,2013-05-25 00:00:00,rolling_group_norm,100464,0.8771102086319478,0.7548995282236369,0.0549968147794234,0.0293337510442773,3.465709908528981
Ausgrid,lightgbm_quantile__c90__h6,0.9,6.0,2013-06,11,2,42,2013-05-18 00:00:00,2013-05-25 00:00:00,rolling_user_norm,100464,0.8710582895365504,0.7517931362281561,0.0468028348463131,0.0391760651629072,3.4453977867120877
Ausgrid,lightgbm_quantile__c90__h6,0.9,6.0,2013-06,11,3,49,2013-05-25 00:00:00,2013-06-01 00:00:00,rolling_global_norm,100464,0.8917423156553591,0.7748045569150257,0.0533046663481446,0.0176900584795322,3.297543482824456
Ausgrid,lightgbm_quantile__c90__h6,0.9,6.0,2013-06,11,3,49,2013-05-25 00:00:00,2013-06-01 00:00:00,rolling_group_norm,100464,0.8917622232839624,0.7748776407784879,0.0523889154323936,0.0087614870509608,3.296686048566593
Ausgrid,lightgbm_quantile__c90__h6,0.9,6.0,2013-06,11,3,49,2013-05-25 00:00:00,2013-06-01 00:00:00,rolling_user_norm,100464,0.8866459627329193,0.7715684586138712,0.0377568084089823,0.014452798663325,3.270559613403843
UCI Electricity,lightgbm_quantile__c80__h1,0.8,1.0,2014-01,0,1,35,2013-12-11 00:00:00,2013-12-18 00:00:00,rolling_global_norm,229152,0.8014505655634688,363.91808310730994,0.0492127496159754,0.0981701940035273,1.2214435577395926
UCI Electricity,lightgbm_quantile__c80__h1,0.8,1.0,2014-01,0,1,35,2013-12-11 00:00:00,2013-12-18 00:00:00,rolling_group_norm,229152,0.8005559628543499,357.8892592976118,0.0440380184331797,0.0029291979949874,1.2210594060632916
UCI Electricity,lightgbm_quantile__c80__h1,0.8,1.0,2014-01,0,1,35,2013-12-11 00:00:00,2013-12-18 00:00:00,rolling_user_norm,229152,0.8004075897221059,342.01495254973014,0.034749860354699,0.0176807760141093,1.2169904450555984
UCI Electricity,lightgbm_quantile__c80__h1,0.8,1.0,2014-01,0,2,42,2013-12-18 00:00:00,2013-12-25 00:00:00,rolling_global_norm,229152,0.775131790252758,370.0126857118107,0.054136119257087,0.1017526455026455,1.358381713362615
UCI Electricity,lightgbm_quantile__c80__h1,0.8,1.0,2014-01,0,2,42,2013-12-18 00:00:00,2013-12-25 00:00:00,rolling_group_norm,229152,0.7752714355536936,364.18731110343134,0.0521636293813713,0.0316259398496241,1.3592496382375363
UCI Electricity,lightgbm_quantile__c80__h1,0.8,1.0,2014-01,0,2,42,2013-12-18 00:00:00,2013-12-25 00:00:00,rolling_user_norm,229152,0.7748350439882697,347.08699040975665,0.0449020737327189,0.0334899749373434,1.353786061448834
UCI Electricity,lightgbm_quantile__c80__h1,0.8,1.0,2014-01,0,3,49,2013-12-25 00:00:00,2014-01-01 00:00:00,rolling_global_norm,229152,0.7667443443653121,355.11687172926,0.0590725806451613,0.0724867724867724,1.3353197215728392
UCI Electricity,lightgbm_quantile__c80__h1,0.8,1.0,2014-01,0,3,49,2013-12-25 00:00:00,2014-01-01 00:00:00,rolling_group_norm,229152,0.7658366499092305,349.774540720743,0.0600047130289066,0.0650532581453634,1.337032337943488
UCI Electricity,lightgbm_quantile__c80__h1,0.8,1.0,2014-01,0,3,49,2013-12-25 00:00:00,2014-01-01 00:00:00,rolling_user_norm,229152,0.7671676441837733,330.3698879177963,0.0537791509565703,0.0644893483709273,1.331505861970772
UCI Electricity,lightgbm_quantile__c80__h1,0.8,1.0,2014-02,1,1,35,2014-01-11 00:00:00,2014-01-18 00:00:00,rolling_global_norm,229152,0.8165715333054042,356.0317334802759,0.0480947144253595,0.0381283068783068,1.2152781584660284
UCI Electricity,lightgbm_quantile__c80__h1,0.8,1.0,2014-02,1,1,35,2014-01-11 00:00:00,2014-01-18 00:00:00,rolling_group_norm,229152,0.8166806311967603,356.20393730655644,0.0492302052785923,0.0222431077694235,1.215415438025356
UCI Electricity,lightgbm_quantile__c80__h1,0.8,1.0,2014-02,1,1,35,2014-01-11 00:00:00,2014-01-18 00:00:00,rolling_user_norm,229152,0.8171912093283061,323.1473970375389,0.0341581133919843,0.0315696649029981,1.2065749535361303
UCI Electricity,lightgbm_quantile__c80__h1,0.8,1.0,2014-02,1,2,42,2014-01-18 00:00:00,2014-01-25 00:00:00,rolling_global_norm,229152,0.808397919285016,356.1568078929056,0.0462138667783829,0.0290895061728394,1.2270446179771062
UCI Electricity,lightgbm_quantile__c80__h1,0.8,1.0,2014-02,1,2,42,2014-01-18 00:00:00,2014-01-25 00:00:00,rolling_group_norm,229152,0.8082670018153889,356.0189415464728,0.047399106270074,0.0129385964912279,1.2270878071069
UCI Electricity,lightgbm_quantile__c80__h1,0.8,1.0,2014-02,1,2,42,2014-01-18 00:00:00,2014-01-25 00:00:00,rolling_user_norm,229152,0.8093361611506773,322.420961742058,0.0317213028906577,0.0245149911816577,1.216812674694795
UCI Electricity,lightgbm_quantile__c80__h1,0.8,1.0,2014-02,1,3,49,2014-01-25 00:00:00,2014-02-01 00:00:00,rolling_global_norm,229152,0.8125043639156543,357.94197737224744,0.0480056905460131,0.0262374686716792,1.2264946016306046
UCI Electricity,lightgbm_quantile__c80__h1,0.8,1.0,2014-02,1,3,49,2014-01-25 00:00:00,2014-02-01 00:00:00,rolling_group_norm,229152,0.8128883884932272,357.24592446916625,0.0481226434855467,0.0238095238095237,1.2264651161256346
UCI Electricity,lightgbm_quantile__c80__h1,0.8,1.0,2014-02,1,3,49,2014-01-25 00:00:00,2014-02-01 00:00:00,rolling_user_norm,229152,0.8128185658427594,323.0205753324028,0.0336693548387096,0.0236058897243107,1.2170629480054531
UCI Electricity,lightgbm_quantile__c80__h1,0.8,1.0,2014-03,2,1,35,2014-02-08 00:00:00,2014-02-15 00:00:00,rolling_global_norm,229152,0.8003290392403296,347.5817924874769,0.0519611436950146,0.0932098765432098,1.2514596081366325
UCI Electricity,lightgbm_quantile__c80__h1,0.8,1.0,2014-03,2,1,35,2014-02-08 00:00:00,2014-02-15 00:00:00,rolling_group_norm,229152,0.8009487152632314,343.0783908537694,0.0463997695852534,0.0072089947089946,1.251067988081496
UCI Electricity,lightgbm_quantile__c80__h1,0.8,1.0,2014-03,2,1,35,2014-02-08 00:00:00,2014-02-15 00:00:00,rolling_user_norm,229152,0.80187386538193,306.70283196710835,0.0278007610668901,0.0164682539682539,1.2418181939240032
UCI Electricity,lightgbm_quantile__c80__h1,0.8,1.0,2014-03,2,2,42,2014-02-15 00:00:00,2014-02-22 00:00:00,rolling_global_norm,229152,0.8001675743611227,337.0108453989237,0.0491987850858818,0.0885251322751323,1.2228388830594947
UCI Electricity,lightgbm_quantile__c80__h1,0.8,1.0,2014-03,2,2,42,2014-02-15 00:00:00,2014-02-22 00:00:00,rolling_group_norm,229152,0.800538507191733,332.4972602766863,0.0450871037564586,0.0118386243386242,1.2225601062443978
UCI Electricity,lightgbm_quantile__c80__h1,0.8,1.0,2014-03,2,2,42,2014-02-15 00:00:00,2014-02-22 00:00:00,rolling_user_norm,229152,0.8013327398408043,295.42146837715984,0.027531943862589,0.0231922398589065,1.2138004189870883
UCI Electricity,lightgbm_quantile__c80__h1,0.8,1.0,2014-03,2,3,49,2014-02-22 00:00:00,2014-03-01 00:00:00,rolling_global_norm,229152,0.8033270492947913,344.69513410039525,0.0504957408183214,0.0932649911816578,1.2172355205157774
UCI Electricity,lightgbm_quantile__c80__h1,0.8,1.0,2014-03,2,3,49,2014-02-22 00:00:00,2014-03-01 00:00:00,rolling_group_norm,229152,0.8038987222454964,340.37979662717675,0.0442719243122468,0.0042879188712521,1.216724434782429
UCI Electricity,lightgbm_quantile__c80__h1,0.8,1.0,2014-03,2,3,49,2014-02-22 00:00:00,2014-03-01 00:00:00,rolling_user_norm,229152,0.8036063398966625,304.3311243068229,0.0282292975841362,0.0095238095238094,1.2071567087157802
UCI Electricity,lightgbm_quantile__c80__h1,0.8,1.0,2014-04,3,1,35,2014-03-11 00:00:00,2014-03-18 00:00:00,rolling_global_norm,229152,0.7988365800865801,347.4818358939589,0.0529473886328724,0.0737544091710759,1.1888366108805892
UCI Electricity,lightgbm_quantile__c80__h1,0.8,1.0,2014-04,3,1,35,2014-03-11 00:00:00,2014-03-18 00:00:00,rolling_group_norm,229152,0.7980772587627426,343.23467365687384,0.0488924382069543,0.0071271929824561,1.1884685839373863
UCI Electricity,lightgbm_quantile__c80__h1,0.8,1.0,2014-04,3,1,35,2014-03-11 00:00:00,2014-03-18 00:00:00,rolling_user_norm,229152,0.7977150537634409,308.9970822619518,0.037093283061025,0.0053299630354425,1.1821906252676349
UCI Electricity,lightgbm_quantile__c80__h1,0.8,1.0,2014-04,3,2,42,2014-03-18 00:00:00,2014-03-25 00:00:00,rolling_global_norm,229152,0.7962051389470745,344.4693585525464,0.0522884373690825,0.0687940917107584,1.1802053500796024
UCI Electricity,lightgbm_quantile__c80__h1,0.8,1.0,2014-04,3,2,42,2014-03-18 00:00:00,2014-03-25 00:00:00,rolling_group_norm,229152,0.794804322022064,339.88554725006486,0.0487859586649909,0.0081770493585562,1.1799436166141033
UCI Electricity,lightgbm_quantile__c80__h1,0.8,1.0,2014-04,3,2,42,2014-03-18 00:00:00,2014-03-25 00:00:00,rolling_user_norm,229152,0.7956160103337523,307.69198479284927,0.0331561583577712,0.0066074146553598,1.1726050832656658
UCI Electricity,lightgbm_quantile__c80__h1,0.8,1.0,2014-04,3,3,49,2014-03-25 00:00:00,2014-04-01 00:00:00,rolling_global_norm,229152,0.7881755341432761,341.8964506933785,0.0520702415863706,0.0786044973544973,1.3187047897185946
UCI Electricity,lightgbm_quantile__c80__h1,0.8,1.0,2014-04,3,3,49,2014-03-25 00:00:00,2014-04-01 00:00:00,rolling_group_norm,229152,0.7875994972769166,337.13043537253355,0.0489509146767211,0.0170308762774517,1.3185728259703082
UCI Electricity,lightgbm_quantile__c80__h1,0.8,1.0,2014-04,3,3,49,2014-03-25 00:00:00,2014-04-01 00:00:00,rolling_user_norm,229152,0.7879835218544896,306.7869660444864,0.0327223851417399,0.0170240813220265,1.3098910746562515
UCI Electricity,lightgbm_quantile__c80__h1,0.8,1.0,2014-05,4,1,35,2014-04-10 00:00:00,2014-04-17 00:00:00,rolling_global_norm,229152,0.7996919075548108,374.4562306668494,0.0534797863426895,0.0472993827160493,1.1830652498380982
UCI Electricity,lightgbm_quantile__c80__h1,0.8,1.0,2014-05,4,1,35,2014-04-10 00:00:00,2014-04-17 00:00:00,rolling_group_norm,229152,0.7999973816506074,368.3890215102488,0.0502539798910766,0.0036340852130326,1.182816148070356
UCI Electricity,lightgbm_quantile__c80__h1,0.8,1.0,2014-05,4,1,35,2014-04-10 00:00:00,2014-04-17 00:00:00,rolling_user_norm,229152,0.7999624703253736,351.52807799988943,0.0366926756039659,0.0070436507936507,1.1732889037323735
UCI Electricity,lightgbm_quantile__c80__h1,0.8,1.0,2014-05,4,2,42,2014-04-17 00:00:00,2014-04-24 00:00:00,rolling_global_norm,229152,0.7842654657170787,367.0315198506788,0.0545087976539589,0.0535273368606702,1.2263564055582874
UCI Electricity,lightgbm_quantile__c80__h1,0.8,1.0,2014-05,4,2,42,2014-04-17 00:00:00,2014-04-24 00:00:00,rolling_group_norm,229152,0.7839556277056277,361.0804720580986,0.052612239910627,0.0181390977443609,1.226259990622171
UCI Electricity,lightgbm_quantile__c80__h1,0.8,1.0,2014-05,4,2,42,2014-04-17 00:00:00,2014-04-24 00:00:00,rolling_user_norm,229152,0.784618942885072,347.10968652895724,0.0369754573383605,0.0169016290726817,1.2160391849651642
UCI Electricity,lightgbm_quantile__c80__h1,0.8,1.0,2014-05,4,3,49,2014-04-24 00:00:00,2014-05-01 00:00:00,rolling_global_norm,229152,0.7977674207512917,367.7120749450857,0.0513528138528138,0.013502506265664,1.1771145129896834
UCI Electricity,lightgbm_quantile__c80__h1,0.8,1.0,2014-05,4,3,49,2014-04-24 00:00:00,2014-05-01 00:00:00,rolling_group_norm,229152,0.7960349462365591,362.45118361138833,0.0505769096494903,0.0107583774250441,1.176882852710407
UCI Electricity,lightgbm_quantile__c80__h1,0.8,1.0,2014-05,4,3,49,2014-04-24 00:00:00,2014-05-01 00:00:00,rolling_user_norm,229152,0.7965106130428711,348.886706823732,0.0301738583996648,0.006359649122807,1.1652459874222558
UCI Electricity,lightgbm_quantile__c80__h1,0.8,1.0,2014-06,5,1,35,2014-05-11 00:00:00,2014-05-18 00:00:00,rolling_global_norm,229152,0.7905800516687613,478.8927436875594,0.0488435623516268,0.0202177103718199,1.240454254181077
UCI Electricity,lightgbm_quantile__c80__h1,0.8,1.0,2014-06,5,1,35,2014-05-11 00:00:00,2014-05-18 00:00:00,rolling_group_norm,229152,0.7904185867895546,474.1118233368665,0.0483015640273704,0.0118606701940036,1.2397270854638551
UCI Electricity,lightgbm_quantile__c80__h1,0.8,1.0,2014-06,5,1,35,2014-05-11 00:00:00,2014-05-18 00:00:00,rolling_user_norm,229152,0.7911211772098868,458.61950634171217,0.0348196830051668,0.0121792781039357,1.23267077070116
UCI Electricity,lightgbm_quantile__c80__h1,0.8,1.0,2014-06,5,2,42,2014-05-18 00:00:00,2014-05-25 00:00:00,rolling_global_norm,229152,0.7919415933528837,450.99934234691045,0.0455549155145929,0.0161611219830398,1.2044231589235412
UCI Electricity,lightgbm_quantile__c80__h1,0.8,1.0,2014-06,5,2,42,2014-05-18 00:00:00,2014-05-25 00:00:00,rolling_group_norm,229152,0.7917888563049853,445.9904277201266,0.0457268537913699,0.0137687969924812,1.204030821070557
UCI Electricity,lightgbm_quantile__c80__h1,0.8,1.0,2014-06,5,2,42,2014-05-18 00:00:00,2014-05-25 00:00:00,rolling_user_norm,229152,0.7914397430526463,425.259163536437,0.0327520597681888,0.0132832080200501,1.1967582477755885
UCI Electricity,lightgbm_quantile__c80__h1,0.8,1.0,2014-06,5,3,49,2014-05-25 00:00:00,2014-06-01 00:00:00,rolling_global_norm,229152,0.8017909509844994,460.9704415432265,0.0501239352045803,0.025877192982456,1.1892404771395588
UCI Electricity,lightgbm_quantile__c80__h1,0.8,1.0,2014-06,5,3,49,2014-05-25 00:00:00,2014-06-01 00:00:00,rolling_group_norm,229152,0.8027379206814691,456.0798382446099,0.0492956640134059,0.0090538847117793,1.1885411493177105
UCI Electricity,lightgbm_quantile__c80__h1,0.8,1.0,2014-06,5,3,49,2014-05-25 00:00:00,2014-06-01 00:00:00,rolling_user_norm,229152,0.802956116464181,433.3497120323594,0.0274603756458595,0.0082863408521303,1.1795077554500808
UCI Electricity,lightgbm_quantile__c80__h1,0.8,1.0,2014-07,6,1,35,2014-06-10 00:00:00,2014-06-17 00:00:00,rolling_global_norm,229152,0.7954283619606201,520.3016087123846,0.043497765675185,0.0196097883597883,1.3289531980200169
UCI Electricity,lightgbm_quantile__c80__h1,0.8,1.0,2014-07,6,1,35,2014-06-10 00:00:00,2014-06-17 00:00:00,rolling_group_norm,229152,0.7968902737047898,514.0782423712849,0.0424390797374668,0.0158619929453261,1.328367113762445
UCI Electricity,lightgbm_quantile__c80__h1,0.8,1.0,2014-07,6,1,35,2014-06-10 00:00:00,2014-06-17 00:00:00,rolling_user_norm,229152,0.795703288646837,476.23574499501535,0.0331701228878648,0.0140983245149911,1.322317345679252
UCI Electricity,lightgbm_quantile__c80__h1,0.8,1.0,2014-07,6,2,42,2014-06-17 00:00:00,2014-06-24 00:00:00,rolling_global_norm,229152,0.7969426406926406,516.1865621095735,0.0468291788856305,0.0147597001763668,1.2714846181554973
UCI Electricity,lightgbm_quantile__c80__h1,0.8,1.0,2014-07,6,2,42,2014-06-17 00:00:00,2014-06-24 00:00:00,rolling_group_norm,229152,0.7974706744868035,509.9775094063592,0.0457530372852953,0.0097442680776013,1.2709380011290536
UCI Electricity,lightgbm_quantile__c80__h1,0.8,1.0,2014-07,6,2,42,2014-06-17 00:00:00,2014-06-24 00:00:00,rolling_user_norm,229152,0.798945677977936,475.5592717327869,0.0322056975282781,0.0158619929453261,1.261770788218848
UCI Electricity,lightgbm_quantile__c80__h1,0.8,1.0,2014-07,6,3,49,2014-06-24 00:00:00,2014-07-01 00:00:00,rolling_global_norm,229152,0.8041431015221338,504.7232476363865,0.0477281455104035,0.0215225563909774,1.2305773827914397
UCI Electricity,lightgbm_quantile__c80__h1,0.8,1.0,2014-07,6,3,49,2014-06-24 00:00:00,2014-07-01 00:00:00,rolling_group_norm,229152,0.8039947283898897,498.6101392141546,0.046780303030303,0.00552158077843,1.2301870561520332
UCI Electricity,lightgbm_quantile__c80__h1,0.8,1.0,2014-07,6,3,49,2014-06-24 00:00:00,2014-07-01 00:00:00,rolling_user_norm,229152,0.805190441279151,461.69375736444096,0.0279630987292277,0.0120039682539682,1.217336066078773
UCI Electricity,lightgbm_quantile__c80__h1,0.8,1.0,2014-08,7,1,35,2014-07-11 00:00:00,2014-07-18 00:00:00,rolling_global_norm,229152,0.7925787250384024,582.2092268877627,0.0493969068565842,0.0180025549032398,1.39591949723231
UCI Electricity,lightgbm_quantile__c80__h1,0.8,1.0,2014-08,7,1,35,2014-07-11 00:00:00,2014-07-18 00:00:00,rolling_group_norm,229152,0.7922732509426058,575.7024787526957,0.0489360773634967,0.014781746031746,1.3950734628566304
UCI Electricity,lightgbm_quantile__c80__h1,0.8,1.0,2014-08,7,1,35,2014-07-11 00:00:00,2014-07-18 00:00:00,rolling_user_norm,229152,0.7934995112414467,534.1333827177657,0.0343911464879206,0.0069675472928898,1.3877615433949997
UCI Electricity,lightgbm_quantile__c80__h1,0.8,1.0,2014-08,7,2,42,2014-07-18 00:00:00,2014-07-25 00:00:00,rolling_global_norm,229152,0.8011407275520179,566.2672186283709,0.0477316366429269,0.0223527568922304,1.3311046883945217
UCI Electricity,lightgbm_quantile__c80__h1,0.8,1.0,2014-08,7,2,42,2014-07-18 00:00:00,2014-07-25 00:00:00,rolling_group_norm,229152,0.800521051529116,559.6803919587098,0.0478293883535819,0.0142857142857143,1.330481713931251
UCI Electricity,lightgbm_quantile__c80__h1,0.8,1.0,2014-08,7,2,42,2014-07-18 00:00:00,2014-07-25 00:00:00,rolling_user_norm,229152,0.8015116603826281,520.3343291845702,0.0289990923055439,0.0034304511278194,1.3192101667945284
UCI Electricity,lightgbm_quantile__c80__h1,0.8,1.0,2014-08,7,3,49,2014-07-25 00:00:00,2014-08-01 00:00:00,rolling_global_norm,229152,0.7948086859377183,570.1950896322169,0.0506807708420611,0.0176221804511277,1.4138401307956765
UCI Electricity,lightgbm_quantile__c80__h1,0.8,1.0,2014-08,7,3,49,2014-07-25 00:00:00,2014-08-01 00:00:00,rolling_group_norm,229152,0.7945555788297723,563.5574721130575,0.0490207373271889,0.0097663139329806,1.412999179520599
UCI Electricity,lightgbm_quantile__c80__h1,0.8,1.0,2014-08,7,3,49,2014-07-25 00:00:00,2014-08-01 00:00:00,rolling_user_norm,229152,0.7964276986454406,522.6323507904298,0.0316776637341153,0.0054047075451185,1.402551329164046
UCI Electricity,lightgbm_quantile__c80__h1,0.8,1.0,2014-09,8,1,35,2014-08-11 00:00:00,2014-08-18 00:00:00,rolling_global_norm,229152,0.8038027161011032,568.2597836049263,0.0457521645021645,0.0273258377425044,1.3050811186444298
UCI Electricity,lightgbm_quantile__c80__h1,0.8,1.0,2014-09,8,1,35,2014-08-11 00:00:00,2014-08-18 00:00:00,rolling_group_norm,229152,0.8033925080296048,560.4063657800721,0.0452913350090769,0.0193893298059963,1.30448482131611
UCI Electricity,lightgbm_quantile__c80__h1,0.8,1.0,2014-09,8,1,35,2014-08-11 00:00:00,2014-08-18 00:00:00,rolling_user_norm,229152,0.8051860773634967,523.6534850783253,0.0287477307638597,0.0372464726631392,1.295329677075048
UCI Electricity,lightgbm_quantile__c80__h1,0.8,1.0,2014-09,8,2,42,2014-08-18 00:00:00,2014-08-25 00:00:00,rolling_global_norm,229152,0.8052166247730764,568.4798874872429,0.0479655425219941,0.0265820802005012,1.2994737490433064
UCI Electricity,lightgbm_quantile__c80__h1,0.8,1.0,2014-09,8,2,42,2014-08-18 00:00:00,2014-08-25 00:00:00,rolling_group_norm,229152,0.8050115207373272,560.9712889763538,0.0470814132104454,0.0081459435626102,1.2988684349541089
UCI Electricity,lightgbm_quantile__c80__h1,0.8,1.0,2014-09,8,2,42,2014-08-18 00:00:00,2014-08-25 00:00:00,rolling_user_norm,229152,0.8070145580226226,525.5866450882085,0.0285077154028766,0.0281525573192239,1.2868943595204492
UCI Electricity,lightgbm_quantile__c80__h1,0.8,1.0,2014-09,8,3,49,2014-08-25 00:00:00,2014-09-01 00:00:00,rolling_global_norm,229152,0.8092314271749755,583.2338497427102,0.0472917539449797,0.025109649122807,1.2933599847161743
UCI Electricity,lightgbm_quantile__c80__h1,0.8,1.0,2014-09,8,3,49,2014-08-25 00:00:00,2014-09-01 00:00:00,rolling_group_norm,229152,0.8096329074151655,575.8527522937292,0.0463107457059069,0.0168540564373896,1.2931273241704528
UCI Electricity,lightgbm_quantile__c80__h1,0.8,1.0,2014-09,8,3,49,2014-08-25 00:00:00,2014-09-01 00:00:00,rolling_user_norm,229152,0.8118497765675186,538.6855994539055,0.0300193757855048,0.0304122574955907,1.2830765044275885
UCI Electricity,lightgbm_quantile__c80__h1,0.8,1.0,2014-10,9,1,35,2014-09-10 00:00:00,2014-09-17 00:00:00,rolling_global_norm,229152,0.8043831168831169,563.0375466362028,0.0459747242005306,0.0195175438596491,1.2883550353781217
UCI Electricity,lightgbm_quantile__c80__h1,0.8,1.0,2014-10,9,1,35,2014-09-10 00:00:00,2014-09-17 00:00:00,rolling_group_norm,229152,0.8016643974305264,555.5829239917318,0.0467279360424521,0.0119708994708994,1.288104644376622
UCI Electricity,lightgbm_quantile__c80__h1,0.8,1.0,2014-10,9,1,35,2014-09-10 00:00:00,2014-09-17 00:00:00,rolling_user_norm,229152,0.8021924312246893,532.0297692038469,0.0315266722524787,0.0042509241139377,1.2802745738713448
UCI Electricity,lightgbm_quantile__c80__h1,0.8,1.0,2014-10,9,2,42,2014-09-17 00:00:00,2014-09-24 00:00:00,rolling_global_norm,229152,0.8072283898896803,535.0218315717271,0.0472437508727831,0.0270206766917292,1.2415231953114958
UCI Electricity,lightgbm_quantile__c80__h1,0.8,1.0,2014-10,9,2,42,2014-09-17 00:00:00,2014-09-24 00:00:00,rolling_group_norm,229152,0.8038114439324117,527.7118368116353,0.0470107177768468,0.0073412698412699,1.2410049591446015
UCI Electricity,lightgbm_quantile__c80__h1,0.8,1.0,2014-10,9,2,42,2014-09-17 00:00:00,2014-09-24 00:00:00,rolling_user_norm,229152,0.8025764558022622,496.3863423571944,0.0363741097612065,0.0039792768959435,1.2352360619390277
UCI Electricity,lightgbm_quantile__c80__h1,0.8,1.0,2014-10,9,3,49,2014-09-24 00:00:00,2014-10-01 00:00:00,rolling_global_norm,229152,0.8068618209747243,524.9236639771744,0.0494012707722385,0.0601962081128748,1.2211598204150464
UCI Electricity,lightgbm_quantile__c80__h1,0.8,1.0,2014-10,9,3,49,2014-09-24 00:00:00,2014-10-01 00:00:00,rolling_group_norm,229152,0.8077215123586091,517.4638220891214,0.0466057464041334,0.0093811154598825,1.2205860245123967
UCI Electricity,lightgbm_quantile__c80__h1,0.8,1.0,2014-10,9,3,49,2014-09-24 00:00:00,2014-10-01 00:00:00,rolling_user_norm,229152,0.8080357142857143,480.91431959975785,0.034589268258623,0.0153108465608464,1.214088145690602
UCI Electricity,lightgbm_quantile__c80__h1,0.8,1.0,2014-11,10,1,35,2014-10-11 00:00:00,2014-10-18 00:00:00,rolling_global_norm,229152,0.8003944979751432,426.766428363062,0.047180910487362,0.0366622574955908,1.204226718295802
UCI Electricity,lightgbm_quantile__c80__h1,0.8,1.0,2014-11,10,1,35,2014-10-11 00:00:00,2014-10-18 00:00:00,rolling_group_norm,229152,0.7989587697248988,420.9951645923922,0.0452826071777684,0.0061618165784832,1.204103275335463
UCI Electricity,lightgbm_quantile__c80__h1,0.8,1.0,2014-11,10,1,35,2014-10-11 00:00:00,2014-10-18 00:00:00,rolling_user_norm,229152,0.8011145440580925,391.3855971503496,0.0335192361402038,0.022089947089947,1.198365548102578
UCI Electricity,lightgbm_quantile__c80__h1,0.8,1.0,2014-11,10,2,42,2014-10-18 00:00:00,2014-10-25 00:00:00,rolling_global_norm,229152,0.7890221337801983,440.868879048398,0.0506284038542103,0.0490079365079365,1.2684429307999985
UCI Electricity,lightgbm_quantile__c80__h1,0.8,1.0,2014-11,10,2,42,2014-10-18 00:00:00,2014-10-25 00:00:00,rolling_group_norm,229152,0.7877871456500489,435.3938310351084,0.049873446446027,0.0167136591478697,1.2685953950719744
UCI Electricity,lightgbm_quantile__c80__h1,0.8,1.0,2014-11,10,2,42,2014-10-18 00:00:00,2014-10-25 00:00:00,rolling_user_norm,229152,0.7892752408881442,407.4262763577727,0.0323243960340734,0.0162750626566416,1.2604291895841109
UCI Electricity,lightgbm_quantile__c80__h1,0.8,1.0,2014-11,10,3,49,2014-10-25 00:00:00,2014-11-01 00:00:00,rolling_global_norm,229152,0.7871281943862589,429.4493801093243,0.0448593073593073,0.0172958795390302,1.389859806392893
UCI Electricity,lightgbm_quantile__c80__h1,0.8,1.0,2014-11,10,3,49,2014-10-25 00:00:00,2014-11-01 00:00:00,rolling_group_norm,229152,0.7842960131266583,424.7588061543838,0.0460942954894567,0.0181390977443609,1.3899134057711269
UCI Electricity,lightgbm_quantile__c80__h1,0.8,1.0,2014-11,10,3,49,2014-10-25 00:00:00,2014-11-01 00:00:00,rolling_user_norm,229152,0.7849375087278313,403.1946814313376,0.0323680351906158,0.0201284461152883,1.383545877879356
UCI Electricity,lightgbm_quantile__c80__h1,0.8,1.0,2014-12,11,1,35,2014-11-10 00:00:00,2014-11-17 00:00:00,rolling_global_norm,229152,0.8141844714425359,354.3652612495825,0.0459502862728669,0.0226660401002505,1.1937295825523575
UCI Electricity,lightgbm_quantile__c80__h1,0.8,1.0,2014-12,11,1,35,2014-11-10 00:00:00,2014-11-17 00:00:00,rolling_group_norm,229152,0.8143197528278173,352.32464258590846,0.0460384373690825,0.0160557644110275,1.1937819412954245
UCI Electricity,lightgbm_quantile__c80__h1,0.8,1.0,2014-12,11,1,35,2014-11-10 00:00:00,2014-11-17 00:00:00,rolling_user_norm,229152,0.8137218963831867,350.4443384525908,0.036119257086999,0.0183972663139329,1.1905638797239904
UCI Electricity,lightgbm_quantile__c80__h1,0.8,1.0,2014-12,11,2,42,2014-11-17 00:00:00,2014-11-24 00:00:00,rolling_global_norm,229152,0.8122512568077084,356.62915357960094,0.0482587976539589,0.0234962406015036,1.194788749714284
UCI Electricity,lightgbm_quantile__c80__h1,0.8,1.0,2014-12,11,2,42,2014-11-17 00:00:00,2014-11-24 00:00:00,rolling_group_norm,229152,0.8114133850020947,353.9097329331541,0.0473737955592794,0.0140037593984961,1.1946711001998165
UCI Electricity,lightgbm_quantile__c80__h1,0.8,1.0,2014-12,11,2,42,2014-11-17 00:00:00,2014-11-24 00:00:00,rolling_user_norm,229152,0.8119501466275659,348.0466775201977,0.0343387795000698,0.014049249836921,1.189660465941585
UCI Electricity,lightgbm_quantile__c80__h1,0.8,1.0,2014-12,11,3,49,2014-11-24 00:00:00,2014-12-01 00:00:00,rolling_global_norm,229152,0.8120985197598101,350.5126668723782,0.0499493785784108,0.0244517543859649,1.1905848120676197
UCI Electricity,lightgbm_quantile__c80__h1,0.8,1.0,2014-12,11,3,49,2014-11-24 00:00:00,2014-12-01 00:00:00,rolling_group_norm,229152,0.8098860145231113,347.1776528802256,0.0493602499650886,0.013204887218045,1.190311452522938
UCI Electricity,lightgbm_quantile__c80__h1,0.8,1.0,2014-12,11,3,49,2014-11-24 00:00:00,2014-12-01 00:00:00,rolling_user_norm,229152,0.8099383815109622,339.9700743063543,0.0336065144532886,0.0107536964557511,1.1842690549310535
UCI Electricity,lightgbm_quantile__c90__h1,0.9,1.0,2014-01,0,1,35,2013-12-11 00:00:00,2013-12-18 00:00:00,rolling_global_norm,229152,0.9003107107945818,465.9972523975489,0.0389907135874877,0.1035383597883597,1.5969334045849293
UCI Electricity,lightgbm_quantile__c90__h1,0.9,1.0,2014-01,0,1,35,2013-12-11 00:00:00,2013-12-18 00:00:00,rolling_group_norm,229152,0.8994859307359307,456.0400242842254,0.0335401829353442,0.005544532627866,1.5958194473649523
UCI Electricity,lightgbm_quantile__c90__h1,0.9,1.0,2014-01,0,1,35,2013-12-11 00:00:00,2013-12-18 00:00:00,rolling_user_norm,229152,0.900790741516548,436.5336893303169,0.0249476330121491,0.0037698412698412,1.5831455480293906
UCI Electricity,lightgbm_quantile__c90__h1,0.9,1.0,2014-01,0,2,42,2013-12-18 00:00:00,2013-12-25 00:00:00,rolling_global_norm,229152,0.8814629590839268,471.6276228305175,0.0440799120234604,0.1047508818342152,1.7965037847107836
UCI Electricity,lightgbm_quantile__c90__h1,0.9,1.0,2014-01,0,2,42,2013-12-18 00:00:00,2013-12-25 00:00:00,rolling_group_norm,229152,0.8816986105292557,461.9592139042852,0.0400057603686636,0.0280388471177944,1.7989311149637324
UCI Electricity,lightgbm_quantile__c90__h1,0.9,1.0,2014-01,0,2,42,2013-12-18 00:00:00,2013-12-25 00:00:00,rolling_user_norm,229152,0.8817989805893032,441.5615631414341,0.0328393380812735,0.0286654135338345,1.7834550255389798
UCI Electricity,lightgbm_quantile__c90__h1,0.9,1.0,2014-01,0,3,49,2013-12-25 00:00:00,2014-01-01 00:00:00,rolling_global_norm,229152,0.8680482823627985,457.4396089011722,0.0551502932551319,0.0882716049382715,1.766946257933686
UCI Electricity,lightgbm_quantile__c90__h1,0.9,1.0,2014-01,0,3,49,2013-12-25 00:00:00,2014-01-01 00:00:00,rolling_group_norm,229152,0.8667347437508728,448.7554055608503,0.0554531490015361,0.0596647869674186,1.772366361192423
UCI Electricity,lightgbm_quantile__c90__h1,0.9,1.0,2014-01,0,3,49,2013-12-25 00:00:00,2014-01-01 00:00:00,rolling_user_norm,229152,0.8655957617651167,427.1120412681293,0.0511843667085602,0.062703634085213,1.7612243026957892
UCI Electricity,lightgbm_quantile__c90__h1,0.9,1.0,2014-02,1,1,35,2014-01-11 00:00:00,2014-01-18 00:00:00,rolling_global_norm,229152,0.914934192151934,457.7613665910932,0.0349942396313363,0.0234962406015036,1.592501605614304
UCI Electricity,lightgbm_quantile__c90__h1,0.9,1.0,2014-02,1,1,35,2014-01-11 00:00:00,2014-01-18 00:00:00,rolling_group_norm,229152,0.9155102290182936,457.593373915101,0.0349942396313363,0.0231829573934836,1.5927013239273484
UCI Electricity,lightgbm_quantile__c90__h1,0.9,1.0,2014-02,1,1,35,2014-01-11 00:00:00,2014-01-18 00:00:00,rolling_user_norm,229152,0.9145763510682864,425.99177140268034,0.026723746683424,0.0234022556390977,1.5763049060419414
UCI Electricity,lightgbm_quantile__c90__h1,0.9,1.0,2014-02,1,2,42,2014-01-18 00:00:00,2014-01-25 00:00:00,rolling_global_norm,229152,0.9078733766233766,453.446274695653,0.0339905390308616,0.0162124060150375,1.6067264964184396
UCI Electricity,lightgbm_quantile__c90__h1,0.9,1.0,2014-02,1,2,42,2014-01-18 00:00:00,2014-01-25 00:00:00,rolling_group_norm,229152,0.908519236140204,452.5333865617869,0.0337444141879625,0.0148496240601503,1.6066900093898868
UCI Electricity,lightgbm_quantile__c90__h1,0.9,1.0,2014-02,1,2,42,2014-01-18 00:00:00,2014-01-25 00:00:00,rolling_user_norm,229152,0.908100300237397,420.8665920043915,0.02434104873621,0.0149279448621553,1.5880914414069869
UCI Electricity,lightgbm_quantile__c90__h1,0.9,1.0,2014-02,1,3,49,2014-01-25 00:00:00,2014-02-01 00:00:00,rolling_global_norm,229152,0.9105397290881162,456.81943510780354,0.0348607038123167,0.0219768170426064,1.609242138810841
UCI Electricity,lightgbm_quantile__c90__h1,0.9,1.0,2014-02,1,3,49,2014-01-25 00:00:00,2014-02-01 00:00:00,rolling_group_norm,229152,0.9103782642089092,454.7433542264928,0.0345753037285295,0.0187186716791979,1.6089268959050114
UCI Electricity,lightgbm_quantile__c90__h1,0.9,1.0,2014-02,1,3,49,2014-01-25 00:00:00,2014-02-01 00:00:00,rolling_user_norm,229152,0.9100029674626448,423.72636898303153,0.0241752199413489,0.0182330827067669,1.589020600541874
UCI Electricity,lightgbm_quantile__c90__h1,0.9,1.0,2014-03,2,1,35,2014-02-08 00:00:00,2014-02-15 00:00:00,rolling_global_norm,229152,0.8981854838709677,449.17216865441947,0.0415732788716659,0.1040343915343915,1.6488516853956223
UCI Electricity,lightgbm_quantile__c90__h1,0.9,1.0,2014-03,2,1,35,2014-02-08 00:00:00,2014-02-15 00:00:00,rolling_group_norm,229152,0.898739701159056,439.3931489456834,0.0340315598380114,0.0104938271604938,1.6476089616814429
UCI Electricity,lightgbm_quantile__c90__h1,0.9,1.0,2014-03,2,1,35,2014-02-08 00:00:00,2014-02-15 00:00:00,rolling_user_norm,229152,0.8994204720011172,412.2659811644658,0.0204894567797793,0.0127535273368606,1.6270748142004758
UCI Electricity,lightgbm_quantile__c90__h1,0.9,1.0,2014-03,2,2,42,2014-02-15 00:00:00,2014-02-22 00:00:00,rolling_global_norm,229152,0.8991324535679375,436.9811948909543,0.040387166596844,0.1027667548500882,1.6121781959726773
UCI Electricity,lightgbm_quantile__c90__h1,0.9,1.0,2014-03,2,2,42,2014-02-15 00:00:00,2014-02-22 00:00:00,rolling_group_norm,229152,0.8995208420611647,427.1119850224548,0.0333638807429129,0.0091159611992944,1.610931839341475
UCI Electricity,lightgbm_quantile__c90__h1,0.9,1.0,2014-03,2,2,42,2014-02-15 00:00:00,2014-02-22 00:00:00,rolling_user_norm,229152,0.9001972489875716,399.69687106076367,0.0196358748778103,0.0091159611992944,1.5919268217417757
UCI Electricity,lightgbm_quantile__c90__h1,0.9,1.0,2014-03,2,3,49,2014-02-22 00:00:00,2014-03-01 00:00:00,rolling_global_norm,229152,0.9004721756737886,443.5362123410992,0.040621945259042,0.101168430335097,1.6065979650850206
UCI Electricity,lightgbm_quantile__c90__h1,0.9,1.0,2014-03,2,3,49,2014-02-22 00:00:00,2014-03-01 00:00:00,rolling_group_norm,229152,0.9010525764558024,433.6675891005856,0.0329143974305264,0.0066909171075837,1.605055598237778
UCI Electricity,lightgbm_quantile__c90__h1,0.9,1.0,2014-03,2,3,49,2014-02-22 00:00:00,2014-03-01 00:00:00,rolling_user_norm,229152,0.9011180351906158,407.0978296887899,0.0202197667923474,0.0081238977072309,1.587501013135563
UCI Electricity,lightgbm_quantile__c90__h1,0.9,1.0,2014-04,3,1,35,2014-03-11 00:00:00,2014-03-18 00:00:00,rolling_global_norm,229152,0.8984254992319508,447.6663777774722,0.039962993995252,0.0695326278659612,1.574772208953876
UCI Electricity,lightgbm_quantile__c90__h1,0.9,1.0,2014-04,3,1,35,2014-03-11 00:00:00,2014-03-18 00:00:00,rolling_group_norm,229152,0.8967715751989945,437.7144929540703,0.0350850090769445,0.0055460426179604,1.573625281519378
UCI Electricity,lightgbm_quantile__c90__h1,0.9,1.0,2014-04,3,1,35,2014-03-11 00:00:00,2014-03-18 00:00:00,rolling_user_norm,229152,0.8937822929758413,412.6507321031353,0.0281245636084345,0.0136463844797178,1.5638546400811146
UCI Electricity,lightgbm_quantile__c90__h1,0.9,1.0,2014-04,3,2,42,2014-03-18 00:00:00,2014-03-25 00:00:00,rolling_global_norm,229152,0.8991149979053205,444.9492585478766,0.0385560675883256,0.0606040564373897,1.5590477432030987
UCI Electricity,lightgbm_quantile__c90__h1,0.9,1.0,2014-04,3,2,42,2014-03-18 00:00:00,2014-03-25 00:00:00,rolling_group_norm,229152,0.8975265326071777,434.8359417984077,0.0337330680072615,0.0059741248097412,1.5576205380111414
UCI Electricity,lightgbm_quantile__c90__h1,0.9,1.0,2014-04,3,2,42,2014-03-18 00:00:00,2014-03-25 00:00:00,rolling_user_norm,229152,0.8958595168272587,411.1246532426168,0.0228931015221337,0.0075369645575125,1.5436503582721988
UCI Electricity,lightgbm_quantile__c90__h1,0.9,1.0,2014-04,3,3,49,2014-03-25 00:00:00,2014-04-01 00:00:00,rolling_global_norm,229152,0.8911115765954476,441.5367616813488,0.039029116045245,0.0645723104056437,1.784058916231128
UCI Electricity,lightgbm_quantile__c90__h1,0.9,1.0,2014-04,3,3,49,2014-03-25 00:00:00,2014-04-01 00:00:00,rolling_group_norm,229152,0.8901340594888982,431.2197751236257,0.0348031001256807,0.014413459447706,1.7833646318635072
UCI Electricity,lightgbm_quantile__c90__h1,0.9,1.0,2014-04,3,3,49,2014-03-25 00:00:00,2014-04-01 00:00:00,rolling_user_norm,229152,0.8898634967183354,408.7178257128575,0.022404342968859,0.0147600021743857,1.7644893941955928
UCI Electricity,lightgbm_quantile__c90__h1,0.9,1.0,2014-05,4,1,35,2014-04-10 00:00:00,2014-04-17 00:00:00,rolling_global_norm,229152,0.9027675953079178,471.6601283532863,0.0373437718195782,0.0135964912280701,1.5552052467373798
UCI Electricity,lightgbm_quantile__c90__h1,0.9,1.0,2014-05,4,1,35,2014-04-10 00:00:00,2014-04-17 00:00:00,rolling_group_norm,229152,0.901083123865382,461.4441107641016,0.0366123795559279,0.0111000881834214,1.5549037247836903
UCI Electricity,lightgbm_quantile__c90__h1,0.9,1.0,2014-05,4,1,35,2014-04-10 00:00:00,2014-04-17 00:00:00,rolling_user_norm,229152,0.9002976190476191,454.8338880434955,0.0274673579109062,0.0080357142857142,1.5350720456176905
UCI Electricity,lightgbm_quantile__c90__h1,0.9,1.0,2014-05,4,2,42,2014-04-17 00:00:00,2014-04-24 00:00:00,rolling_global_norm,229152,0.8901166038262812,468.8701598280418,0.0376815388912163,0.016322841922157,1.625863618657312
UCI Electricity,lightgbm_quantile__c90__h1,0.9,1.0,2014-05,4,2,42,2014-04-17 00:00:00,2014-04-24 00:00:00,rolling_group_norm,229152,0.8881092026253317,459.1746637655426,0.0382453567937438,0.0153978696741854,1.625386319169598
UCI Electricity,lightgbm_quantile__c90__h1,0.9,1.0,2014-05,4,2,42,2014-04-17 00:00:00,2014-04-24 00:00:00,rolling_user_norm,229152,0.8866298352185449,458.2962101154406,0.0280154657170786,0.0148652882205514,1.6055265696764716
UCI Electricity,lightgbm_quantile__c90__h1,0.9,1.0,2014-05,4,3,49,2014-04-24 00:00:00,2014-05-01 00:00:00,rolling_global_norm,229152,0.8992633710375646,470.2161737910211,0.0372957687473816,0.0146146616541352,1.557896531321056
UCI Electricity,lightgbm_quantile__c90__h1,0.9,1.0,2014-05,4,3,49,2014-04-24 00:00:00,2014-05-01 00:00:00,rolling_group_norm,229152,0.8991193618209747,461.6117168216789,0.0359193897500349,0.0034461152882205,1.5570819843565364
UCI Electricity,lightgbm_quantile__c90__h1,0.9,1.0,2014-05,4,3,49,2014-04-24 00:00:00,2014-05-01 00:00:00,rolling_user_norm,229152,0.8984560466415306,462.2883494468175,0.0218798003072196,0.0071979717813051,1.5351630753798813
UCI Electricity,lightgbm_quantile__c90__h1,0.9,1.0,2014-06,5,1,35,2014-05-11 00:00:00,2014-05-18 00:00:00,rolling_global_norm,229152,0.8944805194805194,599.3353471002448,0.0327817343946376,0.0131903674711894,1.628504139929671
UCI Electricity,lightgbm_quantile__c90__h1,0.9,1.0,2014-06,5,1,35,2014-05-11 00:00:00,2014-05-18 00:00:00,rolling_group_norm,229152,0.8949649141181399,591.858705388052,0.0324387306242144,0.0061711785170689,1.6270484867214514
UCI Electricity,lightgbm_quantile__c90__h1,0.9,1.0,2014-06,5,1,35,2014-05-11 00:00:00,2014-05-18 00:00:00,rolling_user_norm,229152,0.8930273355676581,616.7696533583684,0.0228608085462924,0.0085697977821265,1.6130097437045796
UCI Electricity,lightgbm_quantile__c90__h1,0.9,1.0,2014-06,5,2,42,2014-05-18 00:00:00,2014-05-25 00:00:00,rolling_global_norm,229152,0.8973301564027371,579.2304347268208,0.0315083438067309,0.0203947368421052,1.5810240370158686
UCI Electricity,lightgbm_quantile__c90__h1,0.9,1.0,2014-06,5,2,42,2014-05-18 00:00:00,2014-05-25 00:00:00,rolling_group_norm,229152,0.8984691383884932,571.6740198393902,0.0308074989526602,0.0058897243107769,1.5788556358126384
UCI Electricity,lightgbm_quantile__c90__h1,0.9,1.0,2014-06,5,2,42,2014-05-18 00:00:00,2014-05-25 00:00:00,rolling_user_norm,229152,0.8954711283340315,586.9510230431007,0.0234560466415305,0.0077136333985649,1.5662306852630474
UCI Electricity,lightgbm_quantile__c90__h1,0.9,1.0,2014-06,5,3,49,2014-05-25 00:00:00,2014-06-01 00:00:00,rolling_global_norm,229152,0.9011704021784668,576.3906016315481,0.0333481706465577,0.0217418546365915,1.5668612506206094
UCI Electricity,lightgbm_quantile__c90__h1,0.9,1.0,2014-06,5,3,49,2014-05-25 00:00:00,2014-06-01 00:00:00,rolling_group_norm,229152,0.9014627845273008,568.2675047535533,0.0327223851417399,0.0050438596491227,1.565206876088982
UCI Electricity,lightgbm_quantile__c90__h1,0.9,1.0,2014-06,5,3,49,2014-05-25 00:00:00,2014-06-01 00:00:00,rolling_user_norm,229152,0.9002147046501885,574.0943740397188,0.019351347577154,0.0044486215538847,1.548308730629508
UCI Electricity,lightgbm_quantile__c90__h1,0.9,1.0,2014-07,6,1,35,2014-06-10 00:00:00,2014-06-17 00:00:00,rolling_global_norm,229152,0.8927655006284039,654.2143422485007,0.0337217218265605,0.0132447271145901,1.7413878688872877
UCI Electricity,lightgbm_quantile__c90__h1,0.9,1.0,2014-07,6,1,35,2014-06-10 00:00:00,2014-06-17 00:00:00,rolling_group_norm,229152,0.8921589163524647,643.5668514310812,0.0342026253316575,0.0152568922305764,1.7406872556476676
UCI Electricity,lightgbm_quantile__c90__h1,0.9,1.0,2014-07,6,1,35,2014-06-10 00:00:00,2014-06-17 00:00:00,rolling_user_norm,229152,0.8918010752688172,587.0725029169926,0.0267874598519759,0.0185776942355889,1.7302663208677025
UCI Electricity,lightgbm_quantile__c90__h1,0.9,1.0,2014-07,6,2,42,2014-06-17 00:00:00,2014-06-24 00:00:00,rolling_global_norm,229152,0.8996953986873342,652.9948643454233,0.0340237047898338,0.0154918546365914,1.6554357945509912
UCI Electricity,lightgbm_quantile__c90__h1,0.9,1.0,2014-07,6,2,42,2014-06-17 00:00:00,2014-06-24 00:00:00,rolling_group_norm,229152,0.8995513894707443,643.2210715959483,0.0340385421030582,0.0016604010025063,1.6541441881375318
UCI Electricity,lightgbm_quantile__c90__h1,0.9,1.0,2014-07,6,2,42,2014-06-17 00:00:00,2014-06-24 00:00:00,rolling_user_norm,229152,0.9004285365172462,591.8405676286615,0.0227682935344225,0.0064153439153439,1.635288484878334
UCI Electricity,lightgbm_quantile__c90__h1,0.9,1.0,2014-07,6,3,49,2014-06-24 00:00:00,2014-07-01 00:00:00,rolling_global_norm,229152,0.90192535958665,645.1180537512055,0.0342829213796955,0.0216948621553884,1.6106938818039274
UCI Electricity,lightgbm_quantile__c90__h1,0.9,1.0,2014-07,6,3,49,2014-06-24 00:00:00,2014-07-01 00:00:00,rolling_group_norm,229152,0.9023617511520736,635.4489260267063,0.0343335428012847,0.0047305764411027,1.609005014208876
UCI Electricity,lightgbm_quantile__c90__h1,0.9,1.0,2014-07,6,3,49,2014-06-24 00:00:00,2014-07-01 00:00:00,rolling_user_norm,229152,0.9040680421728808,582.2348055847722,0.0198200321184192,0.006484962406015,1.585023800583095
UCI Electricity,lightgbm_quantile__c90__h1,0.9,1.0,2014-08,7,1,35,2014-07-11 00:00:00,2014-07-18 00:00:00,rolling_global_norm,229152,0.8945721617092585,706.9758931119056,0.0364413140622818,0.0101122526636225,1.8107287312694933
UCI Electricity,lightgbm_quantile__c90__h1,0.9,1.0,2014-08,7,1,35,2014-07-11 00:00:00,2014-07-18 00:00:00,rolling_group_norm,229152,0.8937910208071499,697.0638921389849,0.0371700879765395,0.0116071428571429,1.810141602110932
UCI Electricity,lightgbm_quantile__c90__h1,0.9,1.0,2014-08,7,1,35,2014-07-11 00:00:00,2014-07-18 00:00:00,rolling_user_norm,229152,0.8944586999022482,640.6322156040959,0.0234316087138667,0.0138001253132832,1.79026988838417
UCI Electricity,lightgbm_quantile__c90__h1,0.9,1.0,2014-08,7,2,42,2014-07-18 00:00:00,2014-07-25 00:00:00,rolling_global_norm,229152,0.8994248359167714,697.3291010616086,0.0365285923753665,0.0153195488721804,1.7295463971511895
UCI Electricity,lightgbm_quantile__c90__h1,0.9,1.0,2014-08,7,2,42,2014-07-18 00:00:00,2014-07-25 00:00:00,rolling_group_norm,229152,0.8988837103756459,688.1497946779144,0.036577468230694,0.0064263668430335,1.7283903009563204
UCI Electricity,lightgbm_quantile__c90__h1,0.9,1.0,2014-08,7,2,42,2014-07-18 00:00:00,2014-07-25 00:00:00,rolling_user_norm,229152,0.8996997626029885,638.7091309186709,0.0199832425638877,0.0020171957671958,1.702279440764029
UCI Electricity,lightgbm_quantile__c90__h1,0.9,1.0,2014-08,7,3,49,2014-07-25 00:00:00,2014-08-01 00:00:00,rolling_global_norm,229152,0.8961082600195504,699.4704834735891,0.035987466834241,0.0093648075668624,1.819314887901412
UCI Electricity,lightgbm_quantile__c90__h1,0.9,1.0,2014-08,7,3,49,2014-07-25 00:00:00,2014-08-01 00:00:00,rolling_group_norm,229152,0.8959817064655774,690.2832468152943,0.036669110459433,0.0068922305764411,1.8184370377966783
UCI Electricity,lightgbm_quantile__c90__h1,0.9,1.0,2014-08,7,3,49,2014-07-25 00:00:00,2014-08-01 00:00:00,rolling_user_norm,229152,0.896156263091747,637.755712330731,0.0226120653540008,0.0083489974937344,1.7966003423444312
UCI Electricity,lightgbm_quantile__c90__h1,0.9,1.0,2014-09,8,1,35,2014-08-11 00:00:00,2014-08-18 00:00:00,rolling_global_norm,229152,0.9032607177768468,695.7399790517361,0.0344051110180142,0.0174812030075187,1.700033252256278
UCI Electricity,lightgbm_quantile__c90__h1,0.9,1.0,2014-09,8,1,35,2014-08-11 00:00:00,2014-08-18 00:00:00,rolling_group_norm,229152,0.9032607177768468,686.9916059163553,0.0353634268956849,0.011981922398589,1.6989636116010682
UCI Electricity,lightgbm_quantile__c90__h1,0.9,1.0,2014-09,8,1,35,2014-08-11 00:00:00,2014-08-18 00:00:00,rolling_user_norm,229152,0.9025363077782432,647.9648547184369,0.0212662337662337,0.0092813051146384,1.6778217124238672
UCI Electricity,lightgbm_quantile__c90__h1,0.9,1.0,2014-09,8,2,42,2014-08-18 00:00:00,2014-08-25 00:00:00,rolling_global_norm,229152,0.9065642019271052,692.9968177517893,0.0353468440161988,0.0221961152882205,1.675958847596638
UCI Electricity,lightgbm_quantile__c90__h1,0.9,1.0,2014-09,8,2,42,2014-08-18 00:00:00,2014-08-25 00:00:00,rolling_group_norm,229152,0.906891495601173,684.2508050062205,0.0345220639575478,0.0085369674185463,1.6748277662967184
UCI Electricity,lightgbm_quantile__c90__h1,0.9,1.0,2014-09,8,2,42,2014-08-18 00:00:00,2014-08-25 00:00:00,rolling_user_norm,229152,0.9072929758413628,651.3858726506533,0.0202956989247311,0.013966049382716,1.6525220528766802
UCI Electricity,lightgbm_quantile__c90__h1,0.9,1.0,2014-09,8,3,49,2014-08-25 00:00:00,2014-09-01 00:00:00,rolling_global_norm,229152,0.905975073313783,706.7261611507224,0.0344993715961457,0.0153978696741854,1.6806493437706205
UCI Electricity,lightgbm_quantile__c90__h1,0.9,1.0,2014-09,8,3,49,2014-08-25 00:00:00,2014-09-01 00:00:00,rolling_group_norm,229152,0.9056172322301356,697.9949264170881,0.0345988688730624,0.0072971781305114,1.6803656401885532
UCI Electricity,lightgbm_quantile__c90__h1,0.9,1.0,2014-09,8,3,49,2014-08-25 00:00:00,2014-09-01 00:00:00,rolling_user_norm,229152,0.9065205627705628,660.242012474495,0.020359412093283,0.0098324514991181,1.6601664106336094
UCI Electricity,lightgbm_quantile__c90__h1,0.9,1.0,2014-10,9,1,35,2014-09-10 00:00:00,2014-09-17 00:00:00,rolling_global_norm,229152,0.901798806032677,686.2823410954617,0.03602761485826,0.0216380070546737,1.677962073164149
UCI Electricity,lightgbm_quantile__c90__h1,0.9,1.0,2014-10,9,1,35,2014-09-10 00:00:00,2014-09-17 00:00:00,rolling_group_norm,229152,0.9011704021784668,677.6713058495906,0.0351827607875995,0.0051587301587301,1.677374791289006
UCI Electricity,lightgbm_quantile__c90__h1,0.9,1.0,2014-10,9,1,35,2014-09-10 00:00:00,2014-09-17 00:00:00,rolling_user_norm,229152,0.9014540566959922,668.5918023866747,0.0223240469208211,0.0028593172428789,1.6583974259846863
UCI Electricity,lightgbm_quantile__c90__h1,0.9,1.0,2014-10,9,2,42,2014-09-17 00:00:00,2014-09-24 00:00:00,rolling_global_norm,229152,0.9060099846390168,661.1470477857563,0.0361297304845691,0.0238095238095238,1.627071804831942
UCI Electricity,lightgbm_quantile__c90__h1,0.9,1.0,2014-10,9,2,42,2014-09-17 00:00:00,2014-09-24 00:00:00,rolling_group_norm,229152,0.904857910906298,652.5512009214619,0.0347664432341851,0.0093671679197995,1.6256980947018498
UCI Electricity,lightgbm_quantile__c90__h1,0.9,1.0,2014-10,9,2,42,2014-09-17 00:00:00,2014-09-24 00:00:00,rolling_user_norm,229152,0.9035967392822232,637.0434457299001,0.0250061094819159,0.0138117283950617,1.6103139485633884
UCI Electricity,lightgbm_quantile__c90__h1,0.9,1.0,2014-10,9,3,49,2014-09-24 00:00:00,2014-10-01 00:00:00,rolling_global_norm,229152,0.9071751501186984,646.6749655436284,0.0369405460131266,0.025031328320802,1.6121906317090406
UCI Electricity,lightgbm_quantile__c90__h1,0.9,1.0,2014-10,9,3,49,2014-09-24 00:00:00,2014-10-01 00:00:00,rolling_group_norm,229152,0.9052506633151794,637.3411717662717,0.0358225108225108,0.0086466165413533,1.610628853982525
UCI Electricity,lightgbm_quantile__c90__h1,0.9,1.0,2014-10,9,3,49,2014-09-24 00:00:00,2014-10-01 00:00:00,rolling_user_norm,229152,0.9043036936182096,614.6252030212598,0.024913594470046,0.006594611528822,1.5924713507081298
UCI Electricity,lightgbm_quantile__c90__h1,0.9,1.0,2014-11,10,1,35,2014-10-11 00:00:00,2014-10-18 00:00:00,rolling_global_norm,229152,0.9045175254852674,542.4881816317076,0.0351365032816645,0.0145676691729322,1.585791352179216
UCI Electricity,lightgbm_quantile__c90__h1,0.9,1.0,2014-11,10,1,35,2014-10-11 00:00:00,2014-10-18 00:00:00,rolling_group_norm,229152,0.9023966624773077,534.2418562313261,0.0345080994274542,0.0072420634920634,1.5851834383257288
UCI Electricity,lightgbm_quantile__c90__h1,0.9,1.0,2014-11,10,1,35,2014-10-11 00:00:00,2014-10-18 00:00:00,rolling_user_norm,229152,0.902143555369362,531.9760802917679,0.0235599078341013,0.0126984126984126,1.5666770542675217
UCI Electricity,lightgbm_quantile__c90__h1,0.9,1.0,2014-11,10,2,42,2014-10-18 00:00:00,2014-10-25 00:00:00,rolling_global_norm,229152,0.8929531490015361,552.8754615196924,0.0389924591537494,0.0138117283950617,1.6729302851818042
UCI Electricity,lightgbm_quantile__c90__h1,0.9,1.0,2014-11,10,2,42,2014-10-18 00:00:00,2014-10-25 00:00:00,rolling_group_norm,229152,0.8898853162966066,544.5866804900858,0.0401279500069822,0.0173402255639097,1.673584873800661
UCI Electricity,lightgbm_quantile__c90__h1,0.9,1.0,2014-11,10,2,42,2014-10-18 00:00:00,2014-10-25 00:00:00,rolling_user_norm,229152,0.8914956011730205,538.5436892892566,0.0238496718335428,0.0155231829573935,1.6492588480298005
UCI Electricity,lightgbm_quantile__c90__h1,0.9,1.0,2014-11,10,3,49,2014-10-25 00:00:00,2014-11-01 00:00:00,rolling_global_norm,229152,0.8884015849741657,543.7752227268128,0.034830156402737,0.024889770723104,1.882530622866412
UCI Electricity,lightgbm_quantile__c90__h1,0.9,1.0,2014-11,10,3,49,2014-10-25 00:00:00,2014-11-01 00:00:00,rolling_group_norm,229152,0.8868436670856026,536.8210583052056,0.0349235441977377,0.0137844611528822,1.882568283074926
UCI Electricity,lightgbm_quantile__c90__h1,0.9,1.0,2014-11,10,3,49,2014-10-25 00:00:00,2014-11-01 00:00:00,rolling_user_norm,229152,0.8856828655215752,545.9565473873082,0.0242528976399944,0.0156569362904979,1.8660417096115995
UCI Electricity,lightgbm_quantile__c90__h1,0.9,1.0,2014-12,11,1,35,2014-11-10 00:00:00,2014-11-17 00:00:00,rolling_global_norm,229152,0.9137472070939812,463.4786697622343,0.0332329632732858,0.0230106516290726,1.5699585329730297
UCI Electricity,lightgbm_quantile__c90__h1,0.9,1.0,2014-12,11,1,35,2014-11-10 00:00:00,2014-11-17 00:00:00,rolling_group_norm,229152,0.913830121491412,459.02811369642734,0.0330819717916492,0.0157894736842104,1.569757690224537
UCI Electricity,lightgbm_quantile__c90__h1,0.9,1.0,2014-12,11,1,35,2014-11-10 00:00:00,2014-11-17 00:00:00,rolling_user_norm,229152,0.9113514173998044,478.7469694540387,0.024924940650747,0.0155643738977072,1.5576996920210608
UCI Electricity,lightgbm_quantile__c90__h1,0.9,1.0,2014-12,11,2,42,2014-11-17 00:00:00,2014-11-24 00:00:00,rolling_global_norm,229152,0.9125384024577572,470.43016054522974,0.0360354699064376,0.0237625313283207,1.5686253122220184
UCI Electricity,lightgbm_quantile__c90__h1,0.9,1.0,2014-12,11,2,42,2014-11-17 00:00:00,2014-11-24 00:00:00,rolling_group_norm,229152,0.9110241237257366,464.4299543613587,0.0338718405250663,0.012781954887218,1.5676802452012548
UCI Electricity,lightgbm_quantile__c90__h1,0.9,1.0,2014-12,11,2,42,2014-11-17 00:00:00,2014-11-24 00:00:00,rolling_user_norm,229152,0.910648826979472,479.5909803244781,0.0238418167853651,0.0121472663139329,1.5496489846707469
UCI Electricity,lightgbm_quantile__c90__h1,0.9,1.0,2014-12,11,3,49,2014-11-24 00:00:00,2014-12-01 00:00:00,rolling_global_norm,229152,0.9105659125820416,461.1974938711877,0.0353599357631615,0.0238878446115288,1.5671474766923577
UCI Electricity,lightgbm_quantile__c90__h1,0.9,1.0,2014-12,11,3,49,2014-11-24 00:00:00,2014-12-01 00:00:00,rolling_group_norm,229152,0.90768136433459,454.16967751622064,0.0332608923334729,0.0110588972431077,1.5658269006990089
UCI Electricity,lightgbm_quantile__c90__h1,0.9,1.0,2014-12,11,3,49,2014-11-24 00:00:00,2014-12-01 00:00:00,rolling_user_norm,229152,0.905883431085044,467.1666955060085,0.0225256598240469,0.0098875661375661,1.5498201977503108
UCI Electricity,lightgbm_quantile__c80__h6,0.8,6.0,2014-01,0,1,35,2013-12-11 00:00:00,2013-12-18 00:00:00,rolling_global_norm,229152,0.8323645440580925,400.78590018088704,0.0759949727691663,0.0583002645502644,1.742085523778601
UCI Electricity,lightgbm_quantile__c80__h6,0.8,6.0,2014-01,0,1,35,2013-12-11 00:00:00,2013-12-18 00:00:00,rolling_group_norm,229152,0.8331195014662757,404.2654195366858,0.0759469696969696,0.0369414546640574,1.7425531047470633
UCI Electricity,lightgbm_quantile__c80__h6,0.8,6.0,2014-01,0,1,35,2013-12-11 00:00:00,2013-12-18 00:00:00,rolling_user_norm,229152,0.831496124842899,379.0401147634188,0.0597847716799329,0.0354261796042617,1.7195581239852815
UCI Electricity,lightgbm_quantile__c80__h6,0.8,6.0,2014-01,0,2,42,2013-12-18 00:00:00,2013-12-25 00:00:00,rolling_global_norm,229152,0.7882628124563609,404.5337682310904,0.0739736070381231,0.0554894179894179,2.082871764209893
UCI Electricity,lightgbm_quantile__c80__h6,0.8,6.0,2014-01,0,2,42,2013-12-18 00:00:00,2013-12-25 00:00:00,rolling_group_norm,229152,0.788686112274822,408.5961588123319,0.0724558371735791,0.0190035273368606,2.081985951594022
UCI Electricity,lightgbm_quantile__c80__h6,0.8,6.0,2014-01,0,2,42,2013-12-18 00:00:00,2013-12-25 00:00:00,rolling_user_norm,229152,0.7867703533026114,382.2640146933031,0.0605641670157799,0.0182644110275689,2.059456882336005
UCI Electricity,lightgbm_quantile__c80__h6,0.8,6.0,2014-01,0,3,49,2013-12-25 00:00:00,2014-01-01 00:00:00,rolling_global_norm,229152,0.7403732020667505,400.6407771767469,0.1029255690546013,0.0988878446115288,2.438976433015726
UCI Electricity,lightgbm_quantile__c80__h6,0.8,6.0,2014-01,0,3,49,2013-12-25 00:00:00,2014-01-01 00:00:00,rolling_group_norm,229152,0.740696131825164,404.9715807066187,0.1006196760229018,0.0890037593984962,2.4360608526186485
UCI Electricity,lightgbm_quantile__c80__h6,0.8,6.0,2014-01,0,3,49,2013-12-25 00:00:00,2014-01-01 00:00:00,rolling_user_norm,229152,0.7380603267700042,375.6125844605778,0.0951351068286552,0.0960056390977444,2.4089996355262
UCI Electricity,lightgbm_quantile__c80__h6,0.8,6.0,2014-02,1,1,35,2014-01-11 00:00:00,2014-01-18 00:00:00,rolling_global_norm,229152,0.8233530582320905,407.7549252469178,0.0935370409160731,0.063150352733686,1.825993126131227
UCI Electricity,lightgbm_quantile__c80__h6,0.8,6.0,2014-02,1,1,35,2014-01-11 00:00:00,2014-01-18 00:00:00,rolling_group_norm,229152,0.8248018782292976,419.5830877804357,0.091355083088954,0.0281827571211132,1.8249556126202284
UCI Electricity,lightgbm_quantile__c80__h6,0.8,6.0,2014-02,1,1,35,2014-01-11 00:00:00,2014-01-18 00:00:00,rolling_user_norm,229152,0.8262856095517386,375.9009780314534,0.0570843806730903,0.0296029028049575,1.771944911524585
UCI Electricity,lightgbm_quantile__c80__h6,0.8,6.0,2014-02,1,2,42,2014-01-18 00:00:00,2014-01-25 00:00:00,rolling_global_norm,229152,0.7921074221477448,406.8272508176238,0.100927768468091,0.0579144620811287,1.8937001631358923
UCI Electricity,lightgbm_quantile__c80__h6,0.8,6.0,2014-02,1,2,42,2014-01-18 00:00:00,2014-01-25 00:00:00,rolling_group_norm,229152,0.7945381231671554,419.1115655922596,0.0970185728250244,0.0185620300751879,1.8908123688520624
UCI Electricity,lightgbm_quantile__c80__h6,0.8,6.0,2014-02,1,2,42,2014-01-18 00:00:00,2014-01-25 00:00:00,rolling_user_norm,229152,0.7944901200949588,374.5581477366645,0.0627557254573383,0.0237155388471178,1.8353214310356716
UCI Electricity,lightgbm_quantile__c80__h6,0.8,6.0,2014-02,1,3,49,2014-01-25 00:00:00,2014-02-01 00:00:00,rolling_global_norm,229152,0.8054086370618628,404.3337738331715,0.0942544686496299,0.0622134038800704,1.8895329959140472
UCI Electricity,lightgbm_quantile__c80__h6,0.8,6.0,2014-02,1,3,49,2014-01-25 00:00:00,2014-02-01 00:00:00,rolling_group_norm,229152,0.8075382279011312,417.32526412633615,0.091904936461388,0.0179012345679011,1.8880684824623364
UCI Electricity,lightgbm_quantile__c80__h6,0.8,6.0,2014-02,1,3,49,2014-01-25 00:00:00,2014-02-01 00:00:00,rolling_user_norm,229152,0.8065039798910767,371.29371995985866,0.0544808685937718,0.0204365079365078,1.8253584279392687
UCI Electricity,lightgbm_quantile__c80__h6,0.8,6.0,2014-03,2,1,35,2014-02-08 00:00:00,2014-02-15 00:00:00,rolling_global_norm,229152,0.7829431992738445,394.12119604786255,0.0938582251082251,0.0290895061728394,1.95445775024538
UCI Electricity,lightgbm_quantile__c80__h6,0.8,6.0,2014-03,2,1,35,2014-02-08 00:00:00,2014-02-15 00:00:00,rolling_group_norm,229152,0.7828602848764139,406.0661605749416,0.0930788297723781,0.0275902370080453,1.954759550871352
UCI Electricity,lightgbm_quantile__c80__h6,0.8,6.0,2014-03,2,1,35,2014-02-08 00:00:00,2014-02-15 00:00:00,rolling_user_norm,229152,0.7828602848764139,358.50921824427223,0.0539310152213378,0.0260817569036747,1.880752188918671
UCI Electricity,lightgbm_quantile__c80__h6,0.8,6.0,2014-03,2,2,42,2014-02-15 00:00:00,2014-02-22 00:00:00,rolling_global_norm,229152,0.7841650956570312,391.4894720397394,0.0971102150537634,0.055379188712522,1.8818688795061145
UCI Electricity,lightgbm_quantile__c80__h6,0.8,6.0,2014-03,2,2,42,2014-02-15 00:00:00,2014-02-22 00:00:00,rolling_group_norm,229152,0.7837941628264209,401.5702477466006,0.095777475212959,0.0209651554685801,1.880628731732081
UCI Electricity,lightgbm_quantile__c80__h6,0.8,6.0,2014-03,2,2,42,2014-02-15 00:00:00,2014-02-22 00:00:00,rolling_user_norm,229152,0.784618942885072,354.5032471697118,0.0523765884652981,0.0203400195694716,1.808943655942346
UCI Electricity,lightgbm_quantile__c80__h6,0.8,6.0,2014-03,2,3,49,2014-02-22 00:00:00,2014-03-01 00:00:00,rolling_global_norm,229152,0.7976888702695154,398.3726906969665,0.0949046920821114,0.049537037037037,1.8371600024387036
UCI Electricity,lightgbm_quantile__c80__h6,0.8,6.0,2014-03,2,3,49,2014-02-22 00:00:00,2014-03-01 00:00:00,rolling_group_norm,229152,0.7981078061723224,408.03149811434406,0.0942239212400502,0.006469298245614,1.836406072952354
UCI Electricity,lightgbm_quantile__c80__h6,0.8,6.0,2014-03,2,3,49,2014-02-22 00:00:00,2014-03-01 00:00:00,rolling_user_norm,229152,0.7969775520178746,360.23375079163185,0.055481950844854,0.0156966490299823,1.7740312008818797
UCI Electricity,lightgbm_quantile__c80__h6,0.8,6.0,2014-04,3,1,35,2014-03-11 00:00:00,2014-03-18 00:00:00,rolling_global_norm,229152,0.8084764697667923,402.2633836809872,0.0856060606060605,0.059182098765432,1.76691674829121
UCI Electricity,lightgbm_quantile__c80__h6,0.8,6.0,2014-04,3,1,35,2014-03-11 00:00:00,2014-03-18 00:00:00,rolling_group_norm,229152,0.809824919703952,403.4183007886991,0.0844129660661918,0.0197751322751322,1.766033919654178
UCI Electricity,lightgbm_quantile__c80__h6,0.8,6.0,2014-04,3,1,35,2014-03-11 00:00:00,2014-03-18 00:00:00,rolling_user_norm,229152,0.8042827468230694,355.6349224181679,0.0649324465856724,0.0120039682539682,1.7211379909771067
UCI Electricity,lightgbm_quantile__c80__h6,0.8,6.0,2014-04,3,2,42,2014-03-18 00:00:00,2014-03-25 00:00:00,rolling_global_norm,229152,0.8041649211004049,401.5085864434679,0.0845866499092305,0.0521274250440916,1.7164978239911102
UCI Electricity,lightgbm_quantile__c80__h6,0.8,6.0,2014-04,3,2,42,2014-03-18 00:00:00,2014-03-25 00:00:00,rolling_group_norm,229152,0.805264627845273,402.0694205004873,0.0835724759111855,0.010405643738977,1.715780523819555
UCI Electricity,lightgbm_quantile__c80__h6,0.8,6.0,2014-04,3,2,42,2014-03-18 00:00:00,2014-03-25 00:00:00,rolling_user_norm,229152,0.8007697947214076,355.6179759535377,0.0546362239910626,0.0114528218694884,1.663663362404855
UCI Electricity,lightgbm_quantile__c80__h6,0.8,6.0,2014-04,3,3,49,2014-03-25 00:00:00,2014-04-01 00:00:00,rolling_global_norm,229152,0.7690746753246753,402.05815063978014,0.096052401899176,0.0452380952380951,1.9258078632357083
UCI Electricity,lightgbm_quantile__c80__h6,0.8,6.0,2014-04,3,3,49,2014-03-25 00:00:00,2014-04-01 00:00:00,rolling_group_norm,229152,0.770405669599218,402.7108750084173,0.094208211143695,0.0386748120300752,1.9237201691874215
UCI Electricity,lightgbm_quantile__c80__h6,0.8,6.0,2014-04,3,3,49,2014-03-25 00:00:00,2014-04-01 00:00:00,rolling_user_norm,229152,0.7666265186426476,356.94914929261773,0.0631318949867337,0.0432800751879699,1.863921531182512
UCI Electricity,lightgbm_quantile__c80__h6,0.8,6.0,2014-05,4,1,35,2014-04-10 00:00:00,2014-04-17 00:00:00,rolling_global_norm,229152,0.8269838360564167,411.95267240436806,0.0857518153889121,0.0606150793650793,1.7242553168146102
UCI Electricity,lightgbm_quantile__c80__h6,0.8,6.0,2014-05,4,1,35,2014-04-10 00:00:00,2014-04-17 00:00:00,rolling_group_norm,229152,0.8265430805753387,410.1766589092236,0.0861786063398966,0.0357769423558896,1.7239853414664985
UCI Electricity,lightgbm_quantile__c80__h6,0.8,6.0,2014-05,4,1,35,2014-04-10 00:00:00,2014-04-17 00:00:00,rolling_user_norm,229152,0.8239552785923754,369.2433186152824,0.0714032607177768,0.0313439849624059,1.6763512867760266
UCI Electricity,lightgbm_quantile__c80__h6,0.8,6.0,2014-05,4,2,42,2014-04-17 00:00:00,2014-04-24 00:00:00,rolling_global_norm,229152,0.795262533165759,406.35735929382855,0.0777806870548806,0.0598434744268077,1.999874251688752
UCI Electricity,lightgbm_quantile__c80__h6,0.8,6.0,2014-05,4,2,42,2014-04-17 00:00:00,2014-04-24 00:00:00,rolling_group_norm,229152,0.7951839826839827,404.4649984276344,0.0762079318530931,0.0117715807784301,1.997791358276645
UCI Electricity,lightgbm_quantile__c80__h6,0.8,6.0,2014-05,4,2,42,2014-04-17 00:00:00,2014-04-24 00:00:00,rolling_user_norm,229152,0.7924041684122329,369.35369629335713,0.0550909440022343,0.0145439225918678,1.9501658059616904
UCI Electricity,lightgbm_quantile__c80__h6,0.8,6.0,2014-05,4,3,49,2014-04-24 00:00:00,2014-05-01 00:00:00,rolling_global_norm,229152,0.8121465228320067,406.9691515725868,0.0816340245775729,0.0579695767195767,1.7290339988831955
UCI Electricity,lightgbm_quantile__c80__h6,0.8,6.0,2014-05,4,3,49,2014-04-24 00:00:00,2014-05-01 00:00:00,rolling_group_norm,229152,0.8111384583158777,404.1638000299301,0.0822144253595866,0.0141917293233082,1.7283827912423884
UCI Electricity,lightgbm_quantile__c80__h6,0.8,6.0,2014-05,4,3,49,2014-04-24 00:00:00,2014-05-01 00:00:00,rolling_user_norm,229152,0.8096634548247451,371.88305621784207,0.0508134338779499,0.0199625220458554,1.6705956534745987
UCI Electricity,lightgbm_quantile__c80__h6,0.8,6.0,2014-06,5,1,35,2014-05-11 00:00:00,2014-05-18 00:00:00,rolling_global_norm,229152,0.790060745705907,540.2303923303584,0.0811880323977098,0.0470017636684303,1.84270373367218
UCI Electricity,lightgbm_quantile__c80__h6,0.8,6.0,2014-06,5,1,35,2014-05-11 00:00:00,2014-05-18 00:00:00,rolling_group_norm,229152,0.7920899664851277,534.8870613459275,0.0792705278592375,0.0158619929453261,1.8404559087333137
UCI Electricity,lightgbm_quantile__c80__h6,0.8,6.0,2014-06,5,1,35,2014-05-11 00:00:00,2014-05-18 00:00:00,rolling_user_norm,229152,0.788577014383466,536.7807056526689,0.0551249825443373,0.016765873015873,1.7835937446260528
UCI Electricity,lightgbm_quantile__c80__h6,0.8,6.0,2014-06,5,2,42,2014-05-18 00:00:00,2014-05-25 00:00:00,rolling_global_norm,229152,0.7746343038681749,529.7045942387158,0.0967384094400223,0.0370260141093473,1.8102910937921195
UCI Electricity,lightgbm_quantile__c80__h6,0.8,6.0,2014-06,5,2,42,2014-05-18 00:00:00,2014-05-25 00:00:00,rolling_group_norm,229152,0.7773399315738025,523.5713253170077,0.0944307708420611,0.0333646616541354,1.8082820609725176
UCI Electricity,lightgbm_quantile__c80__h6,0.8,6.0,2014-06,5,2,42,2014-05-18 00:00:00,2014-05-25 00:00:00,rolling_user_norm,229152,0.7696768956849602,509.2904744456284,0.0791012079318531,0.0409931077694235,1.7617527187352888
UCI Electricity,lightgbm_quantile__c80__h6,0.8,6.0,2014-06,5,3,49,2014-05-25 00:00:00,2014-06-01 00:00:00,rolling_global_norm,229152,0.7833141321044547,532.723201037434,0.0874668342410278,0.0433090828924161,1.7737569504909132
UCI Electricity,lightgbm_quantile__c80__h6,0.8,6.0,2014-06,5,3,49,2014-05-25 00:00:00,2014-06-01 00:00:00,rolling_group_norm,229152,0.7851033375226923,526.6677710411021,0.0849409998603547,0.0232926065162907,1.7719749243055818
UCI Electricity,lightgbm_quantile__c80__h6,0.8,6.0,2014-06,5,3,49,2014-05-25 00:00:00,2014-06-01 00:00:00,rolling_user_norm,229152,0.7805648652422846,496.18434124604175,0.0593579807289484,0.0275062656641604,1.715014551371569
UCI Electricity,lightgbm_quantile__c80__h6,0.8,6.0,2014-07,6,1,35,2014-06-10 00:00:00,2014-06-17 00:00:00,rolling_global_norm,229152,0.7813678257226644,603.7196192623363,0.0858452031839128,0.0629298941798941,2.143514030595692
UCI Electricity,lightgbm_quantile__c80__h6,0.8,6.0,2014-07,6,1,35,2014-06-10 00:00:00,2014-06-17 00:00:00,rolling_group_norm,229152,0.7824108015640274,594.9188228073347,0.0833603896103896,0.0258377425044091,2.1398104348126705
UCI Electricity,lightgbm_quantile__c80__h6,0.8,6.0,2014-07,6,1,35,2014-06-10 00:00:00,2014-06-17 00:00:00,rolling_user_norm,229152,0.7795917120513894,536.9870280551854,0.0682176022901829,0.0228337682104805,2.085999543429562
UCI Electricity,lightgbm_quantile__c80__h6,0.8,6.0,2014-07,6,2,42,2014-06-17 00:00:00,2014-06-24 00:00:00,rolling_global_norm,229152,0.8275336894288507,600.2300394391774,0.0914458525345622,0.0734016754850087,1.926370300444159
UCI Electricity,lightgbm_quantile__c80__h6,0.8,6.0,2014-07,6,2,42,2014-06-17 00:00:00,2014-06-24 00:00:00,rolling_group_norm,229152,0.8286639435832984,591.1825296377065,0.0881702974444909,0.0473057644110275,1.9234966825400723
UCI Electricity,lightgbm_quantile__c80__h6,0.8,6.0,2014-07,6,2,42,2014-06-17 00:00:00,2014-06-24 00:00:00,rolling_user_norm,229152,0.8302262253875157,536.7275475534078,0.0607928361960619,0.0471647869674185,1.859667319246342
UCI Electricity,lightgbm_quantile__c80__h6,0.8,6.0,2014-07,6,3,49,2014-06-24 00:00:00,2014-07-01 00:00:00,rolling_global_norm,229152,0.8232919634129312,589.2784407828223,0.0952983172741237,0.0676697530864197,1.874680091165437
UCI Electricity,lightgbm_quantile__c80__h6,0.8,6.0,2014-07,6,3,49,2014-06-24 00:00:00,2014-07-01 00:00:00,rolling_group_norm,229152,0.8244003979891077,579.5078704144413,0.09405896522832,0.0386904761904761,1.8719213693015413
UCI Electricity,lightgbm_quantile__c80__h6,0.8,6.0,2014-07,6,3,49,2014-06-24 00:00:00,2014-07-01 00:00:00,rolling_user_norm,229152,0.8221922566680632,527.3962360164621,0.0563198226504677,0.0360119047619047,1.801289025568729
UCI Electricity,lightgbm_quantile__c80__h6,0.8,6.0,2014-08,7,1,35,2014-07-11 00:00:00,2014-07-18 00:00:00,rolling_global_norm,229152,0.7953410836475353,657.799474307465,0.0863741097612065,0.0396929824561402,2.218225958354851
UCI Electricity,lightgbm_quantile__c80__h6,0.8,6.0,2014-08,7,1,35,2014-07-11 00:00:00,2014-07-18 00:00:00,rolling_group_norm,229152,0.7974183074989527,641.2180284037482,0.0841572406088535,0.0061838624338624,2.213242837152431
UCI Electricity,lightgbm_quantile__c80__h6,0.8,6.0,2014-08,7,1,35,2014-07-11 00:00:00,2014-07-18 00:00:00,rolling_user_norm,229152,0.7940493646138808,597.745014771058,0.0597542242703533,0.0222222222222222,2.146420265781323
UCI Electricity,lightgbm_quantile__c80__h6,0.8,6.0,2014-08,7,2,42,2014-07-18 00:00:00,2014-07-25 00:00:00,rolling_global_norm,229152,0.809549993017735,646.0988838285556,0.0883815109621561,0.0630639097744361,2.0834102263760927
UCI Electricity,lightgbm_quantile__c80__h6,0.8,6.0,2014-08,7,2,42,2014-07-18 00:00:00,2014-07-25 00:00:00,rolling_group_norm,229152,0.8107849811478843,628.8186278212914,0.0847952450775031,0.0252349624060149,2.0779698229888663
UCI Electricity,lightgbm_quantile__c80__h6,0.8,6.0,2014-08,7,2,42,2014-07-18 00:00:00,2014-07-25 00:00:00,rolling_user_norm,229152,0.8110075408462505,590.1313485047167,0.0446672950705208,0.0275375939849623,1.998762807346491
UCI Electricity,lightgbm_quantile__c80__h6,0.8,6.0,2014-08,7,3,49,2014-07-25 00:00:00,2014-08-01 00:00:00,rolling_global_norm,229152,0.7949221477447284,649.7457336485453,0.0919948331238653,0.0388001253132831,2.267250285519418
UCI Electricity,lightgbm_quantile__c80__h6,0.8,6.0,2014-08,7,3,49,2014-07-25 00:00:00,2014-08-01 00:00:00,rolling_group_norm,229152,0.7951839826839827,631.6863185888508,0.088336126239352,0.0063492063492064,2.262132140321465
UCI Electricity,lightgbm_quantile__c80__h6,0.8,6.0,2014-08,7,3,49,2014-07-25 00:00:00,2014-08-01 00:00:00,rolling_user_norm,229152,0.7940275450356096,593.7122429239732,0.0580776078759949,0.0137345679012346,2.190705668539479
UCI Electricity,lightgbm_quantile__c80__h6,0.8,6.0,2014-09,8,1,35,2014-08-11 00:00:00,2014-08-18 00:00:00,rolling_global_norm,229152,0.7935693338919145,646.143787205928,0.0902998882837592,0.0611662257495589,2.090866676301182
UCI Electricity,lightgbm_quantile__c80__h6,0.8,6.0,2014-09,8,1,35,2014-08-11 00:00:00,2014-08-18 00:00:00,rolling_group_norm,229152,0.7941148233486943,623.9113649298107,0.0843571079458176,0.0212081128747795,2.0825529282437185
UCI Electricity,lightgbm_quantile__c80__h6,0.8,6.0,2014-09,8,1,35,2014-08-11 00:00:00,2014-08-18 00:00:00,rolling_user_norm,229152,0.7916273914257785,610.0728149017557,0.0533541055718475,0.0369708994708993,2.017003997045995
UCI Electricity,lightgbm_quantile__c80__h6,0.8,6.0,2014-09,8,2,42,2014-08-18 00:00:00,2014-08-25 00:00:00,rolling_global_norm,229152,0.7910208071498394,642.2292167840466,0.1005463622399106,0.0522713032581453,2.099644278018853
UCI Electricity,lightgbm_quantile__c80__h6,0.8,6.0,2014-09,8,2,42,2014-08-18 00:00:00,2014-08-25 00:00:00,rolling_group_norm,229152,0.7905931434157241,619.4945559680128,0.0914292696550761,0.0143944335725157,2.090437367047416
UCI Electricity,lightgbm_quantile__c80__h6,0.8,6.0,2014-09,8,2,42,2014-08-18 00:00:00,2014-08-25 00:00:00,rolling_user_norm,229152,0.7896156263091747,615.2275869535401,0.055447912302751,0.0164872798434442,2.0174346548345405
UCI Electricity,lightgbm_quantile__c80__h6,0.8,6.0,2014-09,8,3,49,2014-08-25 00:00:00,2014-09-01 00:00:00,rolling_global_norm,229152,0.807882977237816,650.4684545210896,0.0873917748917748,0.0635912698412698,2.084550160611905
UCI Electricity,lightgbm_quantile__c80__h6,0.8,6.0,2014-09,8,3,49,2014-08-25 00:00:00,2014-09-01 00:00:00,rolling_group_norm,229152,0.8100431154866639,627.106986124136,0.0813721896383186,0.0263888888888887,2.079126350168746
UCI Electricity,lightgbm_quantile__c80__h6,0.8,6.0,2014-09,8,3,49,2014-08-25 00:00:00,2014-09-01 00:00:00,rolling_user_norm,229152,0.8090394148861891,616.1981451790606,0.0467349183074989,0.0330577601410934,2.0098713000933217
UCI Electricity,lightgbm_quantile__c80__h6,0.8,6.0,2014-10,9,1,35,2014-09-10 00:00:00,2014-09-17 00:00:00,rolling_global_norm,229152,0.8131502234324814,618.3127628133462,0.0900616184890378,0.0561873433583959,2.007854411047023
UCI Electricity,lightgbm_quantile__c80__h6,0.8,6.0,2014-10,9,1,35,2014-09-10 00:00:00,2014-09-17 00:00:00,rolling_group_norm,229152,0.8134164222873901,596.2369597232591,0.0877600893729925,0.0158295281582951,2.0038268264662427
UCI Electricity,lightgbm_quantile__c80__h6,0.8,6.0,2014-10,9,1,35,2014-09-10 00:00:00,2014-09-17 00:00:00,rolling_user_norm,229152,0.8130891286133222,624.6646402702654,0.0584389400921659,0.0157208088714937,1.9331548178763984
UCI Electricity,lightgbm_quantile__c80__h6,0.8,6.0,2014-10,9,2,42,2014-09-17 00:00:00,2014-09-24 00:00:00,rolling_global_norm,229152,0.8118759600614439,603.9004622960298,0.0910967392822231,0.0684837092731829,1.9303848643093209
UCI Electricity,lightgbm_quantile__c80__h6,0.8,6.0,2014-10,9,2,42,2014-09-17 00:00:00,2014-09-24 00:00:00,rolling_group_norm,229152,0.8131938625890239,582.6295099590548,0.0872948959642508,0.018843984962406,1.9245310167982173
UCI Electricity,lightgbm_quantile__c80__h6,0.8,6.0,2014-10,9,2,42,2014-09-17 00:00:00,2014-09-24 00:00:00,rolling_user_norm,229152,0.8113479262672811,604.9165680373814,0.0560117302052785,0.0158364661654134,1.8567826698164864
UCI Electricity,lightgbm_quantile__c80__h6,0.8,6.0,2014-10,9,3,49,2014-09-24 00:00:00,2014-10-01 00:00:00,rolling_global_norm,229152,0.7968029953917051,597.1614770427208,0.0964748289345063,0.0645520050125313,1.8867134831451968
UCI Electricity,lightgbm_quantile__c80__h6,0.8,6.0,2014-10,9,3,49,2014-09-24 00:00:00,2014-10-01 00:00:00,rolling_group_norm,229152,0.798046711353163,575.704674765533,0.0881092026253316,0.0228064373897707,1.8768354484412184
UCI Electricity,lightgbm_quantile__c80__h6,0.8,6.0,2014-10,9,3,49,2014-09-24 00:00:00,2014-10-01 00:00:00,rolling_user_norm,229152,0.7946123097332775,585.2339516200759,0.0622791858678955,0.0296957671957671,1.8138182907017453
UCI Electricity,lightgbm_quantile__c80__h6,0.8,6.0,2014-11,10,1,35,2014-10-11 00:00:00,2014-10-18 00:00:00,rolling_global_norm,229152,0.7987449378578411,485.54313839261147,0.0866237257366289,0.0685515873015872,1.8004187680999155
UCI Electricity,lightgbm_quantile__c80__h6,0.8,6.0,2014-11,10,1,35,2014-10-11 00:00:00,2014-10-18 00:00:00,rolling_group_norm,229152,0.7998839198435973,467.1816525910101,0.0845875226923614,0.0392857142857142,1.7970495953239316
UCI Electricity,lightgbm_quantile__c80__h6,0.8,6.0,2014-11,10,1,35,2014-10-11 00:00:00,2014-10-18 00:00:00,rolling_user_norm,229152,0.7949003281664572,457.20516625567024,0.0596835288367546,0.0343805114638448,1.728589377913647
UCI Electricity,lightgbm_quantile__c80__h6,0.8,6.0,2014-11,10,2,42,2014-10-18 00:00:00,2014-10-25 00:00:00,rolling_global_norm,229152,0.7769166317553414,496.2127506643264,0.0964180980310012,0.0536155202821868,1.9554747155136103
UCI Electricity,lightgbm_quantile__c80__h6,0.8,6.0,2014-11,10,2,42,2014-10-18 00:00:00,2014-10-25 00:00:00,rolling_group_norm,229152,0.776890448261416,478.7343428375474,0.0955453149001536,0.0415413533834586,1.9517181996106543
UCI Electricity,lightgbm_quantile__c80__h6,0.8,6.0,2014-11,10,2,42,2014-10-18 00:00:00,2014-10-25 00:00:00,rolling_user_norm,229152,0.7761354908532327,462.1047783501561,0.0640928292137969,0.0422462406015038,1.871857432819246
UCI Electricity,lightgbm_quantile__c80__h6,0.8,6.0,2014-11,10,3,49,2014-10-25 00:00:00,2014-11-01 00:00:00,rolling_global_norm,229152,0.7858495670995671,487.611443835049,0.0900528906577293,0.0504188712522045,1.948885717886444
UCI Electricity,lightgbm_quantile__c80__h6,0.8,6.0,2014-11,10,3,49,2014-10-25 00:00:00,2014-11-01 00:00:00,rolling_group_norm,229152,0.7848022273425499,470.5705527839753,0.0882025904203323,0.0158991228070175,1.943498999029828
UCI Electricity,lightgbm_quantile__c80__h6,0.8,6.0,2014-11,10,3,49,2014-10-25 00:00:00,2014-11-01 00:00:00,rolling_user_norm,229152,0.7858713866778383,469.67055906884514,0.0498044965786901,0.0170308762774517,1.867709099864082
UCI Electricity,lightgbm_quantile__c80__h6,0.8,6.0,2014-12,11,1,35,2014-11-10 00:00:00,2014-11-17 00:00:00,rolling_global_norm,229152,0.8066261695293954,403.1338743322817,0.0969784248010054,0.0596781305114637,1.793586686216287
UCI Electricity,lightgbm_quantile__c80__h6,0.8,6.0,2014-12,11,1,35,2014-11-10 00:00:00,2014-11-17 00:00:00,rolling_group_norm,229152,0.8074334939254294,390.8803017273656,0.0964870478983382,0.0117321700369644,1.7921073726574357
UCI Electricity,lightgbm_quantile__c80__h6,0.8,6.0,2014-12,11,1,35,2014-11-10 00:00:00,2014-11-17 00:00:00,rolling_user_norm,229152,0.803121945259042,406.4058647872443,0.0673099078341013,0.0183421516754849,1.7365948846213808
UCI Electricity,lightgbm_quantile__c80__h6,0.8,6.0,2014-12,11,2,42,2014-11-17 00:00:00,2014-11-24 00:00:00,rolling_global_norm,229152,0.8057402946515849,406.0907758779506,0.0987580296048037,0.0442460317460317,1.8494526218573497
UCI Electricity,lightgbm_quantile__c80__h6,0.8,6.0,2014-12,11,2,42,2014-11-17 00:00:00,2014-11-24 00:00:00,rolling_group_norm,229152,0.8061374109761207,394.6027251687731,0.0976749057394218,0.0117117851706892,1.848516541972815
UCI Electricity,lightgbm_quantile__c80__h6,0.8,6.0,2014-12,11,2,42,2014-11-17 00:00:00,2014-11-24 00:00:00,rolling_user_norm,229152,0.8055962854349951,398.4852219983314,0.0618489037843876,0.0081580234833659,1.7849041420989673
UCI Electricity,lightgbm_quantile__c80__h6,0.8,6.0,2014-12,11,3,49,2014-11-24 00:00:00,2014-12-01 00:00:00,rolling_global_norm,229152,0.7909640762463344,406.7049801119166,0.1012402248289345,0.0387345679012345,1.8716899548060624
UCI Electricity,lightgbm_quantile__c80__h6,0.8,6.0,2014-12,11,3,49,2014-11-24 00:00:00,2014-12-01 00:00:00,rolling_group_norm,229152,0.7911168132942327,395.86739866209047,0.1005847646976679,0.0204260651629073,1.870158318739048
UCI Electricity,lightgbm_quantile__c80__h6,0.8,6.0,2014-12,11,3,49,2014-11-24 00:00:00,2014-12-01 00:00:00,rolling_user_norm,229152,0.7876562281804217,394.698694224498,0.0669066820276497,0.0151785714285714,1.8068156503255044
UCI Electricity,lightgbm_quantile__c90__h6,0.9,6.0,2014-01,0,1,35,2013-12-11 00:00:00,2013-12-18 00:00:00,rolling_global_norm,229152,0.918342410277894,560.8660099630321,0.0530041195363775,0.025,2.227525398774927
UCI Electricity,lightgbm_quantile__c90__h6,0.9,6.0,2014-01,0,1,35,2013-12-11 00:00:00,2013-12-18 00:00:00,rolling_group_norm,229152,0.9186609761206536,555.0723141674687,0.0526628613322161,0.0199961948249619,2.228018991716007
UCI Electricity,lightgbm_quantile__c90__h6,0.9,6.0,2014-01,0,1,35,2013-12-11 00:00:00,2013-12-18 00:00:00,rolling_user_norm,229152,0.9189009914816366,506.0590342737439,0.0392071638039379,0.0207572298325722,2.1776877442009472
UCI Electricity,lightgbm_quantile__c90__h6,0.9,6.0,2014-01,0,2,42,2013-12-18 00:00:00,2013-12-25 00:00:00,rolling_global_norm,229152,0.8803632523390588,564.1130218728969,0.0573636712749616,0.0265016851489454,2.699490855116004
UCI Electricity,lightgbm_quantile__c90__h6,0.9,6.0,2014-01,0,2,42,2013-12-18 00:00:00,2013-12-25 00:00:00,rolling_group_norm,229152,0.8807036377600894,559.1471273011424,0.0565624563608434,0.0215685475103283,2.697550026207712
UCI Electricity,lightgbm_quantile__c90__h6,0.9,6.0,2014-01,0,2,42,2013-12-18 00:00:00,2013-12-25 00:00:00,rolling_user_norm,229152,0.8784562211981567,511.46781579193873,0.048275380533445,0.0237155388471178,2.65398530221329
UCI Electricity,lightgbm_quantile__c90__h6,0.9,6.0,2014-01,0,3,49,2013-12-25 00:00:00,2014-01-01 00:00:00,rolling_global_norm,229152,0.8428292137969557,561.2668274289116,0.0871264488199972,0.0733552631578947,3.13230654020578
UCI Electricity,lightgbm_quantile__c90__h6,0.9,6.0,2014-01,0,3,49,2013-12-25 00:00:00,2014-01-01 00:00:00,rolling_group_norm,229152,0.8421702625331657,555.7438675984183,0.0870819368803239,0.08171992481203,3.1297718097266194
UCI Electricity,lightgbm_quantile__c90__h6,0.9,6.0,2014-01,0,3,49,2013-12-25 00:00:00,2014-01-01 00:00:00,rolling_user_norm,229152,0.8391591607317413,507.5509652186219,0.0833027859237536,0.0858395989974937,3.076703303755916
UCI Electricity,lightgbm_quantile__c90__h6,0.9,6.0,2014-02,1,1,35,2014-01-11 00:00:00,2014-01-18 00:00:00,rolling_global_norm,229152,0.9303431783270492,579.9034982510817,0.0601557045105432,0.0341635338345864,2.315421032096275
UCI Electricity,lightgbm_quantile__c90__h6,0.9,6.0,2014-02,1,1,35,2014-01-11 00:00:00,2014-01-18 00:00:00,rolling_group_norm,229152,0.9309453986873342,579.6192422550304,0.0607893450635386,0.0341478696741854,2.3172221921825127
UCI Electricity,lightgbm_quantile__c90__h6,0.9,6.0,2014-02,1,1,35,2014-01-11 00:00:00,2014-01-18 00:00:00,rolling_user_norm,229152,0.9296144044127916,508.4174393571248,0.0435213308197179,0.0314536340852129,2.232259642502133
UCI Electricity,lightgbm_quantile__c90__h6,0.9,6.0,2014-02,1,2,42,2014-01-18 00:00:00,2014-01-25 00:00:00,rolling_global_norm,229152,0.9060230763859796,573.8372434546299,0.0655538681748359,0.0230048500881834,2.3887685133070304
UCI Electricity,lightgbm_quantile__c90__h6,0.9,6.0,2014-02,1,2,42,2014-01-18 00:00:00,2014-01-25 00:00:00,rolling_group_norm,229152,0.9066034771679932,573.7448800679638,0.0656175813433877,0.0086622807017543,2.3885212894484837
UCI Electricity,lightgbm_quantile__c90__h6,0.9,6.0,2014-02,1,2,42,2014-01-18 00:00:00,2014-01-25 00:00:00,rolling_user_norm,229152,0.9078035539729088,501.5606087304765,0.0417897290881161,0.0133597883597883,2.28733802527098
UCI Electricity,lightgbm_quantile__c90__h6,0.9,6.0,2014-02,1,3,49,2014-01-25 00:00:00,2014-02-01 00:00:00,rolling_global_norm,229152,0.912368209747242,571.1659817456706,0.0631362589023879,0.0247180451127819,2.394211023378391
UCI Electricity,lightgbm_quantile__c90__h6,0.9,6.0,2014-02,1,3,49,2014-01-25 00:00:00,2014-02-01 00:00:00,rolling_group_norm,229152,0.9132148093841642,570.9479977141734,0.0628395126378997,0.0246083959899748,2.394213860848587
UCI Electricity,lightgbm_quantile__c90__h6,0.9,6.0,2014-02,1,3,49,2014-01-25 00:00:00,2014-02-01 00:00:00,rolling_user_norm,229152,0.9139173998044966,496.0059978525724,0.0399106270074011,0.025704887218045,2.272194647687271
UCI Electricity,lightgbm_quantile__c90__h6,0.9,6.0,2014-03,2,1,35,2014-02-08 00:00:00,2014-02-15 00:00:00,rolling_global_norm,229152,0.8866167434715821,550.8033964031301,0.0658148303309593,0.0232672863666014,2.486966712789
UCI Electricity,lightgbm_quantile__c90__h6,0.9,6.0,2014-03,2,1,35,2014-02-08 00:00:00,2014-02-15 00:00:00,rolling_group_norm,229152,0.8866472908811619,547.7570111498997,0.0650511450914676,0.0199649380300065,2.4854825208370186
UCI Electricity,lightgbm_quantile__c90__h6,0.9,6.0,2014-03,2,1,35,2014-02-08 00:00:00,2014-02-15 00:00:00,rolling_user_norm,229152,0.8883710375645859,466.8810897135601,0.0372294372294372,0.0187554359643401,2.344344283209004
UCI Electricity,lightgbm_quantile__c90__h6,0.9,6.0,2014-03,2,2,42,2014-02-15 00:00:00,2014-02-22 00:00:00,rolling_global_norm,229152,0.8946027091188381,551.9828001187402,0.0648408043569334,0.0242173721340387,2.378076430907526
UCI Electricity,lightgbm_quantile__c90__h6,0.9,6.0,2014-03,2,2,42,2014-02-15 00:00:00,2014-02-22 00:00:00,rolling_group_norm,229152,0.8952791160452451,547.2814323977134,0.063508064516129,0.0166115520282186,2.376358027636351
UCI Electricity,lightgbm_quantile__c90__h6,0.9,6.0,2014-03,2,2,42,2014-02-15 00:00:00,2014-02-22 00:00:00,rolling_user_norm,229152,0.8954624005027231,463.5857594347504,0.034383291439743,0.0186507936507935,2.247571370653943
UCI Electricity,lightgbm_quantile__c90__h6,0.9,6.0,2014-03,2,3,49,2014-02-22 00:00:00,2014-03-01 00:00:00,rolling_global_norm,229152,0.9031036168132942,556.9202714616378,0.0603931015221337,0.0220127865961199,2.3284984741152197
UCI Electricity,lightgbm_quantile__c90__h6,0.9,6.0,2014-03,2,3,49,2014-02-22 00:00:00,2014-03-01 00:00:00,rolling_group_norm,229152,0.9034614578969418,551.6120668730547,0.0596913838849322,0.0112103174603174,2.327681779099125
UCI Electricity,lightgbm_quantile__c90__h6,0.9,6.0,2014-03,2,3,49,2014-02-22 00:00:00,2014-03-01 00:00:00,rolling_user_norm,229152,0.9005987292277615,464.5061397408547,0.0369082530372852,0.0114307760141093,2.2204524702054758
UCI Electricity,lightgbm_quantile__c90__h6,0.9,6.0,2014-04,3,1,35,2014-03-11 00:00:00,2014-03-18 00:00:00,rolling_global_norm,229152,0.9060798072894848,556.3971439756801,0.0606793743890518,0.0323192239858906,2.238284205814698
UCI Electricity,lightgbm_quantile__c90__h6,0.9,6.0,2014-04,3,1,35,2014-03-11 00:00:00,2014-03-18 00:00:00,rolling_group_norm,229152,0.9056565074710236,544.4467072926908,0.0598022273425499,0.0122574955908288,2.235060821247357
UCI Electricity,lightgbm_quantile__c90__h6,0.9,6.0,2014-04,3,1,35,2014-03-11 00:00:00,2014-03-18 00:00:00,rolling_user_norm,229152,0.8959773425499232,451.2917257900575,0.048854035749197,0.0045269423558897,2.161087767578643
UCI Electricity,lightgbm_quantile__c90__h6,0.9,6.0,2014-04,3,2,42,2014-03-18 00:00:00,2014-03-25 00:00:00,rolling_global_norm,229152,0.9044127915095656,555.6903188182197,0.0572894847088395,0.0293430335097001,2.177533959511879
UCI Electricity,lightgbm_quantile__c90__h6,0.9,6.0,2014-04,3,2,42,2014-03-18 00:00:00,2014-03-25 00:00:00,rolling_group_norm,229152,0.9040244030163384,544.0366546640312,0.0570285225527161,0.0076278659611992,2.1749906668021484
UCI Electricity,lightgbm_quantile__c90__h6,0.9,6.0,2014-04,3,2,42,2014-03-18 00:00:00,2014-03-25 00:00:00,rolling_user_norm,229152,0.8992633710375646,452.0782943497509,0.0384146767211283,0.006139770723104,2.0822023035071267
UCI Electricity,lightgbm_quantile__c90__h6,0.9,6.0,2014-04,3,3,49,2014-03-25 00:00:00,2014-04-01 00:00:00,rolling_global_norm,229152,0.8803021575198995,554.6361537158584,0.0652396662477307,0.036109752120026,2.470229822291617
UCI Electricity,lightgbm_quantile__c90__h6,0.9,6.0,2014-04,3,3,49,2014-03-25 00:00:00,2014-04-01 00:00:00,rolling_group_norm,229152,0.880476714146069,543.2877316268997,0.0631345133361262,0.0238176777560339,2.4635282553224616
UCI Electricity,lightgbm_quantile__c90__h6,0.9,6.0,2014-04,3,3,49,2014-03-25 00:00:00,2014-04-01 00:00:00,rolling_user_norm,229152,0.8778845482474514,452.5355182557297,0.0430343178327049,0.027357849532507,2.3595444088185022
UCI Electricity,lightgbm_quantile__c90__h6,0.9,6.0,2014-05,4,1,35,2014-04-10 00:00:00,2014-04-17 00:00:00,rolling_global_norm,229152,0.9105833682446586,565.458324485046,0.0595360284876413,0.0362323633156966,2.210139532762081
UCI Electricity,lightgbm_quantile__c90__h6,0.9,6.0,2014-05,4,1,35,2014-04-10 00:00:00,2014-04-17 00:00:00,rolling_group_norm,229152,0.909200006982265,552.143769003742,0.0599837662337662,0.0148931833007175,2.2103300293167942
UCI Electricity,lightgbm_quantile__c90__h6,0.9,6.0,2014-05,4,1,35,2014-04-10 00:00:00,2014-04-17 00:00:00,rolling_user_norm,229152,0.9043386049434436,483.1522898424283,0.0499886538192989,0.0108773646444879,2.118998866894814
UCI Electricity,lightgbm_quantile__c90__h6,0.9,6.0,2014-05,4,2,42,2014-04-17 00:00:00,2014-04-24 00:00:00,rolling_global_norm,229152,0.8847969906437648,562.3552451425999,0.0549076595447563,0.0284790171776473,2.543495436248163
UCI Electricity,lightgbm_quantile__c90__h6,0.9,6.0,2014-05,4,2,42,2014-04-17 00:00:00,2014-04-24 00:00:00,rolling_group_norm,229152,0.8846486175115207,550.6629312296768,0.055218370339338,0.0160087719298246,2.5378287610477743
UCI Electricity,lightgbm_quantile__c90__h6,0.9,6.0,2014-05,4,2,42,2014-04-17 00:00:00,2014-04-24 00:00:00,rolling_user_norm,229152,0.880035958664991,507.9276255079691,0.0428711073872364,0.0213782887584257,2.4486017870350723
UCI Electricity,lightgbm_quantile__c90__h6,0.9,6.0,2014-05,4,3,49,2014-04-24 00:00:00,2014-05-01 00:00:00,rolling_global_norm,229152,0.9022832006702974,562.9155571457231,0.0575914676721128,0.0270282186948853,2.233526554772393
UCI Electricity,lightgbm_quantile__c90__h6,0.9,6.0,2014-05,4,3,49,2014-04-24 00:00:00,2014-05-01 00:00:00,rolling_group_norm,229152,0.9006030931434157,550.5781751098855,0.0591546222594609,0.0183311287477954,2.2315316927288613
UCI Electricity,lightgbm_quantile__c90__h6,0.9,6.0,2014-05,4,3,49,2014-04-24 00:00:00,2014-05-01 00:00:00,rolling_user_norm,229152,0.8988182516408323,524.9714151095412,0.0353075687753107,0.0254960317460317,2.1159778172662613
UCI Electricity,lightgbm_quantile__c90__h6,0.9,6.0,2014-06,5,1,35,2014-05-11 00:00:00,2014-05-18 00:00:00,rolling_global_norm,229152,0.8944630638179025,710.7966020061906,0.0567501047339756,0.0276895943562609,2.336698253169176
UCI Electricity,lightgbm_quantile__c90__h6,0.9,6.0,2014-06,5,1,35,2014-05-11 00:00:00,2014-05-18 00:00:00,rolling_group_norm,229152,0.8950958315877671,701.7858392911954,0.05635298840944,0.0080601761252446,2.3325717161227684
UCI Electricity,lightgbm_quantile__c90__h6,0.9,6.0,2014-06,5,1,35,2014-05-11 00:00:00,2014-05-18 00:00:00,rolling_user_norm,229152,0.8920672741237258,718.1059335617585,0.0392761136712749,0.0109412372254837,2.226663347287366
UCI Electricity,lightgbm_quantile__c90__h6,0.9,6.0,2014-06,5,2,42,2014-05-18 00:00:00,2014-05-25 00:00:00,rolling_global_norm,229152,0.8924338430386818,701.5083920036694,0.0640404622259461,0.0225538160469667,2.285110384445084
UCI Electricity,lightgbm_quantile__c90__h6,0.9,6.0,2014-06,5,2,42,2014-05-18 00:00:00,2014-05-25 00:00:00,rolling_group_norm,229152,0.8938957547828515,691.8737545215149,0.0631423683843038,0.0099016090454446,2.27989487869904
UCI Electricity,lightgbm_quantile__c90__h6,0.9,6.0,2014-06,5,2,42,2014-05-18 00:00:00,2014-05-25 00:00:00,rolling_user_norm,229152,0.8867083857003212,696.0712177196069,0.0513362309733277,0.0177090128288758,2.1932058210518988
UCI Electricity,lightgbm_quantile__c90__h6,0.9,6.0,2014-06,5,3,49,2014-05-25 00:00:00,2014-06-01 00:00:00,rolling_global_norm,229152,0.8925429409300377,704.775920688137,0.0636293813713168,0.0201891715590345,2.265695949076544
UCI Electricity,lightgbm_quantile__c90__h6,0.9,6.0,2014-06,5,3,49,2014-05-25 00:00:00,2014-06-01 00:00:00,rolling_group_norm,229152,0.893921938276777,694.0486133734431,0.0627199413489736,0.0108906525573192,2.261496147114942
UCI Electricity,lightgbm_quantile__c90__h6,0.9,6.0,2014-06,5,3,49,2014-05-25 00:00:00,2014-06-01 00:00:00,rolling_user_norm,229152,0.8898896802122609,685.0152059477927,0.040467462644882,0.0129850088183421,2.150808954291794
UCI Electricity,lightgbm_quantile__c90__h6,0.9,6.0,2014-07,6,1,35,2014-06-10 00:00:00,2014-06-17 00:00:00,rolling_global_norm,229152,0.8851504678117581,775.8179343706107,0.0621892892054182,0.027942215699065,2.6524513339532088
UCI Electricity,lightgbm_quantile__c90__h6,0.9,6.0,2014-07,6,1,35,2014-06-10 00:00:00,2014-06-17 00:00:00,rolling_group_norm,229152,0.8843649629939953,760.9655129009343,0.0629049713727133,0.0204730576441103,2.6469549872145643
UCI Electricity,lightgbm_quantile__c90__h6,0.9,6.0,2014-07,6,1,35,2014-06-10 00:00:00,2014-06-17 00:00:00,rolling_user_norm,229152,0.8794599217986315,655.9907429050305,0.0528854210305823,0.0299655388471178,2.5495826565296857
UCI Electricity,lightgbm_quantile__c90__h6,0.9,6.0,2014-07,6,2,42,2014-06-17 00:00:00,2014-06-24 00:00:00,rolling_global_norm,229152,0.9187700740120096,775.5314387293072,0.0623446446027091,0.0464912280701753,2.418988592631907
UCI Electricity,lightgbm_quantile__c90__h6,0.9,6.0,2014-07,6,2,42,2014-06-17 00:00:00,2014-06-24 00:00:00,rolling_group_norm,229152,0.9191540985895824,760.4652107968926,0.0621578690127077,0.0276629072681704,2.4153494364902994
UCI Electricity,lightgbm_quantile__c90__h6,0.9,6.0,2014-07,6,2,42,2014-06-17 00:00:00,2014-06-24 00:00:00,rolling_user_norm,229152,0.9221259251501188,660.3050108292507,0.0425734883396173,0.0278978696741853,2.281999364971679
UCI Electricity,lightgbm_quantile__c90__h6,0.9,6.0,2014-07,6,3,49,2014-06-24 00:00:00,2014-07-01 00:00:00,rolling_global_norm,229152,0.9138475771540288,766.2670591565674,0.0668604245217148,0.044141604010025,2.397776918303531
UCI Electricity,lightgbm_quantile__c90__h6,0.9,6.0,2014-07,6,3,49,2014-06-24 00:00:00,2014-07-01 00:00:00,rolling_group_norm,229152,0.914201054322022,751.3197547433136,0.0660042242703533,0.0228853383458645,2.393356406307252
UCI Electricity,lightgbm_quantile__c90__h6,0.9,6.0,2014-07,6,3,49,2014-06-24 00:00:00,2014-07-01 00:00:00,rolling_user_norm,229152,0.9171117860633988,652.0661917342519,0.0393991760927244,0.0236842105263157,2.242645415707142
UCI Electricity,lightgbm_quantile__c90__h6,0.9,6.0,2014-08,7,1,35,2014-07-11 00:00:00,2014-07-18 00:00:00,rolling_global_norm,229152,0.8954143974305264,818.6964032307546,0.0657921379695573,0.0307644110275688,2.6991218418343967
UCI Electricity,lightgbm_quantile__c90__h6,0.9,6.0,2014-08,7,1,35,2014-07-11 00:00:00,2014-07-18 00:00:00,rolling_group_norm,229152,0.8950434645999162,798.9096015571519,0.0657895196201647,0.0224096119929453,2.692047146231208
UCI Electricity,lightgbm_quantile__c90__h6,0.9,6.0,2014-08,7,1,35,2014-07-11 00:00:00,2014-07-18 00:00:00,rolling_user_norm,229152,0.8912555858120375,702.9669230339244,0.0462426686217008,0.0207010582010582,2.5531276961791183
UCI Electricity,lightgbm_quantile__c90__h6,0.9,6.0,2014-08,7,2,42,2014-07-18 00:00:00,2014-07-25 00:00:00,rolling_global_norm,229152,0.9058877950006984,810.7862891988948,0.0637934645999162,0.0481986215538846,2.575729116484497
UCI Electricity,lightgbm_quantile__c90__h6,0.9,6.0,2014-08,7,2,42,2014-07-18 00:00:00,2014-07-25 00:00:00,rolling_group_norm,229152,0.9062543639156544,790.5532188543762,0.0635717776846809,0.0167919799498746,2.5671148820684957
UCI Electricity,lightgbm_quantile__c90__h6,0.9,6.0,2014-08,7,2,42,2014-07-18 00:00:00,2014-07-25 00:00:00,rolling_user_norm,229152,0.906943862589024,733.6666645594139,0.0356741376902667,0.0183114035087719,2.4087175904140588
UCI Electricity,lightgbm_quantile__c90__h6,0.9,6.0,2014-08,7,3,49,2014-07-25 00:00:00,2014-08-01 00:00:00,rolling_global_norm,229152,0.8931495252059768,809.6717912886854,0.0696437299259879,0.0286654135338345,2.768874311499207
UCI Electricity,lightgbm_quantile__c90__h6,0.9,6.0,2014-08,7,3,49,2014-07-25 00:00:00,2014-08-01 00:00:00,rolling_group_norm,229152,0.8924600265326071,788.92165914915,0.0696070730344923,0.0087396716677539,2.7601566062918743
UCI Electricity,lightgbm_quantile__c90__h6,0.9,6.0,2014-08,7,3,49,2014-07-25 00:00:00,2014-08-01 00:00:00,rolling_user_norm,229152,0.8927349532188242,733.3827025140545,0.0454667644183773,0.0083646616541354,2.612230996027423
UCI Electricity,lightgbm_quantile__c90__h6,0.9,6.0,2014-09,8,1,35,2014-08-11 00:00:00,2014-08-18 00:00:00,rolling_global_norm,229152,0.895130742913001,812.4383229489523,0.0677550272308336,0.0392857142857142,2.5993133986091297
UCI Electricity,lightgbm_quantile__c90__h6,0.9,6.0,2014-09,8,1,35,2014-08-11 00:00:00,2014-08-18 00:00:00,rolling_group_norm,229152,0.8957678745985198,787.6051839162814,0.0672575408462505,0.0212411816578482,2.5864092101216616
UCI Electricity,lightgbm_quantile__c90__h6,0.9,6.0,2014-09,8,1,35,2014-08-11 00:00:00,2014-08-18 00:00:00,rolling_user_norm,229152,0.8921894637620444,773.8210211913783,0.0399987781036168,0.0232804232804232,2.445037023077079
UCI Electricity,lightgbm_quantile__c90__h6,0.9,6.0,2014-09,8,2,42,2014-08-18 00:00:00,2014-08-25 00:00:00,rolling_global_norm,229152,0.8965577433319368,810.7381635842883,0.0713430386817483,0.0444862155388471,2.582633346787975
UCI Electricity,lightgbm_quantile__c90__h6,0.9,6.0,2014-09,8,2,42,2014-08-18 00:00:00,2014-08-25 00:00:00,rolling_group_norm,229152,0.8976487222454964,785.2000836416855,0.0691348973607038,0.0112654320987654,2.568112365086559
UCI Electricity,lightgbm_quantile__c90__h6,0.9,6.0,2014-09,8,2,42,2014-08-18 00:00:00,2014-08-25 00:00:00,rolling_user_norm,229152,0.8959293394777266,776.7602717707854,0.0404081133919843,0.0226190476190476,2.4266654133702508
UCI Electricity,lightgbm_quantile__c90__h6,0.9,6.0,2014-09,8,3,49,2014-08-25 00:00:00,2014-09-01 00:00:00,rolling_global_norm,229152,0.905316122049993,816.96421111913,0.0647648722245496,0.038518170426065,2.566869141292304
UCI Electricity,lightgbm_quantile__c90__h6,0.9,6.0,2014-09,8,3,49,2014-08-25 00:00:00,2014-09-01 00:00:00,rolling_group_norm,229152,0.9055386817483592,790.7268898567543,0.0648442954894567,0.0086199294532627,2.5606014155996277
UCI Electricity,lightgbm_quantile__c90__h6,0.9,6.0,2014-09,8,3,49,2014-08-25 00:00:00,2014-09-01 00:00:00,rolling_user_norm,229152,0.9046222594609692,779.3446101919566,0.0346704370897919,0.0226741622574955,2.4153504536640837
UCI Electricity,lightgbm_quantile__c90__h6,0.9,6.0,2014-10,9,1,35,2014-09-10 00:00:00,2014-09-17 00:00:00,rolling_global_norm,229152,0.9081832146348277,781.0222509882274,0.066916282642089,0.0390664160401001,2.5001879876260387
UCI Electricity,lightgbm_quantile__c90__h6,0.9,6.0,2014-10,9,1,35,2014-09-10 00:00:00,2014-09-17 00:00:00,rolling_group_norm,229152,0.9069700460829492,757.3387281162317,0.0693007261555648,0.0099192759295498,2.4951553156797908
UCI Electricity,lightgbm_quantile__c90__h6,0.9,6.0,2014-10,9,1,35,2014-09-10 00:00:00,2014-09-17 00:00:00,rolling_user_norm,229152,0.9091563678257226,791.7766975172076,0.0411770353302611,0.0119373776908022,2.331096420198155
UCI Electricity,lightgbm_quantile__c90__h6,0.9,6.0,2014-10,9,2,42,2014-09-17 00:00:00,2014-09-24 00:00:00,rolling_global_norm,229152,0.913175534143276,766.770882961785,0.0673317274123725,0.0514880952380951,2.438981216450437
UCI Electricity,lightgbm_quantile__c90__h6,0.9,6.0,2014-10,9,2,42,2014-09-17 00:00:00,2014-09-24 00:00:00,rolling_group_norm,229152,0.9125296746264489,744.1204334411838,0.0672339757017176,0.0166196741854636,2.432933994171752
UCI Electricity,lightgbm_quantile__c90__h6,0.9,6.0,2014-10,9,2,42,2014-09-17 00:00:00,2014-09-24 00:00:00,rolling_user_norm,229152,0.9125733137829912,766.6169990645499,0.0403924032956291,0.0172462406015037,2.274125994161466
UCI Electricity,lightgbm_quantile__c90__h6,0.9,6.0,2014-10,9,3,49,2014-09-24 00:00:00,2014-10-01 00:00:00,rolling_global_norm,229152,0.9022133780198296,759.3738646724752,0.0674416980868593,0.050532581453634,2.3974047242819685
UCI Electricity,lightgbm_quantile__c90__h6,0.9,6.0,2014-10,9,3,49,2014-09-24 00:00:00,2014-10-01 00:00:00,rolling_group_norm,229152,0.9031865312107248,736.90142786655,0.0655800516687613,0.0135808270676691,2.3851552312374955
UCI Electricity,lightgbm_quantile__c90__h6,0.9,6.0,2014-10,9,3,49,2014-09-24 00:00:00,2014-10-01 00:00:00,rolling_user_norm,229152,0.8938608434576176,749.1440842496903,0.0459677419354838,0.0124361274190041,2.2509359488169403
UCI Electricity,lightgbm_quantile__c90__h6,0.9,6.0,2014-11,10,1,35,2014-10-11 00:00:00,2014-10-18 00:00:00,rolling_global_norm,229152,0.9042382348833962,655.0789739673942,0.0644271051529115,0.0278978696741853,2.3163047932324528
UCI Electricity,lightgbm_quantile__c90__h6,0.9,6.0,2014-11,10,1,35,2014-10-11 00:00:00,2014-10-18 00:00:00,rolling_group_norm,229152,0.9041335009076944,637.5764073258174,0.0639418377321603,0.0108796296296296,2.3128432834161754
UCI Electricity,lightgbm_quantile__c90__h6,0.9,6.0,2014-11,10,1,35,2014-10-11 00:00:00,2014-10-18 00:00:00,rolling_user_norm,229152,0.8984298631476051,637.5345836574,0.0409221826560536,0.0205246913580247,2.1636784321905758
UCI Electricity,lightgbm_quantile__c90__h6,0.9,6.0,2014-11,10,2,42,2014-10-18 00:00:00,2014-10-25 00:00:00,rolling_global_norm,229152,0.876592829213797,660.1516494037387,0.0785548456919424,0.0314076429658621,2.521060249772167
UCI Electricity,lightgbm_quantile__c90__h6,0.9,6.0,2014-11,10,2,42,2014-10-18 00:00:00,2014-10-25 00:00:00,rolling_group_norm,229152,0.875074186566122,643.2151253839362,0.0793106758832565,0.0448934837092731,2.518689737987183
UCI Electricity,lightgbm_quantile__c90__h6,0.9,6.0,2014-11,10,2,42,2014-10-18 00:00:00,2014-10-25 00:00:00,rolling_user_norm,229152,0.8758727831308476,634.333933712732,0.0524787040916073,0.0497180451127819,2.3394416917926963
UCI Electricity,lightgbm_quantile__c90__h6,0.9,6.0,2014-11,10,3,49,2014-10-25 00:00:00,2014-11-01 00:00:00,rolling_global_norm,229152,0.88445224130708,656.0082383913444,0.0701228878648233,0.0327326592737552,2.5393511991778857
UCI Electricity,lightgbm_quantile__c90__h6,0.9,6.0,2014-11,10,3,49,2014-10-25 00:00:00,2014-11-01 00:00:00,rolling_group_norm,229152,0.8843824186566122,639.7323970537177,0.0683755760368663,0.0195164709719504,2.5309049298591018
UCI Electricity,lightgbm_quantile__c90__h6,0.9,6.0,2014-11,10,3,49,2014-10-25 00:00:00,2014-11-01 00:00:00,rolling_user_norm,229152,0.8849366359447005,653.5029947737277,0.0384888632872503,0.0187350510980648,2.372867263654844
UCI Electricity,lightgbm_quantile__c90__h6,0.9,6.0,2014-12,11,1,35,2014-11-10 00:00:00,2014-11-17 00:00:00,rolling_global_norm,229152,0.9077468230694036,575.138509762019,0.06758658008658,0.031923558897243,2.304532977426577
UCI Electricity,lightgbm_quantile__c90__h6,0.9,6.0,2014-12,11,1,35,2014-11-10 00:00:00,2014-11-17 00:00:00,rolling_group_norm,229152,0.907716275659824,559.1930638152551,0.0670183982683982,0.0096961152882205,2.301147104022065
UCI Electricity,lightgbm_quantile__c90__h6,0.9,6.0,2014-12,11,1,35,2014-11-10 00:00:00,2014-11-17 00:00:00,rolling_user_norm,229152,0.9002932551319648,578.376881502094,0.0484778662198016,0.0190917107583774,2.198697099809181
UCI Electricity,lightgbm_quantile__c90__h6,0.9,6.0,2014-12,11,2,42,2014-11-17 00:00:00,2014-11-24 00:00:00,rolling_global_norm,229152,0.905922706325932,576.9891592538332,0.0689638318670576,0.025501253132832,2.345745452262081
UCI Electricity,lightgbm_quantile__c90__h6,0.9,6.0,2014-12,11,2,42,2014-11-17 00:00:00,2014-11-24 00:00:00,rolling_group_norm,229152,0.9064376483731322,561.4592064848239,0.0684872922776148,0.0079283539899978,2.3434826034218994
UCI Electricity,lightgbm_quantile__c90__h6,0.9,6.0,2014-12,11,2,42,2014-11-17 00:00:00,2014-11-24 00:00:00,rolling_user_norm,229152,0.9033087208490436,569.528956892544,0.0426869501466275,0.0205246913580247,2.2280674601825456
UCI Electricity,lightgbm_quantile__c90__h6,0.9,6.0,2014-12,11,3,49,2014-11-24 00:00:00,2014-12-01 00:00:00,rolling_global_norm,229152,0.8961431713447843,575.2257577507581,0.0715306870548806,0.018859649122807,2.3676098550649454
UCI Electricity,lightgbm_quantile__c90__h6,0.9,6.0,2014-12,11,3,49,2014-11-24 00:00:00,2014-12-01 00:00:00,rolling_group_norm,229152,0.8965097402597403,560.1366891644179,0.0712740888144114,0.0041353383458646,2.363440233873443
UCI Electricity,lightgbm_quantile__c90__h6,0.9,6.0,2014-12,11,3,49,2014-11-24 00:00:00,2014-12-01 00:00:00,rolling_user_norm,229152,0.890422077922078,561.6017492156556,0.0484831029185867,0.017989417989418,2.2505160658093515
