scenario,method_name,dataset,forecaster_key,window,window_order,picp,mpiw,winkler_interval_score,macro_user_abs_coverage_gap,max_abs_cluster_coverage_gap,joint_loss,selected_static_policy,router_loss_audit
M,static_global,London,lgbm,2013-03,0,0.7945526882269817,0.3823098109675931,0.6568297297007072,0.0354694288808543,0.0081409367900465,0.021805182835450403,,
M,static_segment,London,lgbm,2013-03,0,0.7945513436765119,0.3821209205675268,0.6568568159627298,0.0354855935778892,0.0156126206664644,0.025549107122176798,,
M,static_user,London,lgbm,2013-03,0,0.7948175646695163,0.3809369540410132,0.6559613458987453,0.0265550664867221,0.0151369261935421,0.020845996340132098,,
M,static_global,London,lgbm,2013-04,1,0.7969018191319479,0.3276314694249553,0.5560590433410613,0.034157066104265,0.0043023705338883,0.01922971831907665,,
M,static_segment,London,lgbm,2013-04,1,0.7969059885840402,0.3275802773027239,0.5560580781783522,0.0339498769261822,0.0053174869332636,0.0196336819297229,,
M,static_user,London,lgbm,2013-04,1,0.7946225186548236,0.3272712906030834,0.5563624711564996,0.0319511595742441,0.0062633416067636,0.019107250590503853,,
M,static_global,London,lgbm,2013-05,2,0.7951092912708178,0.2770782379626871,0.4869915836985882,0.0394865205883957,0.0099069260666642,0.024696723327529948,,
M,static_segment,London,lgbm,2013-05,2,0.7950998783037834,0.2769957307424722,0.4869798301854545,0.0392877889131448,0.0085815575925454,0.0239346732528451,,
M,static_user,London,lgbm,2013-05,2,0.7882956478474561,0.2776388117389158,0.4881402320846547,0.0393049938498812,0.0150864335391404,0.0271957136945108,,
M,static_global,London,lgbm,2013-06,3,0.7989415708745667,0.2570674784789312,0.4507454200320204,0.0424144679113881,0.0118817750677506,0.02714812148956935,,
M,static_segment,London,lgbm,2013-06,3,0.7987455139819155,0.2568087857820277,0.45071612555214,0.0416938413411703,0.0030149051490515,0.0223543732451109,,
M,static_user,London,lgbm,2013-06,3,0.7979014960114241,0.257541511359061,0.4496994645566198,0.0279995854172746,0.0095020325203252,0.018750808968799902,,
M,static_global,London,lgbm,2013-07,4,0.8158017193148562,0.2364040744315765,0.3997868797477519,0.0484653107669883,0.0291863362182008,0.03882582349259455,,
M,static_segment,London,lgbm,2013-07,4,0.8156093992081254,0.2361719784482953,0.3997172837109208,0.0475299224579899,0.0197355921469284,0.03363275730245915,,
M,static_user,London,lgbm,2013-07,4,0.8142739176278189,0.2366429843047595,0.3987737845627966,0.0381437438232902,0.0197355921469284,0.028939667985109302,,
M,static_global,London,lgbm,2013-08,5,0.8018659425160648,0.2315653869919988,0.3953392760546718,0.0461330560064945,0.0115711557220495,0.028852105864271997,,
M,static_segment,London,lgbm,2013-08,5,0.8018202349904552,0.2314978495397471,0.395313240503384,0.0456450128517019,0.0047071200034802,0.02517606642759105,,
M,static_user,London,lgbm,2013-08,5,0.8008523109187212,0.2310230378940098,0.3940003418709672,0.0295702833516979,0.0046161573416755,0.0170932203466867,,
M,static_global,London,lgbm,2013-09,6,0.7857155760975753,0.2605119462507074,0.4606436620627132,0.0434892724409984,0.0164779507751264,0.0299836116080624,,
M,static_segment,London,lgbm,2013-09,6,0.7856780557219267,0.2605311022408832,0.4606350783977724,0.0434063488823664,0.0161928104575164,0.0297995796699414,,
M,static_user,London,lgbm,2013-09,6,0.7815925037068742,0.2592261143873318,0.4596661983337289,0.0353012708877478,0.0191503267973857,0.02722579884256675,,
M,static_global,London,lgbm,2013-10,7,0.7939984717708086,0.2905204489662504,0.5058869367875528,0.0411187241380709,0.0081054539141003,0.0246120890260856,,
M,static_segment,London,lgbm,2013-10,7,0.7942029531414796,0.2904638790513434,0.505874638195636,0.0409083515231616,0.010365552086919,0.0256369518050403,,
M,static_user,London,lgbm,2013-10,7,0.7917020921672873,0.2904728641464786,0.5047603284715929,0.0288005368099611,0.0131035328656609,0.020952034837811,,
M,static_global,London,lgbm,2013-11,8,0.7937210065523801,0.3502218408129811,0.6122988172850768,0.0415710067179623,0.0136062949442247,0.0275886508310935,,
M,static_segment,London,lgbm,2013-11,8,0.7938280806754847,0.3500595850234066,0.6123271309075815,0.0415912708435148,0.0226184325317839,0.03210485168764935,,
M,static_user,London,lgbm,2013-11,8,0.7894797588190141,0.3508479955711796,0.6111021697948463,0.0330712052105148,0.0245157246554805,0.02879346493299765,,
M,static_global,London,lgbm,2013-12,9,0.8004754140703193,0.3687727197328605,0.6219455754354903,0.0451851420370649,0.0075573482873398,0.02637124516220235,,
M,static_segment,London,lgbm,2013-12,9,0.8006704764364662,0.3688192644172796,0.62193783976626,0.0447212858093904,0.0063685703510584,0.0255449280802244,,
M,static_user,London,lgbm,2013-12,9,0.7973692140466427,0.3695178131994346,0.6205063295307099,0.0317092786159303,0.0063093928772066,0.01900933574656845,,
M,static_global,London,lgbm,2014-01,10,0.8036563292714929,0.3674091899529406,0.6227281162153454,0.0426546980928266,0.0074874346025932,0.0250710663477099,,
M,static_segment,London,lgbm,2014-01,10,0.8036724779469651,0.3674661008373635,0.6227268817708613,0.042557795927229,0.0046528894938744,0.0236053427105517,,
M,static_user,London,lgbm,2014-01,10,0.7996151232345797,0.3695304319091982,0.6209876630173171,0.0304529769428744,0.0047042633375119,0.01757862014019315,,
M,static_global,Ausgrid,lgbm,2012-07,0,0.7903473046355234,0.5961529663429094,0.987035303522908,0.0392171935124249,0.0161443595548009,0.0276807765336129,,
M,static_segment,Ausgrid,lgbm,2012-07,0,0.7905248678390333,0.5958990484177601,0.9870107291276692,0.0389461286726363,0.0143282624633431,0.0266371955679897,,
M,static_user,Ausgrid,lgbm,2012-07,0,0.7910418240011508,0.5967308885848074,0.9856568742933758,0.0269491494947315,0.0137707722385141,0.0203599608666228,,
M,static_global,Ausgrid,lgbm,2012-08,1,0.8071281511849534,0.5606638467964359,0.8975868864925733,0.0379953788614377,0.0119249528877064,0.024960165874572053,,
M,static_segment,Ausgrid,lgbm,2012-08,1,0.8069685690653433,0.5600969433278394,0.8975463521971658,0.0379140144567914,0.0081494057724956,0.0230317101146435,,
M,static_user,Ausgrid,lgbm,2012-08,1,0.808285683460999,0.5613808815785815,0.8966500892406493,0.0258478081058726,0.0116293988269794,0.018738603466426,,
M,static_global,Ausgrid,lgbm,2012-09,2,0.8152104236343367,0.4186116690373967,0.6436674994609267,0.0406749349684132,0.0259943181818181,0.03333462657511565,,
M,static_segment,Ausgrid,lgbm,2012-09,2,0.8146530100334448,0.4180925917921559,0.6435830355722605,0.0396576551467855,0.0250552398989898,0.032356447522887646,,
M,static_user,Ausgrid,lgbm,2012-09,2,0.8142767558528428,0.4186851842692227,0.6435365521608878,0.0353748606465997,0.0277777777777776,0.03157631921218865,,
M,static_global,Ausgrid,lgbm,2012-10,3,0.7970924587334125,0.3752912063739654,0.6034666449270617,0.0366346603373251,0.0103671477079796,0.02350090402265235,,
M,static_segment,Ausgrid,lgbm,2012-10,3,0.7968384759233287,0.3749659216437284,0.6034504618987951,0.0364615924047901,0.0054788826072498,0.02097023750601995,,
M,static_user,Ausgrid,lgbm,2012-10,3,0.7951460064012659,0.3746521455102637,0.6026868330308179,0.02739418132125,0.0068091120718324,0.017101646696541198,,
M,static_global,Ausgrid,lgbm,2012-11,4,0.7931832961724266,0.3663617040334639,0.6077222454178571,0.0370517465626161,0.0116593567251462,0.024355551643881153,,
M,static_segment,Ausgrid,lgbm,2012-11,4,0.792985878855444,0.36623742139381,0.6077126334295578,0.0369611668524712,0.0098563762626262,0.0234087715575487,,
M,static_user,Ausgrid,lgbm,2012-11,4,0.7932251021924935,0.3660661309671306,0.6066329793118836,0.0253553511705685,0.0105350378787879,0.0179451945246782,,
M,static_global,Ausgrid,lgbm,2012-12,5,0.8000908044736936,0.401108331806177,0.659851026328109,0.0397678642068543,0.0093001588465297,0.024534011526691997,,
M,static_segment,Ausgrid,lgbm,2012-12,5,0.7999222318121336,0.4010363710345866,0.6598288545736664,0.0396613262847484,0.0036290322580645,0.02164517927140645,,
M,static_user,Ausgrid,lgbm,2012-12,5,0.8006347322616607,0.4001942649048083,0.6587902967649849,0.0257165461934045,0.0060954993903115,0.015906022791858,,
M,static_global,Ausgrid,lgbm,2013-01,6,0.7932467544143561,0.4472789974131369,0.7775243540410982,0.0436306505556155,0.0120413601207319,0.027836005338173698,,
M,static_segment,Ausgrid,lgbm,2013-01,6,0.7931950587981443,0.4473876299414421,0.7775081162601631,0.0435672672348689,0.0088737390533201,0.0262205031440945,,
M,static_user,Ausgrid,lgbm,2013-01,6,0.7939187974251087,0.4460509425830024,0.7759647548830915,0.0279956485776962,0.0101901119609799,0.01909288026933805,,
M,static_global,Ausgrid,lgbm,2013-02,7,0.806935817805383,0.3845330551944709,0.6301545211579419,0.0426739926739926,0.0149942505411254,0.028834121607559,,
M,static_segment,Ausgrid,lgbm,2013-02,7,0.807226966873706,0.3848065167838249,0.6301375526813927,0.0425052755215798,0.0109009502923975,0.026703112906988652,,
M,static_user,Ausgrid,lgbm,2013-02,7,0.8010655558209906,0.3827044664017657,0.6284264307962734,0.0295772615066093,0.004976663961039,0.01727696273382415,,
M,static_global,Ausgrid,lgbm,2013-03,8,0.806779767684396,0.381603467018302,0.6242502563930049,0.0408125651814291,0.0138288123167155,0.0273206887490723,,
M,static_segment,Ausgrid,lgbm,2013-03,8,0.8067527960585464,0.3818584265149203,0.6242435846495445,0.0401976121120581,0.0096801906662231,0.0249389013891406,,
M,static_user,Ausgrid,lgbm,2013-03,8,0.8049794116589348,0.3797178954232325,0.6225374940244036,0.0244736037688351,0.0088141558585522,0.01664387981369365,,
M,static_global,Ausgrid,lgbm,2013-04,9,0.7942563173541435,0.3725225823271034,0.5978286562346962,0.0402243589743589,0.0116532651072125,0.0259388120407857,,
M,static_segment,Ausgrid,lgbm,2013-04,9,0.79423541434411,0.3727064802900668,0.5978177510163615,0.0403010033444816,0.0093384502923976,0.0248197268184396,,
M,static_user,Ausgrid,lgbm,2013-04,9,0.7913368636194723,0.370888923442457,0.5970679365733601,0.0293060200668896,0.0137548732943469,0.02153044668061825,,
M,static_global,Ausgrid,lgbm,2013-05,10,0.7883671377710648,0.4443708518688767,0.7341114765669166,0.0419031179199482,0.0164626957177891,0.029182906818868648,,
M,static_segment,Ausgrid,lgbm,2013-05,10,0.7883603948646024,0.4443832108589703,0.7341012853156808,0.0417696083719926,0.0131674608993157,0.02746853463565415,,
M,static_user,Ausgrid,lgbm,2013-05,10,0.7835482072859352,0.4430764254941681,0.7327517345057389,0.0308941993023339,0.016909518572825,0.02390185893757945,,
M,static_global,Ausgrid,lgbm,2013-06,11,0.7880968970642883,0.5647936699727094,0.9484923478783398,0.0427327201783723,0.0165021929824561,0.0296174565804142,,
M,static_segment,Ausgrid,lgbm,2013-06,11,0.7880829617242661,0.5648143669983011,0.948483267720218,0.0424586584912672,0.0154750631313131,0.02896686081129015,,
M,static_user,Ausgrid,lgbm,2013-06,11,0.7854189892233371,0.5642415321512665,0.9467195189708104,0.030309364548495,0.0161512027491409,0.023230283648817948,,
M,static_global,UCI Electricity,lgbm,2014-01,0,0.8096199918693732,356.71991498813566,418.2760072774485,0.042239198304409,0.0161684493872635,0.02920382384583625,,
M,static_segment,UCI Electricity,lgbm,2014-01,0,0.8071975781783449,353.75455028216135,416.9442483682002,0.0416363083796765,0.0078780950976233,0.0247572017386499,,
M,static_user,UCI Electricity,lgbm,2014-01,0,0.8084230925588977,332.5711013788015,406.618439307458,0.0278355560993515,0.0245974776930362,0.02621651689619385,,
M,static_global,UCI Electricity,lgbm,2014-02,1,0.8114601133686754,348.5744226279712,404.3843542303284,0.0420049735371114,0.0184916464036394,0.0302483099703754,,
M,static_segment,UCI Electricity,lgbm,2014-02,1,0.8103576751117735,346.9720385904946,403.5301396913013,0.0415760168872999,0.0128284571338928,0.02720223701059635,,
M,static_user,UCI Electricity,lgbm,2014-02,1,0.8106264558959141,312.2024244338777,384.5449421610819,0.0272899904287818,0.0209140586189766,0.024102024523879197,,
M,static_global,UCI Electricity,lgbm,2014-03,2,0.7945063012357764,343.683723674772,409.2564708988826,0.0456412341186361,0.069216390010468,0.057428812064552054,,
M,static_segment,UCI Electricity,lgbm,2014-03,2,0.7924243082060127,339.37008613391345,407.5801456343797,0.0424296365294064,0.0122304368935022,0.0273300367114543,,
M,static_user,UCI Electricity,lgbm,2014-03,2,0.791436594925068,303.5932997709195,397.9425278816023,0.0324682372722141,0.0125546193698261,0.0225114283210201,,
M,static_global,UCI Electricity,lgbm,2014-04,3,0.7928329914062787,365.4906824873827,482.86834868075766,0.0477300258178718,0.0633415752330912,0.0555358005254815,,
M,static_segment,UCI Electricity,lgbm,2014-04,3,0.7921773479784158,360.4904335424986,482.9234406098254,0.0447552604423706,0.009786867859343,0.027271064150856797,,
M,static_user,UCI Electricity,lgbm,2014-04,3,0.7921579743779035,331.7019510704276,496.9675322088154,0.0335815873300731,0.0095121966709217,0.0215468920004974,,
M,static_global,UCI Electricity,lgbm,2014-05,4,0.7945171552278746,466.26818032892623,530.530191210708,0.0437398120483259,0.01742934051144,0.030584576279882952,,
M,static_segment,UCI Electricity,lgbm,2014-05,4,0.7936735040238709,461.2207919288691,528.2059524039965,0.0431392902673239,0.0097726932854793,0.0264559917764016,,
M,static_user,UCI Electricity,lgbm,2014-05,4,0.7948358679049428,448.1948267571357,518.0054067707056,0.0287733410166441,0.0086997670802682,0.01873655404845615,,
M,static_global,UCI Electricity,lgbm,2014-06,5,0.8022516202448008,506.7199924405741,614.4796535365455,0.0399302142516284,0.0223812312422223,0.031155722746925348,,
M,static_segment,UCI Electricity,lgbm,2014-06,5,0.8033283845680095,501.6187140841813,612.5896265462277,0.0387726926041789,0.0131664348632358,0.02596956373370735,,
M,static_user,UCI Electricity,lgbm,2014-06,5,0.8022730331716827,477.8765636420404,601.0414291431883,0.0265605945044232,0.0082212950084994,0.017390944756461302,,
M,static_global,UCI Electricity,lgbm,2014-07,6,0.8009881079715665,567.5402275503405,675.5516259326989,0.0441573947261439,0.0239781823333569,0.0340677885297504,,
M,static_segment,UCI Electricity,lgbm,2014-07,6,0.8011923603683253,561.5630208835462,673.327553789745,0.0428539289477942,0.0066303038889281,0.02474211641836115,,
M,static_user,UCI Electricity,lgbm,2014-07,6,0.8017804493947419,523.5595653993068,661.9794631704037,0.0295532496852342,0.0067471842459445,0.01815021696558935,,
M,static_global,UCI Electricity,lgbm,2014-08,7,0.8054402181849757,572.9736658997814,710.6163455489624,0.0421093450898513,0.025986399376638,0.03404787223324465,,
M,static_segment,UCI Electricity,lgbm,2014-08,7,0.8056503909410608,566.1960488496201,709.3830942112763,0.0406878668155965,0.0123224166292806,0.026505141722438553,,
M,static_user,UCI Electricity,lgbm,2014-08,7,0.8066094891519283,526.4991170965071,705.7582161572641,0.0265283407600951,0.0202856288320621,0.023406984796078598,,
M,static_global,UCI Electricity,lgbm,2014-09,8,0.8068706944722019,549.2053828593398,651.5096336767072,0.0406101256632908,0.0227911573091281,0.03170064148620945,,
M,static_segment,UCI Electricity,lgbm,2014-09,8,0.8065525595585267,541.7940322689299,648.8914653197385,0.041534756239319,0.009724312686951,0.025629534463135,,
M,static_user,UCI Electricity,lgbm,2014-09,8,0.8063710595116221,506.4461128145218,636.1756491973163,0.0289716900713356,0.0162442693040745,0.02260797968770505,,
M,static_global,UCI Electricity,lgbm,2014-10,9,0.7882583486933767,435.3069800312061,611.1617454743005,0.0450791946732553,0.0896540551318478,0.06736662490255155,,
M,static_segment,UCI Electricity,lgbm,2014-10,9,0.78983908463351,427.7633110495982,612.3104927124946,0.0429387874314718,0.0230183466742226,0.0329785670528472,,
M,static_user,UCI Electricity,lgbm,2014-10,9,0.7897867881261273,389.559498271509,622.9902370466141,0.0341393573647296,0.026886023942764,0.030512690653746802,,
M,static_global,UCI Electricity,lgbm,2014-11,10,0.8102998217628753,355.6778304829471,449.19415805906107,0.0428397211832987,0.0195373691530633,0.031188545168181002,,
M,static_segment,UCI Electricity,lgbm,2014-11,10,0.8098287373714714,351.76251419356174,448.4733405526874,0.0421585861758143,0.0122693873403572,0.02721398675808575,,
M,static_user,UCI Electricity,lgbm,2014-11,10,0.8075885373543411,329.76587743075095,451.6134343219883,0.0362443357710081,0.013205068768351,0.02472470226967955,,
M,static_global,UCI Electricity,lgbm,2014-12,11,0.7886678402134487,348.6280430394618,424.07938165752057,0.0478513042551596,0.0390459099745775,0.043448607114868545,,
M,static_segment,UCI Electricity,lgbm,2014-12,11,0.7873436531774568,344.7630564390647,422.8277172681625,0.0463206940239893,0.0169193171353687,0.031620005579679,,
M,static_user,UCI Electricity,lgbm,2014-12,11,0.7881419149599587,334.5310151207266,422.9664501684074,0.0407896969960096,0.0176560175674719,0.02922285728174075,,
M,static_global,London,persistence,2013-03,0,0.8057819023526027,0.4100307390446697,1.0412367994773426,0.041879848138498,0.0305214233603567,0.03620063574942735,,
M,static_segment,London,persistence,2013-03,0,0.8057146928120741,0.4335881948056164,1.0389582466746925,0.0393475893372047,0.0078708096141681,0.023609199475686397,,
M,static_user,London,persistence,2013-03,0,0.8058477677023209,0.4462708421717844,1.0267276053636976,0.0289708551691943,0.0062814880660398,0.01762617161761705,,
M,static_global,London,persistence,2013-04,1,0.8244241404651331,0.4006838853390632,0.9235721037797716,0.0404613404641158,0.0287525834980983,0.03460696198110705,,
M,static_segment,London,persistence,2013-04,1,0.8242421548211609,0.4247607903937214,0.926057247987884,0.0403796586809992,0.0378914024849875,0.03913553058299335,,
M,static_user,London,persistence,2013-04,1,0.8213665038057227,0.4388158919235085,0.9249930817411132,0.0375817243419501,0.0312088693899329,0.0343952968659415,,
M,static_global,London,persistence,2013-05,2,0.8324584668036881,0.3725492735190747,0.8174198161790813,0.0466701577607178,0.033138925683557,0.0399045417221374,,
M,static_segment,London,persistence,2013-05,2,0.8323065693626894,0.3894731795552431,0.8214555325758369,0.0473391843274014,0.055387817991083,0.051363501159242195,,
M,static_user,London,persistence,2013-05,2,0.8299649291660561,0.4021058287320966,0.825145622680827,0.0449704991359335,0.0489624311565696,0.04696646514625155,,
M,static_global,London,persistence,2013-06,3,0.8173404205068644,0.3330386183333307,0.7572859131709494,0.0468151195408305,0.0375338753387533,0.0421744974397919,,
M,static_segment,London,persistence,2013-06,3,0.8173251384416184,0.3349185047658443,0.757758999691268,0.0471747391974871,0.0419292005420053,0.0445519698697462,,
M,static_user,London,persistence,2013-06,3,0.8164846248530838,0.3355746956633825,0.7538923379825446,0.0383416000956836,0.0429623983739837,0.04065199923483365,,
M,static_global,London,persistence,2013-07,4,0.8277658357430253,0.3175848388674572,0.6668287230511953,0.0595619886725939,0.051880081300813,0.05572103498670345,,
M,static_segment,London,persistence,2013-07,4,0.827935219950771,0.3150989981875953,0.6660150929603948,0.0594692693889301,0.0427911093627064,0.05113018937581825,,
M,static_user,London,persistence,2013-07,4,0.8251592009904943,0.3028716308846237,0.6556779204617393,0.0453789091696023,0.0409470889063728,0.04316299903798755,,
M,static_global,London,persistence,2013-08,5,0.8098659892199954,0.2987669245230511,0.660442228660825,0.0595820443574126,0.0328142416890695,0.046198143023241045,,
M,static_segment,London,persistence,2013-08,5,0.8094694678548866,0.2963153630506652,0.6601768814664947,0.0608759135715042,0.0118234508061263,0.03634968218881525,,
M,static_user,London,persistence,2013-08,5,0.807894135516217,0.2688767214258467,0.64652711999849,0.035119491412973,0.0117206588175757,0.02342007511527435,,
M,static_global,London,persistence,2013-09,6,0.7717705662222494,0.2872173594001199,0.7646049621633817,0.060316077291107,0.0430718954248366,0.0516939863579718,,
M,static_segment,London,persistence,2013-09,6,0.7723164799262113,0.2853683085507453,0.7649021216302698,0.0599336701076101,0.0360317917605789,0.0479827309340945,,
M,static_user,London,persistence,2013-09,6,0.7652737764170836,0.2484230324127508,0.761837705912976,0.0531385103890005,0.0466572895659984,0.04989789997749945,,
M,static_global,London,persistence,2013-10,7,0.7700934001443958,0.3068794304282577,0.8357115122797074,0.0548831496244839,0.0446458511277719,0.049764500376127896,,
M,static_segment,London,persistence,2013-10,7,0.7700772665366119,0.3019281794895792,0.8362972053413988,0.0545787111879476,0.0340666185823881,0.04432266488516785,,
M,static_user,London,persistence,2013-10,7,0.7643404245021101,0.2760808917390068,0.8317845484451594,0.0473227988168486,0.0393941380893057,0.04335846845307715,,
M,static_global,London,persistence,2013-11,8,0.766910346820488,0.3342949972026465,0.9780721263163088,0.0551329660470291,0.0503408850307008,0.05273692553886495,,
M,static_segment,London,persistence,2013-11,8,0.7658836670389944,0.327469349955855,0.9805906729271412,0.0564563488599672,0.0720050815159856,0.0642307151879764,,
M,static_user,London,persistence,2013-11,8,0.7611295422591957,0.323376357244497,0.9768807836118836,0.0516315258522112,0.0806097819182722,0.0661206538852417,,
M,static_global,London,persistence,2013-12,9,0.7893368395013928,0.3658774283153468,0.9908023578045562,0.0501621560759703,0.0199845906691584,0.035073373372564345,,
M,static_segment,London,persistence,2013-12,9,0.7893180180470859,0.3663397741442011,0.9907813394897556,0.0501836355743286,0.019746893544474,0.0349652645594013,,
M,static_user,London,persistence,2013-12,9,0.788609524731391,0.375946589581056,0.9808591590007426,0.0373867074619474,0.0211402904822792,0.0292634989721133,,
M,static_global,London,persistence,2014-01,10,0.7982720325264465,0.3886940072367221,1.0103609847081243,0.0494310869994198,0.0227750002052393,0.03610304360232955,,
M,static_segment,London,persistence,2014-01,10,0.7981147245631679,0.3972606918997849,1.0095462102840906,0.0493231420755041,0.0090732211905524,0.02919818163302825,,
M,static_user,London,persistence,2014-01,10,0.7993758772944106,0.4135031348658213,0.992030674310577,0.029389835689327,0.0061588224187046,0.0177743290540158,,
M,static_global,Ausgrid,persistence,2012-07,0,0.7830941849174669,0.6175537421705137,1.5560153476864058,0.0554177005789909,0.0353372434017595,0.0453774719903752,,
M,static_segment,Ausgrid,persistence,2012-07,0,0.7831368899917287,0.6242350762783081,1.554278802361039,0.0534177545222426,0.0221275357499168,0.0377726451360797,,
M,static_user,Ausgrid,persistence,2012-07,0,0.7811140180530083,0.6407966623600172,1.535165176145205,0.0408912324234905,0.0253214721206075,0.033106352272049,,
M,static_global,Ausgrid,persistence,2012-08,1,0.8207780415003416,0.6767997620426065,1.4258357693210315,0.0474314021649225,0.0369234578381436,0.04217743000153305,,
M,static_segment,Ausgrid,persistence,2012-08,1,0.8204588772611213,0.6876658054436807,1.425878524400574,0.045885028949545,0.0259637707722384,0.0359243998608917,,
M,static_user,Ausgrid,persistence,2012-08,1,0.8151319811558241,0.7141852803638725,1.4184351904560637,0.0420667457834358,0.0196175464320624,0.0308421461077491,,
M,static_global,Ausgrid,persistence,2012-09,2,0.8644648829431438,0.6314234461713277,1.0421196556879893,0.0687105165366034,0.0676689576174112,0.06818973707700729,,
M,static_segment,Ausgrid,persistence,2012-09,2,0.8636194723151245,0.6415792977978404,1.0474386102127324,0.0687151616499442,0.0815735479797979,0.07514435481487106,,
M,static_user,Ausgrid,persistence,2012-09,2,0.8540458937198068,0.6587699058724015,1.0605949262799232,0.0773225566703827,0.0680913516609392,0.07270695416566095,,
M,static_global,Ausgrid,persistence,2012-10,3,0.8378286043082677,0.5144132170902446,0.9342148149262584,0.0485183586866616,0.0459289435761001,0.04722365113138085,,
M,static_segment,Ausgrid,persistence,2012-10,3,0.8380196533247024,0.5154129473818374,0.934606122706928,0.0487894235264501,0.046358496840705,0.04757396018357755,,
M,static_user,Ausgrid,persistence,2012-10,3,0.831575682382134,0.5171511787822388,0.938915063039161,0.0524139605135397,0.0412177142223699,0.046815837367954805,,
M,static_global,Ausgrid,persistence,2012-11,4,0.8094365477517651,0.4410367684773673,0.921763982201958,0.0399270717205499,0.0203250286368842,0.03012605017871705,,
M,static_segment,Ausgrid,persistence,2012-11,4,0.8095712560386473,0.4356150150567279,0.9209215127035986,0.0389005016722407,0.0120975378787878,0.025499019775514248,,
M,static_user,Ausgrid,persistence,2012-11,4,0.8037880899293943,0.4277197334273839,0.9193792422087558,0.0370889074693422,0.0052205165692007,0.02115471201927145,,
M,static_global,Ausgrid,persistence,2012-12,5,0.8107985399359874,0.430772386983781,0.9429693382222156,0.0484329485381378,0.0176472385141739,0.03304009352615585,,
M,static_segment,Ausgrid,persistence,2012-12,5,0.8110188082137592,0.4247825325291188,0.9427513984447738,0.048080519293703,0.0173516789285039,0.03271609911110345,,
M,static_user,Ausgrid,persistence,2012-12,5,0.8094971589887439,0.4160180680730541,0.9350034206535688,0.0374127917430862,0.0165558385210337,0.026984315132059948,,
M,static_global,Ausgrid,persistence,2013-01,6,0.7951549969432158,0.4176681561054015,1.0409015746260182,0.0491701729780271,0.0122417940011319,0.0307059834895795,,
M,static_segment,Ausgrid,persistence,2013-01,6,0.7953550365016003,0.4138605874018218,1.0408774778558418,0.0491733196677095,0.0076612903225806,0.02841730499514505,,
M,static_user,Ausgrid,persistence,2013-01,6,0.7938648541734096,0.4031471625670443,1.0278574114464345,0.0350999748264825,0.0089014521671655,0.022000713496824,,
M,static_global,Ausgrid,persistence,2013-02,7,0.8022973403408186,0.4190884502334015,0.9426398866880804,0.0473901098901098,0.0103215513009327,0.02885583059552125,,
M,static_segment,Ausgrid,persistence,2013-02,7,0.8023645285873546,0.4173115576756512,0.9424017253714126,0.0477091296384774,0.0070922312223857,0.027400680430431548,,
M,static_user,Ausgrid,persistence,2013-02,7,0.7990076047141265,0.4092354607347637,0.9334492993710612,0.0384366539257843,0.0073990549828177,0.022917854454300998,,
M,static_global,Ausgrid,persistence,2013-03,8,0.8019810659186536,0.4216228043680664,0.9393161505062128,0.0496498183910526,0.010751160801564,0.0302004895963083,,
M,static_segment,Ausgrid,persistence,2013-03,8,0.8017495594634445,0.4182667388162325,0.9389931378760212,0.0492510878555759,0.0051609848484848,0.027206036352030352,,
M,static_user,Ausgrid,persistence,2013-03,8,0.8005223504872874,0.4138521702269805,0.9269051982178288,0.0332389326428597,0.0020798691941026,0.01765940091848115,,
M,static_global,Ausgrid,persistence,2013-04,9,0.7866383314752879,0.4155348465853243,0.9268754785447284,0.0443167038275734,0.0271016081871345,0.03570915600735395,,
M,static_segment,Ausgrid,persistence,2013-04,9,0.7867660720921591,0.4119483828889019,0.9266424365994036,0.0438498699368264,0.0208017676767676,0.032325818806796996,,
M,static_user,Ausgrid,persistence,2013-04,9,0.7827805648457823,0.4079511607875253,0.928058134746484,0.045006503158677,0.0289772727272727,0.03699188794297485,,
M,static_global,Ausgrid,persistence,2013-05,10,0.7582712985938792,0.4275323119727203,1.170685955762338,0.0668626604811738,0.0524111016789285,0.05963688108005115,,
M,static_segment,Ausgrid,persistence,2013-05,10,0.7586623871686985,0.4218511848098613,1.171193220930927,0.0662459093034128,0.0517106549364614,0.0589782821199371,,
M,static_user,Ausgrid,persistence,2013-05,10,0.7572418815406192,0.4137545228997797,1.1688154325021989,0.0626389038731255,0.0534365835777126,0.05803774372541905,,
M,static_global,Ausgrid,persistence,2013-06,11,0.7422798216276477,0.4787220857664334,1.4973994367906385,0.08173541434411,0.0705571338383839,0.07614627409124694,,
M,static_segment,Ausgrid,persistence,2013-06,11,0.7419778892604979,0.4716711260510999,1.4993786716130033,0.0820930880713489,0.0694839015151516,0.07578849479325026,,
M,static_user,Ausgrid,persistence,2013-06,11,0.7426537532515793,0.4753986732120581,1.4803658843087035,0.0738967855815682,0.0705808080808081,0.07223879683118815,,
M,static_global,UCI Electricity,persistence,2014-01,0,0.8008584807492196,225.8816674852372,383.8923585564247,0.0566806199350424,0.0780391278375149,0.06735987388627865,,
M,static_segment,UCI Electricity,persistence,2014-01,0,0.8008082253334594,212.78093413878028,380.65695170506297,0.0513537429445337,0.0096998207885303,0.030526781866532002,,
M,static_user,UCI Electricity,persistence,2014-01,0,0.8067984738120014,212.01266798972733,374.2079456205983,0.0254383060574527,0.0399168657905216,0.03267758592398715,,
M,static_global,UCI Electricity,persistence,2014-02,1,0.7980696219103477,227.4628159298937,369.706694757412,0.0558840856723921,0.0839919532627866,0.06993801946758935,,
M,static_segment,UCI Electricity,persistence,2014-02,1,0.7982234499371597,213.58738441074644,365.1284982494871,0.0510905425219941,0.004943783068783,0.028017162795388552,,
M,static_user,UCI Electricity,persistence,2014-02,1,0.8039521802122609,210.65879856388585,356.0113224168681,0.0235684174696271,0.0314869929453262,0.027527705207476647,,
M,static_global,UCI Electricity,persistence,2014-03,2,0.8116220083246618,231.2034325275938,373.9830076892434,0.0497278324346482,0.0644240342493031,0.05707593334197565,,
M,static_segment,UCI Electricity,persistence,2014-03,2,0.8120999274745373,215.13693654246435,370.5068419790989,0.0446681960079462,0.0147774790919952,0.0297228375499707,,
M,static_user,UCI Electricity,persistence,2014-03,2,0.8164889004509192,207.5837723971951,364.1897047574592,0.0305119351685428,0.0492756869772997,0.039893811072921254,,
M,static_global,UCI Electricity,persistence,2014-04,3,0.8101427582274356,220.53631582874135,407.061886752555,0.0529233870967741,0.0712319958847736,0.06207769149077384,,
M,static_segment,UCI Electricity,persistence,2014-04,3,0.8105388563049853,207.63487057256648,408.73460438194985,0.0483484033887259,0.0152397260273972,0.03179406470806155,,
M,static_user,UCI Electricity,persistence,2014-04,3,0.8146118442489411,199.1798458751848,404.7630274179744,0.0364450961225154,0.0426183127572016,0.0395317044398585,,
M,static_global,UCI Electricity,persistence,2014-05,4,0.8063195692618169,220.53619797088717,452.28141286228765,0.0514036042001702,0.0802045997610514,0.0658041019806108,,
M,static_segment,UCI Electricity,persistence,2014-05,4,0.7986166950461956,206.06477496850545,456.02769197422737,0.0481961261943051,0.0181557724957556,0.03317594934503035,,
M,static_user,UCI Electricity,persistence,2014-05,4,0.8018202314508246,213.8118093008748,441.9580847141586,0.0318142402169457,0.0273596176821983,0.029586928949572,,
M,static_global,UCI Electricity,persistence,2014-06,5,0.7989725887911372,220.536197937525,510.52687458991386,0.0539070136852394,0.0769675925925926,0.06543730313891599,,
M,static_segment,UCI Electricity,persistence,2014-06,5,0.7915251303356142,215.6972033712445,510.7846459757343,0.0500315656565656,0.0230592105263158,0.0365453880914407,,
M,static_user,UCI Electricity,persistence,2014-06,5,0.7950054985337244,234.1487435697224,495.7240725791307,0.0282329341805148,0.0241374269005848,0.0261851805405498,,
M,static_global,UCI Electricity,persistence,2014-07,6,0.7838475152145807,220.5361976686257,577.1525051871012,0.0549551839939456,0.0938321385902031,0.07439366129207435,,
M,static_segment,UCI Electricity,persistence,2014-07,6,0.7818225175795415,227.05648442145176,573.1357235156272,0.0511430643584649,0.022304753820034,0.03672390908924945,,
M,static_user,UCI Electricity,persistence,2014-07,6,0.784455507205247,243.12814211214103,556.106865333489,0.0327397281871787,0.0237584889643464,0.02824910857576255,,
M,static_global,UCI Electricity,persistence,2014-08,7,0.8012822028820988,232.63460528733933,594.0641230714605,0.0587113328918739,0.041549681401832,0.05013050714685295,,
M,static_segment,UCI Electricity,persistence,2014-08,7,0.8035584775959386,243.5432056520561,588.697762649019,0.0554070885756629,0.0156735364396654,0.03554031250766415,,
M,static_user,UCI Electricity,persistence,2014-08,7,0.8061313578027938,262.3104888960068,573.5963590965983,0.0297884542616592,0.0459652528872958,0.037876853574477495,,
M,static_global,UCI Electricity,persistence,2014-09,8,0.8096183610296513,237.58813501656664,562.0958198912934,0.052747230368198,0.0487011316872428,0.0507241810277204,,
M,static_segment,UCI Electricity,persistence,2014-09,8,0.8103688090583252,250.81157367528857,558.4975048388219,0.050640477354187,0.0150840643274853,0.03286227084083615,,
M,static_user,UCI Electricity,persistence,2014-09,8,0.8129388644509612,282.3505291378212,548.5817929482027,0.0283123574454219,0.0225694444444444,0.025440900944933148,,
M,static_global,UCI Electricity,persistence,2014-10,9,0.8063313940655252,226.7731020732031,509.0553484108698,0.0519424210891432,0.0627190362405416,0.0573307286648424,,
M,static_segment,UCI Electricity,persistence,2014-10,9,0.8120772632674298,241.91050848187427,505.184620952811,0.0493009570207801,0.0211976513865308,0.03524930420365545,,
M,static_user,UCI Electricity,persistence,2014-10,9,0.8101379954592753,270.67253253932824,495.7906224793682,0.0358419654400403,0.0228883701188454,0.029365167779442848,,
M,static_global,UCI Electricity,persistence,2014-11,10,0.807994257086999,220.5362053287664,397.10875604209485,0.0529926278918214,0.0712191358024691,0.062105881847145245,,
M,static_segment,UCI Electricity,persistence,2014-11,10,0.8150211795373086,226.543916737653,396.06343488229646,0.050264744216357,0.0266008771929824,0.0384328107046697,,
M,static_user,UCI Electricity,persistence,2014-11,10,0.8122658031932225,249.5368071632836,392.27677103611336,0.0407400619094167,0.0318544238683127,0.0362972428888647,,
M,static_global,UCI Electricity,persistence,2014-12,11,0.7962290700974364,220.5361979385011,374.5090198270745,0.0567570869990224,0.0864147749900438,0.0715859309945331,,
M,static_segment,UCI Electricity,persistence,2014-12,11,0.7982589947340207,212.35842607781515,372.4737602461823,0.0539514552391763,0.0128136200716846,0.03338253765543045,,
M,static_user,UCI Electricity,persistence,2014-12,11,0.7969641787279664,219.3555263088331,367.1869270239196,0.0393805379497367,0.0273098367184387,0.0333451873340877,,
M,static_best_fixed,London,lgbm,2013-03,0,0.7948175646695163,0.3809369540410132,0.6559613458987453,0.0265550664867221,0.0151369261935421,0.020845996340132098,,
M,static_best_fixed,London,lgbm,2013-04,1,0.7946225186548236,0.3272712906030834,0.5563624711564996,0.0319511595742441,0.0062633416067636,0.019107250590503853,,
M,static_best_fixed,London,lgbm,2013-05,2,0.7882956478474561,0.2776388117389158,0.4881402320846547,0.0393049938498812,0.0150864335391404,0.0271957136945108,,
M,static_best_fixed,London,lgbm,2013-06,3,0.7979014960114241,0.257541511359061,0.4496994645566198,0.0279995854172746,0.0095020325203252,0.018750808968799902,,
M,static_best_fixed,London,lgbm,2013-07,4,0.8142739176278189,0.2366429843047595,0.3987737845627966,0.0381437438232902,0.0197355921469284,0.028939667985109302,,
M,static_best_fixed,London,lgbm,2013-08,5,0.8008523109187212,0.2310230378940098,0.3940003418709672,0.0295702833516979,0.0046161573416755,0.0170932203466867,,
M,static_best_fixed,London,lgbm,2013-09,6,0.7815925037068742,0.2592261143873318,0.4596661983337289,0.0353012708877478,0.0191503267973857,0.02722579884256675,,
M,static_best_fixed,London,lgbm,2013-10,7,0.7917020921672873,0.2904728641464786,0.5047603284715929,0.0288005368099611,0.0131035328656609,0.020952034837811,,
M,static_best_fixed,London,lgbm,2013-11,8,0.7894797588190141,0.3508479955711796,0.6111021697948463,0.0330712052105148,0.0245157246554805,0.02879346493299765,,
M,static_best_fixed,London,lgbm,2013-12,9,0.7973692140466427,0.3695178131994346,0.6205063295307099,0.0317092786159303,0.0063093928772066,0.01900933574656845,,
M,static_best_fixed,London,lgbm,2014-01,10,0.7996151232345797,0.3695304319091982,0.6209876630173171,0.0304529769428744,0.0047042633375119,0.01757862014019315,,
M,static_best_fixed,Ausgrid,lgbm,2012-07,0,0.7910418240011508,0.5967308885848074,0.9856568742933758,0.0269491494947315,0.0137707722385141,0.0203599608666228,,
M,static_best_fixed,Ausgrid,lgbm,2012-08,1,0.808285683460999,0.5613808815785815,0.8966500892406493,0.0258478081058726,0.0116293988269794,0.018738603466426,,
M,static_best_fixed,Ausgrid,lgbm,2012-09,2,0.8142767558528428,0.4186851842692227,0.6435365521608878,0.0353748606465997,0.0277777777777776,0.03157631921218865,,
M,static_best_fixed,Ausgrid,lgbm,2012-10,3,0.7951460064012659,0.3746521455102637,0.6026868330308179,0.02739418132125,0.0068091120718324,0.017101646696541198,,
M,static_best_fixed,Ausgrid,lgbm,2012-11,4,0.7932251021924935,0.3660661309671306,0.6066329793118836,0.0253553511705685,0.0105350378787879,0.0179451945246782,,
M,static_best_fixed,Ausgrid,lgbm,2012-12,5,0.8006347322616607,0.4001942649048083,0.6587902967649849,0.0257165461934045,0.0060954993903115,0.015906022791858,,
M,static_best_fixed,Ausgrid,lgbm,2013-01,6,0.7939187974251087,0.4460509425830024,0.7759647548830915,0.0279956485776962,0.0101901119609799,0.01909288026933805,,
M,static_best_fixed,Ausgrid,lgbm,2013-02,7,0.8010655558209906,0.3827044664017657,0.6284264307962734,0.0295772615066093,0.004976663961039,0.01727696273382415,,
M,static_best_fixed,Ausgrid,lgbm,2013-03,8,0.8049794116589348,0.3797178954232325,0.6225374940244036,0.0244736037688351,0.0088141558585522,0.01664387981369365,,
M,static_best_fixed,Ausgrid,lgbm,2013-04,9,0.7913368636194723,0.370888923442457,0.5970679365733601,0.0293060200668896,0.0137548732943469,0.02153044668061825,,
M,static_best_fixed,Ausgrid,lgbm,2013-05,10,0.7835482072859352,0.4430764254941681,0.7327517345057389,0.0308941993023339,0.016909518572825,0.02390185893757945,,
M,static_best_fixed,Ausgrid,lgbm,2013-06,11,0.7854189892233371,0.5642415321512665,0.9467195189708104,0.030309364548495,0.0161512027491409,0.023230283648817948,,
M,static_best_fixed,UCI Electricity,lgbm,2014-01,0,0.8084230925588977,332.5711013788015,406.618439307458,0.0278355560993515,0.0245974776930362,0.02621651689619385,,
M,static_best_fixed,UCI Electricity,lgbm,2014-02,1,0.8106264558959141,312.2024244338777,384.5449421610819,0.0272899904287818,0.0209140586189766,0.024102024523879197,,
M,static_best_fixed,UCI Electricity,lgbm,2014-03,2,0.791436594925068,303.5932997709195,397.9425278816023,0.0324682372722141,0.0125546193698261,0.0225114283210201,,
M,static_best_fixed,UCI Electricity,lgbm,2014-04,3,0.7921579743779035,331.7019510704276,496.9675322088154,0.0335815873300731,0.0095121966709217,0.0215468920004974,,
M,static_best_fixed,UCI Electricity,lgbm,2014-05,4,0.7948358679049428,448.1948267571357,518.0054067707056,0.0287733410166441,0.0086997670802682,0.01873655404845615,,
M,static_best_fixed,UCI Electricity,lgbm,2014-06,5,0.8022730331716827,477.8765636420404,601.0414291431883,0.0265605945044232,0.0082212950084994,0.017390944756461302,,
M,static_best_fixed,UCI Electricity,lgbm,2014-07,6,0.8017804493947419,523.5595653993068,661.9794631704037,0.0295532496852342,0.0067471842459445,0.01815021696558935,,
M,static_best_fixed,UCI Electricity,lgbm,2014-08,7,0.8066094891519283,526.4991170965071,705.7582161572641,0.0265283407600951,0.0202856288320621,0.023406984796078598,,
M,static_best_fixed,UCI Electricity,lgbm,2014-09,8,0.8063710595116221,506.4461128145218,636.1756491973163,0.0289716900713356,0.0162442693040745,0.02260797968770505,,
M,static_best_fixed,UCI Electricity,lgbm,2014-10,9,0.7897867881261273,389.559498271509,622.9902370466141,0.0341393573647296,0.026886023942764,0.030512690653746802,,
M,static_best_fixed,UCI Electricity,lgbm,2014-11,10,0.8075885373543411,329.76587743075095,451.6134343219883,0.0362443357710081,0.013205068768351,0.02472470226967955,,
M,static_best_fixed,UCI Electricity,lgbm,2014-12,11,0.7881419149599587,334.5310151207266,422.9664501684074,0.0407896969960096,0.0176560175674719,0.02922285728174075,,
M,static_best_fixed,London,persistence,2013-03,0,0.8058477677023209,0.4462708421717844,1.0267276053636976,0.0289708551691943,0.0062814880660398,0.01762617161761705,,
M,static_best_fixed,London,persistence,2013-04,1,0.8213665038057227,0.4388158919235085,0.9249930817411132,0.0375817243419501,0.0312088693899329,0.0343952968659415,,
M,static_best_fixed,London,persistence,2013-05,2,0.8299649291660561,0.4021058287320966,0.825145622680827,0.0449704991359335,0.0489624311565696,0.04696646514625155,,
M,static_best_fixed,London,persistence,2013-06,3,0.8164846248530838,0.3355746956633825,0.7538923379825446,0.0383416000956836,0.0429623983739837,0.04065199923483365,,
M,static_best_fixed,London,persistence,2013-07,4,0.8251592009904943,0.3028716308846237,0.6556779204617393,0.0453789091696023,0.0409470889063728,0.04316299903798755,,
M,static_best_fixed,London,persistence,2013-08,5,0.807894135516217,0.2688767214258467,0.64652711999849,0.035119491412973,0.0117206588175757,0.02342007511527435,,
M,static_best_fixed,London,persistence,2013-09,6,0.7652737764170836,0.2484230324127508,0.761837705912976,0.0531385103890005,0.0466572895659984,0.04989789997749945,,
M,static_best_fixed,London,persistence,2013-10,7,0.7643404245021101,0.2760808917390068,0.8317845484451594,0.0473227988168486,0.0393941380893057,0.04335846845307715,,
M,static_best_fixed,London,persistence,2013-11,8,0.7611295422591957,0.323376357244497,0.9768807836118836,0.0516315258522112,0.0806097819182722,0.0661206538852417,,
M,static_best_fixed,London,persistence,2013-12,9,0.788609524731391,0.375946589581056,0.9808591590007426,0.0373867074619474,0.0211402904822792,0.0292634989721133,,
M,static_best_fixed,London,persistence,2014-01,10,0.7993758772944106,0.4135031348658213,0.992030674310577,0.029389835689327,0.0061588224187046,0.0177743290540158,,
M,static_best_fixed,Ausgrid,persistence,2012-07,0,0.7811140180530083,0.6407966623600172,1.535165176145205,0.0408912324234905,0.0253214721206075,0.033106352272049,,
M,static_best_fixed,Ausgrid,persistence,2012-08,1,0.8151319811558241,0.7141852803638725,1.4184351904560637,0.0420667457834358,0.0196175464320624,0.0308421461077491,,
M,static_best_fixed,Ausgrid,persistence,2012-09,2,0.8540458937198068,0.6587699058724015,1.0605949262799232,0.0773225566703827,0.0680913516609392,0.07270695416566095,,
M,static_best_fixed,Ausgrid,persistence,2012-10,3,0.831575682382134,0.5171511787822388,0.938915063039161,0.0524139605135397,0.0412177142223699,0.046815837367954805,,
M,static_best_fixed,Ausgrid,persistence,2012-11,4,0.8037880899293943,0.4277197334273839,0.9193792422087558,0.0370889074693422,0.0052205165692007,0.02115471201927145,,
M,static_best_fixed,Ausgrid,persistence,2012-12,5,0.8094971589887439,0.4160180680730541,0.9350034206535688,0.0374127917430862,0.0165558385210337,0.026984315132059948,,
M,static_best_fixed,Ausgrid,persistence,2013-01,6,0.7938648541734096,0.4031471625670443,1.0278574114464345,0.0350999748264825,0.0089014521671655,0.022000713496824,,
M,static_best_fixed,Ausgrid,persistence,2013-02,7,0.7990076047141265,0.4092354607347637,0.9334492993710612,0.0384366539257843,0.0073990549828177,0.022917854454300998,,
M,static_best_fixed,Ausgrid,persistence,2013-03,8,0.8005223504872874,0.4138521702269805,0.9269051982178288,0.0332389326428597,0.0020798691941026,0.01765940091848115,,
M,static_best_fixed,Ausgrid,persistence,2013-04,9,0.7827805648457823,0.4079511607875253,0.928058134746484,0.045006503158677,0.0289772727272727,0.03699188794297485,,
M,static_best_fixed,Ausgrid,persistence,2013-05,10,0.7572418815406192,0.4137545228997797,1.1688154325021989,0.0626389038731255,0.0534365835777126,0.05803774372541905,,
M,static_best_fixed,Ausgrid,persistence,2013-06,11,0.7426537532515793,0.4753986732120581,1.4803658843087035,0.0738967855815682,0.0705808080808081,0.07223879683118815,,
M,static_best_fixed,UCI Electricity,persistence,2014-01,0,0.8067984738120014,212.01266798972733,374.2079456205983,0.0254383060574527,0.0399168657905216,0.03267758592398715,,
M,static_best_fixed,UCI Electricity,persistence,2014-02,1,0.8039521802122609,210.65879856388585,356.0113224168681,0.0235684174696271,0.0314869929453262,0.027527705207476647,,
M,static_best_fixed,UCI Electricity,persistence,2014-03,2,0.8164889004509192,207.5837723971951,364.1897047574592,0.0305119351685428,0.0492756869772997,0.039893811072921254,,
M,static_best_fixed,UCI Electricity,persistence,2014-04,3,0.8146118442489411,199.1798458751848,404.7630274179744,0.0364450961225154,0.0426183127572016,0.0395317044398585,,
M,static_best_fixed,UCI Electricity,persistence,2014-05,4,0.8018202314508246,213.8118093008748,441.9580847141586,0.0318142402169457,0.0273596176821983,0.029586928949572,,
M,static_best_fixed,UCI Electricity,persistence,2014-06,5,0.7950054985337244,234.1487435697224,495.7240725791307,0.0282329341805148,0.0241374269005848,0.0261851805405498,,
M,static_best_fixed,UCI Electricity,persistence,2014-07,6,0.784455507205247,243.12814211214103,556.106865333489,0.0327397281871787,0.0237584889643464,0.02824910857576255,,
M,static_best_fixed,UCI Electricity,persistence,2014-08,7,0.8061313578027938,262.3104888960068,573.5963590965983,0.0297884542616592,0.0459652528872958,0.037876853574477495,,
M,static_best_fixed,UCI Electricity,persistence,2014-09,8,0.8129388644509612,282.3505291378212,548.5817929482027,0.0283123574454219,0.0225694444444444,0.025440900944933148,,
M,static_best_fixed,UCI Electricity,persistence,2014-10,9,0.8101379954592753,270.67253253932824,495.7906224793682,0.0358419654400403,0.0228883701188454,0.029365167779442848,,
M,static_best_fixed,UCI Electricity,persistence,2014-11,10,0.8122658031932225,249.5368071632836,392.27677103611336,0.0407400619094167,0.0318544238683127,0.0362972428888647,,
M,static_best_fixed,UCI Electricity,persistence,2014-12,11,0.7969641787279664,219.3555263088331,367.1869270239196,0.0393805379497367,0.0273098367184387,0.0333451873340877,,
M,static_oracle,Ausgrid,lgbm,2012-07,0,0.7910418240011508,0.5967308885848074,0.9856568742933758,0.0269491494947315,0.0137707722385141,0.0203599608666228,,
M,static_oracle,Ausgrid,lgbm,2012-08,1,0.808285683460999,0.5613808815785815,0.8966500892406493,0.0258478081058726,0.0116293988269794,0.018738603466426,,
M,static_oracle,Ausgrid,lgbm,2012-09,2,0.8142767558528428,0.4186851842692227,0.6435365521608878,0.0353748606465997,0.0277777777777776,0.03157631921218865,,
M,static_oracle,Ausgrid,lgbm,2012-10,3,0.7951460064012659,0.3746521455102637,0.6026868330308179,0.02739418132125,0.0068091120718324,0.017101646696541198,,
M,static_oracle,Ausgrid,lgbm,2012-11,4,0.7932251021924935,0.3660661309671306,0.6066329793118836,0.0253553511705685,0.0105350378787879,0.0179451945246782,,
M,static_oracle,Ausgrid,lgbm,2012-12,5,0.8006347322616607,0.4001942649048083,0.6587902967649849,0.0257165461934045,0.0060954993903115,0.015906022791858,,
M,static_oracle,Ausgrid,lgbm,2013-01,6,0.7939187974251087,0.4460509425830024,0.7759647548830915,0.0279956485776962,0.0101901119609799,0.01909288026933805,,
M,static_oracle,Ausgrid,lgbm,2013-02,7,0.8010655558209906,0.3827044664017657,0.6284264307962734,0.0295772615066093,0.004976663961039,0.01727696273382415,,
M,static_oracle,Ausgrid,lgbm,2013-03,8,0.8049794116589348,0.3797178954232325,0.6225374940244036,0.0244736037688351,0.0088141558585522,0.01664387981369365,,
M,static_oracle,Ausgrid,lgbm,2013-04,9,0.7913368636194723,0.370888923442457,0.5970679365733601,0.0293060200668896,0.0137548732943469,0.02153044668061825,,
M,static_oracle,Ausgrid,lgbm,2013-05,10,0.7835482072859352,0.4430764254941681,0.7327517345057389,0.0308941993023339,0.016909518572825,0.02390185893757945,,
M,static_oracle,Ausgrid,lgbm,2013-06,11,0.7854189892233371,0.5642415321512665,0.9467195189708104,0.030309364548495,0.0161512027491409,0.023230283648817948,,
M,static_oracle,Ausgrid,persistence,2012-07,0,0.7811140180530083,0.6407966623600172,1.535165176145205,0.0408912324234905,0.0253214721206075,0.033106352272049,,
M,static_oracle,Ausgrid,persistence,2012-08,1,0.8151319811558241,0.7141852803638725,1.4184351904560637,0.0420667457834358,0.0196175464320624,0.0308421461077491,,
M,static_oracle,Ausgrid,persistence,2012-09,2,0.8644648829431438,0.6314234461713277,1.0421196556879893,0.0687105165366034,0.0676689576174112,0.06818973707700729,,
M,static_oracle,Ausgrid,persistence,2012-10,3,0.831575682382134,0.5171511787822388,0.938915063039161,0.0524139605135397,0.0412177142223699,0.046815837367954805,,
M,static_oracle,Ausgrid,persistence,2012-11,4,0.8037880899293943,0.4277197334273839,0.9193792422087558,0.0370889074693422,0.0052205165692007,0.02115471201927145,,
M,static_oracle,Ausgrid,persistence,2012-12,5,0.8094971589887439,0.4160180680730541,0.9350034206535688,0.0374127917430862,0.0165558385210337,0.026984315132059948,,
M,static_oracle,Ausgrid,persistence,2013-01,6,0.7938648541734096,0.4031471625670443,1.0278574114464345,0.0350999748264825,0.0089014521671655,0.022000713496824,,
M,static_oracle,Ausgrid,persistence,2013-02,7,0.7990076047141265,0.4092354607347637,0.9334492993710612,0.0384366539257843,0.0073990549828177,0.022917854454300998,,
M,static_oracle,Ausgrid,persistence,2013-03,8,0.8005223504872874,0.4138521702269805,0.9269051982178288,0.0332389326428597,0.0020798691941026,0.01765940091848115,,
M,static_oracle,Ausgrid,persistence,2013-04,9,0.7867660720921591,0.4119483828889019,0.9266424365994036,0.0438498699368264,0.0208017676767676,0.032325818806796996,,
M,static_oracle,Ausgrid,persistence,2013-05,10,0.7572418815406192,0.4137545228997797,1.1688154325021989,0.0626389038731255,0.0534365835777126,0.05803774372541905,,
M,static_oracle,Ausgrid,persistence,2013-06,11,0.7426537532515793,0.4753986732120581,1.4803658843087035,0.0738967855815682,0.0705808080808081,0.07223879683118815,,
M,static_oracle,London,lgbm,2013-03,0,0.7948175646695163,0.3809369540410132,0.6559613458987453,0.0265550664867221,0.0151369261935421,0.020845996340132098,,
M,static_oracle,London,lgbm,2013-04,1,0.7946225186548236,0.3272712906030834,0.5563624711564996,0.0319511595742441,0.0062633416067636,0.019107250590503853,,
M,static_oracle,London,lgbm,2013-05,2,0.7950998783037834,0.2769957307424722,0.4869798301854545,0.0392877889131448,0.0085815575925454,0.0239346732528451,,
M,static_oracle,London,lgbm,2013-06,3,0.7979014960114241,0.257541511359061,0.4496994645566198,0.0279995854172746,0.0095020325203252,0.018750808968799902,,
M,static_oracle,London,lgbm,2013-07,4,0.8142739176278189,0.2366429843047595,0.3987737845627966,0.0381437438232902,0.0197355921469284,0.028939667985109302,,
M,static_oracle,London,lgbm,2013-08,5,0.8008523109187212,0.2310230378940098,0.3940003418709672,0.0295702833516979,0.0046161573416755,0.0170932203466867,,
M,static_oracle,London,lgbm,2013-09,6,0.7815925037068742,0.2592261143873318,0.4596661983337289,0.0353012708877478,0.0191503267973857,0.02722579884256675,,
M,static_oracle,London,lgbm,2013-10,7,0.7917020921672873,0.2904728641464786,0.5047603284715929,0.0288005368099611,0.0131035328656609,0.020952034837811,,
M,static_oracle,London,lgbm,2013-11,8,0.7937210065523801,0.3502218408129811,0.6122988172850768,0.0415710067179623,0.0136062949442247,0.0275886508310935,,
M,static_oracle,London,lgbm,2013-12,9,0.7973692140466427,0.3695178131994346,0.6205063295307099,0.0317092786159303,0.0063093928772066,0.01900933574656845,,
M,static_oracle,London,lgbm,2014-01,10,0.7996151232345797,0.3695304319091982,0.6209876630173171,0.0304529769428744,0.0047042633375119,0.01757862014019315,,
M,static_oracle,London,persistence,2013-03,0,0.8058477677023209,0.4462708421717844,1.0267276053636976,0.0289708551691943,0.0062814880660398,0.01762617161761705,,
M,static_oracle,London,persistence,2013-04,1,0.8213665038057227,0.4388158919235085,0.9249930817411132,0.0375817243419501,0.0312088693899329,0.0343952968659415,,
M,static_oracle,London,persistence,2013-05,2,0.8324584668036881,0.3725492735190747,0.8174198161790813,0.0466701577607178,0.033138925683557,0.0399045417221374,,
M,static_oracle,London,persistence,2013-06,3,0.8164846248530838,0.3355746956633825,0.7538923379825446,0.0383416000956836,0.0429623983739837,0.04065199923483365,,
M,static_oracle,London,persistence,2013-07,4,0.8251592009904943,0.3028716308846237,0.6556779204617393,0.0453789091696023,0.0409470889063728,0.04316299903798755,,
M,static_oracle,London,persistence,2013-08,5,0.807894135516217,0.2688767214258467,0.64652711999849,0.035119491412973,0.0117206588175757,0.02342007511527435,,
M,static_oracle,London,persistence,2013-09,6,0.7723164799262113,0.2853683085507453,0.7649021216302698,0.0599336701076101,0.0360317917605789,0.0479827309340945,,
M,static_oracle,London,persistence,2013-10,7,0.7643404245021101,0.2760808917390068,0.8317845484451594,0.0473227988168486,0.0393941380893057,0.04335846845307715,,
M,static_oracle,London,persistence,2013-11,8,0.766910346820488,0.3342949972026465,0.9780721263163088,0.0551329660470291,0.0503408850307008,0.05273692553886495,,
M,static_oracle,London,persistence,2013-12,9,0.788609524731391,0.375946589581056,0.9808591590007426,0.0373867074619474,0.0211402904822792,0.0292634989721133,,
M,static_oracle,London,persistence,2014-01,10,0.7993758772944106,0.4135031348658213,0.992030674310577,0.029389835689327,0.0061588224187046,0.0177743290540158,,
M,static_oracle,UCI Electricity,lgbm,2014-01,0,0.8071975781783449,353.75455028216135,416.9442483682002,0.0416363083796765,0.0078780950976233,0.0247572017386499,,
M,static_oracle,UCI Electricity,lgbm,2014-02,1,0.8106264558959141,312.2024244338777,384.5449421610819,0.0272899904287818,0.0209140586189766,0.024102024523879197,,
M,static_oracle,UCI Electricity,lgbm,2014-03,2,0.791436594925068,303.5932997709195,397.9425278816023,0.0324682372722141,0.0125546193698261,0.0225114283210201,,
M,static_oracle,UCI Electricity,lgbm,2014-04,3,0.7921579743779035,331.7019510704276,496.9675322088154,0.0335815873300731,0.0095121966709217,0.0215468920004974,,
M,static_oracle,UCI Electricity,lgbm,2014-05,4,0.7948358679049428,448.1948267571357,518.0054067707056,0.0287733410166441,0.0086997670802682,0.01873655404845615,,
M,static_oracle,UCI Electricity,lgbm,2014-06,5,0.8022730331716827,477.8765636420404,601.0414291431883,0.0265605945044232,0.0082212950084994,0.017390944756461302,,
M,static_oracle,UCI Electricity,lgbm,2014-07,6,0.8017804493947419,523.5595653993068,661.9794631704037,0.0295532496852342,0.0067471842459445,0.01815021696558935,,
M,static_oracle,UCI Electricity,lgbm,2014-08,7,0.8066094891519283,526.4991170965071,705.7582161572641,0.0265283407600951,0.0202856288320621,0.023406984796078598,,
M,static_oracle,UCI Electricity,lgbm,2014-09,8,0.8063710595116221,506.4461128145218,636.1756491973163,0.0289716900713356,0.0162442693040745,0.02260797968770505,,
M,static_oracle,UCI Electricity,lgbm,2014-10,9,0.7897867881261273,389.559498271509,622.9902370466141,0.0341393573647296,0.026886023942764,0.030512690653746802,,
M,static_oracle,UCI Electricity,lgbm,2014-11,10,0.8075885373543411,329.76587743075095,451.6134343219883,0.0362443357710081,0.013205068768351,0.02472470226967955,,
M,static_oracle,UCI Electricity,lgbm,2014-12,11,0.7881419149599587,334.5310151207266,422.9664501684074,0.0407896969960096,0.0176560175674719,0.02922285728174075,,
M,static_oracle,UCI Electricity,persistence,2014-01,0,0.8008082253334594,212.78093413878028,380.65695170506297,0.0513537429445337,0.0096998207885303,0.030526781866532002,,
M,static_oracle,UCI Electricity,persistence,2014-02,1,0.8039521802122609,210.65879856388585,356.0113224168681,0.0235684174696271,0.0314869929453262,0.027527705207476647,,
M,static_oracle,UCI Electricity,persistence,2014-03,2,0.8120999274745373,215.13693654246435,370.5068419790989,0.0446681960079462,0.0147774790919952,0.0297228375499707,,
M,static_oracle,UCI Electricity,persistence,2014-04,3,0.8105388563049853,207.63487057256648,408.73460438194985,0.0483484033887259,0.0152397260273972,0.03179406470806155,,
M,static_oracle,UCI Electricity,persistence,2014-05,4,0.8018202314508246,213.8118093008748,441.9580847141586,0.0318142402169457,0.0273596176821983,0.029586928949572,,
M,static_oracle,UCI Electricity,persistence,2014-06,5,0.7950054985337244,234.1487435697224,495.7240725791307,0.0282329341805148,0.0241374269005848,0.0261851805405498,,
M,static_oracle,UCI Electricity,persistence,2014-07,6,0.784455507205247,243.12814211214103,556.106865333489,0.0327397281871787,0.0237584889643464,0.02824910857576255,,
M,static_oracle,UCI Electricity,persistence,2014-08,7,0.8035584775959386,243.5432056520561,588.697762649019,0.0554070885756629,0.0156735364396654,0.03554031250766415,,
M,static_oracle,UCI Electricity,persistence,2014-09,8,0.8129388644509612,282.3505291378212,548.5817929482027,0.0283123574454219,0.0225694444444444,0.025440900944933148,,
M,static_oracle,UCI Electricity,persistence,2014-10,9,0.8101379954592753,270.67253253932824,495.7906224793682,0.0358419654400403,0.0228883701188454,0.029365167779442848,,
M,static_oracle,UCI Electricity,persistence,2014-11,10,0.8122658031932225,249.5368071632836,392.27677103611336,0.0407400619094167,0.0318544238683127,0.0362972428888647,,
M,static_oracle,UCI Electricity,persistence,2014-12,11,0.7969641787279664,219.3555263088331,367.1869270239196,0.0393805379497367,0.0273098367184387,0.0333451873340877,,
M,csgr,London,persistence,2013-03,0,0.8058477677023209,0.4462708421717844,1.0267276053636976,0.0289708551691943,0.0062814880660398,0.01762617161761705,rolling_user_norm,0.0176261716176171
M,csgr,London,persistence,2013-04,1,0.8213665038057227,0.4388158919235085,0.9249930817411132,0.0375817243419501,0.0312088693899329,0.0343952968659415,rolling_user_norm,0.0343952968659415
M,csgr,London,persistence,2013-05,2,0.8324584668036881,0.3725492735190747,0.8174198161790813,0.0466701577607178,0.033138925683557,0.0399045417221374,rolling_global_norm,0.0399045417221374
M,csgr,London,persistence,2013-06,3,0.8164846248530838,0.3355746956633825,0.7538923379825446,0.0383416000956836,0.0429623983739837,0.04065199923483365,rolling_user_norm,0.0406519992348336
M,csgr,London,persistence,2013-07,4,0.8251592009904943,0.3028716308846237,0.6556779204617393,0.0453789091696023,0.0409470889063728,0.04316299903798755,rolling_user_norm,0.0431629990379876
M,csgr,London,persistence,2013-08,5,0.807894135516217,0.2688767214258467,0.64652711999849,0.035119491412973,0.0117206588175757,0.02342007511527435,rolling_user_norm,0.0234200751152744
M,csgr,London,persistence,2013-09,6,0.7652737764170836,0.2484230324127508,0.761837705912976,0.0531385103890005,0.0466572895659984,0.04989789997749945,rolling_user_norm,0.0498978999774995
M,csgr,London,persistence,2013-10,7,0.7643404245021101,0.2760808917390068,0.8317845484451594,0.0473227988168486,0.0393941380893057,0.04335846845307715,rolling_user_norm,0.0433584684530771
M,csgr,London,persistence,2013-11,8,0.7611295422591957,0.323376357244497,0.9768807836118836,0.0516315258522112,0.0806097819182722,0.0661206538852417,rolling_user_norm,0.0661206538852417
M,csgr,London,persistence,2013-12,9,0.7893368395013928,0.3658774283153468,0.9908023578045562,0.0501621560759703,0.0199845906691584,0.035073373372564345,rolling_global_norm,0.0350733733725644
M,csgr,London,persistence,2014-01,10,0.7993758772944106,0.4135031348658213,0.992030674310577,0.029389835689327,0.0061588224187046,0.0177743290540158,rolling_user_norm,0.0177743290540158
M,csgr,Ausgrid,persistence,2012-07,0,0.7811140180530083,0.6407966623600172,1.535165176145205,0.0408912324234905,0.0253214721206075,0.033106352272049,rolling_user_norm,0.033106352272049
M,csgr,Ausgrid,persistence,2012-08,1,0.8151319811558241,0.7141852803638725,1.4184351904560637,0.0420667457834358,0.0196175464320624,0.0308421461077491,rolling_user_norm,0.0308421461077491
M,csgr,Ausgrid,persistence,2012-09,2,0.8540458937198068,0.6587699058724015,1.0605949262799232,0.0773225566703827,0.0680913516609392,0.07270695416566095,rolling_user_norm,0.072706954165661
M,csgr,Ausgrid,persistence,2012-10,3,0.8378286043082677,0.5144132170902446,0.9342148149262584,0.0485183586866616,0.0459289435761001,0.04722365113138085,rolling_global_norm,0.0472236511313808
M,csgr,Ausgrid,persistence,2012-11,4,0.8037880899293943,0.4277197334273839,0.9193792422087558,0.0370889074693422,0.0052205165692007,0.02115471201927145,rolling_user_norm,0.0211547120192714
M,csgr,Ausgrid,persistence,2012-12,5,0.8094971589887439,0.4160180680730541,0.9350034206535688,0.0374127917430862,0.0165558385210337,0.026984315132059948,rolling_user_norm,0.0269843151320599
M,csgr,Ausgrid,persistence,2013-01,6,0.7938648541734096,0.4031471625670443,1.0278574114464345,0.0350999748264825,0.0089014521671655,0.022000713496824,rolling_user_norm,0.022000713496824
M,csgr,Ausgrid,persistence,2013-02,7,0.7990076047141265,0.4092354607347637,0.9334492993710612,0.0384366539257843,0.0073990549828177,0.022917854454300998,rolling_user_norm,0.022917854454301
M,csgr,Ausgrid,persistence,2013-03,8,0.8005223504872874,0.4138521702269805,0.9269051982178288,0.0332389326428597,0.0020798691941026,0.01765940091848115,rolling_user_norm,0.0176594009184811
M,csgr,Ausgrid,persistence,2013-04,9,0.7827805648457823,0.4079511607875253,0.928058134746484,0.045006503158677,0.0289772727272727,0.03699188794297485,rolling_user_norm,0.0369918879429749
M,csgr,Ausgrid,persistence,2013-05,10,0.7572418815406192,0.4137545228997797,1.1688154325021989,0.0626389038731255,0.0534365835777126,0.05803774372541905,rolling_user_norm,0.058037743725419
M,csgr,Ausgrid,persistence,2013-06,11,0.7426537532515793,0.4753986732120581,1.4803658843087035,0.0738967855815682,0.0705808080808081,0.07223879683118815,rolling_user_norm,0.0722387968311881
M,csgr,UCI Electricity,persistence,2014-01,0,0.8008082253334594,212.78093413878028,380.65695170506297,0.0513537429445337,0.0096998207885303,0.030526781866532002,rolling_group_norm,0.030526781866532
M,csgr,UCI Electricity,persistence,2014-02,1,0.8039521802122609,210.65879856388585,356.0113224168681,0.0235684174696271,0.0314869929453262,0.027527705207476647,rolling_user_norm,0.0275277052074766
M,csgr,UCI Electricity,persistence,2014-03,2,0.8120999274745373,215.13693654246435,370.5068419790989,0.0446681960079462,0.0147774790919952,0.0297228375499707,rolling_group_norm,0.0297228375499707
M,csgr,UCI Electricity,persistence,2014-04,3,0.8105388563049853,207.63487057256648,408.73460438194985,0.0483484033887259,0.0152397260273972,0.03179406470806155,rolling_group_norm,0.0317940647080615
M,csgr,UCI Electricity,persistence,2014-05,4,0.8018202314508246,213.8118093008748,441.9580847141586,0.0318142402169457,0.0273596176821983,0.029586928949572,rolling_user_norm,0.029586928949572
M,csgr,UCI Electricity,persistence,2014-06,5,0.7950054985337244,234.1487435697224,495.7240725791307,0.0282329341805148,0.0241374269005848,0.0261851805405498,rolling_user_norm,0.0261851805405498
M,csgr,UCI Electricity,persistence,2014-07,6,0.784455507205247,243.12814211214103,556.106865333489,0.0327397281871787,0.0237584889643464,0.02824910857576255,rolling_user_norm,0.0282491085757625
M,csgr,UCI Electricity,persistence,2014-08,7,0.8061313578027938,262.3104888960068,573.5963590965983,0.0297884542616592,0.0459652528872958,0.037876853574477495,rolling_user_norm,0.0378768535744775
M,csgr,UCI Electricity,persistence,2014-09,8,0.8129388644509612,282.3505291378212,548.5817929482027,0.0283123574454219,0.0225694444444444,0.025440900944933148,rolling_user_norm,0.0254409009449331
M,csgr,UCI Electricity,persistence,2014-10,9,0.8101379954592753,270.67253253932824,495.7906224793682,0.0358419654400403,0.0228883701188454,0.029365167779442848,rolling_user_norm,0.0293651677794429
M,csgr,UCI Electricity,persistence,2014-11,10,0.8122658031932225,249.5368071632836,392.27677103611336,0.0407400619094167,0.0318544238683127,0.0362972428888647,rolling_user_norm,0.0362972428888647
M,csgr,UCI Electricity,persistence,2014-12,11,0.7969641787279664,219.3555263088331,367.1869270239196,0.0393805379497367,0.0273098367184387,0.0333451873340877,rolling_user_norm,0.0333451873340877
M,csgr,London,lgbm,2013-03,0,0.7945526882269817,0.3823098109675931,0.6568297297007072,0.0354694288808543,0.0081409367900465,0.021805182835450403,rolling_global_norm,0.0218051828354504
M,csgr,London,lgbm,2013-04,1,0.7946225186548236,0.3272712906030834,0.5563624711564996,0.0319511595742441,0.0062633416067636,0.019107250590503853,rolling_user_norm,0.0191072505905039
M,csgr,London,lgbm,2013-05,2,0.7951092912708178,0.2770782379626871,0.4869915836985882,0.0394865205883957,0.0099069260666642,0.024696723327529948,rolling_global_norm,0.0246967233275299
M,csgr,London,lgbm,2013-06,3,0.7979014960114241,0.257541511359061,0.4496994645566198,0.0279995854172746,0.0095020325203252,0.018750808968799902,rolling_user_norm,0.0187508089687999
M,csgr,London,lgbm,2013-07,4,0.8142739176278189,0.2366429843047595,0.3987737845627966,0.0381437438232902,0.0197355921469284,0.028939667985109302,rolling_user_norm,0.0289396679851093
M,csgr,London,lgbm,2013-08,5,0.8008523109187212,0.2310230378940098,0.3940003418709672,0.0295702833516979,0.0046161573416755,0.0170932203466867,rolling_user_norm,0.0170932203466867
M,csgr,London,lgbm,2013-09,6,0.7815925037068742,0.2592261143873318,0.4596661983337289,0.0353012708877478,0.0191503267973857,0.02722579884256675,rolling_user_norm,0.0272257988425667
M,csgr,London,lgbm,2013-10,7,0.7917020921672873,0.2904728641464786,0.5047603284715929,0.0288005368099611,0.0131035328656609,0.020952034837811,rolling_user_norm,0.020952034837811
M,csgr,London,lgbm,2013-11,8,0.7894797588190141,0.3508479955711796,0.6111021697948463,0.0330712052105148,0.0245157246554805,0.02879346493299765,rolling_user_norm,0.0287934649329976
M,csgr,London,lgbm,2013-12,9,0.7973692140466427,0.3695178131994346,0.6205063295307099,0.0317092786159303,0.0063093928772066,0.01900933574656845,rolling_user_norm,0.0190093357465685
M,csgr,London,lgbm,2014-01,10,0.7996151232345797,0.3695304319091982,0.6209876630173171,0.0304529769428744,0.0047042633375119,0.01757862014019315,rolling_user_norm,0.0175786201401932
M,csgr,Ausgrid,lgbm,2012-07,0,0.7910418240011508,0.5967308885848074,0.9856568742933758,0.0269491494947315,0.0137707722385141,0.0203599608666228,rolling_user_norm,0.0203599608666228
M,csgr,Ausgrid,lgbm,2012-08,1,0.808285683460999,0.5613808815785815,0.8966500892406493,0.0258478081058726,0.0116293988269794,0.018738603466426,rolling_user_norm,0.018738603466426
M,csgr,Ausgrid,lgbm,2012-09,2,0.8142767558528428,0.4186851842692227,0.6435365521608878,0.0353748606465997,0.0277777777777776,0.03157631921218865,rolling_user_norm,0.0315763192121887
M,csgr,Ausgrid,lgbm,2012-10,3,0.7951460064012659,0.3746521455102637,0.6026868330308179,0.02739418132125,0.0068091120718324,0.017101646696541198,rolling_user_norm,0.0171016466965412
M,csgr,Ausgrid,lgbm,2012-11,4,0.7932251021924935,0.3660661309671306,0.6066329793118836,0.0253553511705685,0.0105350378787879,0.0179451945246782,rolling_user_norm,0.0179451945246782
M,csgr,Ausgrid,lgbm,2012-12,5,0.8006347322616607,0.4001942649048083,0.6587902967649849,0.0257165461934045,0.0060954993903115,0.015906022791858,rolling_user_norm,0.015906022791858
M,csgr,Ausgrid,lgbm,2013-01,6,0.7939187974251087,0.4460509425830024,0.7759647548830915,0.0279956485776962,0.0101901119609799,0.01909288026933805,rolling_user_norm,0.0190928802693381
M,csgr,Ausgrid,lgbm,2013-02,7,0.8010655558209906,0.3827044664017657,0.6284264307962734,0.0295772615066093,0.004976663961039,0.01727696273382415,rolling_user_norm,0.0172769627338241
M,csgr,Ausgrid,lgbm,2013-03,8,0.8049794116589348,0.3797178954232325,0.6225374940244036,0.0244736037688351,0.0088141558585522,0.01664387981369365,rolling_user_norm,0.0166438798136937
M,csgr,Ausgrid,lgbm,2013-04,9,0.7913368636194723,0.370888923442457,0.5970679365733601,0.0293060200668896,0.0137548732943469,0.02153044668061825,rolling_user_norm,0.0215304466806183
M,csgr,Ausgrid,lgbm,2013-05,10,0.7835482072859352,0.4430764254941681,0.7327517345057389,0.0308941993023339,0.016909518572825,0.02390185893757945,rolling_user_norm,0.0239018589375795
M,csgr,Ausgrid,lgbm,2013-06,11,0.7854189892233371,0.5642415321512665,0.9467195189708104,0.030309364548495,0.0161512027491409,0.023230283648817948,rolling_user_norm,0.0232302836488179
M,csgr,UCI Electricity,lgbm,2014-01,0,0.8084230925588977,332.5711013788015,406.618439307458,0.0278355560993515,0.0245974776930362,0.02621651689619385,rolling_user_norm,0.0262165168961938
M,csgr,UCI Electricity,lgbm,2014-02,1,0.8106264558959141,312.2024244338777,384.5449421610819,0.0272899904287818,0.0209140586189766,0.024102024523879197,rolling_user_norm,0.0241020245238792
M,csgr,UCI Electricity,lgbm,2014-03,2,0.791436594925068,303.5932997709195,397.9425278816023,0.0324682372722141,0.0125546193698261,0.0225114283210201,rolling_user_norm,0.0225114283210201
M,csgr,UCI Electricity,lgbm,2014-04,3,0.7921579743779035,331.7019510704276,496.9675322088154,0.0335815873300731,0.0095121966709217,0.0215468920004974,rolling_user_norm,0.0215468920004974
M,csgr,UCI Electricity,lgbm,2014-05,4,0.7948358679049428,448.1948267571357,518.0054067707056,0.0287733410166441,0.0086997670802682,0.01873655404845615,rolling_user_norm,0.0187365540484561
M,csgr,UCI Electricity,lgbm,2014-06,5,0.8022730331716827,477.8765636420404,601.0414291431883,0.0265605945044232,0.0082212950084994,0.017390944756461302,rolling_user_norm,0.0173909447564613
M,csgr,UCI Electricity,lgbm,2014-07,6,0.8017804493947419,523.5595653993068,661.9794631704037,0.0295532496852342,0.0067471842459445,0.01815021696558935,rolling_user_norm,0.0181502169655893
M,csgr,UCI Electricity,lgbm,2014-08,7,0.8066094891519283,526.4991170965071,705.7582161572641,0.0265283407600951,0.0202856288320621,0.023406984796078598,rolling_user_norm,0.0234069847960786
M,csgr,UCI Electricity,lgbm,2014-09,8,0.8063710595116221,506.4461128145218,636.1756491973163,0.0289716900713356,0.0162442693040745,0.02260797968770505,rolling_user_norm,0.022607979687705
M,csgr,UCI Electricity,lgbm,2014-10,9,0.7897867881261273,389.559498271509,622.9902370466141,0.0341393573647296,0.026886023942764,0.030512690653746802,rolling_user_norm,0.0305126906537468
M,csgr,UCI Electricity,lgbm,2014-11,10,0.8075885373543411,329.76587743075095,451.6134343219883,0.0362443357710081,0.013205068768351,0.02472470226967955,rolling_user_norm,0.0247247022696795
M,csgr,UCI Electricity,lgbm,2014-12,11,0.7881419149599587,334.5310151207266,422.9664501684074,0.0407896969960096,0.0176560175674719,0.02922285728174075,rolling_user_norm,0.0292228572817408
O,static_global,London,lgbm,2013-03,0,0.7945526882269817,0.3823098109675931,0.6568297297007072,0.0354694288808543,0.0081409367900465,0.021805182835450403,,
O,static_segment,London,lgbm,2013-03,0,0.7945513436765119,0.3821209205675268,0.6568568159627298,0.0354855935778892,0.0156126206664644,0.025549107122176798,,
O,static_user,London,lgbm,2013-03,0,0.7948175646695163,0.3809369540410132,0.6559613458987453,0.0265550664867221,0.0151369261935421,0.020845996340132098,,
O,static_global,London,lgbm,2013-04,1,0.7969018191319479,0.3276314694249553,0.5560590433410613,0.034157066104265,0.0043023705338883,0.01922971831907665,,
O,static_segment,London,lgbm,2013-04,1,0.7969059885840402,0.3275802773027239,0.5560580781783522,0.0339498769261822,0.0053174869332636,0.0196336819297229,,
O,static_user,London,lgbm,2013-04,1,0.7946225186548236,0.3272712906030834,0.5563624711564996,0.0319511595742441,0.0062633416067636,0.019107250590503853,,
O,static_global,London,lgbm,2013-05,2,0.7951092912708178,0.2770782379626871,0.4869915836985882,0.0394865205883957,0.0099069260666642,0.024696723327529948,,
O,static_segment,London,lgbm,2013-05,2,0.7950998783037834,0.2769957307424722,0.4869798301854545,0.0392877889131448,0.0085815575925454,0.0239346732528451,,
O,static_user,London,lgbm,2013-05,2,0.7882956478474561,0.2776388117389158,0.4881402320846547,0.0393049938498812,0.0150864335391404,0.0271957136945108,,
O,static_global,London,lgbm,2013-06,3,0.7989415708745667,0.2570674784789312,0.4507454200320204,0.0424144679113881,0.0118817750677506,0.02714812148956935,,
O,static_segment,London,lgbm,2013-06,3,0.7987455139819155,0.2568087857820277,0.45071612555214,0.0416938413411703,0.0030149051490515,0.0223543732451109,,
O,static_user,London,lgbm,2013-06,3,0.7979014960114241,0.257541511359061,0.4496994645566198,0.0279995854172746,0.0095020325203252,0.018750808968799902,,
O,static_global,London,lgbm,2013-07,4,0.8158017193148562,0.2364040744315765,0.3997868797477519,0.0484653107669883,0.0291863362182008,0.03882582349259455,,
O,static_segment,London,lgbm,2013-07,4,0.8156093992081254,0.2361719784482953,0.3997172837109208,0.0475299224579899,0.0197355921469284,0.03363275730245915,,
O,static_user,London,lgbm,2013-07,4,0.8142739176278189,0.2366429843047595,0.3987737845627966,0.0381437438232902,0.0197355921469284,0.028939667985109302,,
O,static_global,London,lgbm,2013-08,5,0.8018659425160648,0.2315653869919988,0.3953392760546718,0.0461330560064945,0.0115711557220495,0.028852105864271997,,
O,static_segment,London,lgbm,2013-08,5,0.8018202349904552,0.2314978495397471,0.395313240503384,0.0456450128517019,0.0047071200034802,0.02517606642759105,,
O,static_user,London,lgbm,2013-08,5,0.8008523109187212,0.2310230378940098,0.3940003418709672,0.0295702833516979,0.0046161573416755,0.0170932203466867,,
O,static_global,London,lgbm,2013-09,6,0.7857155760975753,0.2605119462507074,0.4606436620627132,0.0434892724409984,0.0164779507751264,0.0299836116080624,,
O,static_segment,London,lgbm,2013-09,6,0.7856780557219267,0.2605311022408832,0.4606350783977724,0.0434063488823664,0.0161928104575164,0.0297995796699414,,
O,static_user,London,lgbm,2013-09,6,0.7815925037068742,0.2592261143873318,0.4596661983337289,0.0353012708877478,0.0191503267973857,0.02722579884256675,,
O,static_global,London,lgbm,2013-10,7,0.7939984717708086,0.2905204489662504,0.5058869367875528,0.0411187241380709,0.0081054539141003,0.0246120890260856,,
O,static_segment,London,lgbm,2013-10,7,0.7942029531414796,0.2904638790513434,0.505874638195636,0.0409083515231616,0.010365552086919,0.0256369518050403,,
O,static_user,London,lgbm,2013-10,7,0.7917020921672873,0.2904728641464786,0.5047603284715929,0.0288005368099611,0.0131035328656609,0.020952034837811,,
O,static_global,London,lgbm,2013-11,8,0.7937210065523801,0.3502218408129811,0.6122988172850768,0.0415710067179623,0.0136062949442247,0.0275886508310935,,
O,static_segment,London,lgbm,2013-11,8,0.7938280806754847,0.3500595850234066,0.6123271309075815,0.0415912708435148,0.0226184325317839,0.03210485168764935,,
O,static_user,London,lgbm,2013-11,8,0.7894797588190141,0.3508479955711796,0.6111021697948463,0.0330712052105148,0.0245157246554805,0.02879346493299765,,
O,static_global,London,lgbm,2013-12,9,0.8004754140703193,0.3687727197328605,0.6219455754354903,0.0451851420370649,0.0075573482873398,0.02637124516220235,,
O,static_segment,London,lgbm,2013-12,9,0.8006704764364662,0.3688192644172796,0.62193783976626,0.0447212858093904,0.0063685703510584,0.0255449280802244,,
O,static_user,London,lgbm,2013-12,9,0.7973692140466427,0.3695178131994346,0.6205063295307099,0.0317092786159303,0.0063093928772066,0.01900933574656845,,
O,static_global,London,lgbm,2014-01,10,0.8036563292714929,0.3674091899529406,0.6227281162153454,0.0426546980928266,0.0074874346025932,0.0250710663477099,,
O,static_segment,London,lgbm,2014-01,10,0.8036724779469651,0.3674661008373635,0.6227268817708613,0.042557795927229,0.0046528894938744,0.0236053427105517,,
O,static_user,London,lgbm,2014-01,10,0.7996151232345797,0.3695304319091982,0.6209876630173171,0.0304529769428744,0.0047042633375119,0.01757862014019315,,
O,static_global,Ausgrid,lgbm,2012-07,0,0.7903473046355234,0.5961529663429094,0.987035303522908,0.0392171935124249,0.0161443595548009,0.0276807765336129,,
O,static_segment,Ausgrid,lgbm,2012-07,0,0.7905248678390333,0.5958990484177601,0.9870107291276692,0.0389461286726363,0.0143282624633431,0.0266371955679897,,
O,static_user,Ausgrid,lgbm,2012-07,0,0.7910418240011508,0.5967308885848074,0.9856568742933758,0.0269491494947315,0.0137707722385141,0.0203599608666228,,
O,static_global,Ausgrid,lgbm,2012-08,1,0.8071281511849534,0.5606638467964359,0.8975868864925733,0.0379953788614377,0.0119249528877064,0.024960165874572053,,
O,static_segment,Ausgrid,lgbm,2012-08,1,0.8069685690653433,0.5600969433278394,0.8975463521971658,0.0379140144567914,0.0081494057724956,0.0230317101146435,,
O,static_user,Ausgrid,lgbm,2012-08,1,0.808285683460999,0.5613808815785815,0.8966500892406493,0.0258478081058726,0.0116293988269794,0.018738603466426,,
O,static_global,Ausgrid,lgbm,2012-09,2,0.8152104236343367,0.4186116690373967,0.6436674994609267,0.0406749349684132,0.0259943181818181,0.03333462657511565,,
O,static_segment,Ausgrid,lgbm,2012-09,2,0.8146530100334448,0.4180925917921559,0.6435830355722605,0.0396576551467855,0.0250552398989898,0.032356447522887646,,
O,static_user,Ausgrid,lgbm,2012-09,2,0.8142767558528428,0.4186851842692227,0.6435365521608878,0.0353748606465997,0.0277777777777776,0.03157631921218865,,
O,static_global,Ausgrid,lgbm,2012-10,3,0.7970924587334125,0.3752912063739654,0.6034666449270617,0.0366346603373251,0.0103671477079796,0.02350090402265235,,
O,static_segment,Ausgrid,lgbm,2012-10,3,0.7968384759233287,0.3749659216437284,0.6034504618987951,0.0364615924047901,0.0054788826072498,0.02097023750601995,,
O,static_user,Ausgrid,lgbm,2012-10,3,0.7951460064012659,0.3746521455102637,0.6026868330308179,0.02739418132125,0.0068091120718324,0.017101646696541198,,
O,static_global,Ausgrid,lgbm,2012-11,4,0.7931832961724266,0.3663617040334639,0.6077222454178571,0.0370517465626161,0.0116593567251462,0.024355551643881153,,
O,static_segment,Ausgrid,lgbm,2012-11,4,0.792985878855444,0.36623742139381,0.6077126334295578,0.0369611668524712,0.0098563762626262,0.0234087715575487,,
O,static_user,Ausgrid,lgbm,2012-11,4,0.7932251021924935,0.3660661309671306,0.6066329793118836,0.0253553511705685,0.0105350378787879,0.0179451945246782,,
O,static_global,Ausgrid,lgbm,2012-12,5,0.8000908044736936,0.401108331806177,0.659851026328109,0.0397678642068543,0.0093001588465297,0.024534011526691997,,
O,static_segment,Ausgrid,lgbm,2012-12,5,0.7999222318121336,0.4010363710345866,0.6598288545736664,0.0396613262847484,0.0036290322580645,0.02164517927140645,,
O,static_user,Ausgrid,lgbm,2012-12,5,0.8006347322616607,0.4001942649048083,0.6587902967649849,0.0257165461934045,0.0060954993903115,0.015906022791858,,
O,static_global,Ausgrid,lgbm,2013-01,6,0.7932467544143561,0.4472789974131369,0.7775243540410982,0.0436306505556155,0.0120413601207319,0.027836005338173698,,
O,static_segment,Ausgrid,lgbm,2013-01,6,0.7931950587981443,0.4473876299414421,0.7775081162601631,0.0435672672348689,0.0088737390533201,0.0262205031440945,,
O,static_user,Ausgrid,lgbm,2013-01,6,0.7939187974251087,0.4460509425830024,0.7759647548830915,0.0279956485776962,0.0101901119609799,0.01909288026933805,,
O,static_global,Ausgrid,lgbm,2013-02,7,0.806935817805383,0.3845330551944709,0.6301545211579419,0.0426739926739926,0.0149942505411254,0.028834121607559,,
O,static_segment,Ausgrid,lgbm,2013-02,7,0.807226966873706,0.3848065167838249,0.6301375526813927,0.0425052755215798,0.0109009502923975,0.026703112906988652,,
O,static_user,Ausgrid,lgbm,2013-02,7,0.8010655558209906,0.3827044664017657,0.6284264307962734,0.0295772615066093,0.004976663961039,0.01727696273382415,,
O,static_global,Ausgrid,lgbm,2013-03,8,0.806779767684396,0.381603467018302,0.6242502563930049,0.0408125651814291,0.0138288123167155,0.0273206887490723,,
O,static_segment,Ausgrid,lgbm,2013-03,8,0.8067527960585464,0.3818584265149203,0.6242435846495445,0.0401976121120581,0.0096801906662231,0.0249389013891406,,
O,static_user,Ausgrid,lgbm,2013-03,8,0.8049794116589348,0.3797178954232325,0.6225374940244036,0.0244736037688351,0.0088141558585522,0.01664387981369365,,
O,static_global,Ausgrid,lgbm,2013-04,9,0.7942563173541435,0.3725225823271034,0.5978286562346962,0.0402243589743589,0.0116532651072125,0.0259388120407857,,
O,static_segment,Ausgrid,lgbm,2013-04,9,0.79423541434411,0.3727064802900668,0.5978177510163615,0.0403010033444816,0.0093384502923976,0.0248197268184396,,
O,static_user,Ausgrid,lgbm,2013-04,9,0.7913368636194723,0.370888923442457,0.5970679365733601,0.0293060200668896,0.0137548732943469,0.02153044668061825,,
O,static_global,Ausgrid,lgbm,2013-05,10,0.7883671377710648,0.4443708518688767,0.7341114765669166,0.0419031179199482,0.0164626957177891,0.029182906818868648,,
O,static_segment,Ausgrid,lgbm,2013-05,10,0.7883603948646024,0.4443832108589703,0.7341012853156808,0.0417696083719926,0.0131674608993157,0.02746853463565415,,
O,static_user,Ausgrid,lgbm,2013-05,10,0.7835482072859352,0.4430764254941681,0.7327517345057389,0.0308941993023339,0.016909518572825,0.02390185893757945,,
O,static_global,Ausgrid,lgbm,2013-06,11,0.7880968970642883,0.5647936699727094,0.9484923478783398,0.0427327201783723,0.0165021929824561,0.0296174565804142,,
O,static_segment,Ausgrid,lgbm,2013-06,11,0.7880829617242661,0.5648143669983011,0.948483267720218,0.0424586584912672,0.0154750631313131,0.02896686081129015,,
O,static_user,Ausgrid,lgbm,2013-06,11,0.7854189892233371,0.5642415321512665,0.9467195189708104,0.030309364548495,0.0161512027491409,0.023230283648817948,,
O,static_global,UCI Electricity,lgbm,2014-01,0,0.8096199918693732,356.71991498813566,418.2760072774485,0.042239198304409,0.0161684493872635,0.02920382384583625,,
O,static_segment,UCI Electricity,lgbm,2014-01,0,0.8071975781783449,353.75455028216135,416.9442483682002,0.0416363083796765,0.0078780950976233,0.0247572017386499,,
O,static_user,UCI Electricity,lgbm,2014-01,0,0.8084230925588977,332.5711013788015,406.618439307458,0.0278355560993515,0.0245974776930362,0.02621651689619385,,
O,static_global,UCI Electricity,lgbm,2014-02,1,0.8114601133686754,348.5744226279712,404.3843542303284,0.0420049735371114,0.0184916464036394,0.0302483099703754,,
O,static_segment,UCI Electricity,lgbm,2014-02,1,0.8103576751117735,346.9720385904946,403.5301396913013,0.0415760168872999,0.0128284571338928,0.02720223701059635,,
O,static_user,UCI Electricity,lgbm,2014-02,1,0.8106264558959141,312.2024244338777,384.5449421610819,0.0272899904287818,0.0209140586189766,0.024102024523879197,,
O,static_global,UCI Electricity,lgbm,2014-03,2,0.7945063012357764,343.683723674772,409.2564708988826,0.0456412341186361,0.069216390010468,0.057428812064552054,,
O,static_segment,UCI Electricity,lgbm,2014-03,2,0.7924243082060127,339.37008613391345,407.5801456343797,0.0424296365294064,0.0122304368935022,0.0273300367114543,,
O,static_user,UCI Electricity,lgbm,2014-03,2,0.791436594925068,303.5932997709195,397.9425278816023,0.0324682372722141,0.0125546193698261,0.0225114283210201,,
O,static_global,UCI Electricity,lgbm,2014-04,3,0.7928329914062787,365.4906824873827,482.86834868075766,0.0477300258178718,0.0633415752330912,0.0555358005254815,,
O,static_segment,UCI Electricity,lgbm,2014-04,3,0.7921773479784158,360.4904335424986,482.9234406098254,0.0447552604423706,0.009786867859343,0.027271064150856797,,
O,static_user,UCI Electricity,lgbm,2014-04,3,0.7921579743779035,331.7019510704276,496.9675322088154,0.0335815873300731,0.0095121966709217,0.0215468920004974,,
O,static_global,UCI Electricity,lgbm,2014-05,4,0.7945171552278746,466.26818032892623,530.530191210708,0.0437398120483259,0.01742934051144,0.030584576279882952,,
O,static_segment,UCI Electricity,lgbm,2014-05,4,0.7936735040238709,461.2207919288691,528.2059524039965,0.0431392902673239,0.0097726932854793,0.0264559917764016,,
O,static_user,UCI Electricity,lgbm,2014-05,4,0.7948358679049428,448.1948267571357,518.0054067707056,0.0287733410166441,0.0086997670802682,0.01873655404845615,,
O,static_global,UCI Electricity,lgbm,2014-06,5,0.8022516202448008,506.7199924405741,614.4796535365455,0.0399302142516284,0.0223812312422223,0.031155722746925348,,
O,static_segment,UCI Electricity,lgbm,2014-06,5,0.8033283845680095,501.6187140841813,612.5896265462277,0.0387726926041789,0.0131664348632358,0.02596956373370735,,
O,static_user,UCI Electricity,lgbm,2014-06,5,0.8022730331716827,477.8765636420404,601.0414291431883,0.0265605945044232,0.0082212950084994,0.017390944756461302,,
O,static_global,UCI Electricity,lgbm,2014-07,6,0.8009881079715665,567.5402275503405,675.5516259326989,0.0441573947261439,0.0239781823333569,0.0340677885297504,,
O,static_segment,UCI Electricity,lgbm,2014-07,6,0.8011923603683253,561.5630208835462,673.327553789745,0.0428539289477942,0.0066303038889281,0.02474211641836115,,
O,static_user,UCI Electricity,lgbm,2014-07,6,0.8017804493947419,523.5595653993068,661.9794631704037,0.0295532496852342,0.0067471842459445,0.01815021696558935,,
O,static_global,UCI Electricity,lgbm,2014-08,7,0.8054402181849757,572.9736658997814,710.6163455489624,0.0421093450898513,0.025986399376638,0.03404787223324465,,
O,static_segment,UCI Electricity,lgbm,2014-08,7,0.8056503909410608,566.1960488496201,709.3830942112763,0.0406878668155965,0.0123224166292806,0.026505141722438553,,
O,static_user,UCI Electricity,lgbm,2014-08,7,0.8066094891519283,526.4991170965071,705.7582161572641,0.0265283407600951,0.0202856288320621,0.023406984796078598,,
O,static_global,UCI Electricity,lgbm,2014-09,8,0.8068706944722019,549.2053828593398,651.5096336767072,0.0406101256632908,0.0227911573091281,0.03170064148620945,,
O,static_segment,UCI Electricity,lgbm,2014-09,8,0.8065525595585267,541.7940322689299,648.8914653197385,0.041534756239319,0.009724312686951,0.025629534463135,,
O,static_user,UCI Electricity,lgbm,2014-09,8,0.8063710595116221,506.4461128145218,636.1756491973163,0.0289716900713356,0.0162442693040745,0.02260797968770505,,
O,static_global,UCI Electricity,lgbm,2014-10,9,0.7882583486933767,435.3069800312061,611.1617454743005,0.0450791946732553,0.0896540551318478,0.06736662490255155,,
O,static_segment,UCI Electricity,lgbm,2014-10,9,0.78983908463351,427.7633110495982,612.3104927124946,0.0429387874314718,0.0230183466742226,0.0329785670528472,,
O,static_user,UCI Electricity,lgbm,2014-10,9,0.7897867881261273,389.559498271509,622.9902370466141,0.0341393573647296,0.026886023942764,0.030512690653746802,,
O,static_global,UCI Electricity,lgbm,2014-11,10,0.8102998217628753,355.6778304829471,449.19415805906107,0.0428397211832987,0.0195373691530633,0.031188545168181002,,
O,static_segment,UCI Electricity,lgbm,2014-11,10,0.8098287373714714,351.76251419356174,448.4733405526874,0.0421585861758143,0.0122693873403572,0.02721398675808575,,
O,static_user,UCI Electricity,lgbm,2014-11,10,0.8075885373543411,329.76587743075095,451.6134343219883,0.0362443357710081,0.013205068768351,0.02472470226967955,,
O,static_global,UCI Electricity,lgbm,2014-12,11,0.7886678402134487,348.6280430394618,424.07938165752057,0.0478513042551596,0.0390459099745775,0.043448607114868545,,
O,static_segment,UCI Electricity,lgbm,2014-12,11,0.7873436531774568,344.7630564390647,422.8277172681625,0.0463206940239893,0.0169193171353687,0.031620005579679,,
O,static_user,UCI Electricity,lgbm,2014-12,11,0.7881419149599587,334.5310151207266,422.9664501684074,0.0407896969960096,0.0176560175674719,0.02922285728174075,,
O,static_global,London,persistence,2013-03,0,0.8057819023526027,0.4100307390446697,1.0412367994773426,0.041879848138498,0.0305214233603567,0.03620063574942735,,
O,static_segment,London,persistence,2013-03,0,0.8057146928120741,0.4335881948056164,1.0389582466746925,0.0393475893372047,0.0078708096141681,0.023609199475686397,,
O,static_user,London,persistence,2013-03,0,0.8058477677023209,0.4462708421717844,1.0267276053636976,0.0289708551691943,0.0062814880660398,0.01762617161761705,,
O,static_global,London,persistence,2013-04,1,0.8244241404651331,0.4006838853390632,0.9235721037797716,0.0404613404641158,0.0287525834980983,0.03460696198110705,,
O,static_segment,London,persistence,2013-04,1,0.8242421548211609,0.4247607903937214,0.926057247987884,0.0403796586809992,0.0378914024849875,0.03913553058299335,,
O,static_user,London,persistence,2013-04,1,0.8213665038057227,0.4388158919235085,0.9249930817411132,0.0375817243419501,0.0312088693899329,0.0343952968659415,,
O,static_global,London,persistence,2013-05,2,0.8324584668036881,0.3725492735190747,0.8174198161790813,0.0466701577607178,0.033138925683557,0.0399045417221374,,
O,static_segment,London,persistence,2013-05,2,0.8323065693626894,0.3894731795552431,0.8214555325758369,0.0473391843274014,0.055387817991083,0.051363501159242195,,
O,static_user,London,persistence,2013-05,2,0.8299649291660561,0.4021058287320966,0.825145622680827,0.0449704991359335,0.0489624311565696,0.04696646514625155,,
O,static_global,London,persistence,2013-06,3,0.8173404205068644,0.3330386183333307,0.7572859131709494,0.0468151195408305,0.0375338753387533,0.0421744974397919,,
O,static_segment,London,persistence,2013-06,3,0.8173251384416184,0.3349185047658443,0.757758999691268,0.0471747391974871,0.0419292005420053,0.0445519698697462,,
O,static_user,London,persistence,2013-06,3,0.8164846248530838,0.3355746956633825,0.7538923379825446,0.0383416000956836,0.0429623983739837,0.04065199923483365,,
O,static_global,London,persistence,2013-07,4,0.8277658357430253,0.3175848388674572,0.6668287230511953,0.0595619886725939,0.051880081300813,0.05572103498670345,,
O,static_segment,London,persistence,2013-07,4,0.827935219950771,0.3150989981875953,0.6660150929603948,0.0594692693889301,0.0427911093627064,0.05113018937581825,,
O,static_user,London,persistence,2013-07,4,0.8251592009904943,0.3028716308846237,0.6556779204617393,0.0453789091696023,0.0409470889063728,0.04316299903798755,,
O,static_global,London,persistence,2013-08,5,0.8098659892199954,0.2987669245230511,0.660442228660825,0.0595820443574126,0.0328142416890695,0.046198143023241045,,
O,static_segment,London,persistence,2013-08,5,0.8094694678548866,0.2963153630506652,0.6601768814664947,0.0608759135715042,0.0118234508061263,0.03634968218881525,,
O,static_user,London,persistence,2013-08,5,0.807894135516217,0.2688767214258467,0.64652711999849,0.035119491412973,0.0117206588175757,0.02342007511527435,,
O,static_global,London,persistence,2013-09,6,0.7717705662222494,0.2872173594001199,0.7646049621633817,0.060316077291107,0.0430718954248366,0.0516939863579718,,
O,static_segment,London,persistence,2013-09,6,0.7723164799262113,0.2853683085507453,0.7649021216302698,0.0599336701076101,0.0360317917605789,0.0479827309340945,,
O,static_user,London,persistence,2013-09,6,0.7652737764170836,0.2484230324127508,0.761837705912976,0.0531385103890005,0.0466572895659984,0.04989789997749945,,
O,static_global,London,persistence,2013-10,7,0.7700934001443958,0.3068794304282577,0.8357115122797074,0.0548831496244839,0.0446458511277719,0.049764500376127896,,
O,static_segment,London,persistence,2013-10,7,0.7700772665366119,0.3019281794895792,0.8362972053413988,0.0545787111879476,0.0340666185823881,0.04432266488516785,,
O,static_user,London,persistence,2013-10,7,0.7643404245021101,0.2760808917390068,0.8317845484451594,0.0473227988168486,0.0393941380893057,0.04335846845307715,,
O,static_global,London,persistence,2013-11,8,0.766910346820488,0.3342949972026465,0.9780721263163088,0.0551329660470291,0.0503408850307008,0.05273692553886495,,
O,static_segment,London,persistence,2013-11,8,0.7658836670389944,0.327469349955855,0.9805906729271412,0.0564563488599672,0.0720050815159856,0.0642307151879764,,
O,static_user,London,persistence,2013-11,8,0.7611295422591957,0.323376357244497,0.9768807836118836,0.0516315258522112,0.0806097819182722,0.0661206538852417,,
O,static_global,London,persistence,2013-12,9,0.7893368395013928,0.3658774283153468,0.9908023578045562,0.0501621560759703,0.0199845906691584,0.035073373372564345,,
O,static_segment,London,persistence,2013-12,9,0.7893180180470859,0.3663397741442011,0.9907813394897556,0.0501836355743286,0.019746893544474,0.0349652645594013,,
O,static_user,London,persistence,2013-12,9,0.788609524731391,0.375946589581056,0.9808591590007426,0.0373867074619474,0.0211402904822792,0.0292634989721133,,
O,static_global,London,persistence,2014-01,10,0.7982720325264465,0.3886940072367221,1.0103609847081243,0.0494310869994198,0.0227750002052393,0.03610304360232955,,
O,static_segment,London,persistence,2014-01,10,0.7981147245631679,0.3972606918997849,1.0095462102840906,0.0493231420755041,0.0090732211905524,0.02919818163302825,,
O,static_user,London,persistence,2014-01,10,0.7993758772944106,0.4135031348658213,0.992030674310577,0.029389835689327,0.0061588224187046,0.0177743290540158,,
O,static_global,Ausgrid,persistence,2012-07,0,0.7830941849174669,0.6175537421705137,1.5560153476864058,0.0554177005789909,0.0353372434017595,0.0453774719903752,,
O,static_segment,Ausgrid,persistence,2012-07,0,0.7831368899917287,0.6242350762783081,1.554278802361039,0.0534177545222426,0.0221275357499168,0.0377726451360797,,
O,static_user,Ausgrid,persistence,2012-07,0,0.7811140180530083,0.6407966623600172,1.535165176145205,0.0408912324234905,0.0253214721206075,0.033106352272049,,
O,static_global,Ausgrid,persistence,2012-08,1,0.8207780415003416,0.6767997620426065,1.4258357693210315,0.0474314021649225,0.0369234578381436,0.04217743000153305,,
O,static_segment,Ausgrid,persistence,2012-08,1,0.8204588772611213,0.6876658054436807,1.425878524400574,0.045885028949545,0.0259637707722384,0.0359243998608917,,
O,static_user,Ausgrid,persistence,2012-08,1,0.8151319811558241,0.7141852803638725,1.4184351904560637,0.0420667457834358,0.0196175464320624,0.0308421461077491,,
O,static_global,Ausgrid,persistence,2012-09,2,0.8644648829431438,0.6314234461713277,1.0421196556879893,0.0687105165366034,0.0676689576174112,0.06818973707700729,,
O,static_segment,Ausgrid,persistence,2012-09,2,0.8636194723151245,0.6415792977978404,1.0474386102127324,0.0687151616499442,0.0815735479797979,0.07514435481487106,,
O,static_user,Ausgrid,persistence,2012-09,2,0.8540458937198068,0.6587699058724015,1.0605949262799232,0.0773225566703827,0.0680913516609392,0.07270695416566095,,
O,static_global,Ausgrid,persistence,2012-10,3,0.8378286043082677,0.5144132170902446,0.9342148149262584,0.0485183586866616,0.0459289435761001,0.04722365113138085,,
O,static_segment,Ausgrid,persistence,2012-10,3,0.8380196533247024,0.5154129473818374,0.934606122706928,0.0487894235264501,0.046358496840705,0.04757396018357755,,
O,static_user,Ausgrid,persistence,2012-10,3,0.831575682382134,0.5171511787822388,0.938915063039161,0.0524139605135397,0.0412177142223699,0.046815837367954805,,
O,static_global,Ausgrid,persistence,2012-11,4,0.8094365477517651,0.4410367684773673,0.921763982201958,0.0399270717205499,0.0203250286368842,0.03012605017871705,,
O,static_segment,Ausgrid,persistence,2012-11,4,0.8095712560386473,0.4356150150567279,0.9209215127035986,0.0389005016722407,0.0120975378787878,0.025499019775514248,,
O,static_user,Ausgrid,persistence,2012-11,4,0.8037880899293943,0.4277197334273839,0.9193792422087558,0.0370889074693422,0.0052205165692007,0.02115471201927145,,
O,static_global,Ausgrid,persistence,2012-12,5,0.8107985399359874,0.430772386983781,0.9429693382222156,0.0484329485381378,0.0176472385141739,0.03304009352615585,,
O,static_segment,Ausgrid,persistence,2012-12,5,0.8110188082137592,0.4247825325291188,0.9427513984447738,0.048080519293703,0.0173516789285039,0.03271609911110345,,
O,static_user,Ausgrid,persistence,2012-12,5,0.8094971589887439,0.4160180680730541,0.9350034206535688,0.0374127917430862,0.0165558385210337,0.026984315132059948,,
O,static_global,Ausgrid,persistence,2013-01,6,0.7951549969432158,0.4176681561054015,1.0409015746260182,0.0491701729780271,0.0122417940011319,0.0307059834895795,,
O,static_segment,Ausgrid,persistence,2013-01,6,0.7953550365016003,0.4138605874018218,1.0408774778558418,0.0491733196677095,0.0076612903225806,0.02841730499514505,,
O,static_user,Ausgrid,persistence,2013-01,6,0.7938648541734096,0.4031471625670443,1.0278574114464345,0.0350999748264825,0.0089014521671655,0.022000713496824,,
O,static_global,Ausgrid,persistence,2013-02,7,0.8022973403408186,0.4190884502334015,0.9426398866880804,0.0473901098901098,0.0103215513009327,0.02885583059552125,,
O,static_segment,Ausgrid,persistence,2013-02,7,0.8023645285873546,0.4173115576756512,0.9424017253714126,0.0477091296384774,0.0070922312223857,0.027400680430431548,,
O,static_user,Ausgrid,persistence,2013-02,7,0.7990076047141265,0.4092354607347637,0.9334492993710612,0.0384366539257843,0.0073990549828177,0.022917854454300998,,
O,static_global,Ausgrid,persistence,2013-03,8,0.8019810659186536,0.4216228043680664,0.9393161505062128,0.0496498183910526,0.010751160801564,0.0302004895963083,,
O,static_segment,Ausgrid,persistence,2013-03,8,0.8017495594634445,0.4182667388162325,0.9389931378760212,0.0492510878555759,0.0051609848484848,0.027206036352030352,,
O,static_user,Ausgrid,persistence,2013-03,8,0.8005223504872874,0.4138521702269805,0.9269051982178288,0.0332389326428597,0.0020798691941026,0.01765940091848115,,
O,static_global,Ausgrid,persistence,2013-04,9,0.7866383314752879,0.4155348465853243,0.9268754785447284,0.0443167038275734,0.0271016081871345,0.03570915600735395,,
O,static_segment,Ausgrid,persistence,2013-04,9,0.7867660720921591,0.4119483828889019,0.9266424365994036,0.0438498699368264,0.0208017676767676,0.032325818806796996,,
O,static_user,Ausgrid,persistence,2013-04,9,0.7827805648457823,0.4079511607875253,0.928058134746484,0.045006503158677,0.0289772727272727,0.03699188794297485,,
O,static_global,Ausgrid,persistence,2013-05,10,0.7582712985938792,0.4275323119727203,1.170685955762338,0.0668626604811738,0.0524111016789285,0.05963688108005115,,
O,static_segment,Ausgrid,persistence,2013-05,10,0.7586623871686985,0.4218511848098613,1.171193220930927,0.0662459093034128,0.0517106549364614,0.0589782821199371,,
O,static_user,Ausgrid,persistence,2013-05,10,0.7572418815406192,0.4137545228997797,1.1688154325021989,0.0626389038731255,0.0534365835777126,0.05803774372541905,,
O,static_global,Ausgrid,persistence,2013-06,11,0.7422798216276477,0.4787220857664334,1.4973994367906385,0.08173541434411,0.0705571338383839,0.07614627409124694,,
O,static_segment,Ausgrid,persistence,2013-06,11,0.7419778892604979,0.4716711260510999,1.4993786716130033,0.0820930880713489,0.0694839015151516,0.07578849479325026,,
O,static_user,Ausgrid,persistence,2013-06,11,0.7426537532515793,0.4753986732120581,1.4803658843087035,0.0738967855815682,0.0705808080808081,0.07223879683118815,,
O,static_global,UCI Electricity,persistence,2014-01,0,0.8008584807492196,225.8816674852372,383.8923585564247,0.0566806199350424,0.0780391278375149,0.06735987388627865,,
O,static_segment,UCI Electricity,persistence,2014-01,0,0.8008082253334594,212.78093413878028,380.65695170506297,0.0513537429445337,0.0096998207885303,0.030526781866532002,,
O,static_user,UCI Electricity,persistence,2014-01,0,0.8067984738120014,212.01266798972733,374.2079456205983,0.0254383060574527,0.0399168657905216,0.03267758592398715,,
O,static_global,UCI Electricity,persistence,2014-02,1,0.7980696219103477,227.4628159298937,369.706694757412,0.0558840856723921,0.0839919532627866,0.06993801946758935,,
O,static_segment,UCI Electricity,persistence,2014-02,1,0.7982234499371597,213.58738441074644,365.1284982494871,0.0510905425219941,0.004943783068783,0.028017162795388552,,
O,static_user,UCI Electricity,persistence,2014-02,1,0.8039521802122609,210.65879856388585,356.0113224168681,0.0235684174696271,0.0314869929453262,0.027527705207476647,,
O,static_global,UCI Electricity,persistence,2014-03,2,0.8116220083246618,231.2034325275938,373.9830076892434,0.0497278324346482,0.0644240342493031,0.05707593334197565,,
O,static_segment,UCI Electricity,persistence,2014-03,2,0.8120999274745373,215.13693654246435,370.5068419790989,0.0446681960079462,0.0147774790919952,0.0297228375499707,,
O,static_user,UCI Electricity,persistence,2014-03,2,0.8164889004509192,207.5837723971951,364.1897047574592,0.0305119351685428,0.0492756869772997,0.039893811072921254,,
O,static_global,UCI Electricity,persistence,2014-04,3,0.8101427582274356,220.53631582874135,407.061886752555,0.0529233870967741,0.0712319958847736,0.06207769149077384,,
O,static_segment,UCI Electricity,persistence,2014-04,3,0.8105388563049853,207.63487057256648,408.73460438194985,0.0483484033887259,0.0152397260273972,0.03179406470806155,,
O,static_user,UCI Electricity,persistence,2014-04,3,0.8146118442489411,199.1798458751848,404.7630274179744,0.0364450961225154,0.0426183127572016,0.0395317044398585,,
O,static_global,UCI Electricity,persistence,2014-05,4,0.8063195692618169,220.53619797088717,452.28141286228765,0.0514036042001702,0.0802045997610514,0.0658041019806108,,
O,static_segment,UCI Electricity,persistence,2014-05,4,0.7986166950461956,206.06477496850545,456.02769197422737,0.0481961261943051,0.0181557724957556,0.03317594934503035,,
O,static_user,UCI Electricity,persistence,2014-05,4,0.8018202314508246,213.8118093008748,441.9580847141586,0.0318142402169457,0.0273596176821983,0.029586928949572,,
O,static_global,UCI Electricity,persistence,2014-06,5,0.7989725887911372,220.536197937525,510.52687458991386,0.0539070136852394,0.0769675925925926,0.06543730313891599,,
O,static_segment,UCI Electricity,persistence,2014-06,5,0.7915251303356142,215.6972033712445,510.7846459757343,0.0500315656565656,0.0230592105263158,0.0365453880914407,,
O,static_user,UCI Electricity,persistence,2014-06,5,0.7950054985337244,234.1487435697224,495.7240725791307,0.0282329341805148,0.0241374269005848,0.0261851805405498,,
O,static_global,UCI Electricity,persistence,2014-07,6,0.7838475152145807,220.5361976686257,577.1525051871012,0.0549551839939456,0.0938321385902031,0.07439366129207435,,
O,static_segment,UCI Electricity,persistence,2014-07,6,0.7818225175795415,227.05648442145176,573.1357235156272,0.0511430643584649,0.022304753820034,0.03672390908924945,,
O,static_user,UCI Electricity,persistence,2014-07,6,0.784455507205247,243.12814211214103,556.106865333489,0.0327397281871787,0.0237584889643464,0.02824910857576255,,
O,static_global,UCI Electricity,persistence,2014-08,7,0.8012822028820988,232.63460528733933,594.0641230714605,0.0587113328918739,0.041549681401832,0.05013050714685295,,
O,static_segment,UCI Electricity,persistence,2014-08,7,0.8035584775959386,243.5432056520561,588.697762649019,0.0554070885756629,0.0156735364396654,0.03554031250766415,,
O,static_user,UCI Electricity,persistence,2014-08,7,0.8061313578027938,262.3104888960068,573.5963590965983,0.0297884542616592,0.0459652528872958,0.037876853574477495,,
O,static_global,UCI Electricity,persistence,2014-09,8,0.8096183610296513,237.58813501656664,562.0958198912934,0.052747230368198,0.0487011316872428,0.0507241810277204,,
O,static_segment,UCI Electricity,persistence,2014-09,8,0.8103688090583252,250.81157367528857,558.4975048388219,0.050640477354187,0.0150840643274853,0.03286227084083615,,
O,static_user,UCI Electricity,persistence,2014-09,8,0.8129388644509612,282.3505291378212,548.5817929482027,0.0283123574454219,0.0225694444444444,0.025440900944933148,,
O,static_global,UCI Electricity,persistence,2014-10,9,0.8063313940655252,226.7731020732031,509.0553484108698,0.0519424210891432,0.0627190362405416,0.0573307286648424,,
O,static_segment,UCI Electricity,persistence,2014-10,9,0.8120772632674298,241.91050848187427,505.184620952811,0.0493009570207801,0.0211976513865308,0.03524930420365545,,
O,static_user,UCI Electricity,persistence,2014-10,9,0.8101379954592753,270.67253253932824,495.7906224793682,0.0358419654400403,0.0228883701188454,0.029365167779442848,,
O,static_global,UCI Electricity,persistence,2014-11,10,0.807994257086999,220.5362053287664,397.10875604209485,0.0529926278918214,0.0712191358024691,0.062105881847145245,,
O,static_segment,UCI Electricity,persistence,2014-11,10,0.8150211795373086,226.543916737653,396.06343488229646,0.050264744216357,0.0266008771929824,0.0384328107046697,,
O,static_user,UCI Electricity,persistence,2014-11,10,0.8122658031932225,249.5368071632836,392.27677103611336,0.0407400619094167,0.0318544238683127,0.0362972428888647,,
O,static_global,UCI Electricity,persistence,2014-12,11,0.7962290700974364,220.5361979385011,374.5090198270745,0.0567570869990224,0.0864147749900438,0.0715859309945331,,
O,static_segment,UCI Electricity,persistence,2014-12,11,0.7982589947340207,212.35842607781515,372.4737602461823,0.0539514552391763,0.0128136200716846,0.03338253765543045,,
O,static_user,UCI Electricity,persistence,2014-12,11,0.7969641787279664,219.3555263088331,367.1869270239196,0.0393805379497367,0.0273098367184387,0.0333451873340877,,
O,aci_global,London,lgbm,2013-03,0,0.798704660077473,0.3832821510757684,0.6568003434414501,0.0347792956733026,0.0026704503514398,0.0187248730123712,,
O,aci_segment,London,lgbm,2013-03,0,0.7987060046279427,0.3833386352504828,0.6567980402199972,0.0348146425549112,0.0026048373206919,0.01870973993780155,,
O,aci_user,London,lgbm,2013-03,0,0.8006919056717172,0.3840898095292202,0.653749984654451,0.0053658462391073,0.0011600873030934,0.0032629667711003498,,
O,aci_global,London,lgbm,2013-04,1,0.7993048133544771,0.3281396975293838,0.5560586090428475,0.0339336796037232,0.0053101093706316,0.0196218944871774,,
O,aci_segment,London,lgbm,2013-04,1,0.7992575595640977,0.3279960028176931,0.5560542514877359,0.0337308119514893,0.0010273440375602,0.01737907799452475,,
O,aci_user,London,lgbm,2013-04,1,0.8004180570631213,0.327728404324472,0.5535310820413347,0.0053717251504131,0.0021077779378001,0.0037397515441066004,,
O,aci_global,London,lgbm,2013-05,2,0.7994486690736968,0.2779109255333072,0.4869974675501969,0.0390123918393781,0.0147292158405454,0.02687080383996175,,
O,aci_segment,London,lgbm,2013-05,2,0.7994056383672536,0.2776406749229236,0.4869539263328836,0.0384391141740703,0.0011903922982269,0.0198147532361486,,
O,aci_user,London,lgbm,2013-05,2,0.8000941296703444,0.2784251901587213,0.4854965785853476,0.0047257550923357,0.0015014424337791,0.0031135987630574,,
O,aci_global,London,lgbm,2013-06,3,0.8002722548906461,0.2572875687881709,0.4507470477366125,0.0423822100203441,0.0138380758807588,0.028110142950551448,,
O,aci_segment,London,lgbm,2013-06,3,0.8002138549651756,0.257102093134838,0.4507141943472765,0.0416471944345211,0.0004996612466123,0.0210734278405667,,
O,aci_user,London,lgbm,2013-06,3,0.8012428060329904,0.2577406190054166,0.4489981960978506,0.0048793196891641,0.0015293737181875,0.0032043467036758,,
O,aci_global,London,lgbm,2013-07,4,0.8025289421587193,0.2338125138921633,0.3995965677445446,0.0464562601810231,0.0066155258326776,0.026535893006850348,,
O,aci_segment,London,lgbm,2013-07,4,0.8025222176794629,0.2337605589806032,0.3995798303475824,0.0463248392237168,0.00368508549715,0.0250049623604334,,
O,aci_user,London,lgbm,2013-07,4,0.8041589559304527,0.2328404896840786,0.3972920701199071,0.0070280911894818,0.0059095946801772,0.0064688429348295,,
O,aci_global,London,lgbm,2013-08,5,0.7997526416261125,0.2312141398871963,0.3953320153891042,0.0461316155083854,0.0082021099571286,0.027166862732756997,,
O,aci_segment,London,lgbm,2013-08,5,0.7997754953889172,0.2312258464325082,0.3953085443069664,0.0457817417318917,0.0006146074966939,0.0231981746142928,,
O,aci_user,London,lgbm,2013-08,5,0.8009867448175731,0.2303078965451316,0.3931997776741913,0.004846479258109,0.001547156230349,0.003196817744229,,
O,aci_global,London,lgbm,2013-09,6,0.7980431039634024,0.2626700887878894,0.4605820008004794,0.0422446011934865,0.0085614078336238,0.02540300451355515,,
O,aci_segment,London,lgbm,2013-09,6,0.7980431039634024,0.2625855825002143,0.4605425350983018,0.0419613765807315,0.0023080065359477,0.022134691558339598,,
O,aci_user,London,lgbm,2013-09,6,0.7987532118136377,0.2632010643190955,0.4585280388092166,0.0055465952033075,0.0016718292527687,0.0036092122280381,,
O,aci_global,London,lgbm,2013-10,7,0.7992409974386018,0.291566100614457,0.5058819148236361,0.0404916472881249,0.0074712879241229,0.0239814676061239,,
O,aci_segment,London,lgbm,2013-10,7,0.7992463785273036,0.2914037784623266,0.5058573965411122,0.040174560209471,0.0018390368005191,0.02100679850499505,,
O,aci_user,London,lgbm,2013-10,7,0.8005001721948385,0.292217733991487,0.5038652202010387,0.005561269614123,0.0011480782168977,0.0033546739155103497,,
O,aci_global,London,lgbm,2013-11,8,0.7995238677954412,0.3516390230909836,0.6122732629008947,0.0414518189845321,0.0057460847174813,0.023598951851006703,,
O,aci_segment,London,lgbm,2013-11,8,0.7995141337842498,0.3519567792611104,0.6122649614350179,0.0409515699703735,0.0032304786427586,0.022091024306566048,,
O,aci_user,London,lgbm,2013-11,8,0.8008685519128722,0.3545624070600736,0.6094754609708481,0.0065154273704492,0.0016472106858232,0.0040813190281362,,
O,aci_global,London,lgbm,2013-12,9,0.8002373034578504,0.3686998173546555,0.6219427583823557,0.0451099075781584,0.0072458064833488,0.0261778570307536,,
O,aci_segment,London,lgbm,2013-12,9,0.8002561370656163,0.3685332630148499,0.6219224215394302,0.0444092201617932,0.0007608178792201,0.022585019020506653,,
O,aci_user,London,lgbm,2013-12,9,0.8016780744519421,0.370967843488364,0.6181324723991606,0.0066078807667012,0.0021496858485344,0.0043787833076178,,
O,aci_global,London,lgbm,2014-01,10,0.8000174943984282,0.3664274543886222,0.6227213250908034,0.0424201374761899,0.0028250888772011,0.022622613176695498,,
O,aci_segment,London,lgbm,2014-01,10,0.8000309516279883,0.3665544007741296,0.6227206074034893,0.0425273671319889,0.0012622200222743,0.021894793577131602,,
O,aci_user,London,lgbm,2014-01,10,0.8016538935129425,0.3683228240419292,0.6187355480924652,0.0057163871865336,0.0043228973311882,0.0050196422588609,,
O,aci_global,Ausgrid,lgbm,2012-07,0,0.797773492286115,0.5988317838438,0.9869729887278204,0.0385447009745747,0.0093296076212036,0.02393715429788915,,
O,aci_segment,Ausgrid,lgbm,2012-07,0,0.7978544071636638,0.5982596192732667,0.986934098057494,0.0383118459380731,0.0029875366568915,0.0206496912974823,,
O,aci_user,Ausgrid,lgbm,2012-07,0,0.7988613478620491,0.5997313697715224,0.98432391906263,0.0048301686625669,0.0023384042033236,0.00358428643294525,,
O,aci_global,Ausgrid,lgbm,2012-08,1,0.8018012550796562,0.5590263177061379,0.8974522826136252,0.0376528392131477,0.0074354284447399,0.0225441338289438,,
O,aci_segment,Ausgrid,lgbm,2012-08,1,0.8017832739957564,0.5586641534477462,0.8974310468568137,0.0377283597655266,0.0020375122189637,0.01988293599224515,,
O,aci_user,Ausgrid,lgbm,2012-08,1,0.8032419894271227,0.5589784076463379,0.8950072069430101,0.0056379688567626,0.0034045087976538,0.0045212388272082,,
O,aci_global,Ausgrid,lgbm,2012-09,2,0.8028288740245262,0.4148891982489144,0.6434042403460445,0.0375371609067261,0.0087989267676766,0.02316804383720135,,
O,aci_segment,Ausgrid,lgbm,2012-09,2,0.8027313266443701,0.4146861013540761,0.6433611983042268,0.0372584541062801,0.004537563131313,0.02089800861879655,,
O,aci_user,Ausgrid,lgbm,2012-09,2,0.8036580267558529,0.4144347621781848,0.6414552926639503,0.0062360646599777,0.0054292929292928,0.00583267879463525,,
O,aci_global,Ausgrid,lgbm,2012-10,3,0.8001762146222174,0.3762477478090893,0.6034434611295084,0.0368126730679325,0.0079619411431806,0.022387307105556548,,
O,aci_segment,Ausgrid,lgbm,2012-10,3,0.8001986909770921,0.3761012682166139,0.6034182454746541,0.0363451648865393,0.0006705156402736,0.01850784026340645,,
O,aci_user,Ausgrid,lgbm,2012-10,3,0.8012798036465638,0.3762173306797408,0.6016011001326272,0.0052302477793361,0.002106243890518,0.00366824583492705,,
O,aci_global,Ausgrid,lgbm,2012-11,4,0.7994704570791528,0.3681392625625638,0.6077051325089402,0.0361993682645856,0.0070601851851852,0.021629776724885398,,
O,aci_segment,Ausgrid,lgbm,2012-11,4,0.7994449089557785,0.3681256330958188,0.6076698842803642,0.0361505945745076,0.0018685567010309,0.01900957563776925,,
O,aci_user,Ausgrid,lgbm,2012-11,4,0.8003948346339651,0.367098497419988,0.6057683949792882,0.0051839464882943,0.0016751949317738,0.00342957071003405,,
O,aci_global,Ausgrid,lgbm,2012-12,5,0.8000166325026072,0.401017327260744,0.6598514621249877,0.0398375409069658,0.009277248289345,0.0245573945981554,,
O,aci_segment,Ausgrid,lgbm,2012-12,5,0.8000593375768691,0.4012556403809376,0.6598237669729559,0.0394990470025533,0.0008767106549364,0.02018787882874485,,
O,aci_user,Ausgrid,lgbm,2012-12,5,0.8013786996080123,0.3997499872236099,0.6576884893593351,0.0050351530190239,0.0017320381231671,0.0033835955710955,,
O,aci_global,Ausgrid,lgbm,2013-01,6,0.799211978998094,0.449289797265536,0.777508251961123,0.0432143884633365,0.0091779692082111,0.0261961788357738,,
O,aci_segment,Ausgrid,lgbm,2013-01,6,0.799245693530406,0.4495192597744419,0.7774833482157342,0.0430539072895314,0.0012179913535085,0.02213594932151995,,
O,aci_user,Ausgrid,lgbm,2013-01,6,0.8005088646743626,0.4477004077776765,0.7748099953367777,0.0047191354694861,0.0006920863987925,0.0027056109341393,,
O,aci_global,Ausgrid,lgbm,2013-02,7,0.80145624303233,0.382788895812494,0.6300930608365977,0.042269867813346,0.0084922889610389,0.02538107838719245,,
O,aci_segment,Ausgrid,lgbm,2013-02,7,0.8014786391145087,0.382986198954271,0.6300778555199326,0.0422096472368211,0.0020898600668337,0.0221497536518274,,
O,aci_user,Ausgrid,lgbm,2013-02,7,0.8019564222009874,0.3815073602402214,0.6275908879481726,0.0051476150660933,0.00281432748538,0.0039809712757366495,,
O,aci_global,Ausgrid,lgbm,2013-03,8,0.8007089042327471,0.3796152745698208,0.6241779313323746,0.0405567842629553,0.0057261119257087,0.023141448094332003,,
O,aci_segment,Ausgrid,lgbm,2013-03,8,0.8007111518682346,0.3797776014582411,0.6241661001250816,0.040272233610242,0.001636459372575,0.0209543464914085,,
O,aci_user,Ausgrid,lgbm,2013-03,8,0.8013584708886252,0.3782565135538164,0.6217592528504118,0.004312762973352,0.0020798691941026,0.0031963160837273,,
O,aci_global,Ausgrid,lgbm,2013-04,9,0.7993961352657005,0.3740325000052215,0.5978026361423434,0.0401198439241917,0.0079069200779727,0.0240133820010822,,
O,aci_segment,Ausgrid,lgbm,2013-04,9,0.799356651802304,0.3741043280229167,0.5977777288045341,0.0399642326272761,0.001297514619883,0.02063087362357955,,
O,aci_user,Ausgrid,lgbm,2013-04,9,0.8003089000371609,0.3733269209799782,0.5956368168042948,0.0051862690449647,0.001073883161512,0.00313007610323835,,
O,aci_global,Ausgrid,lgbm,2013-05,10,0.7984792498291797,0.4475125023076318,0.7340085498078243,0.0405513899377854,0.0082508017355216,0.0244010958366535,,
O,aci_segment,Ausgrid,lgbm,2013-05,10,0.7984635163807674,0.4474908736239147,0.7339880383007636,0.0403270759161362,0.0021533089457932,0.0212401924309647,,
O,aci_user,Ausgrid,lgbm,2013-05,10,0.7990164347106844,0.4473358168974716,0.7315247689114028,0.0047793721005502,0.0017098991242656,0.0032446356124078996,,
O,aci_global,Ausgrid,lgbm,2013-06,11,0.7978887959866221,0.568323396110137,0.948378410029099,0.0410279635823114,0.0083881578947369,0.02470806073852415,,
O,aci_segment,Ausgrid,lgbm,2013-06,11,0.7978887959866221,0.5682835398708812,0.9483510613209536,0.0403869379412857,0.0025173611111111,0.0214521495261984,,
O,aci_user,Ausgrid,lgbm,2013-06,11,0.7988596246748421,0.5697646493737528,0.9453730120648354,0.0059155518394649,0.0017597853535353,0.0038376685965001,,
O,aci_global,UCI Electricity,lgbm,2014-01,0,0.8010236301275245,355.83110097514634,417.900638478502,0.0453450188070081,0.0771048302676835,0.0612249245373458,,
O,aci_segment,UCI Electricity,lgbm,2014-01,0,0.8014360818272597,352.4842696108899,416.4020312488468,0.0406426747394055,0.0045461342904141,0.0225944045149098,,
O,aci_user,UCI Electricity,lgbm,2014-01,0,0.8030000434159684,318.49697655825105,400.26557572500747,0.0061066532998109,0.0187528039479586,0.01242972862388475,,
O,aci_global,UCI Electricity,lgbm,2014-02,1,0.801797116397376,347.4313674726636,403.84317998685947,0.0451936314250626,0.0807722029033505,0.06298291716420655,,
O,aci_segment,UCI Electricity,lgbm,2014-02,1,0.8022647512575881,343.86133573626176,402.05789619006646,0.0403140583276153,0.0029061102831594,0.021610084305387352,,
O,aci_user,UCI Electricity,lgbm,2014-02,1,0.8033813933770667,308.89572628781616,382.455754314587,0.0066836821656301,0.0165397140806976,0.011611698123163849,,
O,aci_global,UCI Electricity,lgbm,2014-03,2,0.7982785568532106,344.60109478324733,409.55863514221096,0.0446973314967063,0.048791186880016,0.04674425918836115,,
O,aci_segment,UCI Electricity,lgbm,2014-03,2,0.7982173798068384,339.4711825907961,407.5004935318074,0.0414178471205345,0.0026401666697395,0.022029006895137,,
O,aci_user,UCI Electricity,lgbm,2014-03,2,0.7988469113485395,313.8460988249108,394.90421798350906,0.0062430189096277,0.0061163451473006,0.00617968202846415,,
O,aci_global,UCI Electricity,lgbm,2014-04,3,0.7986144816644166,366.6625028251474,482.9635606552428,0.0454822802931735,0.0244629887188997,0.034972634506036604,,
O,aci_segment,UCI Electricity,lgbm,2014-04,3,0.798647110886332,361.7079077239121,482.9775038022243,0.0445984362445397,0.001875032194921,0.02323673421973035,,
O,aci_user,UCI Electricity,lgbm,2014-04,3,0.8001490747576261,354.1996496129533,470.9928626327513,0.0058954886022049,0.0094704579405552,0.00768297327138005,,
O,aci_global,UCI Electricity,lgbm,2014-05,4,0.7993521153443873,467.8078710561042,531.1538492946091,0.0426263898043518,0.0217397464050435,0.03218306810469765,,
O,aci_segment,UCI Electricity,lgbm,2014-05,4,0.7995228190382968,461.6976126753986,528.2425913783865,0.0422034788031401,0.000957797894504,0.02158063834882205,,
O,aci_user,UCI Electricity,lgbm,2014-05,4,0.8007572139578392,425.4429314966206,508.89205452983344,0.0050699983817684,0.0084342754598474,0.006752136920807899,,
O,aci_global,UCI Electricity,lgbm,2014-06,5,0.8002439034338178,506.5577098498915,614.3939725833986,0.0397016057655835,0.0218066027377205,0.030754104251652002,,
O,aci_segment,UCI Electricity,lgbm,2014-06,5,0.8003407714363792,499.8833587557507,612.0443476241545,0.0393163770143446,0.0015633853603255,0.02043988118733505,,
O,aci_user,UCI Electricity,lgbm,2014-06,5,0.8014756565611247,469.33701262565046,595.5439816963352,0.0053491530677586,0.0098696749600782,0.0076094140139183995,,
O,aci_global,UCI Electricity,lgbm,2014-07,6,0.7994537481794896,567.3180083547632,675.4163248302854,0.0434526746209983,0.023471700786286,0.03346218770364215,,
O,aci_segment,UCI Electricity,lgbm,2014-07,6,0.7994655888981422,559.4389641249212,672.6175284066131,0.0425010755319442,0.0015602412641444,0.0220306583980443,,
O,aci_user,UCI Electricity,lgbm,2014-07,6,0.8008726609647028,518.9201902331496,657.7593581597657,0.006630802445503,0.0077737899406808,0.0072022961930919005,,
O,aci_global,UCI Electricity,lgbm,2014-08,7,0.8013502366170278,572.3986988555969,710.5180370033195,0.0425512012409073,0.0246900899624565,0.033620645601681896,,
O,aci_segment,UCI Electricity,lgbm,2014-08,7,0.8014459490928036,564.6029050742177,709.2472375711989,0.0410436804111097,0.0034120931159962,0.022227886763552952,,
O,aci_user,UCI Electricity,lgbm,2014-08,7,0.8026645563874757,540.9204048023622,695.8409472802372,0.0054826474268144,0.014503265041623,0.0099929562342187,,
O,aci_global,UCI Electricity,lgbm,2014-09,8,0.8015347970258464,548.8103001606978,651.3490230251725,0.0424269615260687,0.0482872302065626,0.04535709586631565,,
O,aci_segment,UCI Electricity,lgbm,2014-09,8,0.801709159430457,542.1561573660371,648.9903203402714,0.0404575840508363,0.0020287563269634,0.02124317018889985,,
O,aci_user,UCI Electricity,lgbm,2014-09,8,0.8027451372262714,498.699853904898,629.5155329201058,0.0057825099213227,0.0101787462009992,0.007980628061160951,,
O,aci_global,UCI Electricity,lgbm,2014-10,9,0.7984423534612394,436.641804795865,611.2034765744975,0.0393046735316522,0.0074236735850392,0.023364173558345698,,
O,aci_segment,UCI Electricity,lgbm,2014-10,9,0.7984453136409025,433.68057189383,611.5485079343372,0.0400026838962279,0.0025111567613516,0.02125692032878975,,
O,aci_user,UCI Electricity,lgbm,2014-10,9,0.7992573895951658,443.3372435699456,585.705323633318,0.0054007491228001,0.0067519066846118,0.00607632790370595,,
O,aci_global,UCI Electricity,lgbm,2014-11,10,0.8019467409525286,354.53958044953515,448.9463675460927,0.0458044938595882,0.0751377942615773,0.06047114406058275,,
O,aci_segment,UCI Electricity,lgbm,2014-11,10,0.8016969234722386,350.0500989101429,448.16370832764375,0.0412394617809845,0.0018724566012465,0.021555959191115498,,
O,aci_user,UCI Electricity,lgbm,2014-11,10,0.8029133816517728,341.9521702317388,439.5534857847368,0.0066306657584866,0.0138360892185648,0.0102333774885257,,
O,aci_global,UCI Electricity,lgbm,2014-12,11,0.7956005809845952,351.1935905251888,424.73209030138895,0.0448070554895545,0.0151438113753054,0.02997543343242995,,
O,aci_segment,UCI Electricity,lgbm,2014-12,11,0.7956568243981955,348.3587416916361,423.7168386307591,0.0445049198186001,0.0058936034568251,0.025199261637712602,,
O,aci_user,UCI Electricity,lgbm,2014-12,11,0.797505949961123,330.6958526112458,409.0726571050188,0.0090139444196666,0.0170953591545784,0.0130546517871225,,
O,aci_global,London,persistence,2013-03,0,0.800414548445981,0.3989196369553903,1.041450600725654,0.0414414970543845,0.0359971473773085,0.038719322215846494,,
O,aci_segment,London,persistence,2013-03,0,0.8003930413930118,0.4243070855188814,1.0389091323879986,0.0393916448221415,0.0009369070208727,0.0201642759215071,,
O,aci_user,London,persistence,2013-03,0,0.8022305502310664,0.4426065232569746,1.016696172549049,0.0073205199782234,0.0027553763440859,0.00503794816115465,,
O,aci_global,London,persistence,2013-04,1,0.8046891171195701,0.3621680982558541,0.9206533637680946,0.0353726353684298,0.0124096926373561,0.02389116400289295,,
O,aci_segment,London,persistence,2013-04,1,0.8047238472042977,0.3768082511131652,0.9199173764565932,0.0351980181747541,0.0098908265505762,0.02254442236266515,,
O,aci_user,London,persistence,2013-04,1,0.8066437262880346,0.3888947138134415,0.9043072480093474,0.0089819628579149,0.0136174609762087,0.0112997119170618,,
O,aci_global,London,persistence,2013-05,2,0.8047553308608553,0.3276455873572438,0.8129502002095838,0.0402145922904134,0.0057056997686878,0.022960146029550602,,
O,aci_segment,London,persistence,2013-05,2,0.8047768384631205,0.33054167171527,0.8132005989161997,0.0401511853731002,0.0094102412798321,0.024780713326466152,,
O,aci_user,London,persistence,2013-05,2,0.8077784932042698,0.3350197141826654,0.7995669730687203,0.0102012169930163,0.0128114345659585,0.0115063257794874,,
O,aci_global,London,persistence,2013-06,3,0.8028571904895541,0.3145911290751904,0.7555127182802996,0.0477273763561575,0.0210450542005419,0.0343862152783497,,
O,aci_segment,London,persistence,2013-06,3,0.8028919224560224,0.3115451807520578,0.7552062078793528,0.0475401807138204,0.0083587398373983,0.02794946027560935,,
O,aci_user,London,persistence,2013-06,3,0.8052439712252604,0.3028854800834916,0.7372017253113591,0.0087529486592374,0.0115430216802167,0.01014798516972705,,
O,aci_global,London,persistence,2013-07,4,0.8033731655085358,0.2898783046959287,0.6627095984307975,0.0608545241937562,0.0195154733805401,0.04018499878714815,,
O,aci_segment,London,persistence,2013-07,4,0.8033704768703176,0.2880178822315428,0.6626277588145095,0.0608293587338419,0.006386047731445,0.03360770323264345,,
O,aci_user,London,persistence,2013-07,4,0.8062970595708127,0.264208309439265,0.6382753654641946,0.009348409780391,0.0098937844217151,0.00962109710105305,,
O,aci_global,London,persistence,2013-08,5,0.8002674839039209,0.2880964883768313,0.6593443189688638,0.0613278678354298,0.0179955412759819,0.03966170455570585,,
O,aci_segment,London,persistence,2013-08,5,0.8003131846714249,0.2860232112818327,0.6592403133170043,0.0618573943994909,0.0015785850108188,0.03171798970515485,,
O,aci_user,London,persistence,2013-08,5,0.8039490839684396,0.255908098745794,0.6323315196039839,0.0088892947534052,0.0058615154701942,0.0073754051117996995,,
O,aci_global,London,persistence,2013-09,6,0.7952740264538946,0.3128201645869199,0.7631938924229261,0.0493628975326985,0.014922385620915,0.03214264157680675,,
O,aci_segment,London,persistence,2013-09,6,0.7952309645586711,0.308910841192245,0.7631503003899127,0.0491662113569064,0.0061126268874239,0.02763941912216515,,
O,aci_user,London,persistence,2013-09,6,0.7967464654518582,0.2965167340506557,0.7427760851671847,0.0085948244860448,0.0052907183649951,0.00694277142551995,,
O,aci_global,London,persistence,2013-10,7,0.7949566342067441,0.3346547363170205,0.8341477127489797,0.0430858461031092,0.014528555504557,0.0288072008038331,,
O,aci_segment,London,persistence,2013-10,7,0.7950131018339879,0.329220472297158,0.8340390540920006,0.0433499337354748,0.0050789282211888,0.0242144309783318,,
O,aci_user,London,persistence,2013-10,7,0.79602817465706,0.3304544150922732,0.8152380119638055,0.0075826958477286,0.0045685528817782,0.0060756243647534,,
O,aci_global,London,persistence,2013-11,8,0.7946459830285247,0.3774679347741698,0.9721863144869004,0.0438650398236324,0.0224518314630531,0.033158435643342754,,
O,aci_segment,London,persistence,2013-11,8,0.7947446220873692,0.3855818851552127,0.971917184249352,0.0436812059182471,0.009519373279695,0.02660028959897105,,
O,aci_user,London,persistence,2013-11,8,0.7959282907935026,0.3993480946349252,0.9509914016576254,0.0080774095935737,0.0080203260639424,0.00804886782875805,,
O,aci_global,London,persistence,2013-12,9,0.7991092074554469,0.3848515269772131,0.9894796227894872,0.047799248600896,0.0101652404839186,0.0289822445424073,,
O,aci_segment,London,persistence,2013-12,9,0.7991280289097538,0.3908044772838445,0.9893843023623772,0.0479190525769194,0.0016003556345854,0.0247597041057524,,
O,aci_user,London,persistence,2013-12,9,0.8029165187838114,0.4120189678746458,0.9606033929669564,0.0105446545614091,0.0078013835611946,0.00917301906130185,,
O,aci_global,London,persistence,2014-01,10,0.7990948741805196,0.3906713619116265,1.0099718828060986,0.0493994332072356,0.021839108768646,0.0356192709879408,,
O,aci_segment,London,persistence,2014-01,10,0.7991271424806794,0.4038877295941326,1.0094884846721046,0.048942940667898,0.0017420716039044,0.0253425061359012,,
O,aci_user,London,persistence,2014-01,10,0.8012165149160217,0.4244273323489652,0.9808010190227124,0.0063761085299524,0.0020297544447825,0.00420293148736745,,
O,aci_global,Ausgrid,persistence,2012-07,0,0.7966586650843313,0.663202647832684,1.5534756785711143,0.0525924227712446,0.0227975317693059,0.03769497727027525,,
O,aci_segment,Ausgrid,persistence,2012-07,0,0.7966788938037185,0.6728390305393536,1.5519278484215326,0.0505691013054266,0.0040516572442079,0.027310379274817248,,
O,aci_user,Ausgrid,persistence,2012-07,0,0.7998705361959219,0.7033046400087152,1.5082272333294182,0.0087208256913727,0.0025412925396297,0.0056310591155012,,
O,aci_global,Ausgrid,persistence,2012-08,1,0.805855989499047,0.6282043827701416,1.4192837750703924,0.0455267558528428,0.0219027070364081,0.033714731444625445,,
O,aci_segment,Ausgrid,persistence,2012-08,1,0.8058177796957601,0.6417146646906926,1.4182839774007183,0.0434126299133311,0.0076124144672531,0.0255125221902921,,
O,aci_user,Ausgrid,persistence,2012-08,1,0.8071888373431151,0.6678503435253796,1.3860055395020894,0.0101557161865716,0.0096132697947213,0.00988449299064645,,
O,aci_global,Ausgrid,persistence,2012-09,2,0.811547751765143,0.4888396325015147,1.0096811760641922,0.0414204756596061,0.0188359106529208,0.03012819315626345,,
O,aci_segment,Ausgrid,persistence,2012-09,2,0.8115756224451877,0.487289071439808,1.0095025835766898,0.0414901523597175,0.0142253722794959,0.0278577623196067,,
O,aci_user,Ausgrid,persistence,2012-09,2,0.811619751021925,0.4913171680683295,0.98834279107977,0.0198555369751021,0.0156285796105383,0.0177420582928202,,
O,aci_global,Ausgrid,persistence,2012-10,3,0.8061122199446182,0.4481140223918778,0.9253361101016944,0.0374091955263063,0.0173290100875733,0.027369102806939802,,
O,aci_segment,Ausgrid,persistence,2012-10,3,0.8061167152155932,0.4432661920247855,0.9248195411431795,0.0367762613730355,0.007774914089347,0.022275587731191253,,
O,aci_user,Ausgrid,persistence,2012-10,3,0.8073281907433381,0.4419712778842024,0.9099924640026104,0.009378034307908,0.0090982152754682,0.0092381247916881,,
O,aci_global,Ausgrid,persistence,2012-11,4,0.8000441285767372,0.4250373086164844,0.9211564417902244,0.040321906354515,0.0142117446393762,0.027266825496945597,,
O,aci_segment,Ausgrid,persistence,2012-11,4,0.8000603864734299,0.4185950956394945,0.9204576599792152,0.0395484949832776,0.0005942153493699,0.020071355166323752,,
O,aci_user,Ausgrid,persistence,2012-11,4,0.8013679858788555,0.4127702997041005,0.9048918530868426,0.0076295986622073,0.0024305555555554,0.00503007710888135,,
O,aci_global,Ausgrid,persistence,2012-12,5,0.8019226273959794,0.4164695541724922,0.9422421720740284,0.0489476570647678,0.0074749511241446,0.0282113040944562,,
O,aci_segment,Ausgrid,persistence,2012-12,5,0.8019068939475672,0.4136080921942099,0.9420670181290524,0.0491611824360772,0.0032328805885681,0.02619703151232265,,
O,aci_user,Ausgrid,persistence,2012-12,5,0.8050198690977092,0.4091529716369211,0.9179402781233194,0.0095349192649332,0.0074125165063194,0.0084737178856263,,
O,aci_global,Ausgrid,persistence,2013-01,6,0.7986118603229403,0.4241696766575737,1.040817605883035,0.0486154565397202,0.0085337672137333,0.02857461187672675,,
O,aci_segment,Ausgrid,persistence,2013-01,6,0.7986141079584277,0.4218460791198372,1.040672902039728,0.0486455748552522,0.0015362667421241,0.02509092079868815,,
O,aci_user,Ausgrid,persistence,2013-01,6,0.800169471715755,0.4194517400823112,1.0144964894679218,0.0063594598482396,0.000568289002075,0.0034638744251573,,
O,aci_global,Ausgrid,persistence,2013-02,7,0.7997292562509953,0.4155445280763342,0.9426067889431232,0.0478977544194935,0.0100041771094403,0.0289509657644669,,
O,aci_segment,Ausgrid,persistence,2013-02,7,0.7997765368689281,0.4115439618887753,0.9423292607339006,0.0479151735945214,0.0007949561403509,0.02435506486743615,,
O,aci_user,Ausgrid,persistence,2013-02,7,0.8018245341614907,0.4122882338607329,0.9210857139440818,0.007882425545469,0.0029288419913419,0.00540563376840545,,
O,aci_global,Ausgrid,persistence,2013-03,8,0.7997716402344733,0.4186224116844181,0.9392770113271608,0.0496799367065846,0.0123184304848141,0.03099918359569935,,
O,aci_segment,Ausgrid,persistence,2013-03,8,0.7997244398892365,0.4150662739622495,0.9389961112724589,0.0494637141726903,0.0005399924542539,0.0250018533134721,,
O,aci_user,Ausgrid,persistence,2013-03,8,0.8012955370949761,0.4143152145423953,0.9144895062293448,0.0064947675045851,0.0028546554252198,0.00467471146490245,,
O,aci_global,Ausgrid,persistence,2013-04,9,0.7973569305091044,0.4345352909197305,0.9263925906953898,0.0421404682274247,0.0154544346978557,0.0287974514626402,,
O,aci_segment,Ausgrid,persistence,2013-04,9,0.797384801189149,0.4275145491536303,0.9258335632436916,0.0411696395392047,0.0038115530303031,0.022490596284753903,,
O,aci_user,Ausgrid,persistence,2013-04,9,0.7990454292084727,0.4261326563296669,0.9061144002717286,0.0077689520624303,0.001516812865497,0.00464288246396365,,
O,aci_global,Ausgrid,persistence,2013-05,10,0.7923409573129068,0.5019265875287887,1.160779095874052,0.0492474916387959,0.0155312676853424,0.03238937966206915,,
O,aci_segment,Ausgrid,persistence,2013-05,10,0.7923139856870572,0.4951075572539977,1.1602571029626636,0.049726687524724,0.0094024926686216,0.0295645900966728,,
O,aci_user,Ausgrid,persistence,2013-05,10,0.7960383176897904,0.5102284591218361,1.127515586645538,0.0118176178660049,0.0060422776148583,0.0089299477404316,,
O,aci_global,Ausgrid,persistence,2013-06,11,0.7892210144927536,0.60986618620271,1.4732777332877174,0.0579315310293571,0.0255050505050505,0.0417182907672038,,
O,aci_segment,Ausgrid,persistence,2013-06,11,0.7892024340393906,0.6107645570940576,1.47227230107555,0.0568817354143441,0.0128156565656566,0.03484869599000035,,
O,aci_user,Ausgrid,persistence,2013-06,11,0.7941912857673727,0.6482137636983806,1.420151367363547,0.0142442400594575,0.0087279040404041,0.011486072049930799,,
O,aci_global,UCI Electricity,persistence,2014-01,0,0.7987585926906947,225.22735715369132,383.5893043326506,0.056745459275376,0.0859294105933891,0.07133743493438255,,
O,aci_segment,UCI Electricity,persistence,2014-01,0,0.7987152350770977,211.0363487912695,380.5705851170004,0.0521069829407498,0.00175406294496,0.0269305229428549,,
O,aci_user,UCI Electricity,persistence,2014-01,0,0.801836983256078,208.33934596075605,371.6590214029548,0.0060363652130041,0.0223566308243726,0.01419649801868835,,
O,aci_global,UCI Electricity,persistence,2014-02,1,0.7996689969976261,229.5747764514469,369.6143313347641,0.0560132575757575,0.0805748456790124,0.06829405162738494,,
O,aci_segment,UCI Electricity,persistence,2014-02,1,0.7997955505515989,214.4846353129588,364.62356436643387,0.0512225509705348,0.0035659171075838,0.027394234039059297,,
O,aci_user,UCI Electricity,persistence,2014-02,1,0.8023877164502164,202.18798766525092,353.08005933339115,0.0059809645999162,0.0170056216931216,0.0114932931465189,,
O,aci_global,UCI Electricity,persistence,2014-03,2,0.8010378236054615,220.94336463861376,372.8691459620405,0.0490812127518683,0.0947157506969335,0.0718984817244009,,
O,aci_segment,UCI Electricity,persistence,2014-03,2,0.8006239554756724,205.41175019866947,370.6716973240641,0.0453366915775864,0.0012945670628182,0.0233156293202023,,
O,aci_user,UCI Electricity,persistence,2014-03,2,0.8014388815312332,198.60016354723248,361.7551716961633,0.0061565840507047,0.014702807646356,0.01042969584853035,,
O,aci_global,UCI Electricity,persistence,2014-04,3,0.8021413734115347,220.1544250620924,407.05907126146855,0.0508787471489084,0.103099279835391,0.0769890134921497,,
O,aci_segment,UCI Electricity,persistence,2014-04,3,0.8014479472140762,208.38951725060485,408.0376038560513,0.0470776311502117,0.0027777777777777,0.0249277044639947,,
O,aci_user,UCI Electricity,persistence,2014-04,3,0.8038011159986966,221.80269551919585,394.7894633847351,0.0070819077875529,0.0184284979423867,0.012755202864969799,,
O,aci_global,UCI Electricity,persistence,2014-05,4,0.8010230426008261,220.42661517581777,452.277795497644,0.0495713508655756,0.0995196136997212,0.0745454822826484,,
O,aci_segment,UCI Electricity,persistence,2014-05,4,0.8000652335004572,218.8534904580591,451.2939232170312,0.04728679878914,0.0018640350877193,0.02457541693842965,,
O,aci_user,UCI Electricity,persistence,2014-05,4,0.8022607053889572,236.18890896528785,436.5484125695872,0.005366687162993,0.0149766029470329,0.01017164505501295,,
O,aci_global,UCI Electricity,persistence,2014-06,5,0.7989145487129358,222.77115085665167,509.9258092549067,0.0527309384164222,0.0818029835390946,0.0672669609777584,,
O,aci_segment,UCI Electricity,persistence,2014-06,5,0.7989654610622352,232.2970489415678,506.9698895523064,0.0488819648093841,0.0029714912280701,0.0259267280187271,,
O,aci_user,UCI Electricity,persistence,2014-06,5,0.8010966520039101,243.21773748642124,492.83135712614734,0.0054669680677745,0.0150205761316871,0.0102437720997308,,
O,aci_global,UCI Electricity,persistence,2014-07,6,0.7961502380727147,235.77991288602135,570.848296258072,0.0531355437833065,0.0722272003185982,0.06268137205095235,,
O,aci_segment,UCI Electricity,persistence,2014-07,6,0.7960319900356321,246.3160269632241,566.304450012751,0.0482822501813136,0.0040893356900869,0.026185792935700253,,
O,aci_user,UCI Electricity,persistence,2014-07,6,0.7971908207990414,270.88896655159147,550.6342877138995,0.0077866332418882,0.0116039426523296,0.0096952879471089,,
O,aci_global,UCI Electricity,persistence,2014-08,7,0.8004958534354997,231.25814455644547,593.7697191409839,0.058971084413332,0.0416492433293509,0.05031016387134145,,
O,aci_segment,UCI Electricity,persistence,2014-08,7,0.8006653422886514,247.67380872615627,587.2516169359328,0.0550531327846624,0.004124352847471,0.0295887428160667,,
O,aci_user,UCI Electricity,persistence,2014-08,7,0.8036717986314761,278.24682302605,570.8260789274193,0.0069626415034843,0.027745420151334,0.01735403082740915,,
O,aci_global,UCI Electricity,persistence,2014-09,8,0.8027706500488758,228.343352235788,563.2449826397558,0.0530639051808406,0.0604552469135802,0.0567595760472104,,
O,aci_segment,UCI Electricity,persistence,2014-09,8,0.8022574535679374,239.20485010610847,559.4765128490747,0.0482414874551971,0.0032931286549706,0.02576730805508385,,
O,aci_user,UCI Electricity,persistence,2014-09,8,0.8047328119908765,267.6683845228221,544.6882796349174,0.0069688823721081,0.019727366255144,0.01334812431362605,,
O,aci_global,UCI Electricity,persistence,2014-10,9,0.8002189559486645,221.7206490861045,510.0768840246332,0.0504589994639422,0.0816482477100757,0.06605362358700895,,
O,aci_segment,UCI Electricity,persistence,2014-10,9,0.8004643206256109,225.0476176970297,508.1405167915772,0.0467607921041843,0.0028331918505941,0.0247969919773892,,
O,aci_user,UCI Electricity,persistence,2014-10,9,0.8033318355248636,248.34264480015983,491.1926538360886,0.0077886040425062,0.0202533851055356,0.0140209945740209,,
O,aci_global,UCI Electricity,persistence,2014-11,10,0.8022615265558813,220.49707310491831,397.0952020816808,0.0524997963506027,0.0955761316872428,0.07403796401892275,,
O,aci_segment,UCI Electricity,persistence,2014-11,10,0.8012117139133268,208.27935417049477,396.1801560165933,0.0510915607689801,0.0040058479532163,0.0275487043610982,,
O,aci_user,UCI Electricity,persistence,2014-11,10,0.8045464727924405,206.31474545655863,381.1410811739397,0.0087762707722385,0.0223894032921809,0.015582837032209699,,
O,aci_global,UCI Electricity,persistence,2014-12,11,0.7990719499889635,224.2174932449728,374.5501209021074,0.0564857077539179,0.0811255475906014,0.06880562767225964,,
O,aci_segment,UCI Electricity,persistence,2014-12,11,0.798453118594898,213.1186184808499,372.0448425674919,0.0535472440324157,0.0019857490057446,0.027766496519080152,,
O,aci_user,UCI Electricity,persistence,2014-12,11,0.8021779317629995,203.6627425578806,361.9965847965298,0.0091892520417494,0.0217343687773794,0.0154618104095644,,
O,aci_best_fixed,London,lgbm,2013-03,0,0.8006919056717172,0.3840898095292202,0.653749984654451,0.0053658462391073,0.0011600873030934,0.0032629667711003498,,
O,aci_best_fixed,London,lgbm,2013-04,1,0.8004180570631213,0.327728404324472,0.5535310820413347,0.0053717251504131,0.0021077779378001,0.0037397515441066004,,
O,aci_best_fixed,London,lgbm,2013-05,2,0.8000941296703444,0.2784251901587213,0.4854965785853476,0.0047257550923357,0.0015014424337791,0.0031135987630574,,
O,aci_best_fixed,London,lgbm,2013-06,3,0.8012428060329904,0.2577406190054166,0.4489981960978506,0.0048793196891641,0.0015293737181875,0.0032043467036758,,
O,aci_best_fixed,London,lgbm,2013-07,4,0.8041589559304527,0.2328404896840786,0.3972920701199071,0.0070280911894818,0.0059095946801772,0.0064688429348295,,
O,aci_best_fixed,London,lgbm,2013-08,5,0.8009867448175731,0.2303078965451316,0.3931997776741913,0.004846479258109,0.001547156230349,0.003196817744229,,
O,aci_best_fixed,London,lgbm,2013-09,6,0.7987532118136377,0.2632010643190955,0.4585280388092166,0.0055465952033075,0.0016718292527687,0.0036092122280381,,
O,aci_best_fixed,London,lgbm,2013-10,7,0.8005001721948385,0.292217733991487,0.5038652202010387,0.005561269614123,0.0011480782168977,0.0033546739155103497,,
O,aci_best_fixed,London,lgbm,2013-11,8,0.8008685519128722,0.3545624070600736,0.6094754609708481,0.0065154273704492,0.0016472106858232,0.0040813190281362,,
O,aci_best_fixed,London,lgbm,2013-12,9,0.8016780744519421,0.370967843488364,0.6181324723991606,0.0066078807667012,0.0021496858485344,0.0043787833076178,,
O,aci_best_fixed,London,lgbm,2014-01,10,0.8016538935129425,0.3683228240419292,0.6187355480924652,0.0057163871865336,0.0043228973311882,0.0050196422588609,,
O,aci_best_fixed,Ausgrid,lgbm,2012-07,0,0.7988613478620491,0.5997313697715224,0.98432391906263,0.0048301686625669,0.0023384042033236,0.00358428643294525,,
O,aci_best_fixed,Ausgrid,lgbm,2012-08,1,0.8032419894271227,0.5589784076463379,0.8950072069430101,0.0056379688567626,0.0034045087976538,0.0045212388272082,,
O,aci_best_fixed,Ausgrid,lgbm,2012-09,2,0.8036580267558529,0.4144347621781848,0.6414552926639503,0.0062360646599777,0.0054292929292928,0.00583267879463525,,
O,aci_best_fixed,Ausgrid,lgbm,2012-10,3,0.8012798036465638,0.3762173306797408,0.6016011001326272,0.0052302477793361,0.002106243890518,0.00366824583492705,,
O,aci_best_fixed,Ausgrid,lgbm,2012-11,4,0.8003948346339651,0.367098497419988,0.6057683949792882,0.0051839464882943,0.0016751949317738,0.00342957071003405,,
O,aci_best_fixed,Ausgrid,lgbm,2012-12,5,0.8013786996080123,0.3997499872236099,0.6576884893593351,0.0050351530190239,0.0017320381231671,0.0033835955710955,,
O,aci_best_fixed,Ausgrid,lgbm,2013-01,6,0.8005088646743626,0.4477004077776765,0.7748099953367777,0.0047191354694861,0.0006920863987925,0.0027056109341393,,
O,aci_best_fixed,Ausgrid,lgbm,2013-02,7,0.8019564222009874,0.3815073602402214,0.6275908879481726,0.0051476150660933,0.00281432748538,0.0039809712757366495,,
O,aci_best_fixed,Ausgrid,lgbm,2013-03,8,0.8013584708886252,0.3782565135538164,0.6217592528504118,0.004312762973352,0.0020798691941026,0.0031963160837273,,
O,aci_best_fixed,Ausgrid,lgbm,2013-04,9,0.8003089000371609,0.3733269209799782,0.5956368168042948,0.0051862690449647,0.001073883161512,0.00313007610323835,,
O,aci_best_fixed,Ausgrid,lgbm,2013-05,10,0.7990164347106844,0.4473358168974716,0.7315247689114028,0.0047793721005502,0.0017098991242656,0.0032446356124078996,,
O,aci_best_fixed,Ausgrid,lgbm,2013-06,11,0.7988596246748421,0.5697646493737528,0.9453730120648354,0.0059155518394649,0.0017597853535353,0.0038376685965001,,
O,aci_best_fixed,UCI Electricity,lgbm,2014-01,0,0.8030000434159684,318.49697655825105,400.26557572500747,0.0061066532998109,0.0187528039479586,0.01242972862388475,,
O,aci_best_fixed,UCI Electricity,lgbm,2014-02,1,0.8033813933770667,308.89572628781616,382.455754314587,0.0066836821656301,0.0165397140806976,0.011611698123163849,,
O,aci_best_fixed,UCI Electricity,lgbm,2014-03,2,0.7988469113485395,313.8460988249108,394.90421798350906,0.0062430189096277,0.0061163451473006,0.00617968202846415,,
O,aci_best_fixed,UCI Electricity,lgbm,2014-04,3,0.8001490747576261,354.1996496129533,470.9928626327513,0.0058954886022049,0.0094704579405552,0.00768297327138005,,
O,aci_best_fixed,UCI Electricity,lgbm,2014-05,4,0.8007572139578392,425.4429314966206,508.89205452983344,0.0050699983817684,0.0084342754598474,0.006752136920807899,,
O,aci_best_fixed,UCI Electricity,lgbm,2014-06,5,0.8014756565611247,469.33701262565046,595.5439816963352,0.0053491530677586,0.0098696749600782,0.0076094140139183995,,
O,aci_best_fixed,UCI Electricity,lgbm,2014-07,6,0.8008726609647028,518.9201902331496,657.7593581597657,0.006630802445503,0.0077737899406808,0.0072022961930919005,,
O,aci_best_fixed,UCI Electricity,lgbm,2014-08,7,0.8026645563874757,540.9204048023622,695.8409472802372,0.0054826474268144,0.014503265041623,0.0099929562342187,,
O,aci_best_fixed,UCI Electricity,lgbm,2014-09,8,0.8027451372262714,498.699853904898,629.5155329201058,0.0057825099213227,0.0101787462009992,0.007980628061160951,,
O,aci_best_fixed,UCI Electricity,lgbm,2014-10,9,0.7992573895951658,443.3372435699456,585.705323633318,0.0054007491228001,0.0067519066846118,0.00607632790370595,,
O,aci_best_fixed,UCI Electricity,lgbm,2014-11,10,0.8029133816517728,341.9521702317388,439.5534857847368,0.0066306657584866,0.0138360892185648,0.0102333774885257,,
O,aci_best_fixed,UCI Electricity,lgbm,2014-12,11,0.797505949961123,330.6958526112458,409.0726571050188,0.0090139444196666,0.0170953591545784,0.0130546517871225,,
O,aci_best_fixed,London,persistence,2013-03,0,0.8022305502310664,0.4426065232569746,1.016696172549049,0.0073205199782234,0.0027553763440859,0.00503794816115465,,
O,aci_best_fixed,London,persistence,2013-04,1,0.8066437262880346,0.3888947138134415,0.9043072480093474,0.0089819628579149,0.0136174609762087,0.0112997119170618,,
O,aci_best_fixed,London,persistence,2013-05,2,0.8077784932042698,0.3350197141826654,0.7995669730687203,0.0102012169930163,0.0128114345659585,0.0115063257794874,,
O,aci_best_fixed,London,persistence,2013-06,3,0.8052439712252604,0.3028854800834916,0.7372017253113591,0.0087529486592374,0.0115430216802167,0.01014798516972705,,
O,aci_best_fixed,London,persistence,2013-07,4,0.8062970595708127,0.264208309439265,0.6382753654641946,0.009348409780391,0.0098937844217151,0.00962109710105305,,
O,aci_best_fixed,London,persistence,2013-08,5,0.8039490839684396,0.255908098745794,0.6323315196039839,0.0088892947534052,0.0058615154701942,0.0073754051117996995,,
O,aci_best_fixed,London,persistence,2013-09,6,0.7967464654518582,0.2965167340506557,0.7427760851671847,0.0085948244860448,0.0052907183649951,0.00694277142551995,,
O,aci_best_fixed,London,persistence,2013-10,7,0.79602817465706,0.3304544150922732,0.8152380119638055,0.0075826958477286,0.0045685528817782,0.0060756243647534,,
O,aci_best_fixed,London,persistence,2013-11,8,0.7959282907935026,0.3993480946349252,0.9509914016576254,0.0080774095935737,0.0080203260639424,0.00804886782875805,,
O,aci_best_fixed,London,persistence,2013-12,9,0.8029165187838114,0.4120189678746458,0.9606033929669564,0.0105446545614091,0.0078013835611946,0.00917301906130185,,
O,aci_best_fixed,London,persistence,2014-01,10,0.8012165149160217,0.4244273323489652,0.9808010190227124,0.0063761085299524,0.0020297544447825,0.00420293148736745,,
O,aci_best_fixed,Ausgrid,persistence,2012-07,0,0.7998705361959219,0.7033046400087152,1.5082272333294182,0.0087208256913727,0.0025412925396297,0.0056310591155012,,
O,aci_best_fixed,Ausgrid,persistence,2012-08,1,0.8071888373431151,0.6678503435253796,1.3860055395020894,0.0101557161865716,0.0096132697947213,0.00988449299064645,,
O,aci_best_fixed,Ausgrid,persistence,2012-09,2,0.811619751021925,0.4913171680683295,0.98834279107977,0.0198555369751021,0.0156285796105383,0.0177420582928202,,
O,aci_best_fixed,Ausgrid,persistence,2012-10,3,0.8073281907433381,0.4419712778842024,0.9099924640026104,0.009378034307908,0.0090982152754682,0.0092381247916881,,
O,aci_best_fixed,Ausgrid,persistence,2012-11,4,0.8013679858788555,0.4127702997041005,0.9048918530868426,0.0076295986622073,0.0024305555555554,0.00503007710888135,,
O,aci_best_fixed,Ausgrid,persistence,2012-12,5,0.8050198690977092,0.4091529716369211,0.9179402781233194,0.0095349192649332,0.0074125165063194,0.0084737178856263,,
O,aci_best_fixed,Ausgrid,persistence,2013-01,6,0.800169471715755,0.4194517400823112,1.0144964894679218,0.0063594598482396,0.000568289002075,0.0034638744251573,,
O,aci_best_fixed,Ausgrid,persistence,2013-02,7,0.8018245341614907,0.4122882338607329,0.9210857139440818,0.007882425545469,0.0029288419913419,0.00540563376840545,,
O,aci_best_fixed,Ausgrid,persistence,2013-03,8,0.8012955370949761,0.4143152145423953,0.9144895062293448,0.0064947675045851,0.0028546554252198,0.00467471146490245,,
O,aci_best_fixed,Ausgrid,persistence,2013-04,9,0.7990454292084727,0.4261326563296669,0.9061144002717286,0.0077689520624303,0.001516812865497,0.00464288246396365,,
O,aci_best_fixed,Ausgrid,persistence,2013-05,10,0.7960383176897904,0.5102284591218361,1.127515586645538,0.0118176178660049,0.0060422776148583,0.0089299477404316,,
O,aci_best_fixed,Ausgrid,persistence,2013-06,11,0.7941912857673727,0.6482137636983806,1.420151367363547,0.0142442400594575,0.0087279040404041,0.011486072049930799,,
O,aci_best_fixed,UCI Electricity,persistence,2014-01,0,0.801836983256078,208.33934596075605,371.6590214029548,0.0060363652130041,0.0223566308243726,0.01419649801868835,,
O,aci_best_fixed,UCI Electricity,persistence,2014-02,1,0.8023877164502164,202.18798766525092,353.08005933339115,0.0059809645999162,0.0170056216931216,0.0114932931465189,,
O,aci_best_fixed,UCI Electricity,persistence,2014-03,2,0.8014388815312332,198.60016354723248,361.7551716961633,0.0061565840507047,0.014702807646356,0.01042969584853035,,
O,aci_best_fixed,UCI Electricity,persistence,2014-04,3,0.8038011159986966,221.80269551919585,394.7894633847351,0.0070819077875529,0.0184284979423867,0.012755202864969799,,
O,aci_best_fixed,UCI Electricity,persistence,2014-05,4,0.8022607053889572,236.18890896528785,436.5484125695872,0.005366687162993,0.0149766029470329,0.01017164505501295,,
O,aci_best_fixed,UCI Electricity,persistence,2014-06,5,0.8010966520039101,243.21773748642124,492.83135712614734,0.0054669680677745,0.0150205761316871,0.0102437720997308,,
O,aci_best_fixed,UCI Electricity,persistence,2014-07,6,0.7971908207990414,270.88896655159147,550.6342877138995,0.0077866332418882,0.0116039426523296,0.0096952879471089,,
O,aci_best_fixed,UCI Electricity,persistence,2014-08,7,0.8036717986314761,278.24682302605,570.8260789274193,0.0069626415034843,0.027745420151334,0.01735403082740915,,
O,aci_best_fixed,UCI Electricity,persistence,2014-09,8,0.8047328119908765,267.6683845228221,544.6882796349174,0.0069688823721081,0.019727366255144,0.01334812431362605,,
O,aci_best_fixed,UCI Electricity,persistence,2014-10,9,0.8033318355248636,248.34264480015983,491.1926538360886,0.0077886040425062,0.0202533851055356,0.0140209945740209,,
O,aci_best_fixed,UCI Electricity,persistence,2014-11,10,0.8045464727924405,206.31474545655863,381.1410811739397,0.0087762707722385,0.0223894032921809,0.015582837032209699,,
O,aci_best_fixed,UCI Electricity,persistence,2014-12,11,0.8021779317629995,203.6627425578806,361.9965847965298,0.0091892520417494,0.0217343687773794,0.0154618104095644,,
O,aci_oracle,Ausgrid,lgbm,2012-07,0,0.7988613478620491,0.5997313697715224,0.98432391906263,0.0048301686625669,0.0023384042033236,0.00358428643294525,,
O,aci_oracle,Ausgrid,lgbm,2012-08,1,0.8032419894271227,0.5589784076463379,0.8950072069430101,0.0056379688567626,0.0034045087976538,0.0045212388272082,,
O,aci_oracle,Ausgrid,lgbm,2012-09,2,0.8036580267558529,0.4144347621781848,0.6414552926639503,0.0062360646599777,0.0054292929292928,0.00583267879463525,,
O,aci_oracle,Ausgrid,lgbm,2012-10,3,0.8012798036465638,0.3762173306797408,0.6016011001326272,0.0052302477793361,0.002106243890518,0.00366824583492705,,
O,aci_oracle,Ausgrid,lgbm,2012-11,4,0.8003948346339651,0.367098497419988,0.6057683949792882,0.0051839464882943,0.0016751949317738,0.00342957071003405,,
O,aci_oracle,Ausgrid,lgbm,2012-12,5,0.8013786996080123,0.3997499872236099,0.6576884893593351,0.0050351530190239,0.0017320381231671,0.0033835955710955,,
O,aci_oracle,Ausgrid,lgbm,2013-01,6,0.8005088646743626,0.4477004077776765,0.7748099953367777,0.0047191354694861,0.0006920863987925,0.0027056109341393,,
O,aci_oracle,Ausgrid,lgbm,2013-02,7,0.8019564222009874,0.3815073602402214,0.6275908879481726,0.0051476150660933,0.00281432748538,0.0039809712757366495,,
O,aci_oracle,Ausgrid,lgbm,2013-03,8,0.8013584708886252,0.3782565135538164,0.6217592528504118,0.004312762973352,0.0020798691941026,0.0031963160837273,,
O,aci_oracle,Ausgrid,lgbm,2013-04,9,0.8003089000371609,0.3733269209799782,0.5956368168042948,0.0051862690449647,0.001073883161512,0.00313007610323835,,
O,aci_oracle,Ausgrid,lgbm,2013-05,10,0.7990164347106844,0.4473358168974716,0.7315247689114028,0.0047793721005502,0.0017098991242656,0.0032446356124078996,,
O,aci_oracle,Ausgrid,lgbm,2013-06,11,0.7988596246748421,0.5697646493737528,0.9453730120648354,0.0059155518394649,0.0017597853535353,0.0038376685965001,,
O,aci_oracle,Ausgrid,persistence,2012-07,0,0.7998705361959219,0.7033046400087152,1.5082272333294182,0.0087208256913727,0.0025412925396297,0.0056310591155012,,
O,aci_oracle,Ausgrid,persistence,2012-08,1,0.8071888373431151,0.6678503435253796,1.3860055395020894,0.0101557161865716,0.0096132697947213,0.00988449299064645,,
O,aci_oracle,Ausgrid,persistence,2012-09,2,0.811619751021925,0.4913171680683295,0.98834279107977,0.0198555369751021,0.0156285796105383,0.0177420582928202,,
O,aci_oracle,Ausgrid,persistence,2012-10,3,0.8073281907433381,0.4419712778842024,0.9099924640026104,0.009378034307908,0.0090982152754682,0.0092381247916881,,
O,aci_oracle,Ausgrid,persistence,2012-11,4,0.8013679858788555,0.4127702997041005,0.9048918530868426,0.0076295986622073,0.0024305555555554,0.00503007710888135,,
O,aci_oracle,Ausgrid,persistence,2012-12,5,0.8050198690977092,0.4091529716369211,0.9179402781233194,0.0095349192649332,0.0074125165063194,0.0084737178856263,,
O,aci_oracle,Ausgrid,persistence,2013-01,6,0.800169471715755,0.4194517400823112,1.0144964894679218,0.0063594598482396,0.000568289002075,0.0034638744251573,,
O,aci_oracle,Ausgrid,persistence,2013-02,7,0.8018245341614907,0.4122882338607329,0.9210857139440818,0.007882425545469,0.0029288419913419,0.00540563376840545,,
O,aci_oracle,Ausgrid,persistence,2013-03,8,0.8012955370949761,0.4143152145423953,0.9144895062293448,0.0064947675045851,0.0028546554252198,0.00467471146490245,,
O,aci_oracle,Ausgrid,persistence,2013-04,9,0.7990454292084727,0.4261326563296669,0.9061144002717286,0.0077689520624303,0.001516812865497,0.00464288246396365,,
O,aci_oracle,Ausgrid,persistence,2013-05,10,0.7960383176897904,0.5102284591218361,1.127515586645538,0.0118176178660049,0.0060422776148583,0.0089299477404316,,
O,aci_oracle,Ausgrid,persistence,2013-06,11,0.7941912857673727,0.6482137636983806,1.420151367363547,0.0142442400594575,0.0087279040404041,0.011486072049930799,,
O,aci_oracle,London,lgbm,2013-03,0,0.8006919056717172,0.3840898095292202,0.653749984654451,0.0053658462391073,0.0011600873030934,0.0032629667711003498,,
O,aci_oracle,London,lgbm,2013-04,1,0.8004180570631213,0.327728404324472,0.5535310820413347,0.0053717251504131,0.0021077779378001,0.0037397515441066004,,
O,aci_oracle,London,lgbm,2013-05,2,0.8000941296703444,0.2784251901587213,0.4854965785853476,0.0047257550923357,0.0015014424337791,0.0031135987630574,,
O,aci_oracle,London,lgbm,2013-06,3,0.8012428060329904,0.2577406190054166,0.4489981960978506,0.0048793196891641,0.0015293737181875,0.0032043467036758,,
O,aci_oracle,London,lgbm,2013-07,4,0.8041589559304527,0.2328404896840786,0.3972920701199071,0.0070280911894818,0.0059095946801772,0.0064688429348295,,
O,aci_oracle,London,lgbm,2013-08,5,0.8009867448175731,0.2303078965451316,0.3931997776741913,0.004846479258109,0.001547156230349,0.003196817744229,,
O,aci_oracle,London,lgbm,2013-09,6,0.7987532118136377,0.2632010643190955,0.4585280388092166,0.0055465952033075,0.0016718292527687,0.0036092122280381,,
O,aci_oracle,London,lgbm,2013-10,7,0.8005001721948385,0.292217733991487,0.5038652202010387,0.005561269614123,0.0011480782168977,0.0033546739155103497,,
O,aci_oracle,London,lgbm,2013-11,8,0.8008685519128722,0.3545624070600736,0.6094754609708481,0.0065154273704492,0.0016472106858232,0.0040813190281362,,
O,aci_oracle,London,lgbm,2013-12,9,0.8016780744519421,0.370967843488364,0.6181324723991606,0.0066078807667012,0.0021496858485344,0.0043787833076178,,
O,aci_oracle,London,lgbm,2014-01,10,0.8016538935129425,0.3683228240419292,0.6187355480924652,0.0057163871865336,0.0043228973311882,0.0050196422588609,,
O,aci_oracle,London,persistence,2013-03,0,0.8022305502310664,0.4426065232569746,1.016696172549049,0.0073205199782234,0.0027553763440859,0.00503794816115465,,
O,aci_oracle,London,persistence,2013-04,1,0.8066437262880346,0.3888947138134415,0.9043072480093474,0.0089819628579149,0.0136174609762087,0.0112997119170618,,
O,aci_oracle,London,persistence,2013-05,2,0.8077784932042698,0.3350197141826654,0.7995669730687203,0.0102012169930163,0.0128114345659585,0.0115063257794874,,
O,aci_oracle,London,persistence,2013-06,3,0.8052439712252604,0.3028854800834916,0.7372017253113591,0.0087529486592374,0.0115430216802167,0.01014798516972705,,
O,aci_oracle,London,persistence,2013-07,4,0.8062970595708127,0.264208309439265,0.6382753654641946,0.009348409780391,0.0098937844217151,0.00962109710105305,,
O,aci_oracle,London,persistence,2013-08,5,0.8039490839684396,0.255908098745794,0.6323315196039839,0.0088892947534052,0.0058615154701942,0.0073754051117996995,,
O,aci_oracle,London,persistence,2013-09,6,0.7967464654518582,0.2965167340506557,0.7427760851671847,0.0085948244860448,0.0052907183649951,0.00694277142551995,,
O,aci_oracle,London,persistence,2013-10,7,0.79602817465706,0.3304544150922732,0.8152380119638055,0.0075826958477286,0.0045685528817782,0.0060756243647534,,
O,aci_oracle,London,persistence,2013-11,8,0.7959282907935026,0.3993480946349252,0.9509914016576254,0.0080774095935737,0.0080203260639424,0.00804886782875805,,
O,aci_oracle,London,persistence,2013-12,9,0.8029165187838114,0.4120189678746458,0.9606033929669564,0.0105446545614091,0.0078013835611946,0.00917301906130185,,
O,aci_oracle,London,persistence,2014-01,10,0.8012165149160217,0.4244273323489652,0.9808010190227124,0.0063761085299524,0.0020297544447825,0.00420293148736745,,
O,aci_oracle,UCI Electricity,lgbm,2014-01,0,0.8030000434159684,318.49697655825105,400.26557572500747,0.0061066532998109,0.0187528039479586,0.01242972862388475,,
O,aci_oracle,UCI Electricity,lgbm,2014-02,1,0.8033813933770667,308.89572628781616,382.455754314587,0.0066836821656301,0.0165397140806976,0.011611698123163849,,
O,aci_oracle,UCI Electricity,lgbm,2014-03,2,0.7988469113485395,313.8460988249108,394.90421798350906,0.0062430189096277,0.0061163451473006,0.00617968202846415,,
O,aci_oracle,UCI Electricity,lgbm,2014-04,3,0.8001490747576261,354.1996496129533,470.9928626327513,0.0058954886022049,0.0094704579405552,0.00768297327138005,,
O,aci_oracle,UCI Electricity,lgbm,2014-05,4,0.8007572139578392,425.4429314966206,508.89205452983344,0.0050699983817684,0.0084342754598474,0.006752136920807899,,
O,aci_oracle,UCI Electricity,lgbm,2014-06,5,0.8014756565611247,469.33701262565046,595.5439816963352,0.0053491530677586,0.0098696749600782,0.0076094140139183995,,
O,aci_oracle,UCI Electricity,lgbm,2014-07,6,0.8008726609647028,518.9201902331496,657.7593581597657,0.006630802445503,0.0077737899406808,0.0072022961930919005,,
O,aci_oracle,UCI Electricity,lgbm,2014-08,7,0.8026645563874757,540.9204048023622,695.8409472802372,0.0054826474268144,0.014503265041623,0.0099929562342187,,
O,aci_oracle,UCI Electricity,lgbm,2014-09,8,0.8027451372262714,498.699853904898,629.5155329201058,0.0057825099213227,0.0101787462009992,0.007980628061160951,,
O,aci_oracle,UCI Electricity,lgbm,2014-10,9,0.7992573895951658,443.3372435699456,585.705323633318,0.0054007491228001,0.0067519066846118,0.00607632790370595,,
O,aci_oracle,UCI Electricity,lgbm,2014-11,10,0.8029133816517728,341.9521702317388,439.5534857847368,0.0066306657584866,0.0138360892185648,0.0102333774885257,,
O,aci_oracle,UCI Electricity,lgbm,2014-12,11,0.797505949961123,330.6958526112458,409.0726571050188,0.0090139444196666,0.0170953591545784,0.0130546517871225,,
O,aci_oracle,UCI Electricity,persistence,2014-01,0,0.801836983256078,208.33934596075605,371.6590214029548,0.0060363652130041,0.0223566308243726,0.01419649801868835,,
O,aci_oracle,UCI Electricity,persistence,2014-02,1,0.8023877164502164,202.18798766525092,353.08005933339115,0.0059809645999162,0.0170056216931216,0.0114932931465189,,
O,aci_oracle,UCI Electricity,persistence,2014-03,2,0.8014388815312332,198.60016354723248,361.7551716961633,0.0061565840507047,0.014702807646356,0.01042969584853035,,
O,aci_oracle,UCI Electricity,persistence,2014-04,3,0.8038011159986966,221.80269551919585,394.7894633847351,0.0070819077875529,0.0184284979423867,0.012755202864969799,,
O,aci_oracle,UCI Electricity,persistence,2014-05,4,0.8022607053889572,236.18890896528785,436.5484125695872,0.005366687162993,0.0149766029470329,0.01017164505501295,,
O,aci_oracle,UCI Electricity,persistence,2014-06,5,0.8010966520039101,243.21773748642124,492.83135712614734,0.0054669680677745,0.0150205761316871,0.0102437720997308,,
O,aci_oracle,UCI Electricity,persistence,2014-07,6,0.7971908207990414,270.88896655159147,550.6342877138995,0.0077866332418882,0.0116039426523296,0.0096952879471089,,
O,aci_oracle,UCI Electricity,persistence,2014-08,7,0.8036717986314761,278.24682302605,570.8260789274193,0.0069626415034843,0.027745420151334,0.01735403082740915,,
O,aci_oracle,UCI Electricity,persistence,2014-09,8,0.8047328119908765,267.6683845228221,544.6882796349174,0.0069688823721081,0.019727366255144,0.01334812431362605,,
O,aci_oracle,UCI Electricity,persistence,2014-10,9,0.8033318355248636,248.34264480015983,491.1926538360886,0.0077886040425062,0.0202533851055356,0.0140209945740209,,
O,aci_oracle,UCI Electricity,persistence,2014-11,10,0.8045464727924405,206.31474545655863,381.1410811739397,0.0087762707722385,0.0223894032921809,0.015582837032209699,,
O,aci_oracle,UCI Electricity,persistence,2014-12,11,0.8021779317629995,203.6627425578806,361.9965847965298,0.0091892520417494,0.0217343687773794,0.0154618104095644,,
