dataset,forecaster,coverage,horizon_hours,window,method,n,picp,mpiw,winkler_interval_score,macro_user_abs_coverage_gap,user_coverage_std,max_abs_cluster_coverage_gap,forecaster_key,window_order
London,lightgbm_quantile,0.8,1.0,2013-03,raw,743743,0.7862742909849235,0.3808925692279942,0.6568959561021109,0.0373281142920749,0.051532686782704,0.0196139368634149,lgbm,0
London,lightgbm_quantile,0.8,1.0,2013-03,rolling_global_norm,743743,0.7945526882269817,0.3823098109675931,0.6568297297007072,0.0354694288808543,0.0499559141325148,0.0081409367900465,lgbm,0
London,lightgbm_quantile,0.8,1.0,2013-03,rolling_group_norm,743743,0.7945513436765119,0.3821209205675268,0.6568568159627298,0.0354855935778892,0.0500985273247732,0.0156126206664644,lgbm,0
London,lightgbm_quantile,0.8,1.0,2013-03,rolling_user_norm,743743,0.7948175646695163,0.3809369540410132,0.6559613458987453,0.0265550664867221,0.0423839458608752,0.0151369261935421,lgbm,0
London,lightgbm_quantile,0.8,1.0,2013-03,aci_global,743743,0.798704660077473,0.3832821510757684,0.6568003434414501,0.0347792956733026,0.049431155925515,0.0026704503514398,lgbm,0
London,lightgbm_quantile,0.8,1.0,2013-03,aci_segment,743743,0.7987060046279427,0.3833386352504828,0.6567980402199972,0.0348146425549112,0.0493806236556206,0.0026048373206919,lgbm,0
London,lightgbm_quantile,0.8,1.0,2013-03,aci_user,743743,0.8006919056717172,0.3840898095292202,0.653749984654451,0.0053658462391073,0.0116603034930297,0.0011600873030934,lgbm,0
London,lightgbm_quantile,0.8,1.0,2013-03,pid_global,743743,0.7999429910600839,0.3840420839314865,0.6567978713395177,0.0339125801412324,0.0479334502105967,0.0022029575073609,lgbm,0
London,lightgbm_quantile,0.8,1.0,2013-03,pid_segment,743743,0.7999268564544473,0.3848663409313104,0.6568673111788053,0.0335853842123559,0.0472106803558179,0.0001008392427298,lgbm,0
London,lightgbm_quantile,0.8,1.0,2013-03,pid_user,743743,0.7998112251140514,0.3960885240790376,0.657945214132475,0.0008561508759119,0.0011345760643754,0.0002317011450623,lgbm,0
London,lightgbm_quantile,0.8,1.0,2013-04,raw,719519,0.7853718942793727,0.3254301385672893,0.5561474191479109,0.0363450987710138,0.0475078234858754,0.0193821212691298,lgbm,1
London,lightgbm_quantile,0.8,1.0,2013-04,rolling_global_norm,719519,0.7969018191319479,0.3276314694249553,0.5560590433410613,0.034157066104265,0.0459468670542437,0.0043023705338883,lgbm,1
London,lightgbm_quantile,0.8,1.0,2013-04,rolling_group_norm,719519,0.7969059885840402,0.3275802773027239,0.5560580781783522,0.0339498769261822,0.0458988286578988,0.0053174869332636,lgbm,1
London,lightgbm_quantile,0.8,1.0,2013-04,rolling_user_norm,719519,0.7946225186548236,0.3272712906030834,0.5563624711564996,0.0319511595742441,0.0469137504702588,0.0062633416067636,lgbm,1
London,lightgbm_quantile,0.8,1.0,2013-04,aci_global,719519,0.7993048133544771,0.3281396975293838,0.5560586090428475,0.0339336796037232,0.0456064088373312,0.0053101093706316,lgbm,1
London,lightgbm_quantile,0.8,1.0,2013-04,aci_segment,719519,0.7992575595640977,0.3279960028176931,0.5560542514877359,0.0337308119514893,0.0456481433097238,0.0010273440375602,lgbm,1
London,lightgbm_quantile,0.8,1.0,2013-04,aci_user,719519,0.8004180570631213,0.327728404324472,0.5535310820413347,0.0053717251504131,0.0076930835883164,0.0021077779378001,lgbm,1
London,lightgbm_quantile,0.8,1.0,2013-04,pid_global,719519,0.7999566376982401,0.3284619671385537,0.5560804124355605,0.0332476189040551,0.0445663930343931,0.0047763874651597,lgbm,1
London,lightgbm_quantile,0.8,1.0,2013-04,pid_segment,719519,0.7999371802551427,0.3288233189704868,0.5561756342300535,0.0327759861665989,0.0442411413493082,0.0001030910506883,lgbm,1
London,lightgbm_quantile,0.8,1.0,2013-04,pid_user,719519,0.7997856901624557,0.3393209238393863,0.5600133338276361,0.0006397817767817,0.0009295380642545,0.000258471907539,lgbm,1
London,lightgbm_quantile,0.8,1.0,2013-05,raw,743655,0.7763492479711694,0.2741594974508236,0.4871498797285997,0.0444218453724042,0.0556902355217851,0.0306468528009181,lgbm,2
London,lightgbm_quantile,0.8,1.0,2013-05,rolling_global_norm,743655,0.7951092912708178,0.2770782379626871,0.4869915836985882,0.0394865205883957,0.0521937753003374,0.0099069260666642,lgbm,2
London,lightgbm_quantile,0.8,1.0,2013-05,rolling_group_norm,743655,0.7950998783037834,0.2769957307424722,0.4869798301854545,0.0392877889131448,0.0520181771589092,0.0085815575925454,lgbm,2
London,lightgbm_quantile,0.8,1.0,2013-05,rolling_user_norm,743655,0.7882956478474561,0.2776388117389158,0.4881402320846547,0.0393049938498812,0.0707719516475257,0.0150864335391404,lgbm,2
London,lightgbm_quantile,0.8,1.0,2013-05,aci_global,743655,0.7994486690736968,0.2779109255333072,0.4869974675501969,0.0390123918393781,0.051797749641443,0.0147292158405454,lgbm,2
London,lightgbm_quantile,0.8,1.0,2013-05,aci_segment,743655,0.7994056383672536,0.2776406749229236,0.4869539263328836,0.0384391141740703,0.0513392213842729,0.0011903922982269,lgbm,2
London,lightgbm_quantile,0.8,1.0,2013-05,aci_user,743655,0.8000941296703444,0.2784251901587213,0.4854965785853476,0.0047257550923357,0.0064266301806657,0.0015014424337791,lgbm,2
London,lightgbm_quantile,0.8,1.0,2013-05,pid_global,743655,0.7999744505180494,0.2782334706767155,0.4870259959020602,0.0385061387382346,0.0509729934620006,0.0142538683451349,lgbm,2
London,lightgbm_quantile,0.8,1.0,2013-05,pid_segment,743655,0.7999583140031332,0.2784234786038551,0.4871174323815416,0.0374244619422144,0.0498261922387903,7.101156241706708e-05,lgbm,2
London,lightgbm_quantile,0.8,1.0,2013-05,pid_user,743655,0.7998278771742273,0.2905069000228941,0.4928584127151881,0.0006733786181225,0.0008904495611091,0.0001978748243861,lgbm,2
London,lightgbm_quantile,0.8,1.0,2013-06,raw,719179,0.7781692735744509,0.2537537562973354,0.4509037406620534,0.0466964191926993,0.0634698964639646,0.0259469549661662,lgbm,3
London,lightgbm_quantile,0.8,1.0,2013-06,rolling_global_norm,719179,0.7989415708745667,0.2570674784789312,0.4507454200320204,0.0424144679113881,0.0598704961444212,0.0118817750677506,lgbm,3
London,lightgbm_quantile,0.8,1.0,2013-06,rolling_group_norm,719179,0.7987455139819155,0.2568087857820277,0.45071612555214,0.0416938413411703,0.0593797014726401,0.0030149051490515,lgbm,3
London,lightgbm_quantile,0.8,1.0,2013-06,rolling_user_norm,719179,0.7979014960114241,0.257541511359061,0.4496994645566198,0.0279995854172746,0.040054055493459,0.0095020325203252,lgbm,3
London,lightgbm_quantile,0.8,1.0,2013-06,aci_global,719179,0.8002722548906461,0.2572875687881709,0.4507470477366125,0.0423822100203441,0.0597355533884115,0.0138380758807588,lgbm,3
London,lightgbm_quantile,0.8,1.0,2013-06,aci_segment,719179,0.8002138549651756,0.257102093134838,0.4507141943472765,0.0416471944345211,0.0591488615512296,0.0004996612466123,lgbm,3
London,lightgbm_quantile,0.8,1.0,2013-06,aci_user,719179,0.8012428060329904,0.2577406190054166,0.4489981960978506,0.0048793196891641,0.0065934236835115,0.0015293737181875,lgbm,3
London,lightgbm_quantile,0.8,1.0,2013-06,pid_global,719179,0.799992769533037,0.2574692319105661,0.4507813415536069,0.04184440220433,0.0586490518471686,0.0128218157181571,lgbm,3
London,lightgbm_quantile,0.8,1.0,2013-06,pid_segment,719179,0.799989988584205,0.2576395012568268,0.4508697888136366,0.0409890759961219,0.0575260801200808,9.988415075956604e-05,lgbm,3
London,lightgbm_quantile,0.8,1.0,2013-06,pid_user,719179,0.7998898744262555,0.2680230665282728,0.4559513461341122,0.0006978292770282,0.0009849273027171,0.0001490075035921,lgbm,3
London,lightgbm_quantile,0.8,1.0,2013-07,raw,743552,0.7958905362368738,0.2326944274106291,0.3995988607812089,0.0474591815642551,0.066881500830415,0.0048337922895358,lgbm,4
London,lightgbm_quantile,0.8,1.0,2013-07,rolling_global_norm,743552,0.8158017193148562,0.2364040744315765,0.3997868797477519,0.0484653107669883,0.0624053037717543,0.0291863362182008,lgbm,4
London,lightgbm_quantile,0.8,1.0,2013-07,rolling_group_norm,743552,0.8156093992081254,0.2361719784482953,0.3997172837109208,0.0475299224579899,0.0613509454464297,0.0197355921469284,lgbm,4
London,lightgbm_quantile,0.8,1.0,2013-07,rolling_user_norm,743552,0.8142739176278189,0.2366429843047595,0.3987737845627966,0.0381437438232902,0.0538334464762952,0.0197355921469284,lgbm,4
London,lightgbm_quantile,0.8,1.0,2013-07,aci_global,743552,0.8025289421587193,0.2338125138921633,0.3995965677445446,0.0464562601810231,0.0644540793234001,0.0066155258326776,lgbm,4
London,lightgbm_quantile,0.8,1.0,2013-07,aci_segment,743552,0.8025222176794629,0.2337605589806032,0.3995798303475824,0.0463248392237168,0.064306969545201,0.00368508549715,lgbm,4
London,lightgbm_quantile,0.8,1.0,2013-07,aci_user,743552,0.8041589559304527,0.2328404896840786,0.3972920701199071,0.0070280911894818,0.0099719824013203,0.0059095946801772,lgbm,4
London,lightgbm_quantile,0.8,1.0,2013-07,pid_global,743552,0.8000193665002582,0.2333033583360823,0.3996439448933258,0.0463656453727821,0.0648820459502538,0.0012666244458517,lgbm,4
London,lightgbm_quantile,0.8,1.0,2013-07,pid_segment,743552,0.8000086073334481,0.2334436199645775,0.3996904228368486,0.0460213419035995,0.0643632273135,3.442171518486248e-05,lgbm,4
London,lightgbm_quantile,0.8,1.0,2013-07,pid_user,743552,0.7999023605611981,0.2394055995042614,0.4029642954619755,0.000783532141313,0.0010683229927502,0.0001345788473717,lgbm,4
London,lightgbm_quantile,0.8,1.0,2013-08,raw,743860,0.7884091092409862,0.229618673629653,0.3953532143667359,0.0484420279602714,0.0667671485407618,0.012039586359399,lgbm,5
London,lightgbm_quantile,0.8,1.0,2013-08,rolling_global_norm,743860,0.8018659425160648,0.2315653869919988,0.3953392760546718,0.0461330560064945,0.0622234518626373,0.0115711557220495,lgbm,5
London,lightgbm_quantile,0.8,1.0,2013-08,rolling_group_norm,743860,0.8018202349904552,0.2314978495397471,0.395313240503384,0.0456450128517019,0.061784140220583,0.0047071200034802,lgbm,5
London,lightgbm_quantile,0.8,1.0,2013-08,rolling_user_norm,743860,0.8008523109187212,0.2310230378940098,0.3940003418709672,0.0295702833516979,0.0448346258404268,0.0046161573416755,lgbm,5
London,lightgbm_quantile,0.8,1.0,2013-08,aci_global,743860,0.7997526416261125,0.2312141398871963,0.3953320153891042,0.0461316155083854,0.0626853729148452,0.0082021099571286,lgbm,5
London,lightgbm_quantile,0.8,1.0,2013-08,aci_segment,743860,0.7997754953889172,0.2312258464325082,0.3953085443069664,0.0457817417318917,0.0624445382212095,0.0006146074966939,lgbm,5
London,lightgbm_quantile,0.8,1.0,2013-08,aci_user,743860,0.8009867448175731,0.2303078965451316,0.3931997776741913,0.004846479258109,0.0078457631233749,0.001547156230349,lgbm,5
London,lightgbm_quantile,0.8,1.0,2013-08,pid_global,743860,0.7999744575592181,0.231361312698956,0.3953941857467495,0.0456435087695413,0.0616865309949216,0.0064806997122784,lgbm,5
London,lightgbm_quantile,0.8,1.0,2013-08,pid_segment,743860,0.7999435377624822,0.2315433027022136,0.3954782779526332,0.0452135132195887,0.0610959381970315,0.000113274221172,lgbm,5
London,lightgbm_quantile,0.8,1.0,2013-08,pid_user,743860,0.7998790094910333,0.2373266821194117,0.3985578296259343,0.0007748029410594,0.0009914947319771,0.0001647625035229,lgbm,5
London,lightgbm_quantile,0.8,1.0,2013-09,raw,719609,0.7784213371428095,0.2594626608986504,0.4607330935554144,0.0456574184708767,0.0647663725777189,0.0225909110196461,lgbm,6
London,lightgbm_quantile,0.8,1.0,2013-09,rolling_global_norm,719609,0.7857155760975753,0.2605119462507074,0.4606436620627132,0.0434892724409984,0.0618225046223554,0.0164779507751264,lgbm,6
London,lightgbm_quantile,0.8,1.0,2013-09,rolling_group_norm,719609,0.7856780557219267,0.2605311022408832,0.4606350783977724,0.0434063488823664,0.0617341628865663,0.0161928104575164,lgbm,6
London,lightgbm_quantile,0.8,1.0,2013-09,rolling_user_norm,719609,0.7815925037068742,0.2592261143873318,0.4596661983337289,0.0353012708877478,0.0472879757123257,0.0191503267973857,lgbm,6
London,lightgbm_quantile,0.8,1.0,2013-09,aci_global,719609,0.7980431039634024,0.2626700887878894,0.4605820008004794,0.0422446011934865,0.0588753079476682,0.0085614078336238,lgbm,6
London,lightgbm_quantile,0.8,1.0,2013-09,aci_segment,719609,0.7980431039634024,0.2625855825002143,0.4605425350983018,0.0419613765807315,0.0583833129168762,0.0023080065359477,lgbm,6
London,lightgbm_quantile,0.8,1.0,2013-09,aci_user,719609,0.7987532118136377,0.2632010643190955,0.4585280388092166,0.0055465952033075,0.0073024911158271,0.0016718292527687,lgbm,6
London,lightgbm_quantile,0.8,1.0,2013-09,pid_global,719609,0.7998899402314312,0.2631415524348287,0.4606393188128233,0.0420734462656147,0.0581410958282145,0.0101752450460389,lgbm,6
London,lightgbm_quantile,0.8,1.0,2013-09,pid_segment,719609,0.799860757717038,0.26330259455978,0.4606605203581214,0.0411145788117869,0.0569145485837799,0.0001742423817981,lgbm,6
London,lightgbm_quantile,0.8,1.0,2013-09,pid_user,719609,0.7996842729871361,0.2718036485614242,0.4638646343638868,0.0008329193737656,0.0011263590412552,0.0003563284721016,lgbm,6
London,lightgbm_quantile,0.8,1.0,2013-10,raw,743344,0.7785116984868379,0.2878113524031092,0.5060440196240739,0.0455232987740504,0.0619396501412632,0.0265718660605125,lgbm,7
London,lightgbm_quantile,0.8,1.0,2013-10,rolling_global_norm,743344,0.7939984717708086,0.2905204489662504,0.5058869367875528,0.0411187241380709,0.0577066295261845,0.0081054539141003,lgbm,7
London,lightgbm_quantile,0.8,1.0,2013-10,rolling_group_norm,743344,0.7942029531414796,0.2904638790513434,0.505874638195636,0.0409083515231616,0.0573453936477254,0.010365552086919,lgbm,7
London,lightgbm_quantile,0.8,1.0,2013-10,rolling_user_norm,743344,0.7917020921672873,0.2904728641464786,0.5047603284715929,0.0288005368099611,0.0417813318368678,0.0131035328656609,lgbm,7
London,lightgbm_quantile,0.8,1.0,2013-10,aci_global,743344,0.7992409974386018,0.291566100614457,0.5058819148236361,0.0404916472881249,0.0566947341940767,0.0074712879241229,lgbm,7
London,lightgbm_quantile,0.8,1.0,2013-10,aci_segment,743344,0.7992463785273036,0.2914037784623266,0.5058573965411122,0.040174560209471,0.0563449453133476,0.0018390368005191,lgbm,7
London,lightgbm_quantile,0.8,1.0,2013-10,aci_user,743344,0.8005001721948385,0.292217733991487,0.5038652202010387,0.005561269614123,0.0087950081192858,0.0011480782168977,lgbm,7
London,lightgbm_quantile,0.8,1.0,2013-10,pid_global,743344,0.7999391936976689,0.2917603317499861,0.5058749159548709,0.0400481524158898,0.056080332773536,0.0067417019846376,lgbm,7
London,lightgbm_quantile,0.8,1.0,2013-10,pid_segment,743344,0.7999432295141953,0.2920800143135966,0.5059700365549653,0.0395346189475792,0.0552179250092894,0.0001337337432392,lgbm,7
London,lightgbm_quantile,0.8,1.0,2013-10,pid_user,743344,0.7998921091715275,0.3004547698109127,0.5085774736429023,0.0010081672162125,0.0019952334730017,0.0002836367809685,lgbm,7
London,lightgbm_quantile,0.8,1.0,2013-11,raw,719128,0.7730543102201555,0.3462742447617437,0.6126454834011817,0.0474423175794425,0.068558949372626,0.042802571508432,lgbm,8
London,lightgbm_quantile,0.8,1.0,2013-11,rolling_global_norm,719128,0.7937210065523801,0.3502218408129811,0.6122988172850768,0.0415710067179623,0.0643784756016899,0.0136062949442247,lgbm,8
London,lightgbm_quantile,0.8,1.0,2013-11,rolling_group_norm,719128,0.7938280806754847,0.3500595850234066,0.6123271309075815,0.0415912708435148,0.0645917074333322,0.0226184325317839,lgbm,8
London,lightgbm_quantile,0.8,1.0,2013-11,rolling_user_norm,719128,0.7894797588190141,0.3508479955711796,0.6111021697948463,0.0330712052105148,0.0522518075804125,0.0245157246554805,lgbm,8
London,lightgbm_quantile,0.8,1.0,2013-11,aci_global,719128,0.7995238677954412,0.3516390230909836,0.6122732629008947,0.0414518189845321,0.0638772854942079,0.0057460847174813,lgbm,8
London,lightgbm_quantile,0.8,1.0,2013-11,aci_segment,719128,0.7995141337842498,0.3519567792611104,0.6122649614350179,0.0409515699703735,0.0634992712979939,0.0032304786427586,lgbm,8
London,lightgbm_quantile,0.8,1.0,2013-11,aci_user,719128,0.8008685519128722,0.3545624070600736,0.6094754609708481,0.0065154273704492,0.0101933938917858,0.0016472106858232,lgbm,8
London,lightgbm_quantile,0.8,1.0,2013-11,pid_global,719128,0.8000189117931717,0.3517972753188267,0.6122666348192871,0.0409097590314356,0.0627278777315842,0.0067370810499479,lgbm,8
London,lightgbm_quantile,0.8,1.0,2013-11,pid_segment,719128,0.8000258646583084,0.3528360652186939,0.6123540083726854,0.0400460043594927,0.0615632468244895,7.284246546335194e-05,lgbm,8
London,lightgbm_quantile,0.8,1.0,2013-11,pid_user,719128,0.799941039703641,0.3623831991119294,0.6137377998959463,0.0009572263204874,0.0014895481887398,0.0001920680002451,lgbm,8
London,lightgbm_quantile,0.8,1.0,2013-12,raw,743352,0.7752410701794036,0.363949820158844,0.6221828086652439,0.0499916952965844,0.0788634075255044,0.0374358469837834,lgbm,9
London,lightgbm_quantile,0.8,1.0,2013-12,rolling_global_norm,743352,0.8004754140703193,0.3687727197328605,0.6219455754354903,0.0451851420370649,0.0690525255422438,0.0075573482873398,lgbm,9
London,lightgbm_quantile,0.8,1.0,2013-12,rolling_group_norm,743352,0.8006704764364662,0.3688192644172796,0.62193783976626,0.0447212858093904,0.0688168522994191,0.0063685703510584,lgbm,9
London,lightgbm_quantile,0.8,1.0,2013-12,rolling_user_norm,743352,0.7973692140466427,0.3695178131994346,0.6205063295307099,0.0317092786159303,0.0468641661721804,0.0063093928772066,lgbm,9
London,lightgbm_quantile,0.8,1.0,2013-12,aci_global,743352,0.8002373034578504,0.3686998173546555,0.6219427583823557,0.0451099075781584,0.0690206376644266,0.0072458064833488,lgbm,9
London,lightgbm_quantile,0.8,1.0,2013-12,aci_segment,743352,0.8002561370656163,0.3685332630148499,0.6219224215394302,0.0444092201617932,0.0686805926938373,0.0007608178792201,lgbm,9
London,lightgbm_quantile,0.8,1.0,2013-12,aci_user,743352,0.8016780744519421,0.370967843488364,0.6181324723991606,0.0066078807667012,0.0119960234386524,0.0021496858485344,lgbm,9
London,lightgbm_quantile,0.8,1.0,2013-12,pid_global,743352,0.7998902269718787,0.3688232028905374,0.6219524050169681,0.0438597418950746,0.0670544759011993,0.0037368619541868,lgbm,9
London,lightgbm_quantile,0.8,1.0,2013-12,pid_segment,743352,0.7999104058373422,0.369354809648785,0.6220390323667221,0.0432168393918738,0.0660526217959698,0.0001020706898871,lgbm,9
London,lightgbm_quantile,0.8,1.0,2013-12,pid_user,743352,0.7998592860448347,0.3784309381892482,0.6219838473238571,0.0009629715438708,0.0013684230375013,0.0004197615885352,lgbm,9
London,lightgbm_quantile,0.8,1.0,2014-01,raw,743095,0.7784105666166506,0.362363935109993,0.6229477339956113,0.0473034586287967,0.0737620211229472,0.0349379202243946,lgbm,10
London,lightgbm_quantile,0.8,1.0,2014-01,rolling_global_norm,743095,0.8036563292714929,0.3674091899529406,0.6227281162153454,0.0426546980928266,0.0596619069772524,0.0074874346025932,lgbm,10
London,lightgbm_quantile,0.8,1.0,2014-01,rolling_group_norm,743095,0.8036724779469651,0.3674661008373635,0.6227268817708613,0.042557795927229,0.059453555452916,0.0046528894938744,lgbm,10
London,lightgbm_quantile,0.8,1.0,2014-01,rolling_user_norm,743095,0.7996151232345797,0.3695304319091982,0.6209876630173171,0.0304529769428744,0.0522618823264638,0.0047042633375119,lgbm,10
London,lightgbm_quantile,0.8,1.0,2014-01,aci_global,743095,0.8000174943984282,0.3664274543886222,0.6227213250908034,0.0424201374761899,0.0599875430385716,0.0028250888772011,lgbm,10
London,lightgbm_quantile,0.8,1.0,2014-01,aci_segment,743095,0.8000309516279883,0.3665544007741296,0.6227206074034893,0.0425273671319889,0.059913604729919,0.0012622200222743,lgbm,10
London,lightgbm_quantile,0.8,1.0,2014-01,aci_user,743095,0.8016538935129425,0.3683228240419292,0.6187355480924652,0.0057163871865336,0.0112695146424776,0.0043228973311882,lgbm,10
London,lightgbm_quantile,0.8,1.0,2014-01,pid_global,743095,0.8000376802427684,0.3665366641971997,0.6227324795188975,0.0415292975771562,0.0584317425102544,0.002678772683953,lgbm,10
London,lightgbm_quantile,0.8,1.0,2014-01,pid_segment,743095,0.8000161486754722,0.3672385767940042,0.6228028810088043,0.041133267197993,0.0578648947775022,0.0001237470610072,lgbm,10
London,lightgbm_quantile,0.8,1.0,2014-01,pid_user,743095,0.7999488625276714,0.3789727853900568,0.6239566060997783,0.0009136553908042,0.001235204001877,0.0001565978716926,lgbm,10
Ausgrid,lightgbm_quantile,0.8,1.0,2012-07,raw,444912,0.7672483547308232,0.5900453044611073,0.9875725129869316,0.0463138778005538,0.0551009008265079,0.0464488636363636,lgbm,0
Ausgrid,lightgbm_quantile,0.8,1.0,2012-07,rolling_global_norm,444912,0.7903473046355234,0.5961529663429094,0.987035303522908,0.0392171935124249,0.0514124926512705,0.0161443595548009,lgbm,0
Ausgrid,lightgbm_quantile,0.8,1.0,2012-07,rolling_group_norm,444912,0.7905248678390333,0.5958990484177601,0.9870107291276692,0.0389461286726363,0.0505951368251905,0.0143282624633431,lgbm,0
Ausgrid,lightgbm_quantile,0.8,1.0,2012-07,rolling_user_norm,444912,0.7910418240011508,0.5967308885848074,0.9856568742933758,0.0269491494947315,0.0382957349076215,0.0137707722385141,lgbm,0
Ausgrid,lightgbm_quantile,0.8,1.0,2012-07,aci_global,444912,0.797773492286115,0.5988317838438,0.9869729887278204,0.0385447009745747,0.0510548547157906,0.0093296076212036,lgbm,0
Ausgrid,lightgbm_quantile,0.8,1.0,2012-07,aci_segment,444912,0.7978544071636638,0.5982596192732667,0.986934098057494,0.0383118459380731,0.0505767165547918,0.0029875366568915,lgbm,0
Ausgrid,lightgbm_quantile,0.8,1.0,2012-07,aci_user,444912,0.7988613478620491,0.5997313697715224,0.98432391906263,0.0048301686625669,0.0065526974603384,0.0023384042033236,lgbm,0
Ausgrid,lightgbm_quantile,0.8,1.0,2012-07,pid_global,444912,0.7997176969827742,0.6013986698282638,0.9867625501566412,0.0377234149674542,0.0496369035246174,0.0072552932047444,lgbm,0
Ausgrid,lightgbm_quantile,0.8,1.0,2012-07,pid_segment,444912,0.7997154493472867,0.6012985766577686,0.9867741346903643,0.0367232171755313,0.0480952859779349,0.0004139173998045,lgbm,0
Ausgrid,lightgbm_quantile,0.8,1.0,2012-07,pid_user,444912,0.7994816952565901,0.6195780875528083,0.9941053548040756,0.000926475347934,0.0011722835875409,0.0006659335288368,lgbm,0
Ausgrid,lightgbm_quantile,0.8,1.0,2012-08,raw,444912,0.7757893695831984,0.5517756463329008,0.8977903774299724,0.044654223756608,0.0610487368651506,0.0393313172043011,lgbm,1
Ausgrid,lightgbm_quantile,0.8,1.0,2012-08,rolling_global_norm,444912,0.8071281511849534,0.5606638467964359,0.8975868864925733,0.0379953788614377,0.0489070653238196,0.0119249528877064,lgbm,1
Ausgrid,lightgbm_quantile,0.8,1.0,2012-08,rolling_group_norm,444912,0.8069685690653433,0.5600969433278394,0.8975463521971658,0.0379140144567914,0.0483451707743356,0.0081494057724956,lgbm,1
Ausgrid,lightgbm_quantile,0.8,1.0,2012-08,rolling_user_norm,444912,0.808285683460999,0.5613808815785815,0.8966500892406493,0.0258478081058726,0.0351583199686466,0.0116293988269794,lgbm,1
Ausgrid,lightgbm_quantile,0.8,1.0,2012-08,aci_global,444912,0.8018012550796562,0.5590263177061379,0.8974522826136252,0.0376528392131477,0.0492767558839884,0.0074354284447399,lgbm,1
Ausgrid,lightgbm_quantile,0.8,1.0,2012-08,aci_segment,444912,0.8017832739957564,0.5586641534477462,0.8974310468568137,0.0377283597655266,0.0489930539520654,0.0020375122189637,lgbm,1
Ausgrid,lightgbm_quantile,0.8,1.0,2012-08,aci_user,444912,0.8032419894271227,0.5589784076463379,0.8950072069430101,0.0056379688567626,0.007459899812694,0.0034045087976538,lgbm,1
Ausgrid,lightgbm_quantile,0.8,1.0,2012-08,pid_global,444912,0.7997918689538606,0.560167513547034,0.8970936502615311,0.0368257093537598,0.0480666931980541,0.006250692827846,lgbm,1
Ausgrid,lightgbm_quantile,0.8,1.0,2012-08,pid_segment,444912,0.7997918689538606,0.5600034014158797,0.8971731374953412,0.0363510087388067,0.0469103184669367,0.0002826737612238,lgbm,1
Ausgrid,lightgbm_quantile,0.8,1.0,2012-08,pid_user,444912,0.7996907253569245,0.5766973874084081,0.9055235976157504,0.0009368144711763,0.0012072753013448,0.000459738514174,lgbm,1
Ausgrid,lightgbm_quantile,0.8,1.0,2012-09,raw,430560,0.7868334262356002,0.4109556963587099,0.6434612487243528,0.0385056670382757,0.0514929144619183,0.0173374368686869,lgbm,2
Ausgrid,lightgbm_quantile,0.8,1.0,2012-09,rolling_global_norm,430560,0.8152104236343367,0.4186116690373967,0.6436674994609267,0.0406749349684132,0.0482347969877534,0.0259943181818181,lgbm,2
Ausgrid,lightgbm_quantile,0.8,1.0,2012-09,rolling_group_norm,430560,0.8146530100334448,0.4180925917921559,0.6435830355722605,0.0396576551467855,0.0475370233886952,0.0250552398989898,lgbm,2
Ausgrid,lightgbm_quantile,0.8,1.0,2012-09,rolling_user_norm,430560,0.8142767558528428,0.4186851842692227,0.6435365521608878,0.0353748606465997,0.0451739052813698,0.0277777777777776,lgbm,2
Ausgrid,lightgbm_quantile,0.8,1.0,2012-09,aci_global,430560,0.8028288740245262,0.4148891982489144,0.6434042403460445,0.0375371609067261,0.0494461377496156,0.0087989267676766,lgbm,2
Ausgrid,lightgbm_quantile,0.8,1.0,2012-09,aci_segment,430560,0.8027313266443701,0.4146861013540761,0.6433611983042268,0.0372584541062801,0.0491346276169169,0.004537563131313,lgbm,2
Ausgrid,lightgbm_quantile,0.8,1.0,2012-09,aci_user,430560,0.8036580267558529,0.4144347621781848,0.6414552926639503,0.0062360646599777,0.0069690889487934,0.0054292929292928,lgbm,2
Ausgrid,lightgbm_quantile,0.8,1.0,2012-09,pid_global,430560,0.8000092902266815,0.4144903393455171,0.6432310830921582,0.0359671125975473,0.0478125593539917,0.0069383528265107,lgbm,2
Ausgrid,lightgbm_quantile,0.8,1.0,2012-09,pid_segment,430560,0.7999930323299889,0.41449685997191,0.643299422077791,0.0354166666666666,0.0466217286139711,3.945707070707183e-05,lgbm,2
Ausgrid,lightgbm_quantile,0.8,1.0,2012-09,pid_user,430560,0.7999187105165366,0.4282131183851651,0.6520275022973774,0.0006201226309921,0.0009477454243527,0.0001340155945419,lgbm,2
Ausgrid,lightgbm_quantile,0.8,1.0,2012-10,raw,444912,0.7797092458733412,0.3709421777677003,0.60365527843066,0.040818858560794,0.0537333582919528,0.0238132331378299,lgbm,3
Ausgrid,lightgbm_quantile,0.8,1.0,2012-10,rolling_global_norm,444912,0.7970924587334125,0.3752912063739654,0.6034666449270617,0.0366346603373251,0.0482929225623301,0.0103671477079796,lgbm,3
Ausgrid,lightgbm_quantile,0.8,1.0,2012-10,rolling_group_norm,444912,0.7968384759233287,0.3749659216437284,0.6034504618987951,0.0364615924047901,0.0483484236178626,0.0054788826072498,lgbm,3
Ausgrid,lightgbm_quantile,0.8,1.0,2012-10,rolling_user_norm,444912,0.7951460064012659,0.3746521455102637,0.6026868330308179,0.02739418132125,0.0377684981617178,0.0068091120718324,lgbm,3
Ausgrid,lightgbm_quantile,0.8,1.0,2012-10,aci_global,444912,0.8001762146222174,0.3762477478090893,0.6034434611295084,0.0368126730679325,0.0479182991369127,0.0079619411431806,lgbm,3
Ausgrid,lightgbm_quantile,0.8,1.0,2012-10,aci_segment,444912,0.8001986909770921,0.3761012682166139,0.6034182454746541,0.0363451648865393,0.0477692875792825,0.0006705156402736,lgbm,3
Ausgrid,lightgbm_quantile,0.8,1.0,2012-10,aci_user,444912,0.8012798036465638,0.3762173306797408,0.6016011001326272,0.0052302477793361,0.0070344283436239,0.002106243890518,lgbm,3
Ausgrid,lightgbm_quantile,0.8,1.0,2012-10,pid_global,444912,0.8000863092027187,0.3768292023400216,0.6033504982377677,0.0364665372028625,0.0473870618270891,0.0071719958498397,lgbm,3
Ausgrid,lightgbm_quantile,0.8,1.0,2012-10,pid_segment,444912,0.8000885568382062,0.3768823836277339,0.603429542132144,0.0360480274750961,0.047110334620133,0.0001130254154447,lgbm,3
Ausgrid,lightgbm_quantile,0.8,1.0,2012-10,pid_user,444912,0.8000368612219945,0.3893396411707208,0.6101071153524751,0.0006751897004351,0.0008795408637572,0.0001320505564986,lgbm,3
Ausgrid,lightgbm_quantile,0.8,1.0,2012-11,raw,430560,0.7778753251579339,0.3623329857673456,0.6079622496893056,0.0418989223337049,0.054994937360815,0.0240609217171717,lgbm,4
Ausgrid,lightgbm_quantile,0.8,1.0,2012-11,rolling_global_norm,430560,0.7931832961724266,0.3663617040334639,0.6077222454178571,0.0370517465626161,0.0517320602413389,0.0116593567251462,lgbm,4
Ausgrid,lightgbm_quantile,0.8,1.0,2012-11,rolling_group_norm,430560,0.792985878855444,0.36623742139381,0.6077126334295578,0.0369611668524712,0.0520945731394639,0.0098563762626262,lgbm,4
Ausgrid,lightgbm_quantile,0.8,1.0,2012-11,rolling_user_norm,430560,0.7932251021924935,0.3660661309671306,0.6066329793118836,0.0253553511705685,0.0350388567680646,0.0105350378787879,lgbm,4
Ausgrid,lightgbm_quantile,0.8,1.0,2012-11,aci_global,430560,0.7994704570791528,0.3681392625625638,0.6077051325089402,0.0361993682645856,0.0503680631026349,0.0070601851851852,lgbm,4
Ausgrid,lightgbm_quantile,0.8,1.0,2012-11,aci_segment,430560,0.7994449089557785,0.3681256330958188,0.6076698842803642,0.0361505945745076,0.0504757951240078,0.0018685567010309,lgbm,4
Ausgrid,lightgbm_quantile,0.8,1.0,2012-11,aci_user,430560,0.8003948346339651,0.367098497419988,0.6057683949792882,0.0051839464882943,0.0069483155878789,0.0016751949317738,lgbm,4
Ausgrid,lightgbm_quantile,0.8,1.0,2012-11,pid_global,430560,0.799672519509476,0.3683407527298408,0.6076129531121427,0.0359229840208101,0.0498464190725685,0.0067495126705653,lgbm,4
Ausgrid,lightgbm_quantile,0.8,1.0,2012-11,pid_segment,430560,0.7996632292827945,0.3685521045315294,0.6076545471565561,0.035370215533259,0.0494968393040567,0.0007016036655211,lgbm,4
Ausgrid,lightgbm_quantile,0.8,1.0,2012-11,pid_user,430560,0.7992707172054998,0.3780423168063716,0.6130505446863347,0.0013145670754366,0.0017853467594312,0.0010524054982817,lgbm,4
Ausgrid,lightgbm_quantile,0.8,1.0,2012-12,raw,444912,0.7796238357248175,0.3952224260170045,0.6600768133046961,0.0438954220160391,0.0614342230646676,0.0216268156951519,lgbm,5
Ausgrid,lightgbm_quantile,0.8,1.0,2012-12,rolling_global_norm,444912,0.8000908044736936,0.401108331806177,0.659851026328109,0.0397678642068543,0.0555359055582296,0.0093001588465297,lgbm,5
Ausgrid,lightgbm_quantile,0.8,1.0,2012-12,rolling_group_norm,444912,0.7999222318121336,0.4010363710345866,0.6598288545736664,0.0396613262847484,0.0558852688744765,0.0036290322580645,lgbm,5
Ausgrid,lightgbm_quantile,0.8,1.0,2012-12,rolling_user_norm,444912,0.8006347322616607,0.4001942649048083,0.6587902967649849,0.0257165461934045,0.0348046842209546,0.0060954993903115,lgbm,5
Ausgrid,lightgbm_quantile,0.8,1.0,2012-12,aci_global,444912,0.8000166325026072,0.401017327260744,0.6598514621249877,0.0398375409069658,0.0556749439485308,0.009277248289345,lgbm,5
Ausgrid,lightgbm_quantile,0.8,1.0,2012-12,aci_segment,444912,0.8000593375768691,0.4012556403809376,0.6598237669729559,0.0394990470025533,0.0560867544836448,0.0008767106549364,lgbm,5
Ausgrid,lightgbm_quantile,0.8,1.0,2012-12,aci_user,444912,0.8013786996080123,0.3997499872236099,0.6576884893593351,0.0050351530190239,0.0073012950346425,0.0017320381231671,lgbm,5
Ausgrid,lightgbm_quantile,0.8,1.0,2012-12,pid_global,444912,0.7997783831409357,0.401334659038715,0.6596405860370311,0.0395291653180853,0.0552991681112603,0.009086326979472,lgbm,5
Ausgrid,lightgbm_quantile,0.8,1.0,2012-12,pid_segment,444912,0.7997626496925234,0.4016940590878556,0.659610594525176,0.0388948825835221,0.0554263900682166,0.0003727413812216,lgbm,5
Ausgrid,lightgbm_quantile,0.8,1.0,2012-12,pid_user,444912,0.7996277915632755,0.410674264592172,0.6629260883677534,0.0011166253101737,0.0014639994063798,0.0005182352289103,lgbm,5
Ausgrid,lightgbm_quantile,0.8,1.0,2013-01,raw,444912,0.7731191786240874,0.4413605133409093,0.7779631923455843,0.049177365411587,0.0720288953875453,0.0287786830728301,lgbm,6
Ausgrid,lightgbm_quantile,0.8,1.0,2013-01,rolling_global_norm,444912,0.7932467544143561,0.4472789974131369,0.7775243540410982,0.0436306505556155,0.0658464540399463,0.0120413601207319,lgbm,6
Ausgrid,lightgbm_quantile,0.8,1.0,2013-01,rolling_group_norm,444912,0.7931950587981443,0.4473876299414421,0.7775081162601631,0.0435672672348689,0.0662755609320414,0.0088737390533201,lgbm,6
Ausgrid,lightgbm_quantile,0.8,1.0,2013-01,rolling_user_norm,444912,0.7939187974251087,0.4460509425830024,0.7759647548830915,0.0279956485776962,0.0395621933719737,0.0101901119609799,lgbm,6
Ausgrid,lightgbm_quantile,0.8,1.0,2013-01,aci_global,444912,0.799211978998094,0.449289797265536,0.777508251961123,0.0432143884633365,0.0646662478555521,0.0091779692082111,lgbm,6
Ausgrid,lightgbm_quantile,0.8,1.0,2013-01,aci_segment,444912,0.799245693530406,0.4495192597744419,0.7774833482157342,0.0430539072895314,0.064772575131302,0.0012179913535085,lgbm,6
Ausgrid,lightgbm_quantile,0.8,1.0,2013-01,aci_user,444912,0.8005088646743626,0.4477004077776765,0.7748099953367777,0.0047191354694861,0.0068803143773147,0.0006920863987925,lgbm,6
Ausgrid,lightgbm_quantile,0.8,1.0,2013-01,pid_global,444912,0.7999312223540835,0.4519736928003557,0.7768754641115287,0.0427810443413528,0.0629592892739515,0.0092467008797653,lgbm,6
Ausgrid,lightgbm_quantile,0.8,1.0,2013-01,pid_segment,444912,0.7999267270831085,0.4525170549898487,0.7768671481293583,0.0420914697737979,0.0625567292933849,9.31695992180126e-05,lgbm,6
Ausgrid,lightgbm_quantile,0.8,1.0,2013-01,pid_user,444912,0.7997199446182616,0.46371035066264,0.7781751042668361,0.0009813176538281,0.0012575274495148,0.0002965303181465,lgbm,6
Ausgrid,lightgbm_quantile,0.8,1.0,2013-02,raw,401856,0.7802720377448639,0.3773386061765092,0.630284069083547,0.0467854156712852,0.0695104844975774,0.0236624053030303,lgbm,7
Ausgrid,lightgbm_quantile,0.8,1.0,2013-02,rolling_global_norm,401856,0.806935817805383,0.3845330551944709,0.6301545211579419,0.0426739926739926,0.0558804218245132,0.0149942505411254,lgbm,7
Ausgrid,lightgbm_quantile,0.8,1.0,2013-02,rolling_group_norm,401856,0.807226966873706,0.3848065167838249,0.6301375526813927,0.0425052755215798,0.0554129894858256,0.0109009502923975,lgbm,7
Ausgrid,lightgbm_quantile,0.8,1.0,2013-02,rolling_user_norm,401856,0.8010655558209906,0.3827044664017657,0.6284264307962734,0.0295772615066093,0.0565200352082107,0.004976663961039,lgbm,7
Ausgrid,lightgbm_quantile,0.8,1.0,2013-02,aci_global,401856,0.80145624303233,0.382788895812494,0.6300930608365977,0.042269867813346,0.0568025302864846,0.0084922889610389,lgbm,7
Ausgrid,lightgbm_quantile,0.8,1.0,2013-02,aci_segment,401856,0.8014786391145087,0.382986198954271,0.6300778555199326,0.0422096472368211,0.0567709344646763,0.0020898600668337,lgbm,7
Ausgrid,lightgbm_quantile,0.8,1.0,2013-02,aci_user,401856,0.8019564222009874,0.3815073602402214,0.6275908879481726,0.0051476150660933,0.0063814624673375,0.00281432748538,lgbm,7
Ausgrid,lightgbm_quantile,0.8,1.0,2013-02,pid_global,401856,0.7999980092371397,0.3823316584513266,0.6300765314090028,0.0417363433667781,0.0561367653677554,0.0057782061688311,lgbm,7
Ausgrid,lightgbm_quantile,0.8,1.0,2013-02,pid_segment,401856,0.8000228937728938,0.382673462624381,0.6300906992075573,0.0412296942188246,0.0555678329626588,0.000211708394698,lgbm,7
Ausgrid,lightgbm_quantile,0.8,1.0,2013-02,pid_user,401856,0.799920867176302,0.3934628998714959,0.6351656417336653,0.0008276596591814,0.0011132708319032,0.0002079951298701,lgbm,7
Ausgrid,lightgbm_quantile,0.8,1.0,2013-03,raw,444912,0.7837549897507822,0.374987114695157,0.6243265155383708,0.043693134822167,0.0588534702130505,0.0180932306940372,lgbm,8
Ausgrid,lightgbm_quantile,0.8,1.0,2013-03,rolling_global_norm,444912,0.806779767684396,0.381603467018302,0.6242502563930049,0.0408125651814291,0.0536804771547479,0.0138288123167155,lgbm,8
Ausgrid,lightgbm_quantile,0.8,1.0,2013-03,rolling_group_norm,444912,0.8067527960585464,0.3818584265149203,0.6242435846495445,0.0401976121120581,0.0533024403009742,0.0096801906662231,lgbm,8
Ausgrid,lightgbm_quantile,0.8,1.0,2013-03,rolling_user_norm,444912,0.8049794116589348,0.3797178954232325,0.6225374940244036,0.0244736037688351,0.0329888865545442,0.0088141558585522,lgbm,8
Ausgrid,lightgbm_quantile,0.8,1.0,2013-03,aci_global,444912,0.8007089042327471,0.3796152745698208,0.6241779313323746,0.0405567842629553,0.0549282761552661,0.0057261119257087,lgbm,8
Ausgrid,lightgbm_quantile,0.8,1.0,2013-03,aci_segment,444912,0.8007111518682346,0.3797776014582411,0.6241661001250816,0.040272233610242,0.0547771238655949,0.001636459372575,lgbm,8
Ausgrid,lightgbm_quantile,0.8,1.0,2013-03,aci_user,444912,0.8013584708886252,0.3782565135538164,0.6217592528504118,0.004312762973352,0.0059605792990045,0.0020798691941026,lgbm,8
Ausgrid,lightgbm_quantile,0.8,1.0,2013-03,pid_global,444912,0.800039108857482,0.3793498947981172,0.6241496742364786,0.0406242133275793,0.0550638482577292,0.0048784213098729,lgbm,8
Ausgrid,lightgbm_quantile,0.8,1.0,2013-03,pid_segment,444912,0.8000458517639444,0.3796837812294409,0.6242038235162722,0.039926996799367,0.0544503474275833,0.0002230905664559,lgbm,8
Ausgrid,lightgbm_quantile,0.8,1.0,2013-03,pid_user,444912,0.7999424605315208,0.3900705850174953,0.629501500366916,0.0007623979573488,0.0009539405628399,0.000184811827957,lgbm,8
Ausgrid,lightgbm_quantile,0.8,1.0,2013-04,raw,430560,0.777457264957265,0.368052850642862,0.598108669814273,0.0444258639910814,0.0581644034787792,0.0238852339181286,lgbm,9
Ausgrid,lightgbm_quantile,0.8,1.0,2013-04,rolling_global_norm,430560,0.7942563173541435,0.3725225823271034,0.5978286562346962,0.0402243589743589,0.0544141245170851,0.0116532651072125,lgbm,9
Ausgrid,lightgbm_quantile,0.8,1.0,2013-04,rolling_group_norm,430560,0.79423541434411,0.3727064802900668,0.5978177510163615,0.0403010033444816,0.0543704140133677,0.0093384502923976,lgbm,9
Ausgrid,lightgbm_quantile,0.8,1.0,2013-04,rolling_user_norm,430560,0.7913368636194723,0.370888923442457,0.5970679365733601,0.0293060200668896,0.0393031779790789,0.0137548732943469,lgbm,9
Ausgrid,lightgbm_quantile,0.8,1.0,2013-04,aci_global,430560,0.7993961352657005,0.3740325000052215,0.5978026361423434,0.0401198439241917,0.0534327379511906,0.0079069200779727,lgbm,9
Ausgrid,lightgbm_quantile,0.8,1.0,2013-04,aci_segment,430560,0.799356651802304,0.3741043280229167,0.5977777288045341,0.0399642326272761,0.0530854506775272,0.001297514619883,lgbm,9
Ausgrid,lightgbm_quantile,0.8,1.0,2013-04,aci_user,430560,0.8003089000371609,0.3733269209799782,0.5956368168042948,0.0051862690449647,0.0072507511285177,0.001073883161512,lgbm,9
Ausgrid,lightgbm_quantile,0.8,1.0,2013-04,pid_global,430560,0.7999674842066147,0.3742843713768591,0.597733526428268,0.0400083612040133,0.0530677187720016,0.0070906432748538,lgbm,9
Ausgrid,lightgbm_quantile,0.8,1.0,2013-04,pid_segment,430560,0.7999651616499442,0.3742863763973449,0.5978011801670096,0.0395926235600148,0.0525747479742589,9.746588693959612e-05,lgbm,9
Ausgrid,lightgbm_quantile,0.8,1.0,2013-04,pid_user,430560,0.7999187105165366,0.3844692468662787,0.6036337304322071,0.000722315124489,0.0009861106286353,0.0002010233918129,lgbm,9
Ausgrid,lightgbm_quantile,0.8,1.0,2013-05,raw,444912,0.7686171647426907,0.4392099123919797,0.7346082188542785,0.0503996295896716,0.0591212966382839,0.0337564149560117,lgbm,10
Ausgrid,lightgbm_quantile,0.8,1.0,2013-05,rolling_global_norm,444912,0.7883671377710648,0.4443708518688767,0.7341114765669166,0.0419031179199482,0.0542612987193326,0.0164626957177891,lgbm,10
Ausgrid,lightgbm_quantile,0.8,1.0,2013-05,rolling_group_norm,444912,0.7883603948646024,0.4443832108589703,0.7341012853156808,0.0417696083719926,0.0542121083141859,0.0131674608993157,lgbm,10
Ausgrid,lightgbm_quantile,0.8,1.0,2013-05,rolling_user_norm,444912,0.7835482072859352,0.4430764254941681,0.7327517345057389,0.0308941993023339,0.0469169433177159,0.016909518572825,lgbm,10
Ausgrid,lightgbm_quantile,0.8,1.0,2013-05,aci_global,444912,0.7984792498291797,0.4475125023076318,0.7340085498078243,0.0405513899377854,0.0523852744748881,0.0082508017355216,lgbm,10
Ausgrid,lightgbm_quantile,0.8,1.0,2013-05,aci_segment,444912,0.7984635163807674,0.4474908736239147,0.7339880383007636,0.0403270759161362,0.0523386390878116,0.0021533089457932,lgbm,10
Ausgrid,lightgbm_quantile,0.8,1.0,2013-05,aci_user,444912,0.7990164347106844,0.4473358168974716,0.7315247689114028,0.0047793721005502,0.0065967730141052,0.0017098991242656,lgbm,10
Ausgrid,lightgbm_quantile,0.8,1.0,2013-05,pid_global,444912,0.800034613586507,0.4484338789871263,0.7340075993802606,0.0405352069622756,0.052096981171933,0.0071312927663733,lgbm,10
Ausgrid,lightgbm_quantile,0.8,1.0,2013-05,pid_segment,444912,0.8000458517639444,0.4485106238296406,0.7340539490135931,0.0399584636961916,0.0517132277356905,0.0001379456706281,lgbm,10
Ausgrid,lightgbm_quantile,0.8,1.0,2013-05,pid_user,444912,0.7999784226993203,0.4592438661599226,0.7387541981126857,0.0008073506670982,0.0010396231367335,0.0001542644183774,lgbm,10
Ausgrid,lightgbm_quantile,0.8,1.0,2013-06,raw,430560,0.7611482720178372,0.5571408523978555,0.9493792317914518,0.0546125975473801,0.0614004441472803,0.0439236111111112,lgbm,11
Ausgrid,lightgbm_quantile,0.8,1.0,2013-06,rolling_global_norm,430560,0.7880968970642883,0.5647936699727094,0.9484923478783398,0.0427327201783723,0.0551534023778454,0.0165021929824561,lgbm,11
Ausgrid,lightgbm_quantile,0.8,1.0,2013-06,rolling_group_norm,430560,0.7880829617242661,0.5648143669983011,0.948483267720218,0.0424586584912672,0.0554806649617044,0.0154750631313131,lgbm,11
Ausgrid,lightgbm_quantile,0.8,1.0,2013-06,rolling_user_norm,430560,0.7854189892233371,0.5642415321512665,0.9467195189708104,0.030309364548495,0.0433038587869474,0.0161512027491409,lgbm,11
Ausgrid,lightgbm_quantile,0.8,1.0,2013-06,aci_global,430560,0.7978887959866221,0.568323396110137,0.948378410029099,0.0410279635823114,0.053955042322535,0.0083881578947369,lgbm,11
Ausgrid,lightgbm_quantile,0.8,1.0,2013-06,aci_segment,430560,0.7978887959866221,0.5682835398708812,0.9483510613209536,0.0403869379412857,0.0537916979998037,0.0025173611111111,lgbm,11
Ausgrid,lightgbm_quantile,0.8,1.0,2013-06,aci_user,430560,0.7988596246748421,0.5697646493737528,0.9453730120648354,0.0059155518394649,0.0079480475115835,0.0017597853535353,lgbm,11
Ausgrid,lightgbm_quantile,0.8,1.0,2013-06,pid_global,430560,0.7997747120029729,0.5703874412022335,0.9482115303825228,0.0402986807878112,0.0532418309611628,0.0066154970760234,lgbm,11
Ausgrid,lightgbm_quantile,0.8,1.0,2013-06,pid_segment,430560,0.799781679672984,0.5706534391396183,0.948258712574256,0.0398179115570419,0.0528912234971956,0.0002919823232323,lgbm,11
Ausgrid,lightgbm_quantile,0.8,1.0,2013-06,pid_user,430560,0.799605165366035,0.5860104298145796,0.9522943719301964,0.0011241174284652,0.0014565374894104,0.0006234217171717,lgbm,11
UCI Electricity,lightgbm_quantile,0.8,1.0,2014-01,raw,1013452,0.8066874405497251,356.71982641010214,418.2759721686753,0.0439987290961979,0.0730016671001014,0.0311948556901451,lgbm,0
UCI Electricity,lightgbm_quantile,0.8,1.0,2014-01,rolling_global_norm,1013452,0.8096199918693732,356.71991498813566,418.2760072774485,0.042239198304409,0.0593455156279265,0.0161684493872635,lgbm,0
UCI Electricity,lightgbm_quantile,0.8,1.0,2014-01,rolling_group_norm,1013452,0.8071975781783449,353.75455028216135,416.9442483682002,0.0416363083796765,0.0590609253536158,0.0078780950976233,lgbm,0
UCI Electricity,lightgbm_quantile,0.8,1.0,2014-01,rolling_user_norm,1013452,0.8084230925588977,332.5711013788015,406.618439307458,0.0278355560993515,0.0413360554455985,0.0245974776930362,lgbm,0
UCI Electricity,lightgbm_quantile,0.8,1.0,2014-01,aci_global,1013452,0.8010236301275245,355.83110097514634,417.900638478502,0.0453450188070081,0.0780495981319147,0.0771048302676835,lgbm,0
UCI Electricity,lightgbm_quantile,0.8,1.0,2014-01,aci_segment,1013452,0.8014360818272597,352.4842696108899,416.4020312488468,0.0406426747394055,0.0585621708603782,0.0045461342904141,lgbm,0
UCI Electricity,lightgbm_quantile,0.8,1.0,2014-01,aci_user,1013452,0.8030000434159684,318.49697655825105,400.26557572500747,0.0061066532998109,0.0165300925376107,0.0187528039479586,lgbm,0
UCI Electricity,lightgbm_quantile,0.8,1.0,2014-01,pid_global,1013452,0.7999638858081093,355.0056233519946,417.6242137547025,0.0439367626685822,0.0711396083812086,0.0757963212202782,lgbm,0
UCI Electricity,lightgbm_quantile,0.8,1.0,2014-01,pid_segment,1013452,0.8000102619561656,350.9398897975233,416.0757346363368,0.0398377032163338,0.0553902514215999,7.726434375154856e-05,lgbm,0
UCI Electricity,lightgbm_quantile,0.8,1.0,2014-01,pid_user,1013452,0.7999767132533164,306.3711585852601,386.1229227856143,0.0005245438363139,0.0006800457563205,0.0003015801804496,lgbm,0
UCI Electricity,lightgbm_quantile,0.8,1.0,2014-02,raw,915244,0.8085264694442138,348.5743340499377,404.3843133558274,0.0437634117240866,0.0746127299971885,0.0297289838273445,lgbm,1
UCI Electricity,lightgbm_quantile,0.8,1.0,2014-02,rolling_global_norm,915244,0.8114601133686754,348.5744226279712,404.3843542303284,0.0420049735371114,0.0612291747286886,0.0184916464036394,lgbm,1
UCI Electricity,lightgbm_quantile,0.8,1.0,2014-02,rolling_group_norm,915244,0.8103576751117735,346.9720385904946,403.5301396913013,0.0415760168872999,0.0611243134923694,0.0128284571338928,lgbm,1
UCI Electricity,lightgbm_quantile,0.8,1.0,2014-02,rolling_user_norm,915244,0.8106264558959141,312.2024244338777,384.5449421610819,0.0272899904287818,0.0358971399486183,0.0209140586189766,lgbm,1
UCI Electricity,lightgbm_quantile,0.8,1.0,2014-02,aci_global,915244,0.801797116397376,347.4313674726636,403.84317998685947,0.0451936314250626,0.0828159540819571,0.0807722029033505,lgbm,1
UCI Electricity,lightgbm_quantile,0.8,1.0,2014-02,aci_segment,915244,0.8022647512575881,343.86133573626176,402.05789619006646,0.0403140583276153,0.0602938404300911,0.0029061102831594,lgbm,1
UCI Electricity,lightgbm_quantile,0.8,1.0,2014-02,aci_user,915244,0.8033813933770667,308.89572628781616,382.455754314587,0.0066836821656301,0.0161296675876271,0.0165397140806976,lgbm,1
UCI Electricity,lightgbm_quantile,0.8,1.0,2014-02,pid_global,915244,0.7999429660287312,346.6050350159835,403.4138967168274,0.0427638968406239,0.071757633514492,0.0715681404205994,lgbm,1
UCI Electricity,lightgbm_quantile,0.8,1.0,2014-02,pid_segment,915244,0.7999812071972064,342.6846531554607,401.5318488039972,0.039183430866523,0.0568571515995367,7.451564828619972e-05,lgbm,1
UCI Electricity,lightgbm_quantile,0.8,1.0,2014-02,pid_user,915244,0.7998686689014077,295.9325632468892,369.71567556361566,0.0005972177911027,0.0008250258874992,0.0005712866368604,lgbm,1
UCI Electricity,lightgbm_quantile,0.8,1.0,2014-03,raw,1013452,0.8007512935985128,345.2629925431478,409.82884441514807,0.0442730390783184,0.0739186685961712,0.0368775235531628,lgbm,2
UCI Electricity,lightgbm_quantile,0.8,1.0,2014-03,rolling_global_norm,1013452,0.7945063012357764,343.683723674772,409.2564708988826,0.0456412341186361,0.0788346985684978,0.069216390010468,lgbm,2
UCI Electricity,lightgbm_quantile,0.8,1.0,2014-03,rolling_group_norm,1013452,0.7924243082060127,339.37008613391345,407.5801456343797,0.0424296365294064,0.0605424742139414,0.0122304368935022,lgbm,2
UCI Electricity,lightgbm_quantile,0.8,1.0,2014-03,rolling_user_norm,1013452,0.791436594925068,303.5932997709195,397.9425278816023,0.0324682372722141,0.0431982747614613,0.0125546193698261,lgbm,2
UCI Electricity,lightgbm_quantile,0.8,1.0,2014-03,aci_global,1013452,0.7982785568532106,344.60109478324733,409.55863514221096,0.0446973314967063,0.0722844303733533,0.048791186880016,lgbm,2
UCI Electricity,lightgbm_quantile,0.8,1.0,2014-03,aci_segment,1013452,0.7982173798068384,339.4711825907961,407.5004935318074,0.0414178471205345,0.0599412065432996,0.0026401666697395,lgbm,2
UCI Electricity,lightgbm_quantile,0.8,1.0,2014-03,aci_user,1013452,0.7988469113485395,313.8460988249108,394.90421798350906,0.0062430189096277,0.0161354057256138,0.0061163451473006,lgbm,2
UCI Electricity,lightgbm_quantile,0.8,1.0,2014-03,pid_global,1013452,0.7999323105583688,345.90892012628666,409.5616247726229,0.042202097385964,0.0613226435513657,0.0318553412093116,lgbm,2
UCI Electricity,lightgbm_quantile,0.8,1.0,2014-03,pid_segment,1013452,0.7999254034724881,339.4657558813217,407.12992351388726,0.0400058414212019,0.0569155064210298,9.894479372163369e-05,lgbm,2
UCI Electricity,lightgbm_quantile,0.8,1.0,2014-03,pid_user,1013452,0.7998148900983963,304.50599473823297,381.9183328974855,0.0005904571701472,0.0010164931114218,0.0002464401383998,lgbm,2
UCI Electricity,lightgbm_quantile,0.8,1.0,2014-04,raw,980716,0.7964742086394022,366.2994150503538,482.8715730834091,0.0471392329685658,0.0782816976582774,0.041436151032813,lgbm,3
UCI Electricity,lightgbm_quantile,0.8,1.0,2014-04,rolling_global_norm,980716,0.7928329914062787,365.4906824873827,482.86834868075766,0.0477300258178718,0.0808396367793799,0.0633415752330912,lgbm,3
UCI Electricity,lightgbm_quantile,0.8,1.0,2014-04,rolling_group_norm,980716,0.7921773479784158,360.4904335424986,482.9234406098254,0.0447552604423706,0.0658785248478626,0.009786867859343,lgbm,3
UCI Electricity,lightgbm_quantile,0.8,1.0,2014-04,rolling_user_norm,980716,0.7921579743779035,331.7019510704276,496.9675322088154,0.0335815873300731,0.0516097916242913,0.0095121966709217,lgbm,3
UCI Electricity,lightgbm_quantile,0.8,1.0,2014-04,aci_global,980716,0.7986144816644166,366.6625028251474,482.9635606552428,0.0454822802931735,0.0672403527902095,0.0244629887188997,lgbm,3
UCI Electricity,lightgbm_quantile,0.8,1.0,2014-04,aci_segment,980716,0.798647110886332,361.7079077239121,482.9775038022243,0.0445984362445397,0.0646583379547171,0.001875032194921,lgbm,3
UCI Electricity,lightgbm_quantile,0.8,1.0,2014-04,aci_user,980716,0.8001490747576261,354.1996496129533,470.9928626327513,0.0058954886022049,0.0133091000419306,0.0094704579405552,lgbm,3
UCI Electricity,lightgbm_quantile,0.8,1.0,2014-04,pid_global,980716,0.7999063949196301,368.098548707292,482.930028123444,0.044183025463029,0.0641277356511639,0.0222479781589657,lgbm,3
UCI Electricity,lightgbm_quantile,0.8,1.0,2014-04,pid_segment,980716,0.7998910999718573,362.0529095219442,484.3337060256368,0.0434172584112016,0.0619107868929811,0.0001756826001024,lgbm,3
UCI Electricity,lightgbm_quantile,0.8,1.0,2014-04,pid_user,980716,0.7997830156742625,362.6305841175823,451.5094208918335,0.0006146529678316,0.0008557374064163,0.0002524081800855,lgbm,3
UCI Electricity,lightgbm_quantile,0.8,1.0,2014-05,raw,1013452,0.7915846039082265,466.2680917508927,530.53015619422,0.0454993428401147,0.0754206706597562,0.0485045610886796,lgbm,4
UCI Electricity,lightgbm_quantile,0.8,1.0,2014-05,rolling_global_norm,1013452,0.7945171552278746,466.26818032892623,530.530191210708,0.0437398120483259,0.0630040004727063,0.01742934051144,lgbm,4
UCI Electricity,lightgbm_quantile,0.8,1.0,2014-05,rolling_group_norm,1013452,0.7936735040238709,461.2207919288691,528.2059524039965,0.0431392902673239,0.0618249252202048,0.0097726932854793,lgbm,4
UCI Electricity,lightgbm_quantile,0.8,1.0,2014-05,rolling_user_norm,1013452,0.7948358679049428,448.1948267571357,518.0054067707056,0.0287733410166441,0.0396088725911459,0.0086997670802682,lgbm,4
UCI Electricity,lightgbm_quantile,0.8,1.0,2014-05,aci_global,1013452,0.7993521153443873,467.8078710561042,531.1538492946091,0.0426263898043518,0.0605981547666001,0.0217397464050435,lgbm,4
UCI Electricity,lightgbm_quantile,0.8,1.0,2014-05,aci_segment,1013452,0.7995228190382968,461.6976126753986,528.2425913783865,0.0422034788031401,0.0597845360905594,0.000957797894504,lgbm,4
UCI Electricity,lightgbm_quantile,0.8,1.0,2014-05,aci_user,1013452,0.8007572139578392,425.4429314966206,508.89205452983344,0.0050699983817684,0.0125600368458148,0.0084342754598474,lgbm,4
UCI Electricity,lightgbm_quantile,0.8,1.0,2014-05,pid_global,1013452,0.7999362574645864,469.3484176141884,531.835625418658,0.0422151221764819,0.0596561863430499,0.0240490189133668,lgbm,4
UCI Electricity,lightgbm_quantile,0.8,1.0,2014-05,pid_segment,1013452,0.7999313238318144,461.2759387469616,527.8138689056839,0.0414176497752236,0.0582374860773406,9.433556420046509e-05,lgbm,4
UCI Electricity,lightgbm_quantile,0.8,1.0,2014-05,pid_user,1013452,0.7999017220351827,392.9799965659536,476.09922019588976,0.0005892730982819,0.0007770532698656,0.0001696196463799,lgbm,4
UCI Electricity,lightgbm_quantile,0.8,1.0,2014-06,raw,980716,0.795956219741495,505.8023028459358,614.173604579267,0.0421624608959168,0.0709214128080569,0.0371477875650337,lgbm,5
UCI Electricity,lightgbm_quantile,0.8,1.0,2014-06,rolling_global_norm,980716,0.8022516202448008,506.7199924405741,614.4796535365455,0.0399302142516284,0.056083334872162,0.0223812312422223,lgbm,5
UCI Electricity,lightgbm_quantile,0.8,1.0,2014-06,rolling_group_norm,980716,0.8033283845680095,501.6187140841813,612.5896265462277,0.0387726926041789,0.0544077054231227,0.0131664348632358,lgbm,5
UCI Electricity,lightgbm_quantile,0.8,1.0,2014-06,rolling_user_norm,980716,0.8022730331716827,477.8765636420404,601.0414291431883,0.0265605945044232,0.0393838351401024,0.0082212950084994,lgbm,5
UCI Electricity,lightgbm_quantile,0.8,1.0,2014-06,aci_global,980716,0.8002439034338178,506.5577098498915,614.3939725833986,0.0397016057655835,0.0553899231402991,0.0218066027377205,lgbm,5
UCI Electricity,lightgbm_quantile,0.8,1.0,2014-06,aci_segment,980716,0.8003407714363792,499.8833587557507,612.0443476241545,0.0393163770143446,0.0555284026866173,0.0015633853603255,lgbm,5
UCI Electricity,lightgbm_quantile,0.8,1.0,2014-06,aci_user,980716,0.8014756565611247,469.33701262565046,595.5439816963352,0.0053491530677586,0.0125220060303034,0.0098696749600782,lgbm,5
UCI Electricity,lightgbm_quantile,0.8,1.0,2014-06,pid_global,980716,0.7999267881833273,507.70603832870734,614.5068661586556,0.0404302570774821,0.0571064827757049,0.0238062123319425,lgbm,5
UCI Electricity,lightgbm_quantile,0.8,1.0,2014-06,pid_segment,980716,0.7999522797629487,499.5075839089816,610.3305842409745,0.0382577626958263,0.0536017391828964,8.052119171364502e-05,lgbm,5
UCI Electricity,lightgbm_quantile,0.8,1.0,2014-06,pid_user,980716,0.799928827509697,437.6822020866442,549.514963702982,0.0005695838550609,0.0007727244160165,7.970227548415032e-05,lgbm,5
UCI Electricity,lightgbm_quantile,0.8,1.0,2014-07,raw,1013452,0.7943000753859087,566.5729581702534,675.2287830965134,0.0464971207319142,0.0741213785581962,0.0523553162853297,lgbm,6
UCI Electricity,lightgbm_quantile,0.8,1.0,2014-07,rolling_global_norm,1013452,0.8009881079715665,567.5402275503405,675.5516259326989,0.0441573947261439,0.0600236540692039,0.0239781823333569,lgbm,6
UCI Electricity,lightgbm_quantile,0.8,1.0,2014-07,rolling_group_norm,1013452,0.8011923603683253,561.5630208835462,673.327553789745,0.0428539289477942,0.0583363941165264,0.0066303038889281,lgbm,6
UCI Electricity,lightgbm_quantile,0.8,1.0,2014-07,rolling_user_norm,1013452,0.8017804493947419,523.5595653993068,661.9794631704037,0.0295532496852342,0.0414415076833723,0.0067471842459445,lgbm,6
UCI Electricity,lightgbm_quantile,0.8,1.0,2014-07,aci_global,1013452,0.7994537481794896,567.3180083547632,675.4163248302854,0.0434526746209983,0.0589331715548569,0.023471700786286,lgbm,6
UCI Electricity,lightgbm_quantile,0.8,1.0,2014-07,aci_segment,1013452,0.7994655888981422,559.4389641249212,672.6175284066131,0.0425010755319442,0.0579720744152527,0.0015602412641444,lgbm,6
UCI Electricity,lightgbm_quantile,0.8,1.0,2014-07,aci_user,1013452,0.8008726609647028,518.9201902331496,657.7593581597657,0.006630802445503,0.0136363444284615,0.0077737899406808,lgbm,6
UCI Electricity,lightgbm_quantile,0.8,1.0,2014-07,pid_global,1013452,0.7999066556679547,569.0925091622862,676.0291448447989,0.0447735067867052,0.0612249188286537,0.0382732665370619,lgbm,6
UCI Electricity,lightgbm_quantile,0.8,1.0,2014-07,pid_segment,1013452,0.7999332972849232,558.4512204100605,672.0392266942599,0.0413031894949144,0.0560882466698782,8.358069531766432e-05,lgbm,6
UCI Electricity,lightgbm_quantile,0.8,1.0,2014-07,pid_user,1013452,0.7998454786215825,504.0876925495011,628.5140288172357,0.0006490687274779,0.0008256466504304,0.0003389661532327,lgbm,6
UCI Electricity,lightgbm_quantile,0.8,1.0,2014-08,raw,1013452,0.7997043767243046,572.4045543003156,710.5103196815323,0.044317441773266,0.0718321211162344,0.0386720502467474,lgbm,7
UCI Electricity,lightgbm_quantile,0.8,1.0,2014-08,rolling_global_norm,1013452,0.8054402181849757,572.9736658997814,710.6163455489624,0.0421093450898513,0.0573235226247358,0.025986399376638,lgbm,7
UCI Electricity,lightgbm_quantile,0.8,1.0,2014-08,rolling_group_norm,1013452,0.8056503909410608,566.1960488496201,709.3830942112763,0.0406878668155965,0.055315191706331,0.0123224166292806,lgbm,7
UCI Electricity,lightgbm_quantile,0.8,1.0,2014-08,rolling_user_norm,1013452,0.8066094891519283,526.4991170965071,705.7582161572641,0.0265283407600951,0.0357607570402406,0.0202856288320621,lgbm,7
UCI Electricity,lightgbm_quantile,0.8,1.0,2014-08,aci_global,1013452,0.8013502366170278,572.3986988555969,710.5180370033195,0.0425512012409073,0.0583975969653425,0.0246900899624565,lgbm,7
UCI Electricity,lightgbm_quantile,0.8,1.0,2014-08,aci_segment,1013452,0.8014459490928036,564.6029050742177,709.2472375711989,0.0410436804111097,0.0559835518993296,0.0034120931159962,lgbm,7
UCI Electricity,lightgbm_quantile,0.8,1.0,2014-08,aci_user,1013452,0.8026645563874757,540.9204048023622,695.8409472802372,0.0054826474268144,0.0128451102497778,0.014503265041623,lgbm,7
UCI Electricity,lightgbm_quantile,0.8,1.0,2014-08,pid_global,1013452,0.7999905274250778,573.0451395024456,710.8301835799651,0.0439349865607843,0.0621559408785212,0.0461118588305667,lgbm,7
UCI Electricity,lightgbm_quantile,0.8,1.0,2014-08,pid_segment,1013452,0.7999855937923059,562.6300858197125,710.2007616552291,0.0396306879852227,0.0546035686418845,9.562938301344026e-05,lgbm,7
UCI Electricity,lightgbm_quantile,0.8,1.0,2014-08,pid_user,1013452,0.7999747398002076,526.5193670782583,659.5120102694345,0.0005723014015464,0.0007385804802746,0.0001844374657294,lgbm,7
UCI Electricity,lightgbm_quantile,0.8,1.0,2014-09,raw,980716,0.8027471765526412,549.2048856745229,651.5094664951,0.0428297284840871,0.0708669052270549,0.0430458970792768,lgbm,8
UCI Electricity,lightgbm_quantile,0.8,1.0,2014-09,rolling_global_norm,980716,0.8068706944722019,549.2053828593398,651.5096336767072,0.0406101256632908,0.0560045678239229,0.0227911573091281,lgbm,8
UCI Electricity,lightgbm_quantile,0.8,1.0,2014-09,rolling_group_norm,980716,0.8065525595585267,541.7940322689299,648.8914653197385,0.041534756239319,0.0555869516809184,0.009724312686951,lgbm,8
UCI Electricity,lightgbm_quantile,0.8,1.0,2014-09,rolling_user_norm,980716,0.8063710595116221,506.4461128145218,636.1756491973163,0.0289716900713356,0.0375781992626877,0.0162442693040745,lgbm,8
UCI Electricity,lightgbm_quantile,0.8,1.0,2014-09,aci_global,980716,0.8015347970258464,548.8103001606978,651.3490230251725,0.0424269615260687,0.0630810401729248,0.0482872302065626,lgbm,8
UCI Electricity,lightgbm_quantile,0.8,1.0,2014-09,aci_segment,980716,0.801709159430457,542.1561573660371,648.9903203402714,0.0404575840508363,0.0558003293900163,0.0020287563269634,lgbm,8
UCI Electricity,lightgbm_quantile,0.8,1.0,2014-09,aci_user,980716,0.8027451372262714,498.699853904898,629.5155329201058,0.0057825099213227,0.0125570084239405,0.0101787462009992,lgbm,8
UCI Electricity,lightgbm_quantile,0.8,1.0,2014-09,pid_global,980716,0.8000032629221916,548.8766912536004,650.9326036692866,0.0424832469338727,0.0623334760491561,0.0552413331272858,lgbm,8
UCI Electricity,lightgbm_quantile,0.8,1.0,2014-09,pid_segment,980716,0.8000552657446193,540.8351320487616,647.9099422549516,0.0403494997532415,0.0552069671241872,8.22425870532495e-05,lgbm,8
UCI Electricity,lightgbm_quantile,0.8,1.0,2014-09,pid_user,980716,0.8000205971963341,480.9603957053054,603.7881142330768,0.0005243108096533,0.0006957271826201,0.0001236284963684,lgbm,8
UCI Electricity,lightgbm_quantile,0.8,1.0,2014-10,raw,1013452,0.7925358083066588,435.4975092476967,611.141359107545,0.0424069418186554,0.0694810124042368,0.0410149045411495,lgbm,9
UCI Electricity,lightgbm_quantile,0.8,1.0,2014-10,rolling_global_norm,1013452,0.7882583486933767,435.3069800312061,611.1617454743005,0.0450791946732553,0.0830051267273119,0.0896540551318478,lgbm,9
UCI Electricity,lightgbm_quantile,0.8,1.0,2014-10,rolling_group_norm,1013452,0.78983908463351,427.7633110495982,612.3104927124946,0.0429387874314718,0.0574795656406617,0.0230183466742226,lgbm,9
UCI Electricity,lightgbm_quantile,0.8,1.0,2014-10,rolling_user_norm,1013452,0.7897867881261273,389.559498271509,622.9902370466141,0.0341393573647296,0.0477526356673295,0.026886023942764,lgbm,9
UCI Electricity,lightgbm_quantile,0.8,1.0,2014-10,aci_global,1013452,0.7984423534612394,436.641804795865,611.2034765744975,0.0393046735316522,0.0529154137978194,0.0074236735850392,lgbm,9
UCI Electricity,lightgbm_quantile,0.8,1.0,2014-10,aci_segment,1013452,0.7984453136409025,433.68057189383,611.5485079343372,0.0400026838962279,0.0546389347283322,0.0025111567613516,lgbm,9
UCI Electricity,lightgbm_quantile,0.8,1.0,2014-10,aci_user,1013452,0.7992573895951658,443.3372435699456,585.705323633318,0.0054007491228001,0.0125787639533095,0.0067519066846118,lgbm,9
UCI Electricity,lightgbm_quantile,0.8,1.0,2014-10,pid_global,1013452,0.7999638858081093,439.4445921246257,610.1780903342736,0.0388342023105188,0.052193821990719,0.0214869647574896,lgbm,9
UCI Electricity,lightgbm_quantile,0.8,1.0,2014-10,pid_segment,1013452,0.7999559919956742,435.7901686078504,610.4998616893558,0.0384288550419753,0.0514315116159351,9.917121201397094e-05,lgbm,9
UCI Electricity,lightgbm_quantile,0.8,1.0,2014-10,pid_user,1013452,0.799813903371842,432.6235785787528,550.3909964048503,0.000540528806495,0.0006811001103124,0.000289118189522,lgbm,9
UCI Electricity,lightgbm_quantile,0.8,1.0,2014-11,raw,980716,0.8073672704432272,355.6777419049137,449.19414196468017,0.0445992519750875,0.0688757797984778,0.0386416318961521,lgbm,10
UCI Electricity,lightgbm_quantile,0.8,1.0,2014-11,rolling_global_norm,980716,0.8102998217628753,355.6778304829471,449.19415805906107,0.0428397211832987,0.054152863234516,0.0195373691530633,lgbm,10
UCI Electricity,lightgbm_quantile,0.8,1.0,2014-11,rolling_group_norm,980716,0.8098287373714714,351.76251419356174,448.4733405526874,0.0421585861758143,0.0536450301038907,0.0122693873403572,lgbm,10
UCI Electricity,lightgbm_quantile,0.8,1.0,2014-11,rolling_user_norm,980716,0.8075885373543411,329.76587743075095,451.6134343219883,0.0362443357710081,0.0511624117668139,0.013205068768351,lgbm,10
UCI Electricity,lightgbm_quantile,0.8,1.0,2014-11,aci_global,980716,0.8019467409525286,354.53958044953515,448.9463675460927,0.0458044938595882,0.0716019416275319,0.0751377942615773,lgbm,10
UCI Electricity,lightgbm_quantile,0.8,1.0,2014-11,aci_segment,980716,0.8016969234722386,350.0500989101429,448.16370832764375,0.0412394617809845,0.0540187408802502,0.0018724566012465,lgbm,10
UCI Electricity,lightgbm_quantile,0.8,1.0,2014-11,aci_user,980716,0.8029133816517728,341.9521702317388,439.5534857847368,0.0066306657584866,0.0137898044277611,0.0138360892185648,lgbm,10
UCI Electricity,lightgbm_quantile,0.8,1.0,2014-11,pid_global,980716,0.800028754501813,353.8613940326258,448.7700353418744,0.0450578964756361,0.0662367492484158,0.0791557203935507,lgbm,10
UCI Electricity,lightgbm_quantile,0.8,1.0,2014-11,pid_segment,980716,0.8000460887759555,348.8833739518095,448.0197261813693,0.0407347285044804,0.0531384811528809,7.589180813016849e-05,lgbm,10
UCI Electricity,lightgbm_quantile,0.8,1.0,2014-11,pid_user,980716,0.7999471814470244,332.7158200423889,410.6505891001525,0.000540625420611,0.0006886917170648,9.882146255768554e-05,lgbm,10
UCI Electricity,lightgbm_quantile,0.8,1.0,2014-12,raw,1013452,0.7886856012914277,348.6336167130541,424.0809896413531,0.0478513042551595,0.0749076515703208,0.0389836000199392,lgbm,11
UCI Electricity,lightgbm_quantile,0.8,1.0,2014-12,rolling_global_norm,1013452,0.7886678402134487,348.6280430394618,424.07938165752057,0.0478513042551596,0.0749036671147617,0.0390459099745775,lgbm,11
UCI Electricity,lightgbm_quantile,0.8,1.0,2014-12,rolling_group_norm,1013452,0.7873436531774568,344.7630564390647,422.8277172681625,0.0463206940239893,0.0626903743542851,0.0169193171353687,lgbm,11
UCI Electricity,lightgbm_quantile,0.8,1.0,2014-12,rolling_user_norm,1013452,0.7881419149599587,334.5310151207266,422.9664501684074,0.0407896969960096,0.0544106950871673,0.0176560175674719,lgbm,11
UCI Electricity,lightgbm_quantile,0.8,1.0,2014-12,aci_global,1013452,0.7956005809845952,351.1935905251888,424.73209030138895,0.0448070554895545,0.0603373821169525,0.0151438113753054,lgbm,11
UCI Electricity,lightgbm_quantile,0.8,1.0,2014-12,aci_segment,1013452,0.7956568243981955,348.3587416916361,423.7168386307591,0.0445049198186001,0.0605335790790047,0.0058936034568251,lgbm,11
UCI Electricity,lightgbm_quantile,0.8,1.0,2014-12,aci_user,1013452,0.797505949961123,330.6958526112458,409.0726571050188,0.0090139444196666,0.016699613008083,0.0170953591545784,lgbm,11
UCI Electricity,lightgbm_quantile,0.8,1.0,2014-12,pid_global,1013452,0.7990728717294948,352.6061255278292,424.5831428047198,0.0446809518359034,0.0597153952208983,0.0265216090922686,lgbm,11
UCI Electricity,lightgbm_quantile,0.8,1.0,2014-12,pid_segment,1013452,0.7990412964797543,348.86966049096105,423.4069251739057,0.0432679594100164,0.0573043517182492,0.0012467238081745,lgbm,11
UCI Electricity,lightgbm_quantile,0.8,1.0,2014-12,pid_user,1013452,0.7988893405903782,311.1634498786247,384.3968215555962,0.0013214242016395,0.0011210759654488,0.0013742296521924,lgbm,11
London,persistence_quantile_interval,0.8,1.0,2013-03,raw,743942,0.7711851192700506,0.3446587077454323,1.048872700329484,0.0499868649029767,0.0705591931575862,0.0673104194502963,persistence,0
London,persistence_quantile_interval,0.8,1.0,2013-03,rolling_global_norm,743942,0.8057819023526027,0.4100307390446697,1.0412367994773426,0.041879848138498,0.0630894860279978,0.0305214233603567,persistence,0
London,persistence_quantile_interval,0.8,1.0,2013-03,rolling_group_norm,743942,0.8057146928120741,0.4335881948056164,1.0389582466746925,0.0393475893372047,0.0599497178838783,0.0078708096141681,persistence,0
London,persistence_quantile_interval,0.8,1.0,2013-03,rolling_user_norm,743942,0.8058477677023209,0.4462708421717844,1.0267276053636976,0.0289708551691943,0.046380930648509,0.0062814880660398,persistence,0
London,persistence_quantile_interval,0.8,1.0,2013-03,aci_global,743942,0.800414548445981,0.3989196369553903,1.041450600725654,0.0414414970543845,0.0646016038354606,0.0359971473773085,persistence,0
London,persistence_quantile_interval,0.8,1.0,2013-03,aci_segment,743942,0.8003930413930118,0.4243070855188814,1.0389091323879986,0.0393916448221415,0.0616593533295647,0.0009369070208727,persistence,0
London,persistence_quantile_interval,0.8,1.0,2013-03,aci_user,743942,0.8022305502310664,0.4426065232569746,1.016696172549049,0.0073205199782234,0.0126701442177124,0.0027553763440859,persistence,0
London,persistence_quantile_interval,0.8,1.0,2013-03,pid_global,743942,0.7999400490898484,0.399720026565394,1.0395305208364976,0.0412044231579604,0.063342596686826,0.0384071217200987,persistence,0
London,persistence_quantile_interval,0.8,1.0,2013-03,pid_segment,743942,0.7999198862276898,0.4280655716993639,1.0364726261391033,0.0386842300147989,0.0596245968030746,0.000619707688146,persistence,0
London,persistence_quantile_interval,0.8,1.0,2013-03,pid_user,743942,0.7994991545039801,0.4679126101893319,1.0086824065053472,0.0019616433778907,0.0029393516913984,0.0008024984187223,persistence,0
London,persistence_quantile_interval,0.8,1.0,2013-04,raw,719837,0.7956731871243073,0.3446294564914837,0.9221080040372928,0.0357947808532621,0.0574513708217692,0.0217940356909942,persistence,1
London,persistence_quantile_interval,0.8,1.0,2013-04,rolling_global_norm,719837,0.8244241404651331,0.4006838853390632,0.9235721037797716,0.0404613404641158,0.0520065575429172,0.0287525834980983,persistence,1
London,persistence_quantile_interval,0.8,1.0,2013-04,rolling_group_norm,719837,0.8242421548211609,0.4247607903937214,0.926057247987884,0.0403796586809992,0.0521054236876602,0.0378914024849875,persistence,1
London,persistence_quantile_interval,0.8,1.0,2013-04,rolling_user_norm,719837,0.8213665038057227,0.4388158919235085,0.9249930817411132,0.0375817243419501,0.0472529784306962,0.0312088693899329,persistence,1
London,persistence_quantile_interval,0.8,1.0,2013-04,aci_global,719837,0.8046891171195701,0.3621680982558541,0.9206533637680946,0.0353726353684298,0.0557442127048911,0.0124096926373561,persistence,1
London,persistence_quantile_interval,0.8,1.0,2013-04,aci_segment,719837,0.8047238472042977,0.3768082511131652,0.9199173764565932,0.0351980181747541,0.0562052454861842,0.0098908265505762,persistence,1
London,persistence_quantile_interval,0.8,1.0,2013-04,aci_user,719837,0.8066437262880346,0.3888947138134415,0.9043072480093474,0.0089819628579149,0.0137352562224746,0.0136174609762087,persistence,1
London,persistence_quantile_interval,0.8,1.0,2013-04,pid_global,719837,0.800322850867627,0.3576921679938763,0.9202300231707348,0.035240499467894,0.0558453644731294,0.0211249354191194,persistence,1
London,persistence_quantile_interval,0.8,1.0,2013-04,pid_segment,719837,0.8003520241387981,0.3706250571187831,0.917362491942269,0.0345698998564635,0.0545640898108164,0.0015651864587655,persistence,1
London,persistence_quantile_interval,0.8,1.0,2013-04,pid_user,719837,0.8000255613423595,0.4029056068016311,0.8937404055259702,0.0015219683585117,0.0026943371635491,0.0014466117270409,persistence,1
London,persistence_quantile_interval,0.8,1.0,2013-05,raw,743923,0.8183252836651105,0.3446578064646452,0.8139069301595602,0.0407282715289972,0.0581743756669094,0.0200905478341669,persistence,2
London,persistence_quantile_interval,0.8,1.0,2013-05,rolling_global_norm,743923,0.8324584668036881,0.3725492735190747,0.8174198161790813,0.0466701577607178,0.0550660296555309,0.033138925683557,persistence,2
London,persistence_quantile_interval,0.8,1.0,2013-05,rolling_group_norm,743923,0.8323065693626894,0.3894731795552431,0.8214555325758369,0.0473391843274014,0.0564781844951834,0.055387817991083,persistence,2
London,persistence_quantile_interval,0.8,1.0,2013-05,rolling_user_norm,743923,0.8299649291660561,0.4021058287320966,0.825145622680827,0.0449704991359335,0.0548201654527728,0.0489624311565696,persistence,2
London,persistence_quantile_interval,0.8,1.0,2013-05,aci_global,743923,0.8047553308608553,0.3276455873572438,0.8129502002095838,0.0402145922904134,0.064518996142189,0.0057056997686878,persistence,2
London,persistence_quantile_interval,0.8,1.0,2013-05,aci_segment,743923,0.8047768384631205,0.33054167171527,0.8132005989161997,0.0401511853731002,0.0647522613092513,0.0094102412798321,persistence,2
London,persistence_quantile_interval,0.8,1.0,2013-05,aci_user,743923,0.8077784932042698,0.3350197141826654,0.7995669730687203,0.0102012169930163,0.0183177712391601,0.0128114345659585,persistence,2
London,persistence_quantile_interval,0.8,1.0,2013-05,pid_global,743923,0.8003583704227454,0.3237325640431769,0.8121809847756631,0.0413497036126648,0.0664387070492486,0.0060303566745345,persistence,2
London,persistence_quantile_interval,0.8,1.0,2013-05,pid_segment,743923,0.8003704684490196,0.3264241698721187,0.8101306193526692,0.0410304346355085,0.0654524069295676,0.0014194859690531,persistence,2
London,persistence_quantile_interval,0.8,1.0,2013-05,pid_user,743923,0.8001029676458451,0.3532199213941678,0.7891537748277996,0.0015611380109103,0.0022245025897666,0.0012309861001835,persistence,2
London,persistence_quantile_interval,0.8,1.0,2013-06,raw,719798,0.826091486778235,0.3446701138624946,0.7589321562177173,0.048369718255557,0.0640763896728081,0.045655487804878,persistence,3
London,persistence_quantile_interval,0.8,1.0,2013-06,rolling_global_norm,719798,0.8173404205068644,0.3330386183333307,0.7572859131709494,0.0468151195408305,0.0690155922515733,0.0375338753387533,persistence,3
London,persistence_quantile_interval,0.8,1.0,2013-06,rolling_group_norm,719798,0.8173251384416184,0.3349185047658443,0.757758999691268,0.0471747391974871,0.0703295936405758,0.0419292005420053,persistence,3
London,persistence_quantile_interval,0.8,1.0,2013-06,rolling_user_norm,719798,0.8164846248530838,0.3355746956633825,0.7538923379825446,0.0383416000956836,0.0514501113412731,0.0429623983739837,persistence,3
London,persistence_quantile_interval,0.8,1.0,2013-06,aci_global,719798,0.8028571904895541,0.3145911290751904,0.7555127182802996,0.0477273763561575,0.0804529188796848,0.0210450542005419,persistence,3
London,persistence_quantile_interval,0.8,1.0,2013-06,aci_segment,719798,0.8028919224560224,0.3115451807520578,0.7552062078793528,0.0475401807138204,0.0794724475462323,0.0083587398373983,persistence,3
London,persistence_quantile_interval,0.8,1.0,2013-06,aci_user,719798,0.8052439712252604,0.3028854800834916,0.7372017253113591,0.0087529486592374,0.014797640628798,0.0115430216802167,persistence,3
London,persistence_quantile_interval,0.8,1.0,2013-06,pid_global,719798,0.7999452624208458,0.3129303634468832,0.7543007540681765,0.0480057545372068,0.0796507038057352,0.0130843495934959,persistence,3
London,persistence_quantile_interval,0.8,1.0,2013-06,pid_segment,719798,0.7999216446836473,0.3105730297051877,0.752914461057359,0.0482379630791788,0.0799183743096389,0.0007876016260162,persistence,3
London,persistence_quantile_interval,0.8,1.0,2013-06,pid_user,719798,0.7996340640012892,0.3243971479787986,0.7301283249281112,0.0017100268235697,0.002467722190216,0.0010077913279132,persistence,3
London,persistence_quantile_interval,0.8,1.0,2013-07,raw,743871,0.8470460604056348,0.3446525402548301,0.6732826342425747,0.0653867792072041,0.0673845261282383,0.0717381327039076,persistence,4
London,persistence_quantile_interval,0.8,1.0,2013-07,rolling_global_norm,743871,0.8277658357430253,0.3175848388674572,0.6668287230511953,0.0595619886725939,0.082258082822937,0.051880081300813,persistence,4
London,persistence_quantile_interval,0.8,1.0,2013-07,rolling_group_norm,743871,0.827935219950771,0.3150989981875953,0.6660150929603948,0.0594692693889301,0.0805940588146809,0.0427911093627064,persistence,4
London,persistence_quantile_interval,0.8,1.0,2013-07,rolling_user_norm,743871,0.8251592009904943,0.3028716308846237,0.6556779204617393,0.0453789091696023,0.0537448613017175,0.0409470889063728,persistence,4
London,persistence_quantile_interval,0.8,1.0,2013-07,aci_global,743871,0.8033731655085358,0.2898783046959287,0.6627095984307975,0.0608545241937562,0.1054314605756519,0.0195154733805401,persistence,4
London,persistence_quantile_interval,0.8,1.0,2013-07,aci_segment,743871,0.8033704768703176,0.2880178822315428,0.6626277588145095,0.0608293587338419,0.1042719049605761,0.006386047731445,persistence,4
London,persistence_quantile_interval,0.8,1.0,2013-07,aci_user,743871,0.8062970595708127,0.264208309439265,0.6382753654641946,0.009348409780391,0.0152795270787123,0.0098937844217151,persistence,4
London,persistence_quantile_interval,0.8,1.0,2013-07,pid_global,743871,0.7999814483962945,0.2873785473606772,0.6617951402956328,0.0618771924602201,0.1048339419196918,0.0127631807899774,persistence,4
London,persistence_quantile_interval,0.8,1.0,2013-07,pid_segment,743871,0.7999774154389673,0.2856790792241839,0.6609497420847342,0.0619237334157014,0.102823421516703,0.000534356150013,persistence,4
London,persistence_quantile_interval,0.8,1.0,2013-07,pid_user,743871,0.7998187857840943,0.2851504239743924,0.6325830489981161,0.0017206579622427,0.0037576459829512,0.0005631396617998,persistence,4
London,persistence_quantile_interval,0.8,1.0,2013-08,raw,743970,0.8460085756146081,0.3446456270844282,0.6701572541596996,0.0629681095528314,0.0671174946302886,0.0717625073765654,persistence,5
London,persistence_quantile_interval,0.8,1.0,2013-08,rolling_global_norm,743970,0.8098659892199954,0.2987669245230511,0.660442228660825,0.0595820443574126,0.0991344998124696,0.0328142416890695,persistence,5
London,persistence_quantile_interval,0.8,1.0,2013-08,rolling_group_norm,743970,0.8094694678548866,0.2963153630506652,0.6601768814664947,0.0608759135715042,0.1020050797204454,0.0118234508061263,persistence,5
London,persistence_quantile_interval,0.8,1.0,2013-08,rolling_user_norm,743970,0.807894135516217,0.2688767214258467,0.64652711999849,0.035119491412973,0.0506152817396479,0.0117206588175757,persistence,5
London,persistence_quantile_interval,0.8,1.0,2013-08,aci_global,743970,0.8002674839039209,0.2880964883768313,0.6593443189688638,0.0613278678354298,0.1063725010137316,0.0179955412759819,persistence,5
London,persistence_quantile_interval,0.8,1.0,2013-08,aci_segment,743970,0.8003131846714249,0.2860232112818327,0.6592403133170043,0.0618573943994909,0.1078886117663325,0.0015785850108188,persistence,5
London,persistence_quantile_interval,0.8,1.0,2013-08,aci_user,743970,0.8039490839684396,0.255908098745794,0.6323315196039839,0.0088892947534052,0.0189492066307352,0.0058615154701942,persistence,5
London,persistence_quantile_interval,0.8,1.0,2013-08,pid_global,743970,0.7997231071145342,0.2888200867395677,0.658751972008006,0.0616691093768169,0.1034368670562959,0.0143810241951346,persistence,5
London,persistence_quantile_interval,0.8,1.0,2013-08,pid_segment,743970,0.7997352043765206,0.28627687059473,0.6578936795312641,0.0620707227505769,0.1032090868959363,0.0005629838142153,persistence,5
London,persistence_quantile_interval,0.8,1.0,2013-08,pid_user,743970,0.7992701318601556,0.2796945040095588,0.6249103622085109,0.0017617828926113,0.0024165457520267,0.0013022954241751,persistence,5
London,persistence_quantile_interval,0.8,1.0,2013-09,raw,719894,0.8213223057839071,0.3446400755219126,0.7665150359697945,0.0470105647552633,0.0657013364643098,0.0409649375518987,persistence,6
London,persistence_quantile_interval,0.8,1.0,2013-09,rolling_global_norm,719894,0.7717705662222494,0.2872173594001199,0.7646049621633817,0.060316077291107,0.1081289424224024,0.0430718954248366,persistence,6
London,persistence_quantile_interval,0.8,1.0,2013-09,rolling_group_norm,719894,0.7723164799262113,0.2853683085507453,0.7649021216302698,0.0599336701076101,0.1089461214680623,0.0360317917605789,persistence,6
London,persistence_quantile_interval,0.8,1.0,2013-09,rolling_user_norm,719894,0.7652737764170836,0.2484230324127508,0.761837705912976,0.0531385103890005,0.0680666886969819,0.0466572895659984,persistence,6
London,persistence_quantile_interval,0.8,1.0,2013-09,aci_global,719894,0.7952740264538946,0.3128201645869199,0.7631938924229261,0.0493628975326985,0.0813713162419928,0.014922385620915,persistence,6
London,persistence_quantile_interval,0.8,1.0,2013-09,aci_segment,719894,0.7952309645586711,0.308910841192245,0.7631503003899127,0.0491662113569064,0.0812625100055747,0.0061126268874239,persistence,6
London,persistence_quantile_interval,0.8,1.0,2013-09,aci_user,719894,0.7967464654518582,0.2965167340506557,0.7427760851671847,0.0085948244860448,0.013854972076124,0.0052907183649951,persistence,6
London,persistence_quantile_interval,0.8,1.0,2013-09,pid_global,719894,0.7989690148827466,0.3187207320438488,0.7627638831800139,0.0482990819512192,0.0770377325058078,0.0129692080869019,persistence,6
London,persistence_quantile_interval,0.8,1.0,2013-09,pid_segment,719894,0.7989842949100839,0.3151220435111539,0.7618417277976103,0.0482500354148086,0.077055739448127,0.0012344710929886,persistence,6
London,persistence_quantile_interval,0.8,1.0,2013-09,pid_user,719894,0.7980911078575457,0.324552263102474,0.7363143271117502,0.0023645130323596,0.0026240626093902,0.0022099673202614,persistence,6
London,persistence_quantile_interval,0.8,1.0,2013-10,raw,743789,0.8034644233781355,0.3446486108993681,0.8347095934488323,0.0417920110302176,0.0669085031964008,0.0230935676349091,persistence,7
London,persistence_quantile_interval,0.8,1.0,2013-10,rolling_global_norm,743789,0.7700934001443958,0.3068794304282577,0.8357115122797074,0.0548831496244839,0.0937010775593548,0.0446458511277719,persistence,7
London,persistence_quantile_interval,0.8,1.0,2013-10,rolling_group_norm,743789,0.7700772665366119,0.3019281794895792,0.8362972053413988,0.0545787111879476,0.0900223233976696,0.0340666185823881,persistence,7
London,persistence_quantile_interval,0.8,1.0,2013-10,rolling_user_norm,743789,0.7643404245021101,0.2760808917390068,0.8317845484451594,0.0473227988168486,0.0573759129199476,0.0393941380893057,persistence,7
London,persistence_quantile_interval,0.8,1.0,2013-10,aci_global,743789,0.7949566342067441,0.3346547363170205,0.8341477127489797,0.0430858461031092,0.0688365825297237,0.014528555504557,persistence,7
London,persistence_quantile_interval,0.8,1.0,2013-10,aci_segment,743789,0.7950131018339879,0.329220472297158,0.8340390540920006,0.0433499337354748,0.0696360272836803,0.0050789282211888,persistence,7
London,persistence_quantile_interval,0.8,1.0,2013-10,aci_user,743789,0.79602817465706,0.3304544150922732,0.8152380119638055,0.0075826958477286,0.0104596935951378,0.0045685528817782,persistence,7
London,persistence_quantile_interval,0.8,1.0,2013-10,pid_global,743789,0.7991177605476822,0.3433537897943561,0.8335154825800017,0.0417290192244717,0.0670452717402829,0.0159382991279259,persistence,7
London,persistence_quantile_interval,0.8,1.0,2013-10,pid_segment,743789,0.7991002824725829,0.3381700324301678,0.8324980253851422,0.0421225554336162,0.0667067392569379,0.0010366149533875,persistence,7
London,persistence_quantile_interval,0.8,1.0,2013-10,pid_user,743789,0.7982398233907735,0.3600133578087192,0.8087226240229441,0.0022335659712348,0.0026493700618862,0.0019668786182025,persistence,7
London,persistence_quantile_interval,0.8,1.0,2013-11,raw,719796,0.775778137138856,0.3446650677425766,0.9763483973330136,0.0498103531165363,0.0714630024831139,0.0425492271861105,persistence,8
London,persistence_quantile_interval,0.8,1.0,2013-11,rolling_global_norm,719796,0.766910346820488,0.3342949972026465,0.9780721263163088,0.0551329660470291,0.0772395346442289,0.0503408850307008,persistence,8
London,persistence_quantile_interval,0.8,1.0,2013-11,rolling_group_norm,719796,0.7658836670389944,0.327469349955855,0.9805906729271412,0.0564563488599672,0.0802818367324365,0.0720050815159856,persistence,8
London,persistence_quantile_interval,0.8,1.0,2013-11,rolling_user_norm,719796,0.7611295422591957,0.323376357244497,0.9768807836118836,0.0516315258522112,0.0686239533484183,0.0806097819182722,persistence,8
London,persistence_quantile_interval,0.8,1.0,2013-11,aci_global,719796,0.7946459830285247,0.3774679347741698,0.9721863144869004,0.0438650398236324,0.0667756349605393,0.0224518314630531,persistence,8
London,persistence_quantile_interval,0.8,1.0,2013-11,aci_segment,719796,0.7947446220873692,0.3855818851552127,0.971917184249352,0.0436812059182471,0.0666047390032849,0.009519373279695,persistence,8
London,persistence_quantile_interval,0.8,1.0,2013-11,aci_user,719796,0.7959282907935026,0.3993480946349252,0.9509914016576254,0.0080774095935737,0.0125632393620087,0.0080203260639424,persistence,8
London,persistence_quantile_interval,0.8,1.0,2013-11,pid_global,719796,0.7990180551156161,0.3874534562463886,0.970084481418246,0.04295530662238,0.0645739249206522,0.019309760745289,persistence,8
London,persistence_quantile_interval,0.8,1.0,2013-11,pid_segment,719796,0.7989791552050859,0.3986178089262375,0.9695471549640547,0.0422602860567508,0.0635598541022253,0.0010670414111745,persistence,8
London,persistence_quantile_interval,0.8,1.0,2013-11,pid_user,719796,0.7982678425553907,0.4291631082668652,0.945197158957371,0.0022887266150607,0.0031216810658675,0.002185051873809,persistence,8
London,persistence_quantile_interval,0.8,1.0,2013-12,raw,743832,0.7764723754826358,0.3446646370936194,0.993211464968563,0.0547208902165021,0.0778365161656933,0.0333120225566375,persistence,9
London,persistence_quantile_interval,0.8,1.0,2013-12,rolling_global_norm,743832,0.7893368395013928,0.3658774283153468,0.9908023578045562,0.0501621560759703,0.0739558601616901,0.0199845906691584,persistence,9
London,persistence_quantile_interval,0.8,1.0,2013-12,rolling_group_norm,743832,0.7893180180470859,0.3663397741442011,0.9907813394897556,0.0501836355743286,0.0739844863159824,0.019746893544474,persistence,9
London,persistence_quantile_interval,0.8,1.0,2013-12,rolling_user_norm,743832,0.788609524731391,0.375946589581056,0.9808591590007426,0.0373867074619474,0.0560998479802514,0.0211402904822792,persistence,9
London,persistence_quantile_interval,0.8,1.0,2013-12,aci_global,743832,0.7991092074554469,0.3848515269772131,0.9894796227894872,0.047799248600896,0.0711234829620643,0.0101652404839186,persistence,9
London,persistence_quantile_interval,0.8,1.0,2013-12,aci_segment,743832,0.7991280289097538,0.3908044772838445,0.9893843023623772,0.0479190525769194,0.0713540951205301,0.0016003556345854,persistence,9
London,persistence_quantile_interval,0.8,1.0,2013-12,aci_user,743832,0.8029165187838114,0.4120189678746458,0.9606033929669564,0.0105446545614091,0.0233938630964959,0.0078013835611946,persistence,9
London,persistence_quantile_interval,0.8,1.0,2013-12,pid_global,743832,0.799513868723045,0.3878946597552549,0.9877062174438642,0.0473889665653366,0.0698964310127694,0.0110750467197797,persistence,9
London,persistence_quantile_interval,0.8,1.0,2013-12,pid_segment,743832,0.799491014099958,0.3948879030324171,0.9869067844811836,0.0468096935936252,0.0696074543985965,0.0006787416173784,persistence,9
London,persistence_quantile_interval,0.8,1.0,2013-12,pid_user,743832,0.799024510911066,0.4363484840191502,0.9501379252428136,0.0021167541729687,0.0033932264541255,0.0013048119884544,persistence,9
London,persistence_quantile_interval,0.8,1.0,2014-01,raw,743764,0.7730731791267123,0.3445766531725576,1.01506181969854,0.0567607761475056,0.0808252433983709,0.0485448530075774,persistence,10
London,persistence_quantile_interval,0.8,1.0,2014-01,rolling_global_norm,743764,0.7982720325264465,0.3886940072367221,1.0103609847081243,0.0494310869994198,0.0730590203878555,0.0227750002052393,persistence,10
London,persistence_quantile_interval,0.8,1.0,2014-01,rolling_group_norm,743764,0.7981147245631679,0.3972606918997849,1.0095462102840906,0.0493231420755041,0.0730118785938215,0.0090732211905524,persistence,10
London,persistence_quantile_interval,0.8,1.0,2014-01,rolling_user_norm,743764,0.7993758772944106,0.4135031348658213,0.992030674310577,0.029389835689327,0.0459127862812639,0.0061588224187046,persistence,10
London,persistence_quantile_interval,0.8,1.0,2014-01,aci_global,743764,0.7990948741805196,0.3906713619116265,1.0099718828060986,0.0493994332072356,0.0729835898939145,0.021839108768646,persistence,10
London,persistence_quantile_interval,0.8,1.0,2014-01,aci_segment,743764,0.7991271424806794,0.4038877295941326,1.0094884846721046,0.048942940667898,0.0724873404423293,0.0017420716039044,persistence,10
London,persistence_quantile_interval,0.8,1.0,2014-01,aci_user,743764,0.8012165149160217,0.4244273323489652,0.9808010190227124,0.0063761085299524,0.0146518233569269,0.0020297544447825,persistence,10
London,persistence_quantile_interval,0.8,1.0,2014-01,pid_global,743764,0.7996017553955287,0.3942731916824634,1.0079821620892766,0.0488121674919494,0.0718278857864074,0.0225943895771248,persistence,10
London,persistence_quantile_interval,0.8,1.0,2014-01,pid_segment,743764,0.799600410883022,0.4098443561311298,1.0071449700137374,0.0474480395537274,0.0702799804085372,0.0005361018751705,persistence,10
London,persistence_quantile_interval,0.8,1.0,2014-01,pid_user,743764,0.7992306699436919,0.4474632703580175,0.9745274419442178,0.0016081374817031,0.0019867870912537,0.0009630856695541,persistence,10
Ausgrid,persistence_quantile_interval,0.8,1.0,2012-07,raw,444912,0.7377548818642787,0.4932367527677125,1.5809170564832904,0.0809418491746682,0.077239828216035,0.0772941104594331,persistence,0
Ausgrid,persistence_quantile_interval,0.8,1.0,2012-07,rolling_global_norm,444912,0.7830941849174669,0.6175537421705137,1.5560153476864058,0.0554177005789909,0.0695394720448735,0.0353372434017595,persistence,0
Ausgrid,persistence_quantile_interval,0.8,1.0,2012-07,rolling_group_norm,444912,0.7831368899917287,0.6242350762783081,1.554278802361039,0.0534177545222426,0.0679179314325585,0.0221275357499168,persistence,0
Ausgrid,persistence_quantile_interval,0.8,1.0,2012-07,rolling_user_norm,444912,0.7811140180530083,0.6407966623600172,1.535165176145205,0.0408912324234905,0.0584126037638822,0.0253214721206075,persistence,0
Ausgrid,persistence_quantile_interval,0.8,1.0,2012-07,aci_global,444912,0.7966586650843313,0.663202647832684,1.5534756785711143,0.0525924227712446,0.0676608543943427,0.0227975317693059,persistence,0
Ausgrid,persistence_quantile_interval,0.8,1.0,2012-07,aci_segment,444912,0.7966788938037185,0.6728390305393536,1.5519278484215326,0.0505691013054266,0.0658038191483057,0.0040516572442079,persistence,0
Ausgrid,persistence_quantile_interval,0.8,1.0,2012-07,aci_user,444912,0.7998705361959219,0.7033046400087152,1.5082272333294182,0.0087208256913727,0.0214986725626594,0.0025412925396297,persistence,0
Ausgrid,persistence_quantile_interval,0.8,1.0,2012-07,pid_global,444912,0.7987130039198763,0.67390079974795,1.550787121579689,0.0516663969504081,0.0665829998855588,0.0209952346041055,persistence,0
Ausgrid,persistence_quantile_interval,0.8,1.0,2012-07,pid_segment,444912,0.7987107562843888,0.6848467985310253,1.5493158202088515,0.0496790376523896,0.0649002286083875,0.0014601661779081,persistence,0
Ausgrid,persistence_quantile_interval,0.8,1.0,2012-07,pid_user,444912,0.7982117812061711,0.7420296321630178,1.4994728246734113,0.0023123673895062,0.0029176525009562,0.0021933040078201,persistence,0
Ausgrid,persistence_quantile_interval,0.8,1.0,2012-08,raw,444912,0.7586916064300356,0.4932367527126845,1.4348190317645566,0.0608646204193189,0.0660849696584461,0.0529020039100684,persistence,1
Ausgrid,persistence_quantile_interval,0.8,1.0,2012-08,rolling_global_norm,444912,0.8207780415003416,0.6767997620426065,1.4258357693210315,0.0474314021649225,0.0571974868701919,0.0369234578381436,persistence,1
Ausgrid,persistence_quantile_interval,0.8,1.0,2012-08,rolling_group_norm,444912,0.8204588772611213,0.6876658054436807,1.425878524400574,0.045885028949545,0.0553939810158558,0.0259637707722384,persistence,1
Ausgrid,persistence_quantile_interval,0.8,1.0,2012-08,rolling_user_norm,444912,0.8151319811558241,0.7141852803638725,1.4184351904560637,0.0420667457834358,0.0641296295505049,0.0196175464320624,persistence,1
Ausgrid,persistence_quantile_interval,0.8,1.0,2012-08,aci_global,444912,0.805855989499047,0.6282043827701416,1.4192837750703924,0.0455267558528428,0.0585751568914937,0.0219027070364081,persistence,1
Ausgrid,persistence_quantile_interval,0.8,1.0,2012-08,aci_segment,444912,0.8058177796957601,0.6417146646906926,1.4182839774007183,0.0434126299133311,0.0571943074114591,0.0076124144672531,persistence,1
Ausgrid,persistence_quantile_interval,0.8,1.0,2012-08,aci_user,444912,0.8071888373431151,0.6678503435253796,1.3860055395020894,0.0101557161865716,0.0156562905468334,0.0096132697947213,persistence,1
Ausgrid,persistence_quantile_interval,0.8,1.0,2012-08,pid_global,444912,0.8003065774804905,0.6170676953315815,1.4163649331353985,0.044930233394469,0.0587656577320908,0.0158307394831163,persistence,1
Ausgrid,persistence_quantile_interval,0.8,1.0,2012-08,pid_segment,444912,0.8002975869385407,0.628859853977233,1.4149040974082812,0.0429972668752472,0.057354597859166,0.000507149983372,persistence,1
Ausgrid,persistence_quantile_interval,0.8,1.0,2012-08,pid_user,444912,0.7999784226993203,0.6871811628718709,1.379992965957755,0.0016686445858956,0.0025365440320181,0.0003572439162422,persistence,1
Ausgrid,persistence_quantile_interval,0.8,1.0,2012-09,raw,430560,0.8163856373095504,0.4932367528249713,1.0111903655458632,0.0424911742846525,0.0547470260074423,0.0223224513172966,persistence,2
Ausgrid,persistence_quantile_interval,0.8,1.0,2012-09,rolling_global_norm,430560,0.8644648829431438,0.6314234461713277,1.0421196556879893,0.0687105165366034,0.0460156486248702,0.0676689576174112,persistence,2
Ausgrid,persistence_quantile_interval,0.8,1.0,2012-09,rolling_group_norm,430560,0.8636194723151245,0.6415792977978404,1.0474386102127324,0.0687151616499442,0.0480804467262878,0.0815735479797979,persistence,2
Ausgrid,persistence_quantile_interval,0.8,1.0,2012-09,rolling_user_norm,430560,0.8540458937198068,0.6587699058724015,1.0605949262799232,0.0773225566703827,0.089915185970083,0.0680913516609392,persistence,2
Ausgrid,persistence_quantile_interval,0.8,1.0,2012-09,aci_global,430560,0.811547751765143,0.4888396325015147,1.0096811760641922,0.0414204756596061,0.0552647622345392,0.0188359106529208,persistence,2
Ausgrid,persistence_quantile_interval,0.8,1.0,2012-09,aci_segment,430560,0.8115756224451877,0.487289071439808,1.0095025835766898,0.0414901523597175,0.0551816754972652,0.0142253722794959,persistence,2
Ausgrid,persistence_quantile_interval,0.8,1.0,2012-09,aci_user,430560,0.811619751021925,0.4913171680683295,0.98834279107977,0.0198555369751021,0.0459878851516986,0.0156285796105383,persistence,2
Ausgrid,persistence_quantile_interval,0.8,1.0,2012-09,pid_global,430560,0.8009568933481978,0.4692811544785867,1.0056209295608425,0.0425771088814567,0.0589719730735368,0.0099656357388315,persistence,2
Ausgrid,persistence_quantile_interval,0.8,1.0,2012-09,pid_segment,430560,0.8009754738015608,0.4663874229327959,1.0051596223219288,0.0428651059085841,0.0591886215684872,0.0012886597938144,persistence,2
Ausgrid,persistence_quantile_interval,0.8,1.0,2012-09,pid_user,430560,0.8008523782980305,0.4985733989509676,0.978161937646438,0.0020183017465626,0.0029327076754836,0.0014032073310423,persistence,2
Ausgrid,persistence_quantile_interval,0.8,1.0,2012-10,raw,444912,0.8291976840363937,0.4932367528151084,0.9302765402006954,0.0436994282015319,0.0467144620064194,0.0376912204855337,persistence,3
Ausgrid,persistence_quantile_interval,0.8,1.0,2012-10,rolling_global_norm,444912,0.8378286043082677,0.5144132170902446,0.9342148149262584,0.0485183586866616,0.0455054511189754,0.0459289435761001,persistence,3
Ausgrid,persistence_quantile_interval,0.8,1.0,2012-10,rolling_group_norm,444912,0.8380196533247024,0.5154129473818374,0.934606122706928,0.0487894235264501,0.0457982710779165,0.046358496840705,persistence,3
Ausgrid,persistence_quantile_interval,0.8,1.0,2012-10,rolling_user_norm,444912,0.831575682382134,0.5171511787822388,0.938915063039161,0.0524139605135397,0.0612014396761869,0.0412177142223699,persistence,3
Ausgrid,persistence_quantile_interval,0.8,1.0,2012-10,aci_global,444912,0.8061122199446182,0.4481140223918778,0.9253361101016944,0.0374091955263063,0.0508817644586367,0.0173290100875733,persistence,3
Ausgrid,persistence_quantile_interval,0.8,1.0,2012-10,aci_segment,444912,0.8061167152155932,0.4432661920247855,0.9248195411431795,0.0367762613730355,0.0498797717368304,0.007774914089347,persistence,3
Ausgrid,persistence_quantile_interval,0.8,1.0,2012-10,aci_user,444912,0.8073281907433381,0.4419712778842024,0.9099924640026104,0.009378034307908,0.0118597810725868,0.0090982152754682,persistence,3
Ausgrid,persistence_quantile_interval,0.8,1.0,2012-10,pid_global,444912,0.8005066170388752,0.4410158478764064,0.9222874274700036,0.0375476498723343,0.0526849536270869,0.0136431659461256,persistence,3
Ausgrid,persistence_quantile_interval,0.8,1.0,2012-10,pid_segment,444912,0.8005245981227749,0.4361263629689744,0.921438684715316,0.0373993059301614,0.0521015359635852,0.0008466356279791,persistence,3
Ausgrid,persistence_quantile_interval,0.8,1.0,2012-10,pid_user,444912,0.8003223109289028,0.4576962355964393,0.9041345325935624,0.0015324378753551,0.0020754428036245,0.0007011417802903,persistence,3
Ausgrid,persistence_quantile_interval,0.8,1.0,2012-11,raw,430560,0.8353957636566333,0.4932367526898153,0.9286504684419842,0.0480955035302861,0.0473641073374496,0.0436079545454545,persistence,4
Ausgrid,persistence_quantile_interval,0.8,1.0,2012-11,rolling_global_norm,430560,0.8094365477517651,0.4410367684773673,0.921763982201958,0.0399270717205499,0.0527999657744409,0.0203250286368842,persistence,4
Ausgrid,persistence_quantile_interval,0.8,1.0,2012-11,rolling_group_norm,430560,0.8095712560386473,0.4356150150567279,0.9209215127035986,0.0389005016722407,0.0516124488133721,0.0120975378787878,persistence,4
Ausgrid,persistence_quantile_interval,0.8,1.0,2012-11,rolling_user_norm,430560,0.8037880899293943,0.4277197334273839,0.9193792422087558,0.0370889074693422,0.0617061947467871,0.0052205165692007,persistence,4
Ausgrid,persistence_quantile_interval,0.8,1.0,2012-11,aci_global,430560,0.8000441285767372,0.4250373086164844,0.9211564417902244,0.040321906354515,0.0554708016739753,0.0142117446393762,persistence,4
Ausgrid,persistence_quantile_interval,0.8,1.0,2012-11,aci_segment,430560,0.8000603864734299,0.4185950956394945,0.9204576599792152,0.0395484949832776,0.0544464633002189,0.0005942153493699,persistence,4
Ausgrid,persistence_quantile_interval,0.8,1.0,2012-11,aci_user,430560,0.8013679858788555,0.4127702997041005,0.9048918530868426,0.0076295986622073,0.0127266352968258,0.0024305555555554,persistence,4
Ausgrid,persistence_quantile_interval,0.8,1.0,2012-11,pid_global,430560,0.7989525269416574,0.4260270466730708,0.9191761366381692,0.0407724823485693,0.0568314153569566,0.0144919590643275,persistence,4
Ausgrid,persistence_quantile_interval,0.8,1.0,2012-11,pid_segment,430560,0.798950204384987,0.420754105363858,0.9183091325448725,0.0403288740245262,0.0565473287978619,0.0013602520045818,persistence,4
Ausgrid,persistence_quantile_interval,0.8,1.0,2012-11,pid_user,430560,0.7985112411742846,0.4341185822648333,0.9000920037998177,0.0024410070605722,0.0029344343148105,0.0018470790378006,persistence,4
Ausgrid,persistence_quantile_interval,0.8,1.0,2012-12,raw,444912,0.8418428812888841,0.4932367526994173,0.951644130649438,0.0562511238177437,0.0542378309639284,0.0503711510263928,persistence,5
Ausgrid,persistence_quantile_interval,0.8,1.0,2012-12,rolling_global_norm,444912,0.8107985399359874,0.430772386983781,0.9429693382222156,0.0484329485381378,0.0622714040284288,0.0176472385141739,persistence,5
Ausgrid,persistence_quantile_interval,0.8,1.0,2012-12,rolling_group_norm,444912,0.8110188082137592,0.4247825325291188,0.9427513984447738,0.048080519293703,0.0621452875698182,0.0173516789285039,persistence,5
Ausgrid,persistence_quantile_interval,0.8,1.0,2012-12,rolling_user_norm,444912,0.8094971589887439,0.4160180680730541,0.9350034206535688,0.0374127917430862,0.0500704277917301,0.0165558385210337,persistence,5
Ausgrid,persistence_quantile_interval,0.8,1.0,2012-12,aci_global,444912,0.8019226273959794,0.4164695541724922,0.9422421720740284,0.0489476570647678,0.0656693671679712,0.0074749511241446,persistence,5
Ausgrid,persistence_quantile_interval,0.8,1.0,2012-12,aci_segment,444912,0.8019068939475672,0.4136080921942099,0.9420670181290524,0.0491611824360772,0.0659949370019728,0.0032328805885681,persistence,5
Ausgrid,persistence_quantile_interval,0.8,1.0,2012-12,aci_user,444912,0.8050198690977092,0.4091529716369211,0.9179402781233194,0.0095349192649332,0.0179808776779989,0.0074125165063194,persistence,5
Ausgrid,persistence_quantile_interval,0.8,1.0,2012-12,pid_global,444912,0.7997514115150861,0.4190391376442514,0.9387552552792592,0.0501173265724457,0.0679100472365814,0.0072898981324278,persistence,5
Ausgrid,persistence_quantile_interval,0.8,1.0,2012-12,pid_segment,444912,0.7997648973280109,0.4165783432284254,0.9384894686292824,0.0500606861581616,0.0680645645735893,0.0005437438905181,persistence,5
Ausgrid,persistence_quantile_interval,0.8,1.0,2012-12,pid_user,444912,0.7995423814147516,0.4348240970172147,0.9072677347447616,0.0020426511310101,0.0025194760692605,0.0006353861192571,persistence,5
Ausgrid,persistence_quantile_interval,0.8,1.0,2013-01,raw,444912,0.8322949257381235,0.4932367526034449,1.0467869055602803,0.0524840867407487,0.057133533291963,0.0399926686217008,persistence,6
Ausgrid,persistence_quantile_interval,0.8,1.0,2013-01,rolling_global_norm,444912,0.7951549969432158,0.4176681561054015,1.0409015746260182,0.0491701729780271,0.0656426622920217,0.0122417940011319,persistence,6
Ausgrid,persistence_quantile_interval,0.8,1.0,2013-01,rolling_group_norm,444912,0.7953550365016003,0.4138605874018218,1.0408774778558418,0.0491733196677095,0.0654863296492361,0.0076612903225806,persistence,6
Ausgrid,persistence_quantile_interval,0.8,1.0,2013-01,rolling_user_norm,444912,0.7938648541734096,0.4031471625670443,1.0278574114464345,0.0350999748264825,0.0463189507066261,0.0089014521671655,persistence,6
Ausgrid,persistence_quantile_interval,0.8,1.0,2013-01,aci_global,444912,0.7986118603229403,0.4241696766575737,1.040817605883035,0.0486154565397202,0.0644880808166851,0.0085337672137333,persistence,6
Ausgrid,persistence_quantile_interval,0.8,1.0,2013-01,aci_segment,444912,0.7986141079584277,0.4218460791198372,1.040672902039728,0.0486455748552522,0.0646952566907833,0.0015362667421241,persistence,6
Ausgrid,persistence_quantile_interval,0.8,1.0,2013-01,aci_user,444912,0.800169471715755,0.4194517400823112,1.0144964894679218,0.0063594598482396,0.0118132351430512,0.000568289002075,persistence,6
Ausgrid,persistence_quantile_interval,0.8,1.0,2013-01,pid_global,444912,0.799380551659654,0.4325792304168423,1.0370594054938904,0.0496412773762002,0.06579103650814,0.0084983965289568,persistence,6
Ausgrid,persistence_quantile_interval,0.8,1.0,2013-01,pid_segment,444912,0.7993962851080663,0.4296286543950946,1.0368944637173576,0.0497496134066961,0.0659082779846988,0.0007168458781362,persistence,6
Ausgrid,persistence_quantile_interval,0.8,1.0,2013-01,pid_user,444912,0.7989535009170353,0.4556662142996305,1.001870949018218,0.0017324774337397,0.002085587739088,0.0011088709677419,persistence,6
Ausgrid,persistence_quantile_interval,0.8,1.0,2013-02,raw,401856,0.8389721691352127,0.4932367528262123,0.9514227573679396,0.0564490762860327,0.0573486449752761,0.0444686823593073,persistence,7
Ausgrid,persistence_quantile_interval,0.8,1.0,2013-02,rolling_global_norm,401856,0.8022973403408186,0.4190884502334015,0.9426398866880804,0.0473901098901098,0.0642009851324,0.0103215513009327,persistence,7
Ausgrid,persistence_quantile_interval,0.8,1.0,2013-02,rolling_group_norm,401856,0.8023645285873546,0.4173115576756512,0.9424017253714126,0.0477091296384774,0.0649265979396079,0.0070922312223857,persistence,7
Ausgrid,persistence_quantile_interval,0.8,1.0,2013-02,rolling_user_norm,401856,0.7990076047141265,0.4092354607347637,0.9334492993710612,0.0384366539257843,0.0601509654025086,0.0073990549828177,persistence,7
Ausgrid,persistence_quantile_interval,0.8,1.0,2013-02,aci_global,401856,0.7997292562509953,0.4155445280763342,0.9426067889431232,0.0478977544194935,0.0648480520751424,0.0100041771094403,persistence,7
Ausgrid,persistence_quantile_interval,0.8,1.0,2013-02,aci_segment,401856,0.7997765368689281,0.4115439618887753,0.9423292607339006,0.0479151735945214,0.0650950972564659,0.0007949561403509,persistence,7
Ausgrid,persistence_quantile_interval,0.8,1.0,2013-02,aci_user,401856,0.8018245341614907,0.4122882338607329,0.9210857139440818,0.007882425545469,0.0171343327010627,0.0029288419913419,persistence,7
Ausgrid,persistence_quantile_interval,0.8,1.0,2013-02,pid_global,401856,0.7995724836757445,0.4191564477508667,0.9402719949693854,0.0478803352444656,0.0648425567208898,0.009671313700919,persistence,7
Ausgrid,persistence_quantile_interval,0.8,1.0,2013-02,pid_segment,401856,0.7995799490364708,0.4150442185484725,0.9399677108920792,0.0474777034559643,0.0641938036811,0.0006983901515151,persistence,7
Ausgrid,persistence_quantile_interval,0.8,1.0,2013-02,pid_user,401856,0.7990673275999363,0.4426358359910102,0.9158611103494544,0.0017488851727982,0.0022421339565099,0.0012987012987013,persistence,7
Ausgrid,persistence_quantile_interval,0.8,1.0,2013-03,raw,444912,0.8380578631279894,0.493236752724185,0.947479488895582,0.0579116769158844,0.0570383371251169,0.0496151026392961,persistence,8
Ausgrid,persistence_quantile_interval,0.8,1.0,2013-03,rolling_global_norm,444912,0.8019810659186536,0.4216228043680664,0.9393161505062128,0.0496498183910526,0.064480342206113,0.010751160801564,persistence,8
Ausgrid,persistence_quantile_interval,0.8,1.0,2013-03,rolling_group_norm,444912,0.8017495594634445,0.4182667388162325,0.9389931378760212,0.0492510878555759,0.064809795523986,0.0051609848484848,persistence,8
Ausgrid,persistence_quantile_interval,0.8,1.0,2013-03,rolling_user_norm,444912,0.8005223504872874,0.4138521702269805,0.9269051982178288,0.0332389326428597,0.0512483923959628,0.0020798691941026,persistence,8
Ausgrid,persistence_quantile_interval,0.8,1.0,2013-03,aci_global,444912,0.7997716402344733,0.4186224116844181,0.9392770113271608,0.0496799367065846,0.0651751937424512,0.0123184304848141,persistence,8
Ausgrid,persistence_quantile_interval,0.8,1.0,2013-03,aci_segment,444912,0.7997244398892365,0.4150662739622495,0.9389961112724589,0.0494637141726903,0.0658303350200376,0.0005399924542539,persistence,8
Ausgrid,persistence_quantile_interval,0.8,1.0,2013-03,aci_user,444912,0.8012955370949761,0.4143152145423953,0.9144895062293448,0.0064947675045851,0.0122724301954108,0.0028546554252198,persistence,8
Ausgrid,persistence_quantile_interval,0.8,1.0,2013-03,pid_global,444912,0.7997424209731363,0.4224939149706635,0.937256255607284,0.0500184306109972,0.0660910065498756,0.0122123184304848,persistence,8
Ausgrid,persistence_quantile_interval,0.8,1.0,2013-03,pid_segment,444912,0.7997514115150861,0.4190002173535402,0.9370971269497216,0.0498530046391196,0.0671044400600122,0.0003572439162422,persistence,8
Ausgrid,persistence_quantile_interval,0.8,1.0,2013-03,pid_user,444912,0.7994434854533031,0.4406812831116502,0.9082500260052068,0.001711799187255,0.0022140247775072,0.0007881231671554,persistence,8
Ausgrid,persistence_quantile_interval,0.8,1.0,2013-04,raw,430560,0.8280146785581568,0.4932367528174742,0.9316942805730924,0.0478771832032701,0.0521117877805918,0.0370632875143184,persistence,9
Ausgrid,persistence_quantile_interval,0.8,1.0,2013-04,rolling_global_norm,430560,0.7866383314752879,0.4155348465853243,0.9268754785447284,0.0443167038275734,0.0613817844785376,0.0271016081871345,persistence,9
Ausgrid,persistence_quantile_interval,0.8,1.0,2013-04,rolling_group_norm,430560,0.7867660720921591,0.4119483828889019,0.9266424365994036,0.0438498699368264,0.0610921058607974,0.0208017676767676,persistence,9
Ausgrid,persistence_quantile_interval,0.8,1.0,2013-04,rolling_user_norm,430560,0.7827805648457823,0.4079511607875253,0.928058134746484,0.045006503158677,0.0727895180992461,0.0289772727272727,persistence,9
Ausgrid,persistence_quantile_interval,0.8,1.0,2013-04,aci_global,430560,0.7973569305091044,0.4345352909197305,0.9263925906953898,0.0421404682274247,0.0584204574515342,0.0154544346978557,persistence,9
Ausgrid,persistence_quantile_interval,0.8,1.0,2013-04,aci_segment,430560,0.797384801189149,0.4275145491536303,0.9258335632436916,0.0411696395392047,0.0574350755453432,0.0038115530303031,persistence,9
Ausgrid,persistence_quantile_interval,0.8,1.0,2013-04,aci_user,430560,0.7990454292084727,0.4261326563296669,0.9061144002717286,0.0077689520624303,0.0140235279374086,0.001516812865497,persistence,9
Ausgrid,persistence_quantile_interval,0.8,1.0,2013-04,pid_global,430560,0.7992846525455221,0.4409025321274325,0.924751356487852,0.042075436640654,0.0585083509402491,0.0142468499427261,persistence,9
Ausgrid,persistence_quantile_interval,0.8,1.0,2013-04,pid_segment,430560,0.799296265328874,0.4335923200858414,0.9239638728354396,0.0411394463024897,0.0572809846759471,0.0009390782828283,persistence,9
Ausgrid,persistence_quantile_interval,0.8,1.0,2013-04,pid_user,430560,0.7987853028613898,0.4526317571384605,0.90091863657338,0.0018835934596804,0.0023438843314415,0.0016256313131313,persistence,9
Ausgrid,persistence_quantile_interval,0.8,1.0,2013-05,raw,444912,0.7913879598662207,0.4932367528059608,1.1636970020698714,0.0498741324127018,0.0678430394793647,0.0157493869081305,persistence,10
Ausgrid,persistence_quantile_interval,0.8,1.0,2013-05,rolling_global_norm,444912,0.7582712985938792,0.4275323119727203,1.170685955762338,0.0668626604811738,0.0768903553873327,0.0524111016789285,persistence,10
Ausgrid,persistence_quantile_interval,0.8,1.0,2013-05,rolling_group_norm,444912,0.7586623871686985,0.4218511848098613,1.171193220930927,0.0662459093034128,0.076525425763383,0.0517106549364614,persistence,10
Ausgrid,persistence_quantile_interval,0.8,1.0,2013-05,rolling_user_norm,444912,0.7572418815406192,0.4137545228997797,1.1688154325021989,0.0626389038731255,0.0676082010195588,0.0534365835777126,persistence,10
Ausgrid,persistence_quantile_interval,0.8,1.0,2013-05,aci_global,444912,0.7923409573129068,0.5019265875287887,1.160779095874052,0.0492474916387959,0.0673878956026686,0.0155312676853424,persistence,10
Ausgrid,persistence_quantile_interval,0.8,1.0,2013-05,aci_segment,444912,0.7923139856870572,0.4951075572539977,1.1602571029626636,0.049726687524724,0.066758561930718,0.0094024926686216,persistence,10
Ausgrid,persistence_quantile_interval,0.8,1.0,2013-05,aci_user,444912,0.7960383176897904,0.5102284591218361,1.127515586645538,0.0118176178660049,0.0185904622822181,0.0060422776148583,persistence,10
Ausgrid,persistence_quantile_interval,0.8,1.0,2013-05,pid_global,444912,0.7989197863847233,0.5193254539950805,1.1597451708293738,0.0477869780990398,0.0658016489325853,0.0130196208846025,persistence,10
Ausgrid,persistence_quantile_interval,0.8,1.0,2013-05,pid_segment,444912,0.7989355198331355,0.5138567893584546,1.1589778743017332,0.0477020174776135,0.064900952832221,0.0012081500488758,persistence,10
Ausgrid,persistence_quantile_interval,0.8,1.0,2013-05,pid_user,444912,0.7980791707124105,0.5435888215721857,1.1222007468052817,0.0027236846837127,0.0030745895399305,0.0025369623655914,persistence,10
Ausgrid,persistence_quantile_interval,0.8,1.0,2013-06,raw,430560,0.748920011148272,0.4932367528937217,1.4933011223426806,0.0768882385730212,0.0810288660147177,0.0636600378787879,persistence,11
Ausgrid,persistence_quantile_interval,0.8,1.0,2013-06,rolling_global_norm,430560,0.7422798216276477,0.4787220857664334,1.4973994367906385,0.08173541434411,0.0825547842065195,0.0705571338383839,persistence,11
Ausgrid,persistence_quantile_interval,0.8,1.0,2013-06,rolling_group_norm,430560,0.7419778892604979,0.4716711260510999,1.4993786716130033,0.0820930880713489,0.082650724751204,0.0694839015151516,persistence,11
Ausgrid,persistence_quantile_interval,0.8,1.0,2013-06,rolling_user_norm,430560,0.7426537532515793,0.4753986732120581,1.4803658843087035,0.0738967855815682,0.0680619411375132,0.0705808080808081,persistence,11
Ausgrid,persistence_quantile_interval,0.8,1.0,2013-06,aci_global,430560,0.7892210144927536,0.60986618620271,1.4732777332877174,0.0579315310293571,0.0734661878129818,0.0255050505050505,persistence,11
Ausgrid,persistence_quantile_interval,0.8,1.0,2013-06,aci_segment,430560,0.7892024340393906,0.6107645570940576,1.47227230107555,0.0568817354143441,0.0726646767563961,0.0128156565656566,persistence,11
Ausgrid,persistence_quantile_interval,0.8,1.0,2013-06,aci_user,430560,0.7941912857673727,0.6482137636983806,1.420151367363547,0.0142442400594575,0.0244575813137315,0.0087279040404041,persistence,11
Ausgrid,persistence_quantile_interval,0.8,1.0,2013-06,pid_global,430560,0.7974266072092159,0.6396344796085318,1.4701782901212774,0.0555973615756224,0.0717516904508282,0.0184659090909091,persistence,11
Ausgrid,persistence_quantile_interval,0.8,1.0,2013-06,pid_segment,430560,0.7974126718691936,0.6416159918628569,1.4689384244214834,0.0544314381270903,0.0705403986932706,0.0029829545454546,persistence,11
Ausgrid,persistence_quantile_interval,0.8,1.0,2013-06,pid_user,430560,0.7967391304347826,0.6914183964408485,1.410089127097626,0.0038368636194723,0.0037016161804278,0.0042376893939394,persistence,11
UCI Electricity,persistence_quantile_interval,0.8,1.0,2014-01,raw,1014816,0.7958546179800082,220.536197775896,383.4909669306445,0.056828035821272,0.0907373545932913,0.0899243329350856,persistence,0
UCI Electricity,persistence_quantile_interval,0.8,1.0,2014-01,rolling_global_norm,1014816,0.8008584807492196,225.8816674852372,383.8923585564247,0.0566806199350424,0.0891997771716169,0.0780391278375149,persistence,0
UCI Electricity,persistence_quantile_interval,0.8,1.0,2014-01,rolling_group_norm,1014816,0.8008082253334594,212.78093413878028,380.65695170506297,0.0513537429445337,0.0736533321810613,0.0096998207885303,persistence,0
UCI Electricity,persistence_quantile_interval,0.8,1.0,2014-01,rolling_user_norm,1014816,0.8067984738120014,212.01266798972733,374.2079456205983,0.0254383060574527,0.0449651513058053,0.0399168657905216,persistence,0
UCI Electricity,persistence_quantile_interval,0.8,1.0,2014-01,aci_global,1014816,0.7987585926906947,225.22735715369132,383.5893043326506,0.056745459275376,0.0893016637740264,0.0859294105933891,persistence,0
UCI Electricity,persistence_quantile_interval,0.8,1.0,2014-01,aci_segment,1014816,0.7987152350770977,211.0363487912695,380.5705851170004,0.0521069829407498,0.0753499542088073,0.00175406294496,persistence,0
UCI Electricity,persistence_quantile_interval,0.8,1.0,2014-01,aci_user,1014816,0.801836983256078,208.33934596075605,371.6590214029548,0.0060363652130041,0.0181333939441111,0.0223566308243726,persistence,0
UCI Electricity,persistence_quantile_interval,0.8,1.0,2014-01,pid_global,1014816,0.7995833727493457,232.5370359572184,378.4078683482876,0.0576679910446819,0.0895316423009856,0.1128235762644365,persistence,0
UCI Electricity,persistence_quantile_interval,0.8,1.0,2014-01,pid_segment,1014816,0.7995705625453284,216.420460765192,376.4523699195538,0.0526580187935546,0.0768720295723966,0.0005848922276231,persistence,0
UCI Electricity,persistence_quantile_interval,0.8,1.0,2014-01,pid_user,1014816,0.8000741021032384,219.7086846534308,366.37747813167897,0.0014528742156213,0.0109002381023924,0.0075219036240541,persistence,0
UCI Electricity,persistence_quantile_interval,0.8,1.0,2014-02,raw,916608,0.792314708141321,220.53619779801437,368.54080298241576,0.0564245566261695,0.0901013892904691,0.0972608024691358,persistence,1
UCI Electricity,persistence_quantile_interval,0.8,1.0,2014-02,rolling_global_norm,916608,0.7980696219103477,227.4628159298937,369.706694757412,0.0558840856723921,0.0883940019232512,0.0839919532627866,persistence,1
UCI Electricity,persistence_quantile_interval,0.8,1.0,2014-02,rolling_group_norm,916608,0.7982234499371597,213.58738441074644,365.1284982494871,0.0510905425219941,0.0731125514112602,0.004943783068783,persistence,1
UCI Electricity,persistence_quantile_interval,0.8,1.0,2014-02,rolling_user_norm,916608,0.8039521802122609,210.65879856388585,356.0113224168681,0.0235684174696271,0.0379430047343026,0.0314869929453262,persistence,1
UCI Electricity,persistence_quantile_interval,0.8,1.0,2014-02,aci_global,916608,0.7996689969976261,229.5747764514469,369.6143313347641,0.0560132575757575,0.0874416386166886,0.0805748456790124,persistence,1
UCI Electricity,persistence_quantile_interval,0.8,1.0,2014-02,aci_segment,916608,0.7997955505515989,214.4846353129588,364.62356436643387,0.0512225509705348,0.072676415179835,0.0035659171075838,persistence,1
UCI Electricity,persistence_quantile_interval,0.8,1.0,2014-02,aci_user,916608,0.8023877164502164,202.18798766525092,353.08005933339115,0.0059809645999162,0.0166343209620977,0.0170056216931216,persistence,1
UCI Electricity,persistence_quantile_interval,0.8,1.0,2014-02,pid_global,916608,0.7995642630219243,236.30872077599537,365.2215786431136,0.0560298404552436,0.0865706162249492,0.1082699514991182,persistence,1
UCI Electricity,persistence_quantile_interval,0.8,1.0,2014-02,pid_segment,916608,0.7995369885490853,220.66764323763627,360.1956966790642,0.051286045943304,0.0734733697518329,0.000605770276147,persistence,1
UCI Electricity,persistence_quantile_interval,0.8,1.0,2014-02,pid_user,916608,0.8000082914397431,212.691916466588,347.2340829523081,0.0014121631057115,0.0101700537036132,0.0062307098765431,persistence,1
UCI Electricity,persistence_quantile_interval,0.8,1.0,2014-03,raw,1014816,0.8038708494938984,220.53619794770069,372.8543332188168,0.0490912638350203,0.0837903828142009,0.08125,persistence,2
UCI Electricity,persistence_quantile_interval,0.8,1.0,2014-03,rolling_global_norm,1014816,0.8116220083246618,231.2034325275938,373.9830076892434,0.0497278324346482,0.0803221961089722,0.0644240342493031,persistence,2
UCI Electricity,persistence_quantile_interval,0.8,1.0,2014-03,rolling_group_norm,1014816,0.8120999274745373,215.13693654246435,370.5068419790989,0.0446681960079462,0.0654084295710923,0.0147774790919952,persistence,2
UCI Electricity,persistence_quantile_interval,0.8,1.0,2014-03,rolling_user_norm,1014816,0.8164889004509192,207.5837723971951,364.1897047574592,0.0305119351685428,0.0438080209894201,0.0492756869772997,persistence,2
UCI Electricity,persistence_quantile_interval,0.8,1.0,2014-03,aci_global,1014816,0.8010378236054615,220.94336463861376,372.8691459620405,0.0490812127518683,0.0838751390189168,0.0947157506969335,persistence,2
UCI Electricity,persistence_quantile_interval,0.8,1.0,2014-03,aci_segment,1014816,0.8006239554756724,205.41175019866947,370.6716973240641,0.0453366915775864,0.0709627583417676,0.0012945670628182,persistence,2
UCI Electricity,persistence_quantile_interval,0.8,1.0,2014-03,aci_user,1014816,0.8014388815312332,198.60016354723248,361.7551716961633,0.0061565840507047,0.0220960769345055,0.014702807646356,persistence,2
UCI Electricity,persistence_quantile_interval,0.8,1.0,2014-03,pid_global,1014816,0.7997154163907546,226.9324439001579,366.8643629295189,0.0516231513890202,0.087907328323326,0.127857427319793,persistence,2
UCI Electricity,persistence_quantile_interval,0.8,1.0,2014-03,pid_segment,1014816,0.7997262557941538,211.3253876275332,367.127521167407,0.0464023034717623,0.0734547576366934,0.0003746869936662,persistence,2
UCI Electricity,persistence_quantile_interval,0.8,1.0,2014-03,pid_user,1014816,0.7997183725916817,211.9270466085027,355.3366995721438,0.0008125610948191,0.0020707764890666,0.0009881521306251,persistence,2
UCI Electricity,persistence_quantile_interval,0.8,1.0,2014-04,raw,982080,0.8087579423264907,220.53619790868805,407.0619059197219,0.0523592782665363,0.0896571949789432,0.0770318930041152,persistence,3
UCI Electricity,persistence_quantile_interval,0.8,1.0,2014-04,rolling_global_norm,982080,0.8101427582274356,220.53631582874135,407.061886752555,0.0529233870967741,0.0892980754771719,0.0712319958847736,persistence,3
UCI Electricity,persistence_quantile_interval,0.8,1.0,2014-04,rolling_group_norm,982080,0.8105388563049853,207.63487057256648,408.73460438194985,0.0483484033887259,0.0768972046294889,0.0152397260273972,persistence,3
UCI Electricity,persistence_quantile_interval,0.8,1.0,2014-04,rolling_user_norm,982080,0.8146118442489411,199.1798458751848,404.7630274179744,0.0364450961225154,0.052478858568504,0.0426183127572016,persistence,3
UCI Electricity,persistence_quantile_interval,0.8,1.0,2014-04,aci_global,982080,0.8021413734115347,220.1544250620924,407.05907126146855,0.0508787471489084,0.0905092564921246,0.103099279835391,persistence,3
UCI Electricity,persistence_quantile_interval,0.8,1.0,2014-04,aci_segment,982080,0.8014479472140762,208.38951725060485,408.0376038560513,0.0470776311502117,0.0791812203096599,0.0027777777777777,persistence,3
UCI Electricity,persistence_quantile_interval,0.8,1.0,2014-04,aci_user,982080,0.8038011159986966,221.80269551919585,394.7894633847351,0.0070819077875529,0.0138762702566123,0.0184284979423867,persistence,3
UCI Electricity,persistence_quantile_interval,0.8,1.0,2014-04,pid_global,982080,0.7996151026392961,220.57186097893344,400.7599141377817,0.0536779081133919,0.0957233530188173,0.1304655349794239,persistence,3
UCI Electricity,persistence_quantile_interval,0.8,1.0,2014-04,pid_segment,982080,0.7996476865428478,212.37903235369436,405.3251030870925,0.0481345715216682,0.0812660225962314,0.0003852739726027,persistence,3
UCI Electricity,persistence_quantile_interval,0.8,1.0,2014-04,pid_user,982080,0.7997372922776148,233.71351684841076,389.6863312856586,0.0010304659498207,0.0033320728899613,0.0019032921810698,persistence,3
UCI Electricity,persistence_quantile_interval,0.8,1.0,2014-05,raw,1014816,0.8063195692618169,220.53619797088717,452.28141286228765,0.0514036042001702,0.0876596465997528,0.0802045997610514,persistence,4
UCI Electricity,persistence_quantile_interval,0.8,1.0,2014-05,rolling_global_norm,1014816,0.8063195692618169,220.53619797088717,452.28141286228765,0.0514036042001702,0.0876596465997528,0.0802045997610514,persistence,4
UCI Electricity,persistence_quantile_interval,0.8,1.0,2014-05,rolling_group_norm,1014816,0.7986166950461956,206.06477496850545,456.02769197422737,0.0481961261943051,0.0781056340486571,0.0181557724957556,persistence,4
UCI Electricity,persistence_quantile_interval,0.8,1.0,2014-05,rolling_user_norm,1014816,0.8018202314508246,213.8118093008748,441.9580847141586,0.0318142402169457,0.0462676639142246,0.0273596176821983,persistence,4
UCI Electricity,persistence_quantile_interval,0.8,1.0,2014-05,aci_global,1014816,0.8010230426008261,220.42661517581777,452.277795497644,0.0495713508655756,0.0878653984149175,0.0995196136997212,persistence,4
UCI Electricity,persistence_quantile_interval,0.8,1.0,2014-05,aci_segment,1014816,0.8000652335004572,218.8534904580591,451.2939232170312,0.04728679878914,0.074952649080108,0.0018640350877193,persistence,4
UCI Electricity,persistence_quantile_interval,0.8,1.0,2014-05,aci_user,1014816,0.8022607053889572,236.18890896528785,436.5484125695872,0.005366687162993,0.0136780349774922,0.0149766029470329,persistence,4
UCI Electricity,persistence_quantile_interval,0.8,1.0,2014-05,pid_global,1014816,0.7998228250244379,223.15512565173535,442.41891667388376,0.0528988506290795,0.0913821064024458,0.1245221027479092,persistence,4
UCI Electricity,persistence_quantile_interval,0.8,1.0,2014-05,pid_segment,1014816,0.7998346498281462,224.41990348559168,446.4796247269821,0.0477834405448869,0.0753163624207118,0.000399688737974,persistence,4
UCI Electricity,persistence_quantile_interval,0.8,1.0,2014-05,pid_user,1014816,0.7999006716488506,247.0038512526555,429.8039477490328,0.0010027433544603,0.0032966086858277,0.0026309239346873,persistence,4
UCI Electricity,persistence_quantile_interval,0.8,1.0,2014-06,raw,982080,0.7989725887911372,220.536197937525,510.52687458991386,0.0539070136852394,0.0891637117688781,0.0769675925925926,persistence,5
UCI Electricity,persistence_quantile_interval,0.8,1.0,2014-06,rolling_global_norm,982080,0.7989725887911372,220.536197937525,510.52687458991386,0.0539070136852394,0.0891637117688781,0.0769675925925926,persistence,5
UCI Electricity,persistence_quantile_interval,0.8,1.0,2014-06,rolling_group_norm,982080,0.7915251303356142,215.6972033712445,510.7846459757343,0.0500315656565656,0.077464619018414,0.0230592105263158,persistence,5
UCI Electricity,persistence_quantile_interval,0.8,1.0,2014-06,rolling_user_norm,982080,0.7950054985337244,234.1487435697224,495.7240725791307,0.0282329341805148,0.0385186606028647,0.0241374269005848,persistence,5
UCI Electricity,persistence_quantile_interval,0.8,1.0,2014-06,aci_global,982080,0.7989145487129358,222.77115085665167,509.9258092549067,0.0527309384164222,0.0879503840782144,0.0818029835390946,persistence,5
UCI Electricity,persistence_quantile_interval,0.8,1.0,2014-06,aci_segment,982080,0.7989654610622352,232.2970489415678,506.9698895523064,0.0488819648093841,0.074655008075494,0.0029714912280701,persistence,5
UCI Electricity,persistence_quantile_interval,0.8,1.0,2014-06,aci_user,982080,0.8010966520039101,243.21773748642124,492.83135712614734,0.0054669680677745,0.0131248788964765,0.0150205761316871,persistence,5
UCI Electricity,persistence_quantile_interval,0.8,1.0,2014-06,pid_global,982080,0.7996028836754643,229.4483915931025,498.3413392967872,0.0535373900293255,0.0884854634753374,0.1042052469135802,persistence,5
UCI Electricity,persistence_quantile_interval,0.8,1.0,2014-06,pid_segment,982080,0.7996385223199739,238.88518259709556,501.743547421734,0.0502087406321277,0.0759826468697707,0.0005263157894737,persistence,5
UCI Electricity,persistence_quantile_interval,0.8,1.0,2014-06,pid_user,982080,0.7995244786575432,253.2082971383957,484.7885599801476,0.0008013603779732,0.0009678489826345,0.0006030701754385,persistence,5
UCI Electricity,persistence_quantile_interval,0.8,1.0,2014-07,raw,1014816,0.7838475152145807,220.5361976686257,577.1525051871012,0.0549551839939456,0.0931480153151299,0.0938321385902031,persistence,6
UCI Electricity,persistence_quantile_interval,0.8,1.0,2014-07,rolling_global_norm,1014816,0.7838475152145807,220.5361976686257,577.1525051871012,0.0549551839939456,0.0931480153151299,0.0938321385902031,persistence,6
UCI Electricity,persistence_quantile_interval,0.8,1.0,2014-07,rolling_group_norm,1014816,0.7818225175795415,227.05648442145176,573.1357235156272,0.0511430643584649,0.0788070305025765,0.022304753820034,persistence,6
UCI Electricity,persistence_quantile_interval,0.8,1.0,2014-07,rolling_user_norm,1014816,0.784455507205247,243.12814211214103,556.106865333489,0.0327397281871787,0.0471573215949968,0.0237584889643464,persistence,6
UCI Electricity,persistence_quantile_interval,0.8,1.0,2014-07,aci_global,1014816,0.7961502380727147,235.77991288602135,570.848296258072,0.0531355437833065,0.0873940702378107,0.0722272003185982,persistence,6
UCI Electricity,persistence_quantile_interval,0.8,1.0,2014-07,aci_segment,1014816,0.7960319900356321,246.3160269632241,566.304450012751,0.0482822501813136,0.074823544247681,0.0040893356900869,persistence,6
UCI Electricity,persistence_quantile_interval,0.8,1.0,2014-07,aci_user,1014816,0.7971908207990414,270.88896655159147,550.6342877138995,0.0077866332418882,0.024231197089761,0.0116039426523296,persistence,6
UCI Electricity,persistence_quantile_interval,0.8,1.0,2014-07,pid_global,1014816,0.7993734824835241,243.93513397261648,554.3701561683513,0.0525543546810456,0.0846996086413441,0.085294703305456,persistence,6
UCI Electricity,persistence_quantile_interval,0.8,1.0,2014-07,pid_segment,1014816,0.7994414751048466,255.61387691514005,555.9428747703145,0.0489499574307066,0.0741610299278641,0.0005910296067167,persistence,6
UCI Electricity,persistence_quantile_interval,0.8,1.0,2014-07,pid_user,1014816,0.7992217308359348,291.7851909812642,543.8937957072825,0.001118823510863,0.0018511536229475,0.0008856238032111,persistence,6
UCI Electricity,persistence_quantile_interval,0.8,1.0,2014-08,raw,1014816,0.7914794406079526,220.5361975183939,599.3171339069535,0.0602580172169142,0.0971603026415146,0.0586369972122661,persistence,7
UCI Electricity,persistence_quantile_interval,0.8,1.0,2014-08,rolling_global_norm,1014816,0.8012822028820988,232.63460528733933,594.0641230714605,0.0587113328918739,0.092701029983759,0.041549681401832,persistence,7
UCI Electricity,persistence_quantile_interval,0.8,1.0,2014-08,rolling_group_norm,1014816,0.8035584775959386,243.5432056520561,588.697762649019,0.0554070885756629,0.0828473159038303,0.0156735364396654,persistence,7
UCI Electricity,persistence_quantile_interval,0.8,1.0,2014-08,rolling_user_norm,1014816,0.8061313578027938,262.3104888960068,573.5963590965983,0.0297884542616592,0.0473496017522112,0.0459652528872958,persistence,7
UCI Electricity,persistence_quantile_interval,0.8,1.0,2014-08,aci_global,1014816,0.8004958534354997,231.25814455644547,593.7697191409839,0.058971084413332,0.0932567849242757,0.0416492433293509,persistence,7
UCI Electricity,persistence_quantile_interval,0.8,1.0,2014-08,aci_segment,1014816,0.8006653422886514,247.67380872615627,587.2516169359328,0.0550531327846624,0.0844576764023386,0.004124352847471,persistence,7
UCI Electricity,persistence_quantile_interval,0.8,1.0,2014-08,aci_user,1014816,0.8036717986314761,278.24682302605,570.8260789274193,0.0069626415034843,0.0171482478425746,0.027745420151334,persistence,7
UCI Electricity,persistence_quantile_interval,0.8,1.0,2014-08,pid_global,1014816,0.7996592485731403,236.39121474803065,577.7774565890734,0.0581226547472645,0.0923322741085978,0.068107825567503,persistence,7
UCI Electricity,persistence_quantile_interval,0.8,1.0,2014-08,pid_segment,1014816,0.7996720587771576,254.7347984950881,577.4238262637084,0.0554701541954403,0.0843475189709935,0.0004421335597057,persistence,7
UCI Electricity,persistence_quantile_interval,0.8,1.0,2014-08,pid_user,1014816,0.7999381168605935,301.47824958441174,563.1891760676605,0.0011430643584649,0.0040771182795439,0.0042363600159298,persistence,7
UCI Electricity,persistence_quantile_interval,0.8,1.0,2014-09,raw,982080,0.7963852231997394,220.5361977873828,566.8310267143233,0.0534437113066145,0.0890006399050589,0.0733924897119342,persistence,8
UCI Electricity,persistence_quantile_interval,0.8,1.0,2014-09,rolling_global_norm,982080,0.8096183610296513,237.58813501656664,562.0958198912934,0.052747230368198,0.0819353692249667,0.0487011316872428,persistence,8
UCI Electricity,persistence_quantile_interval,0.8,1.0,2014-09,rolling_group_norm,982080,0.8103688090583252,250.81157367528857,558.4975048388219,0.050640477354187,0.073041117578919,0.0150840643274853,persistence,8
UCI Electricity,persistence_quantile_interval,0.8,1.0,2014-09,rolling_user_norm,982080,0.8129388644509612,282.3505291378212,548.5817929482027,0.0283123574454219,0.0381697034264275,0.0225694444444444,persistence,8
UCI Electricity,persistence_quantile_interval,0.8,1.0,2014-09,aci_global,982080,0.8027706500488758,228.343352235788,563.2449826397558,0.0530639051808406,0.0859562904781997,0.0604552469135802,persistence,8
UCI Electricity,persistence_quantile_interval,0.8,1.0,2014-09,aci_segment,982080,0.8022574535679374,239.20485010610847,559.4765128490747,0.0482414874551971,0.073445775496827,0.0032931286549706,persistence,8
UCI Electricity,persistence_quantile_interval,0.8,1.0,2014-09,aci_user,982080,0.8047328119908765,267.6683845228221,544.6882796349174,0.0069688823721081,0.0151111428893594,0.019727366255144,persistence,8
UCI Electricity,persistence_quantile_interval,0.8,1.0,2014-09,pid_global,982080,0.79963954056696,231.7579834908984,547.9488712888704,0.052661697621375,0.0870819494004443,0.0934542181069959,persistence,8
UCI Electricity,persistence_quantile_interval,0.8,1.0,2014-09,pid_segment,982080,0.7996222303681981,241.6542320725353,549.3655472165414,0.0497505294884327,0.0753767745899384,0.0004899162861492,persistence,8
UCI Electricity,persistence_quantile_interval,0.8,1.0,2014-09,pid_user,982080,0.7998523541870316,276.14224180741274,534.6622379308538,0.0010375936787227,0.0040639728452219,0.0032021604938271,persistence,8
UCI Electricity,persistence_quantile_interval,0.8,1.0,2014-10,raw,1014816,0.8006909626966859,220.53619779496157,510.6286744247051,0.0512419985494907,0.0872539840873275,0.0774666467542811,persistence,9
UCI Electricity,persistence_quantile_interval,0.8,1.0,2014-10,rolling_global_norm,1014816,0.8063313940655252,226.7731020732031,509.0553484108698,0.0519424210891432,0.0851065498356497,0.0627190362405416,persistence,9
UCI Electricity,persistence_quantile_interval,0.8,1.0,2014-10,rolling_group_norm,1014816,0.8120772632674298,241.91050848187427,505.184620952811,0.0493009570207801,0.0714075979989419,0.0211976513865308,persistence,9
UCI Electricity,persistence_quantile_interval,0.8,1.0,2014-10,rolling_user_norm,1014816,0.8101379954592753,270.67253253932824,495.7906224793682,0.0358419654400403,0.0483155260436226,0.0228883701188454,persistence,9
UCI Electricity,persistence_quantile_interval,0.8,1.0,2014-10,aci_global,1014816,0.8002189559486645,221.7206490861045,510.0768840246332,0.0504589994639422,0.0860656954878382,0.0816482477100757,persistence,9
UCI Electricity,persistence_quantile_interval,0.8,1.0,2014-10,aci_segment,1014816,0.8004643206256109,225.0476176970297,508.1405167915772,0.0467607921041843,0.0726811200412813,0.0028331918505941,persistence,9
UCI Electricity,persistence_quantile_interval,0.8,1.0,2014-10,aci_user,1014816,0.8033318355248636,248.34264480015983,491.1926538360886,0.0077886040425062,0.0197599277031609,0.0202533851055356,persistence,9
UCI Electricity,persistence_quantile_interval,0.8,1.0,2014-10,pid_global,1014816,0.7996957083845742,228.6922043903876,496.34403857983534,0.0512991517674139,0.087517102137177,0.1113923735563521,persistence,9
UCI Electricity,persistence_quantile_interval,0.8,1.0,2014-10,pid_segment,1014816,0.7997449784000252,229.27701494131347,499.44591097696247,0.0478313309999054,0.0738576877941427,0.0003470687877449,persistence,9
UCI Electricity,persistence_quantile_interval,0.8,1.0,2014-10,pid_user,1014816,0.8001785545359947,258.96888849522026,477.0811881870504,0.0014386844511714,0.0108906453743906,0.0068249701314216,persistence,9
UCI Electricity,persistence_quantile_interval,0.8,1.0,2014-11,raw,982080,0.8079107608341479,220.53619796326183,397.1087561262312,0.0529213506028022,0.0844889142630506,0.0722736625514404,persistence,10
UCI Electricity,persistence_quantile_interval,0.8,1.0,2014-11,rolling_global_norm,982080,0.807994257086999,220.5362053287664,397.10875604209485,0.0529926278918214,0.0845202429720589,0.0712191358024691,persistence,10
UCI Electricity,persistence_quantile_interval,0.8,1.0,2014-11,rolling_group_norm,982080,0.8150211795373086,226.543916737653,396.06343488229646,0.050264744216357,0.0699614182405005,0.0266008771929824,persistence,10
UCI Electricity,persistence_quantile_interval,0.8,1.0,2014-11,rolling_user_norm,982080,0.8122658031932225,249.5368071632836,392.27677103611336,0.0407400619094167,0.0521458666227551,0.0318544238683127,persistence,10
UCI Electricity,persistence_quantile_interval,0.8,1.0,2014-11,aci_global,982080,0.8022615265558813,220.49707310491831,397.0952020816808,0.0524997963506027,0.0845444208072167,0.0955761316872428,persistence,10
UCI Electricity,persistence_quantile_interval,0.8,1.0,2014-11,aci_segment,982080,0.8012117139133268,208.27935417049477,396.1801560165933,0.0510915607689801,0.0772415570035,0.0040058479532163,persistence,10
UCI Electricity,persistence_quantile_interval,0.8,1.0,2014-11,aci_user,982080,0.8045464727924405,206.31474545655863,381.1410811739397,0.0087762707722385,0.0196806521941741,0.0223894032921809,persistence,10
UCI Electricity,persistence_quantile_interval,0.8,1.0,2014-11,pid_global,982080,0.7997484929944607,221.7473161885123,387.4385399620102,0.0547623411534701,0.0893543259449341,0.1231095679012346,persistence,10
UCI Electricity,persistence_quantile_interval,0.8,1.0,2014-11,pid_segment,982080,0.7998126425545781,209.4093268140135,388.7354870795997,0.0492750081459758,0.0761256784426788,0.000295781893004,persistence,10
UCI Electricity,persistence_quantile_interval,0.8,1.0,2014-11,pid_user,982080,0.8000621130661453,220.88017762335943,368.2661883101187,0.0011088709677419,0.0060840888807902,0.0044881687242798,persistence,10
UCI Electricity,persistence_quantile_interval,0.8,1.0,2014-12,raw,1014816,0.7962290700974364,220.5361979385011,374.5090198270745,0.0567570869990224,0.0924779924284005,0.0864147749900438,persistence,11
UCI Electricity,persistence_quantile_interval,0.8,1.0,2014-12,rolling_global_norm,1014816,0.7962290700974364,220.5361979385011,374.5090198270745,0.0567570869990224,0.0924779924284005,0.0864147749900438,persistence,11
UCI Electricity,persistence_quantile_interval,0.8,1.0,2014-12,rolling_group_norm,1014816,0.7982589947340207,212.35842607781515,372.4737602461823,0.0539514552391763,0.0799528455286138,0.0128136200716846,persistence,11
UCI Electricity,persistence_quantile_interval,0.8,1.0,2014-12,rolling_user_norm,1014816,0.7969641787279664,219.3555263088331,367.1869270239196,0.0393805379497367,0.0533206546602521,0.0273098367184387,persistence,11
UCI Electricity,persistence_quantile_interval,0.8,1.0,2014-12,aci_global,1014816,0.7990719499889635,224.2174932449728,374.5501209021074,0.0564857077539179,0.090887597229243,0.0811255475906014,persistence,11
UCI Electricity,persistence_quantile_interval,0.8,1.0,2014-12,aci_segment,1014816,0.798453118594898,213.1186184808499,372.0448425674919,0.0535472440324157,0.0779230021688393,0.0019857490057446,persistence,11
UCI Electricity,persistence_quantile_interval,0.8,1.0,2014-12,aci_user,1014816,0.8021779317629995,203.6627425578806,361.9965847965298,0.0091892520417494,0.0218900979310539,0.0217343687773794,persistence,11
UCI Electricity,persistence_quantile_interval,0.8,1.0,2014-12,pid_global,1014816,0.7996750149780847,232.2408432470885,368.2578516558302,0.0562665547251915,0.0886573414651222,0.1104216447630426,persistence,11
UCI Electricity,persistence_quantile_interval,0.8,1.0,2014-12,pid_segment,1014816,0.7996828981805568,217.24563291997077,366.735743591464,0.0528054346797843,0.0768241531338329,0.0003532061668385,persistence,11
UCI Electricity,persistence_quantile_interval,0.8,1.0,2014-12,pid_user,1014816,0.7999095402516319,214.44146361318343,352.44443436985074,0.0013919764765238,0.0085997861504826,0.0054933293508562,persistence,11
