forecaster,dataset,configuration,coverage,horizon_hours,window,window_order,strategy,selected_policy,loss
LightGBM,Ausgrid,lightgbm_quantile__c80__h1,0.8,1.0,2012-07,0,CSGR,rolling_user_norm,0.0203599608666228
LightGBM,Ausgrid,lightgbm_quantile__c80__h1,0.8,1.0,2012-07,0,Mean-fold minimum,rolling_user_norm,0.0203599608666228
LightGBM,Ausgrid,lightgbm_quantile__c80__h1,0.8,1.0,2012-07,0,Latest-fold minimum,rolling_user_norm,0.0203599608666228
LightGBM,Ausgrid,lightgbm_quantile__c80__h1,0.8,1.0,2012-07,0,Previous-window winner,rolling_global_norm,0.0276807765336129
LightGBM,Ausgrid,lightgbm_quantile__c80__h1,0.8,1.0,2012-07,0,Follow-the-leader,rolling_global_norm,0.0276807765336129
LightGBM,Ausgrid,lightgbm_quantile__c80__h1,0.8,1.0,2012-07,0,Global-CQR,rolling_global_norm,0.0276807765336129
LightGBM,Ausgrid,lightgbm_quantile__c80__h1,0.8,1.0,2012-07,0,Segment-CQR,rolling_group_norm,0.0266371955679897
LightGBM,Ausgrid,lightgbm_quantile__c80__h1,0.8,1.0,2012-07,0,User-CQR,rolling_user_norm,0.0203599608666228
LightGBM,Ausgrid,lightgbm_quantile__c80__h1,0.8,1.0,2012-07,0,Ex-post best fixed,rolling_user_norm,0.0203599608666228
LightGBM,Ausgrid,lightgbm_quantile__c80__h1,0.8,1.0,2012-07,0,Month-wise oracle,rolling_user_norm,0.0203599608666228
LightGBM,Ausgrid,lightgbm_quantile__c80__h1,0.8,1.0,2012-08,1,CSGR,rolling_user_norm,0.018738603466426
LightGBM,Ausgrid,lightgbm_quantile__c80__h1,0.8,1.0,2012-08,1,Mean-fold minimum,rolling_user_norm,0.018738603466426
LightGBM,Ausgrid,lightgbm_quantile__c80__h1,0.8,1.0,2012-08,1,Latest-fold minimum,rolling_user_norm,0.018738603466426
LightGBM,Ausgrid,lightgbm_quantile__c80__h1,0.8,1.0,2012-08,1,Previous-window winner,rolling_user_norm,0.018738603466426
LightGBM,Ausgrid,lightgbm_quantile__c80__h1,0.8,1.0,2012-08,1,Follow-the-leader,rolling_user_norm,0.018738603466426
LightGBM,Ausgrid,lightgbm_quantile__c80__h1,0.8,1.0,2012-08,1,Global-CQR,rolling_global_norm,0.0249601658745721
LightGBM,Ausgrid,lightgbm_quantile__c80__h1,0.8,1.0,2012-08,1,Segment-CQR,rolling_group_norm,0.0230317101146435
LightGBM,Ausgrid,lightgbm_quantile__c80__h1,0.8,1.0,2012-08,1,User-CQR,rolling_user_norm,0.018738603466426
LightGBM,Ausgrid,lightgbm_quantile__c80__h1,0.8,1.0,2012-08,1,Ex-post best fixed,rolling_user_norm,0.018738603466426
LightGBM,Ausgrid,lightgbm_quantile__c80__h1,0.8,1.0,2012-08,1,Month-wise oracle,rolling_user_norm,0.018738603466426
LightGBM,Ausgrid,lightgbm_quantile__c80__h1,0.8,1.0,2012-09,2,CSGR,rolling_user_norm,0.0315763192121887
LightGBM,Ausgrid,lightgbm_quantile__c80__h1,0.8,1.0,2012-09,2,Mean-fold minimum,rolling_user_norm,0.0315763192121887
LightGBM,Ausgrid,lightgbm_quantile__c80__h1,0.8,1.0,2012-09,2,Latest-fold minimum,rolling_user_norm,0.0315763192121887
LightGBM,Ausgrid,lightgbm_quantile__c80__h1,0.8,1.0,2012-09,2,Previous-window winner,rolling_user_norm,0.0315763192121887
LightGBM,Ausgrid,lightgbm_quantile__c80__h1,0.8,1.0,2012-09,2,Follow-the-leader,rolling_user_norm,0.0315763192121887
LightGBM,Ausgrid,lightgbm_quantile__c80__h1,0.8,1.0,2012-09,2,Global-CQR,rolling_global_norm,0.0333346265751157
LightGBM,Ausgrid,lightgbm_quantile__c80__h1,0.8,1.0,2012-09,2,Segment-CQR,rolling_group_norm,0.0323564475228877
LightGBM,Ausgrid,lightgbm_quantile__c80__h1,0.8,1.0,2012-09,2,User-CQR,rolling_user_norm,0.0315763192121887
LightGBM,Ausgrid,lightgbm_quantile__c80__h1,0.8,1.0,2012-09,2,Ex-post best fixed,rolling_user_norm,0.0315763192121887
LightGBM,Ausgrid,lightgbm_quantile__c80__h1,0.8,1.0,2012-09,2,Month-wise oracle,rolling_user_norm,0.0315763192121887
LightGBM,Ausgrid,lightgbm_quantile__c80__h1,0.8,1.0,2012-10,3,CSGR,rolling_user_norm,0.0171016466965412
LightGBM,Ausgrid,lightgbm_quantile__c80__h1,0.8,1.0,2012-10,3,Mean-fold minimum,rolling_user_norm,0.0171016466965412
LightGBM,Ausgrid,lightgbm_quantile__c80__h1,0.8,1.0,2012-10,3,Latest-fold minimum,rolling_user_norm,0.0171016466965412
LightGBM,Ausgrid,lightgbm_quantile__c80__h1,0.8,1.0,2012-10,3,Previous-window winner,rolling_user_norm,0.0171016466965412
LightGBM,Ausgrid,lightgbm_quantile__c80__h1,0.8,1.0,2012-10,3,Follow-the-leader,rolling_user_norm,0.0171016466965412
LightGBM,Ausgrid,lightgbm_quantile__c80__h1,0.8,1.0,2012-10,3,Global-CQR,rolling_global_norm,0.0235009040226523
LightGBM,Ausgrid,lightgbm_quantile__c80__h1,0.8,1.0,2012-10,3,Segment-CQR,rolling_group_norm,0.0209702375060199
LightGBM,Ausgrid,lightgbm_quantile__c80__h1,0.8,1.0,2012-10,3,User-CQR,rolling_user_norm,0.0171016466965412
LightGBM,Ausgrid,lightgbm_quantile__c80__h1,0.8,1.0,2012-10,3,Ex-post best fixed,rolling_user_norm,0.0171016466965412
LightGBM,Ausgrid,lightgbm_quantile__c80__h1,0.8,1.0,2012-10,3,Month-wise oracle,rolling_user_norm,0.0171016466965412
LightGBM,Ausgrid,lightgbm_quantile__c80__h1,0.8,1.0,2012-11,4,CSGR,rolling_user_norm,0.0179451945246782
LightGBM,Ausgrid,lightgbm_quantile__c80__h1,0.8,1.0,2012-11,4,Mean-fold minimum,rolling_user_norm,0.0179451945246782
LightGBM,Ausgrid,lightgbm_quantile__c80__h1,0.8,1.0,2012-11,4,Latest-fold minimum,rolling_user_norm,0.0179451945246782
LightGBM,Ausgrid,lightgbm_quantile__c80__h1,0.8,1.0,2012-11,4,Previous-window winner,rolling_user_norm,0.0179451945246782
LightGBM,Ausgrid,lightgbm_quantile__c80__h1,0.8,1.0,2012-11,4,Follow-the-leader,rolling_user_norm,0.0179451945246782
LightGBM,Ausgrid,lightgbm_quantile__c80__h1,0.8,1.0,2012-11,4,Global-CQR,rolling_global_norm,0.0243555516438812
LightGBM,Ausgrid,lightgbm_quantile__c80__h1,0.8,1.0,2012-11,4,Segment-CQR,rolling_group_norm,0.0234087715575487
LightGBM,Ausgrid,lightgbm_quantile__c80__h1,0.8,1.0,2012-11,4,User-CQR,rolling_user_norm,0.0179451945246782
LightGBM,Ausgrid,lightgbm_quantile__c80__h1,0.8,1.0,2012-11,4,Ex-post best fixed,rolling_user_norm,0.0179451945246782
LightGBM,Ausgrid,lightgbm_quantile__c80__h1,0.8,1.0,2012-11,4,Month-wise oracle,rolling_user_norm,0.0179451945246782
LightGBM,Ausgrid,lightgbm_quantile__c80__h1,0.8,1.0,2012-12,5,CSGR,rolling_user_norm,0.015906022791858
LightGBM,Ausgrid,lightgbm_quantile__c80__h1,0.8,1.0,2012-12,5,Mean-fold minimum,rolling_user_norm,0.015906022791858
LightGBM,Ausgrid,lightgbm_quantile__c80__h1,0.8,1.0,2012-12,5,Latest-fold minimum,rolling_user_norm,0.015906022791858
LightGBM,Ausgrid,lightgbm_quantile__c80__h1,0.8,1.0,2012-12,5,Previous-window winner,rolling_user_norm,0.015906022791858
LightGBM,Ausgrid,lightgbm_quantile__c80__h1,0.8,1.0,2012-12,5,Follow-the-leader,rolling_user_norm,0.015906022791858
LightGBM,Ausgrid,lightgbm_quantile__c80__h1,0.8,1.0,2012-12,5,Global-CQR,rolling_global_norm,0.024534011526692
LightGBM,Ausgrid,lightgbm_quantile__c80__h1,0.8,1.0,2012-12,5,Segment-CQR,rolling_group_norm,0.0216451792714064
LightGBM,Ausgrid,lightgbm_quantile__c80__h1,0.8,1.0,2012-12,5,User-CQR,rolling_user_norm,0.015906022791858
LightGBM,Ausgrid,lightgbm_quantile__c80__h1,0.8,1.0,2012-12,5,Ex-post best fixed,rolling_user_norm,0.015906022791858
LightGBM,Ausgrid,lightgbm_quantile__c80__h1,0.8,1.0,2012-12,5,Month-wise oracle,rolling_user_norm,0.015906022791858
LightGBM,Ausgrid,lightgbm_quantile__c80__h1,0.8,1.0,2013-01,6,CSGR,rolling_user_norm,0.0190928802693381
LightGBM,Ausgrid,lightgbm_quantile__c80__h1,0.8,1.0,2013-01,6,Mean-fold minimum,rolling_user_norm,0.0190928802693381
LightGBM,Ausgrid,lightgbm_quantile__c80__h1,0.8,1.0,2013-01,6,Latest-fold minimum,rolling_user_norm,0.0190928802693381
LightGBM,Ausgrid,lightgbm_quantile__c80__h1,0.8,1.0,2013-01,6,Previous-window winner,rolling_user_norm,0.0190928802693381
LightGBM,Ausgrid,lightgbm_quantile__c80__h1,0.8,1.0,2013-01,6,Follow-the-leader,rolling_user_norm,0.0190928802693381
LightGBM,Ausgrid,lightgbm_quantile__c80__h1,0.8,1.0,2013-01,6,Global-CQR,rolling_global_norm,0.0278360053381737
LightGBM,Ausgrid,lightgbm_quantile__c80__h1,0.8,1.0,2013-01,6,Segment-CQR,rolling_group_norm,0.0262205031440945
LightGBM,Ausgrid,lightgbm_quantile__c80__h1,0.8,1.0,2013-01,6,User-CQR,rolling_user_norm,0.0190928802693381
LightGBM,Ausgrid,lightgbm_quantile__c80__h1,0.8,1.0,2013-01,6,Ex-post best fixed,rolling_user_norm,0.0190928802693381
LightGBM,Ausgrid,lightgbm_quantile__c80__h1,0.8,1.0,2013-01,6,Month-wise oracle,rolling_user_norm,0.0190928802693381
LightGBM,Ausgrid,lightgbm_quantile__c80__h1,0.8,1.0,2013-02,7,CSGR,rolling_user_norm,0.0172769627338241
LightGBM,Ausgrid,lightgbm_quantile__c80__h1,0.8,1.0,2013-02,7,Mean-fold minimum,rolling_user_norm,0.0172769627338241
LightGBM,Ausgrid,lightgbm_quantile__c80__h1,0.8,1.0,2013-02,7,Latest-fold minimum,rolling_user_norm,0.0172769627338241
LightGBM,Ausgrid,lightgbm_quantile__c80__h1,0.8,1.0,2013-02,7,Previous-window winner,rolling_user_norm,0.0172769627338241
LightGBM,Ausgrid,lightgbm_quantile__c80__h1,0.8,1.0,2013-02,7,Follow-the-leader,rolling_user_norm,0.0172769627338241
LightGBM,Ausgrid,lightgbm_quantile__c80__h1,0.8,1.0,2013-02,7,Global-CQR,rolling_global_norm,0.028834121607559
LightGBM,Ausgrid,lightgbm_quantile__c80__h1,0.8,1.0,2013-02,7,Segment-CQR,rolling_group_norm,0.0267031129069887
LightGBM,Ausgrid,lightgbm_quantile__c80__h1,0.8,1.0,2013-02,7,User-CQR,rolling_user_norm,0.0172769627338241
LightGBM,Ausgrid,lightgbm_quantile__c80__h1,0.8,1.0,2013-02,7,Ex-post best fixed,rolling_user_norm,0.0172769627338241
LightGBM,Ausgrid,lightgbm_quantile__c80__h1,0.8,1.0,2013-02,7,Month-wise oracle,rolling_user_norm,0.0172769627338241
LightGBM,Ausgrid,lightgbm_quantile__c80__h1,0.8,1.0,2013-03,8,CSGR,rolling_user_norm,0.0166438798136937
LightGBM,Ausgrid,lightgbm_quantile__c80__h1,0.8,1.0,2013-03,8,Mean-fold minimum,rolling_user_norm,0.0166438798136937
LightGBM,Ausgrid,lightgbm_quantile__c80__h1,0.8,1.0,2013-03,8,Latest-fold minimum,rolling_user_norm,0.0166438798136937
LightGBM,Ausgrid,lightgbm_quantile__c80__h1,0.8,1.0,2013-03,8,Previous-window winner,rolling_user_norm,0.0166438798136937
LightGBM,Ausgrid,lightgbm_quantile__c80__h1,0.8,1.0,2013-03,8,Follow-the-leader,rolling_user_norm,0.0166438798136937
LightGBM,Ausgrid,lightgbm_quantile__c80__h1,0.8,1.0,2013-03,8,Global-CQR,rolling_global_norm,0.0273206887490723
LightGBM,Ausgrid,lightgbm_quantile__c80__h1,0.8,1.0,2013-03,8,Segment-CQR,rolling_group_norm,0.0249389013891406
LightGBM,Ausgrid,lightgbm_quantile__c80__h1,0.8,1.0,2013-03,8,User-CQR,rolling_user_norm,0.0166438798136937
LightGBM,Ausgrid,lightgbm_quantile__c80__h1,0.8,1.0,2013-03,8,Ex-post best fixed,rolling_user_norm,0.0166438798136937
LightGBM,Ausgrid,lightgbm_quantile__c80__h1,0.8,1.0,2013-03,8,Month-wise oracle,rolling_user_norm,0.0166438798136937
LightGBM,Ausgrid,lightgbm_quantile__c80__h1,0.8,1.0,2013-04,9,CSGR,rolling_user_norm,0.0215304466806183
LightGBM,Ausgrid,lightgbm_quantile__c80__h1,0.8,1.0,2013-04,9,Mean-fold minimum,rolling_user_norm,0.0215304466806183
LightGBM,Ausgrid,lightgbm_quantile__c80__h1,0.8,1.0,2013-04,9,Latest-fold minimum,rolling_user_norm,0.0215304466806183
LightGBM,Ausgrid,lightgbm_quantile__c80__h1,0.8,1.0,2013-04,9,Previous-window winner,rolling_user_norm,0.0215304466806183
LightGBM,Ausgrid,lightgbm_quantile__c80__h1,0.8,1.0,2013-04,9,Follow-the-leader,rolling_user_norm,0.0215304466806183
LightGBM,Ausgrid,lightgbm_quantile__c80__h1,0.8,1.0,2013-04,9,Global-CQR,rolling_global_norm,0.0259388120407857
LightGBM,Ausgrid,lightgbm_quantile__c80__h1,0.8,1.0,2013-04,9,Segment-CQR,rolling_group_norm,0.0248197268184396
LightGBM,Ausgrid,lightgbm_quantile__c80__h1,0.8,1.0,2013-04,9,User-CQR,rolling_user_norm,0.0215304466806183
LightGBM,Ausgrid,lightgbm_quantile__c80__h1,0.8,1.0,2013-04,9,Ex-post best fixed,rolling_user_norm,0.0215304466806183
LightGBM,Ausgrid,lightgbm_quantile__c80__h1,0.8,1.0,2013-04,9,Month-wise oracle,rolling_user_norm,0.0215304466806183
LightGBM,Ausgrid,lightgbm_quantile__c80__h1,0.8,1.0,2013-05,10,CSGR,rolling_user_norm,0.0239018589375795
LightGBM,Ausgrid,lightgbm_quantile__c80__h1,0.8,1.0,2013-05,10,Mean-fold minimum,rolling_user_norm,0.0239018589375795
LightGBM,Ausgrid,lightgbm_quantile__c80__h1,0.8,1.0,2013-05,10,Latest-fold minimum,rolling_user_norm,0.0239018589375795
LightGBM,Ausgrid,lightgbm_quantile__c80__h1,0.8,1.0,2013-05,10,Previous-window winner,rolling_user_norm,0.0239018589375795
LightGBM,Ausgrid,lightgbm_quantile__c80__h1,0.8,1.0,2013-05,10,Follow-the-leader,rolling_user_norm,0.0239018589375795
LightGBM,Ausgrid,lightgbm_quantile__c80__h1,0.8,1.0,2013-05,10,Global-CQR,rolling_global_norm,0.0291829068188686
LightGBM,Ausgrid,lightgbm_quantile__c80__h1,0.8,1.0,2013-05,10,Segment-CQR,rolling_group_norm,0.0274685346356542
LightGBM,Ausgrid,lightgbm_quantile__c80__h1,0.8,1.0,2013-05,10,User-CQR,rolling_user_norm,0.0239018589375795
LightGBM,Ausgrid,lightgbm_quantile__c80__h1,0.8,1.0,2013-05,10,Ex-post best fixed,rolling_user_norm,0.0239018589375795
LightGBM,Ausgrid,lightgbm_quantile__c80__h1,0.8,1.0,2013-05,10,Month-wise oracle,rolling_user_norm,0.0239018589375795
LightGBM,Ausgrid,lightgbm_quantile__c80__h1,0.8,1.0,2013-06,11,CSGR,rolling_user_norm,0.0232302836488179
LightGBM,Ausgrid,lightgbm_quantile__c80__h1,0.8,1.0,2013-06,11,Mean-fold minimum,rolling_user_norm,0.0232302836488179
LightGBM,Ausgrid,lightgbm_quantile__c80__h1,0.8,1.0,2013-06,11,Latest-fold minimum,rolling_user_norm,0.0232302836488179
LightGBM,Ausgrid,lightgbm_quantile__c80__h1,0.8,1.0,2013-06,11,Previous-window winner,rolling_user_norm,0.0232302836488179
LightGBM,Ausgrid,lightgbm_quantile__c80__h1,0.8,1.0,2013-06,11,Follow-the-leader,rolling_user_norm,0.0232302836488179
LightGBM,Ausgrid,lightgbm_quantile__c80__h1,0.8,1.0,2013-06,11,Global-CQR,rolling_global_norm,0.0296174565804142
LightGBM,Ausgrid,lightgbm_quantile__c80__h1,0.8,1.0,2013-06,11,Segment-CQR,rolling_group_norm,0.0289668608112901
LightGBM,Ausgrid,lightgbm_quantile__c80__h1,0.8,1.0,2013-06,11,User-CQR,rolling_user_norm,0.0232302836488179
LightGBM,Ausgrid,lightgbm_quantile__c80__h1,0.8,1.0,2013-06,11,Ex-post best fixed,rolling_user_norm,0.0232302836488179
LightGBM,Ausgrid,lightgbm_quantile__c80__h1,0.8,1.0,2013-06,11,Month-wise oracle,rolling_user_norm,0.0232302836488179
LightGBM,Ausgrid,lightgbm_quantile__c80__h6,0.8,6.0,2012-07,0,CSGR,rolling_user_norm,0.0318347402509832
LightGBM,Ausgrid,lightgbm_quantile__c80__h6,0.8,6.0,2012-07,0,Mean-fold minimum,rolling_user_norm,0.0318347402509832
LightGBM,Ausgrid,lightgbm_quantile__c80__h6,0.8,6.0,2012-07,0,Latest-fold minimum,rolling_user_norm,0.0318347402509832
LightGBM,Ausgrid,lightgbm_quantile__c80__h6,0.8,6.0,2012-07,0,Previous-window winner,rolling_global_norm,0.0441346808420699
LightGBM,Ausgrid,lightgbm_quantile__c80__h6,0.8,6.0,2012-07,0,Follow-the-leader,rolling_global_norm,0.0441346808420699
LightGBM,Ausgrid,lightgbm_quantile__c80__h6,0.8,6.0,2012-07,0,Global-CQR,rolling_global_norm,0.0441346808420699
LightGBM,Ausgrid,lightgbm_quantile__c80__h6,0.8,6.0,2012-07,0,Segment-CQR,rolling_group_norm,0.0396178013343598
LightGBM,Ausgrid,lightgbm_quantile__c80__h6,0.8,6.0,2012-07,0,User-CQR,rolling_user_norm,0.0318347402509832
LightGBM,Ausgrid,lightgbm_quantile__c80__h6,0.8,6.0,2012-07,0,Ex-post best fixed,rolling_user_norm,0.0318347402509832
LightGBM,Ausgrid,lightgbm_quantile__c80__h6,0.8,6.0,2012-07,0,Month-wise oracle,rolling_user_norm,0.0318347402509832
LightGBM,Ausgrid,lightgbm_quantile__c80__h6,0.8,6.0,2012-08,1,CSGR,rolling_user_norm,0.0207144870528022
LightGBM,Ausgrid,lightgbm_quantile__c80__h6,0.8,6.0,2012-08,1,Mean-fold minimum,rolling_user_norm,0.0207144870528022
LightGBM,Ausgrid,lightgbm_quantile__c80__h6,0.8,6.0,2012-08,1,Latest-fold minimum,rolling_user_norm,0.0207144870528022
LightGBM,Ausgrid,lightgbm_quantile__c80__h6,0.8,6.0,2012-08,1,Previous-window winner,rolling_user_norm,0.0207144870528022
LightGBM,Ausgrid,lightgbm_quantile__c80__h6,0.8,6.0,2012-08,1,Follow-the-leader,rolling_user_norm,0.0207144870528022
LightGBM,Ausgrid,lightgbm_quantile__c80__h6,0.8,6.0,2012-08,1,Global-CQR,rolling_global_norm,0.0372130991880752
LightGBM,Ausgrid,lightgbm_quantile__c80__h6,0.8,6.0,2012-08,1,Segment-CQR,rolling_group_norm,0.0305216435037612
LightGBM,Ausgrid,lightgbm_quantile__c80__h6,0.8,6.0,2012-08,1,User-CQR,rolling_user_norm,0.0207144870528022
LightGBM,Ausgrid,lightgbm_quantile__c80__h6,0.8,6.0,2012-08,1,Ex-post best fixed,rolling_user_norm,0.0207144870528022
LightGBM,Ausgrid,lightgbm_quantile__c80__h6,0.8,6.0,2012-08,1,Month-wise oracle,rolling_user_norm,0.0207144870528022
LightGBM,Ausgrid,lightgbm_quantile__c80__h6,0.8,6.0,2012-09,2,CSGR,rolling_user_norm,0.0400746992289111
LightGBM,Ausgrid,lightgbm_quantile__c80__h6,0.8,6.0,2012-09,2,Mean-fold minimum,rolling_user_norm,0.0400746992289111
LightGBM,Ausgrid,lightgbm_quantile__c80__h6,0.8,6.0,2012-09,2,Latest-fold minimum,rolling_user_norm,0.0400746992289111
LightGBM,Ausgrid,lightgbm_quantile__c80__h6,0.8,6.0,2012-09,2,Previous-window winner,rolling_user_norm,0.0400746992289111
LightGBM,Ausgrid,lightgbm_quantile__c80__h6,0.8,6.0,2012-09,2,Follow-the-leader,rolling_user_norm,0.0400746992289111
LightGBM,Ausgrid,lightgbm_quantile__c80__h6,0.8,6.0,2012-09,2,Global-CQR,rolling_global_norm,0.0508955303452585
LightGBM,Ausgrid,lightgbm_quantile__c80__h6,0.8,6.0,2012-09,2,Segment-CQR,rolling_group_norm,0.0458715499476368
LightGBM,Ausgrid,lightgbm_quantile__c80__h6,0.8,6.0,2012-09,2,User-CQR,rolling_user_norm,0.0400746992289111
LightGBM,Ausgrid,lightgbm_quantile__c80__h6,0.8,6.0,2012-09,2,Ex-post best fixed,rolling_user_norm,0.0400746992289111
LightGBM,Ausgrid,lightgbm_quantile__c80__h6,0.8,6.0,2012-09,2,Month-wise oracle,rolling_user_norm,0.0400746992289111
LightGBM,Ausgrid,lightgbm_quantile__c80__h6,0.8,6.0,2012-10,3,CSGR,rolling_user_norm,0.0254262226663865
LightGBM,Ausgrid,lightgbm_quantile__c80__h6,0.8,6.0,2012-10,3,Mean-fold minimum,rolling_user_norm,0.0254262226663865
LightGBM,Ausgrid,lightgbm_quantile__c80__h6,0.8,6.0,2012-10,3,Latest-fold minimum,rolling_user_norm,0.0254262226663865
LightGBM,Ausgrid,lightgbm_quantile__c80__h6,0.8,6.0,2012-10,3,Previous-window winner,rolling_user_norm,0.0254262226663865
LightGBM,Ausgrid,lightgbm_quantile__c80__h6,0.8,6.0,2012-10,3,Follow-the-leader,rolling_user_norm,0.0254262226663865
LightGBM,Ausgrid,lightgbm_quantile__c80__h6,0.8,6.0,2012-10,3,Global-CQR,rolling_global_norm,0.0360370889823905
LightGBM,Ausgrid,lightgbm_quantile__c80__h6,0.8,6.0,2012-10,3,Segment-CQR,rolling_group_norm,0.0315221214601826
LightGBM,Ausgrid,lightgbm_quantile__c80__h6,0.8,6.0,2012-10,3,User-CQR,rolling_user_norm,0.0254262226663865
LightGBM,Ausgrid,lightgbm_quantile__c80__h6,0.8,6.0,2012-10,3,Ex-post best fixed,rolling_user_norm,0.0254262226663865
LightGBM,Ausgrid,lightgbm_quantile__c80__h6,0.8,6.0,2012-10,3,Month-wise oracle,rolling_user_norm,0.0254262226663865
LightGBM,Ausgrid,lightgbm_quantile__c80__h6,0.8,6.0,2012-11,4,CSGR,rolling_user_norm,0.0283356136617006
LightGBM,Ausgrid,lightgbm_quantile__c80__h6,0.8,6.0,2012-11,4,Mean-fold minimum,rolling_user_norm,0.0283356136617006
LightGBM,Ausgrid,lightgbm_quantile__c80__h6,0.8,6.0,2012-11,4,Latest-fold minimum,rolling_user_norm,0.0283356136617006
LightGBM,Ausgrid,lightgbm_quantile__c80__h6,0.8,6.0,2012-11,4,Previous-window winner,rolling_user_norm,0.0283356136617006
LightGBM,Ausgrid,lightgbm_quantile__c80__h6,0.8,6.0,2012-11,4,Follow-the-leader,rolling_user_norm,0.0283356136617006
LightGBM,Ausgrid,lightgbm_quantile__c80__h6,0.8,6.0,2012-11,4,Global-CQR,rolling_global_norm,0.0355044348608421
LightGBM,Ausgrid,lightgbm_quantile__c80__h6,0.8,6.0,2012-11,4,Segment-CQR,rolling_group_norm,0.0336348566137968
LightGBM,Ausgrid,lightgbm_quantile__c80__h6,0.8,6.0,2012-11,4,User-CQR,rolling_user_norm,0.0283356136617006
LightGBM,Ausgrid,lightgbm_quantile__c80__h6,0.8,6.0,2012-11,4,Ex-post best fixed,rolling_user_norm,0.0283356136617006
LightGBM,Ausgrid,lightgbm_quantile__c80__h6,0.8,6.0,2012-11,4,Month-wise oracle,rolling_user_norm,0.0283356136617006
LightGBM,Ausgrid,lightgbm_quantile__c80__h6,0.8,6.0,2012-12,5,CSGR,rolling_user_norm,0.0222490609981392
LightGBM,Ausgrid,lightgbm_quantile__c80__h6,0.8,6.0,2012-12,5,Mean-fold minimum,rolling_user_norm,0.0222490609981392
LightGBM,Ausgrid,lightgbm_quantile__c80__h6,0.8,6.0,2012-12,5,Latest-fold minimum,rolling_user_norm,0.0222490609981392
LightGBM,Ausgrid,lightgbm_quantile__c80__h6,0.8,6.0,2012-12,5,Previous-window winner,rolling_user_norm,0.0222490609981392
LightGBM,Ausgrid,lightgbm_quantile__c80__h6,0.8,6.0,2012-12,5,Follow-the-leader,rolling_user_norm,0.0222490609981392
LightGBM,Ausgrid,lightgbm_quantile__c80__h6,0.8,6.0,2012-12,5,Global-CQR,rolling_global_norm,0.0375651737667428
LightGBM,Ausgrid,lightgbm_quantile__c80__h6,0.8,6.0,2012-12,5,Segment-CQR,rolling_group_norm,0.0294288022636549
LightGBM,Ausgrid,lightgbm_quantile__c80__h6,0.8,6.0,2012-12,5,User-CQR,rolling_user_norm,0.0222490609981392
LightGBM,Ausgrid,lightgbm_quantile__c80__h6,0.8,6.0,2012-12,5,Ex-post best fixed,rolling_user_norm,0.0222490609981392
LightGBM,Ausgrid,lightgbm_quantile__c80__h6,0.8,6.0,2012-12,5,Month-wise oracle,rolling_user_norm,0.0222490609981392
LightGBM,Ausgrid,lightgbm_quantile__c80__h6,0.8,6.0,2013-01,6,CSGR,rolling_user_norm,0.03060078091662
LightGBM,Ausgrid,lightgbm_quantile__c80__h6,0.8,6.0,2013-01,6,Mean-fold minimum,rolling_user_norm,0.03060078091662
LightGBM,Ausgrid,lightgbm_quantile__c80__h6,0.8,6.0,2013-01,6,Latest-fold minimum,rolling_user_norm,0.03060078091662
LightGBM,Ausgrid,lightgbm_quantile__c80__h6,0.8,6.0,2013-01,6,Previous-window winner,rolling_user_norm,0.03060078091662
LightGBM,Ausgrid,lightgbm_quantile__c80__h6,0.8,6.0,2013-01,6,Follow-the-leader,rolling_user_norm,0.03060078091662
LightGBM,Ausgrid,lightgbm_quantile__c80__h6,0.8,6.0,2013-01,6,Global-CQR,rolling_global_norm,0.0408250375867745
LightGBM,Ausgrid,lightgbm_quantile__c80__h6,0.8,6.0,2013-01,6,Segment-CQR,rolling_group_norm,0.0374261964557615
LightGBM,Ausgrid,lightgbm_quantile__c80__h6,0.8,6.0,2013-01,6,User-CQR,rolling_user_norm,0.03060078091662
LightGBM,Ausgrid,lightgbm_quantile__c80__h6,0.8,6.0,2013-01,6,Ex-post best fixed,rolling_user_norm,0.03060078091662
LightGBM,Ausgrid,lightgbm_quantile__c80__h6,0.8,6.0,2013-01,6,Month-wise oracle,rolling_user_norm,0.03060078091662
LightGBM,Ausgrid,lightgbm_quantile__c80__h6,0.8,6.0,2013-02,7,CSGR,rolling_user_norm,0.0323119565422624
LightGBM,Ausgrid,lightgbm_quantile__c80__h6,0.8,6.0,2013-02,7,Mean-fold minimum,rolling_user_norm,0.0323119565422624
LightGBM,Ausgrid,lightgbm_quantile__c80__h6,0.8,6.0,2013-02,7,Latest-fold minimum,rolling_user_norm,0.0323119565422624
LightGBM,Ausgrid,lightgbm_quantile__c80__h6,0.8,6.0,2013-02,7,Previous-window winner,rolling_user_norm,0.0323119565422624
LightGBM,Ausgrid,lightgbm_quantile__c80__h6,0.8,6.0,2013-02,7,Follow-the-leader,rolling_user_norm,0.0323119565422624
LightGBM,Ausgrid,lightgbm_quantile__c80__h6,0.8,6.0,2013-02,7,Global-CQR,rolling_global_norm,0.0466585299890326
LightGBM,Ausgrid,lightgbm_quantile__c80__h6,0.8,6.0,2013-02,7,Segment-CQR,rolling_group_norm,0.0425747290304943
LightGBM,Ausgrid,lightgbm_quantile__c80__h6,0.8,6.0,2013-02,7,User-CQR,rolling_user_norm,0.0323119565422624
LightGBM,Ausgrid,lightgbm_quantile__c80__h6,0.8,6.0,2013-02,7,Ex-post best fixed,rolling_user_norm,0.0323119565422624
LightGBM,Ausgrid,lightgbm_quantile__c80__h6,0.8,6.0,2013-02,7,Month-wise oracle,rolling_user_norm,0.0323119565422624
LightGBM,Ausgrid,lightgbm_quantile__c80__h6,0.8,6.0,2013-03,8,CSGR,rolling_user_norm,0.025122190534505
LightGBM,Ausgrid,lightgbm_quantile__c80__h6,0.8,6.0,2013-03,8,Mean-fold minimum,rolling_user_norm,0.025122190534505
LightGBM,Ausgrid,lightgbm_quantile__c80__h6,0.8,6.0,2013-03,8,Latest-fold minimum,rolling_user_norm,0.025122190534505
LightGBM,Ausgrid,lightgbm_quantile__c80__h6,0.8,6.0,2013-03,8,Previous-window winner,rolling_user_norm,0.025122190534505
LightGBM,Ausgrid,lightgbm_quantile__c80__h6,0.8,6.0,2013-03,8,Follow-the-leader,rolling_user_norm,0.025122190534505
LightGBM,Ausgrid,lightgbm_quantile__c80__h6,0.8,6.0,2013-03,8,Global-CQR,rolling_global_norm,0.0418596976889403
LightGBM,Ausgrid,lightgbm_quantile__c80__h6,0.8,6.0,2013-03,8,Segment-CQR,rolling_group_norm,0.0365111271363577
LightGBM,Ausgrid,lightgbm_quantile__c80__h6,0.8,6.0,2013-03,8,User-CQR,rolling_user_norm,0.025122190534505
LightGBM,Ausgrid,lightgbm_quantile__c80__h6,0.8,6.0,2013-03,8,Ex-post best fixed,rolling_user_norm,0.025122190534505
LightGBM,Ausgrid,lightgbm_quantile__c80__h6,0.8,6.0,2013-03,8,Month-wise oracle,rolling_user_norm,0.025122190534505
LightGBM,Ausgrid,lightgbm_quantile__c80__h6,0.8,6.0,2013-04,9,CSGR,rolling_user_norm,0.0299251240326755
LightGBM,Ausgrid,lightgbm_quantile__c80__h6,0.8,6.0,2013-04,9,Mean-fold minimum,rolling_user_norm,0.0299251240326755
LightGBM,Ausgrid,lightgbm_quantile__c80__h6,0.8,6.0,2013-04,9,Latest-fold minimum,rolling_user_norm,0.0299251240326755
LightGBM,Ausgrid,lightgbm_quantile__c80__h6,0.8,6.0,2013-04,9,Previous-window winner,rolling_user_norm,0.0299251240326755
LightGBM,Ausgrid,lightgbm_quantile__c80__h6,0.8,6.0,2013-04,9,Follow-the-leader,rolling_user_norm,0.0299251240326755
LightGBM,Ausgrid,lightgbm_quantile__c80__h6,0.8,6.0,2013-04,9,Global-CQR,rolling_global_norm,0.0368133177844276
LightGBM,Ausgrid,lightgbm_quantile__c80__h6,0.8,6.0,2013-04,9,Segment-CQR,rolling_group_norm,0.0356216322928279
LightGBM,Ausgrid,lightgbm_quantile__c80__h6,0.8,6.0,2013-04,9,User-CQR,rolling_user_norm,0.0299251240326755
LightGBM,Ausgrid,lightgbm_quantile__c80__h6,0.8,6.0,2013-04,9,Ex-post best fixed,rolling_user_norm,0.0299251240326755
LightGBM,Ausgrid,lightgbm_quantile__c80__h6,0.8,6.0,2013-04,9,Month-wise oracle,rolling_user_norm,0.0299251240326755
LightGBM,Ausgrid,lightgbm_quantile__c80__h6,0.8,6.0,2013-05,10,CSGR,rolling_user_norm,0.0387434313838684
LightGBM,Ausgrid,lightgbm_quantile__c80__h6,0.8,6.0,2013-05,10,Mean-fold minimum,rolling_user_norm,0.0387434313838684
LightGBM,Ausgrid,lightgbm_quantile__c80__h6,0.8,6.0,2013-05,10,Latest-fold minimum,rolling_user_norm,0.0387434313838684
LightGBM,Ausgrid,lightgbm_quantile__c80__h6,0.8,6.0,2013-05,10,Previous-window winner,rolling_user_norm,0.0387434313838684
LightGBM,Ausgrid,lightgbm_quantile__c80__h6,0.8,6.0,2013-05,10,Follow-the-leader,rolling_user_norm,0.0387434313838684
LightGBM,Ausgrid,lightgbm_quantile__c80__h6,0.8,6.0,2013-05,10,Global-CQR,rolling_global_norm,0.0485873315219757
LightGBM,Ausgrid,lightgbm_quantile__c80__h6,0.8,6.0,2013-05,10,Segment-CQR,rolling_group_norm,0.0456715863858589
LightGBM,Ausgrid,lightgbm_quantile__c80__h6,0.8,6.0,2013-05,10,User-CQR,rolling_user_norm,0.0387434313838684
LightGBM,Ausgrid,lightgbm_quantile__c80__h6,0.8,6.0,2013-05,10,Ex-post best fixed,rolling_user_norm,0.0387434313838684
LightGBM,Ausgrid,lightgbm_quantile__c80__h6,0.8,6.0,2013-05,10,Month-wise oracle,rolling_user_norm,0.0387434313838684
LightGBM,Ausgrid,lightgbm_quantile__c80__h6,0.8,6.0,2013-06,11,CSGR,rolling_user_norm,0.036036932960958
LightGBM,Ausgrid,lightgbm_quantile__c80__h6,0.8,6.0,2013-06,11,Mean-fold minimum,rolling_user_norm,0.036036932960958
LightGBM,Ausgrid,lightgbm_quantile__c80__h6,0.8,6.0,2013-06,11,Latest-fold minimum,rolling_user_norm,0.036036932960958
LightGBM,Ausgrid,lightgbm_quantile__c80__h6,0.8,6.0,2013-06,11,Previous-window winner,rolling_user_norm,0.036036932960958
LightGBM,Ausgrid,lightgbm_quantile__c80__h6,0.8,6.0,2013-06,11,Follow-the-leader,rolling_user_norm,0.036036932960958
LightGBM,Ausgrid,lightgbm_quantile__c80__h6,0.8,6.0,2013-06,11,Global-CQR,rolling_global_norm,0.0505032307985683
LightGBM,Ausgrid,lightgbm_quantile__c80__h6,0.8,6.0,2013-06,11,Segment-CQR,rolling_group_norm,0.0470273913888044
LightGBM,Ausgrid,lightgbm_quantile__c80__h6,0.8,6.0,2013-06,11,User-CQR,rolling_user_norm,0.036036932960958
LightGBM,Ausgrid,lightgbm_quantile__c80__h6,0.8,6.0,2013-06,11,Ex-post best fixed,rolling_user_norm,0.036036932960958
LightGBM,Ausgrid,lightgbm_quantile__c80__h6,0.8,6.0,2013-06,11,Month-wise oracle,rolling_user_norm,0.036036932960958
LightGBM,Ausgrid,lightgbm_quantile__c90__h1,0.9,1.0,2012-07,0,CSGR,rolling_user_norm,0.0151547486816596
LightGBM,Ausgrid,lightgbm_quantile__c90__h1,0.9,1.0,2012-07,0,Mean-fold minimum,rolling_user_norm,0.0151547486816596
LightGBM,Ausgrid,lightgbm_quantile__c90__h1,0.9,1.0,2012-07,0,Latest-fold minimum,rolling_user_norm,0.0151547486816596
LightGBM,Ausgrid,lightgbm_quantile__c90__h1,0.9,1.0,2012-07,0,Previous-window winner,rolling_global_norm,0.0215616874994874
LightGBM,Ausgrid,lightgbm_quantile__c90__h1,0.9,1.0,2012-07,0,Follow-the-leader,rolling_global_norm,0.0215616874994874
LightGBM,Ausgrid,lightgbm_quantile__c90__h1,0.9,1.0,2012-07,0,Global-CQR,rolling_global_norm,0.0215616874994874
LightGBM,Ausgrid,lightgbm_quantile__c90__h1,0.9,1.0,2012-07,0,Segment-CQR,rolling_group_norm,0.020169570816047
LightGBM,Ausgrid,lightgbm_quantile__c90__h1,0.9,1.0,2012-07,0,User-CQR,rolling_user_norm,0.0151547486816596
LightGBM,Ausgrid,lightgbm_quantile__c90__h1,0.9,1.0,2012-07,0,Ex-post best fixed,rolling_user_norm,0.0151547486816596
LightGBM,Ausgrid,lightgbm_quantile__c90__h1,0.9,1.0,2012-07,0,Month-wise oracle,rolling_user_norm,0.0151547486816596
LightGBM,Ausgrid,lightgbm_quantile__c90__h1,0.9,1.0,2012-08,1,CSGR,rolling_user_norm,0.0114868323296619
LightGBM,Ausgrid,lightgbm_quantile__c90__h1,0.9,1.0,2012-08,1,Mean-fold minimum,rolling_user_norm,0.0114868323296619
LightGBM,Ausgrid,lightgbm_quantile__c90__h1,0.9,1.0,2012-08,1,Latest-fold minimum,rolling_user_norm,0.0114868323296619
LightGBM,Ausgrid,lightgbm_quantile__c90__h1,0.9,1.0,2012-08,1,Previous-window winner,rolling_user_norm,0.0114868323296619
LightGBM,Ausgrid,lightgbm_quantile__c90__h1,0.9,1.0,2012-08,1,Follow-the-leader,rolling_user_norm,0.0114868323296619
LightGBM,Ausgrid,lightgbm_quantile__c90__h1,0.9,1.0,2012-08,1,Global-CQR,rolling_global_norm,0.017622657871136
LightGBM,Ausgrid,lightgbm_quantile__c90__h1,0.9,1.0,2012-08,1,Segment-CQR,rolling_group_norm,0.0156801400190157
LightGBM,Ausgrid,lightgbm_quantile__c90__h1,0.9,1.0,2012-08,1,User-CQR,rolling_user_norm,0.0114868323296619
LightGBM,Ausgrid,lightgbm_quantile__c90__h1,0.9,1.0,2012-08,1,Ex-post best fixed,rolling_user_norm,0.0114868323296619
LightGBM,Ausgrid,lightgbm_quantile__c90__h1,0.9,1.0,2012-08,1,Month-wise oracle,rolling_user_norm,0.0114868323296619
LightGBM,Ausgrid,lightgbm_quantile__c90__h1,0.9,1.0,2012-09,2,CSGR,rolling_user_norm,0.0216104660737812
LightGBM,Ausgrid,lightgbm_quantile__c90__h1,0.9,1.0,2012-09,2,Mean-fold minimum,rolling_user_norm,0.0216104660737812
LightGBM,Ausgrid,lightgbm_quantile__c90__h1,0.9,1.0,2012-09,2,Latest-fold minimum,rolling_user_norm,0.0216104660737812
LightGBM,Ausgrid,lightgbm_quantile__c90__h1,0.9,1.0,2012-09,2,Previous-window winner,rolling_user_norm,0.0216104660737812
LightGBM,Ausgrid,lightgbm_quantile__c90__h1,0.9,1.0,2012-09,2,Follow-the-leader,rolling_user_norm,0.0216104660737812
LightGBM,Ausgrid,lightgbm_quantile__c90__h1,0.9,1.0,2012-09,2,Global-CQR,rolling_global_norm,0.0246949269028073
LightGBM,Ausgrid,lightgbm_quantile__c90__h1,0.9,1.0,2012-09,2,Segment-CQR,rolling_group_norm,0.0231688356178844
LightGBM,Ausgrid,lightgbm_quantile__c90__h1,0.9,1.0,2012-09,2,User-CQR,rolling_user_norm,0.0216104660737812
LightGBM,Ausgrid,lightgbm_quantile__c90__h1,0.9,1.0,2012-09,2,Ex-post best fixed,rolling_user_norm,0.0216104660737812
LightGBM,Ausgrid,lightgbm_quantile__c90__h1,0.9,1.0,2012-09,2,Month-wise oracle,rolling_user_norm,0.0216104660737812
LightGBM,Ausgrid,lightgbm_quantile__c90__h1,0.9,1.0,2012-10,3,CSGR,rolling_user_norm,0.0120015439633793
LightGBM,Ausgrid,lightgbm_quantile__c90__h1,0.9,1.0,2012-10,3,Mean-fold minimum,rolling_user_norm,0.0120015439633793
LightGBM,Ausgrid,lightgbm_quantile__c90__h1,0.9,1.0,2012-10,3,Latest-fold minimum,rolling_user_norm,0.0120015439633793
LightGBM,Ausgrid,lightgbm_quantile__c90__h1,0.9,1.0,2012-10,3,Previous-window winner,rolling_user_norm,0.0120015439633793
LightGBM,Ausgrid,lightgbm_quantile__c90__h1,0.9,1.0,2012-10,3,Follow-the-leader,rolling_user_norm,0.0120015439633793
LightGBM,Ausgrid,lightgbm_quantile__c90__h1,0.9,1.0,2012-10,3,Global-CQR,rolling_global_norm,0.0181242385641883
LightGBM,Ausgrid,lightgbm_quantile__c90__h1,0.9,1.0,2012-10,3,Segment-CQR,rolling_group_norm,0.0156447733994147
LightGBM,Ausgrid,lightgbm_quantile__c90__h1,0.9,1.0,2012-10,3,User-CQR,rolling_user_norm,0.0120015439633793
LightGBM,Ausgrid,lightgbm_quantile__c90__h1,0.9,1.0,2012-10,3,Ex-post best fixed,rolling_user_norm,0.0120015439633793
LightGBM,Ausgrid,lightgbm_quantile__c90__h1,0.9,1.0,2012-10,3,Month-wise oracle,rolling_user_norm,0.0120015439633793
LightGBM,Ausgrid,lightgbm_quantile__c90__h1,0.9,1.0,2012-11,4,CSGR,rolling_user_norm,0.013476067637073
LightGBM,Ausgrid,lightgbm_quantile__c90__h1,0.9,1.0,2012-11,4,Mean-fold minimum,rolling_user_norm,0.013476067637073
LightGBM,Ausgrid,lightgbm_quantile__c90__h1,0.9,1.0,2012-11,4,Latest-fold minimum,rolling_user_norm,0.013476067637073
LightGBM,Ausgrid,lightgbm_quantile__c90__h1,0.9,1.0,2012-11,4,Previous-window winner,rolling_user_norm,0.013476067637073
LightGBM,Ausgrid,lightgbm_quantile__c90__h1,0.9,1.0,2012-11,4,Follow-the-leader,rolling_user_norm,0.013476067637073
LightGBM,Ausgrid,lightgbm_quantile__c90__h1,0.9,1.0,2012-11,4,Global-CQR,rolling_global_norm,0.0186768903981432
LightGBM,Ausgrid,lightgbm_quantile__c90__h1,0.9,1.0,2012-11,4,Segment-CQR,rolling_group_norm,0.017420420109797
LightGBM,Ausgrid,lightgbm_quantile__c90__h1,0.9,1.0,2012-11,4,User-CQR,rolling_user_norm,0.013476067637073
LightGBM,Ausgrid,lightgbm_quantile__c90__h1,0.9,1.0,2012-11,4,Ex-post best fixed,rolling_user_norm,0.013476067637073
LightGBM,Ausgrid,lightgbm_quantile__c90__h1,0.9,1.0,2012-11,4,Month-wise oracle,rolling_user_norm,0.013476067637073
LightGBM,Ausgrid,lightgbm_quantile__c90__h1,0.9,1.0,2012-12,5,CSGR,rolling_user_norm,0.0128527165710332
LightGBM,Ausgrid,lightgbm_quantile__c90__h1,0.9,1.0,2012-12,5,Mean-fold minimum,rolling_user_norm,0.0128527165710332
LightGBM,Ausgrid,lightgbm_quantile__c90__h1,0.9,1.0,2012-12,5,Latest-fold minimum,rolling_user_norm,0.0128527165710332
LightGBM,Ausgrid,lightgbm_quantile__c90__h1,0.9,1.0,2012-12,5,Previous-window winner,rolling_user_norm,0.0128527165710332
LightGBM,Ausgrid,lightgbm_quantile__c90__h1,0.9,1.0,2012-12,5,Follow-the-leader,rolling_user_norm,0.0128527165710332
LightGBM,Ausgrid,lightgbm_quantile__c90__h1,0.9,1.0,2012-12,5,Global-CQR,rolling_global_norm,0.0191284481793335
LightGBM,Ausgrid,lightgbm_quantile__c90__h1,0.9,1.0,2012-12,5,Segment-CQR,rolling_group_norm,0.0170485756938246
LightGBM,Ausgrid,lightgbm_quantile__c90__h1,0.9,1.0,2012-12,5,User-CQR,rolling_user_norm,0.0128527165710332
LightGBM,Ausgrid,lightgbm_quantile__c90__h1,0.9,1.0,2012-12,5,Ex-post best fixed,rolling_user_norm,0.0128527165710332
LightGBM,Ausgrid,lightgbm_quantile__c90__h1,0.9,1.0,2012-12,5,Month-wise oracle,rolling_user_norm,0.0128527165710332
LightGBM,Ausgrid,lightgbm_quantile__c90__h1,0.9,1.0,2013-01,6,CSGR,rolling_user_norm,0.0170725743109158
LightGBM,Ausgrid,lightgbm_quantile__c90__h1,0.9,1.0,2013-01,6,Mean-fold minimum,rolling_user_norm,0.0170725743109158
LightGBM,Ausgrid,lightgbm_quantile__c90__h1,0.9,1.0,2013-01,6,Latest-fold minimum,rolling_user_norm,0.0170725743109158
LightGBM,Ausgrid,lightgbm_quantile__c90__h1,0.9,1.0,2013-01,6,Previous-window winner,rolling_user_norm,0.0170725743109158
LightGBM,Ausgrid,lightgbm_quantile__c90__h1,0.9,1.0,2013-01,6,Follow-the-leader,rolling_user_norm,0.0170725743109158
LightGBM,Ausgrid,lightgbm_quantile__c90__h1,0.9,1.0,2013-01,6,Global-CQR,rolling_global_norm,0.0214070403198992
LightGBM,Ausgrid,lightgbm_quantile__c90__h1,0.9,1.0,2013-01,6,Segment-CQR,rolling_group_norm,0.0206915770485737
LightGBM,Ausgrid,lightgbm_quantile__c90__h1,0.9,1.0,2013-01,6,User-CQR,rolling_user_norm,0.0170725743109158
LightGBM,Ausgrid,lightgbm_quantile__c90__h1,0.9,1.0,2013-01,6,Ex-post best fixed,rolling_user_norm,0.0170725743109158
LightGBM,Ausgrid,lightgbm_quantile__c90__h1,0.9,1.0,2013-01,6,Month-wise oracle,rolling_user_norm,0.0170725743109158
LightGBM,Ausgrid,lightgbm_quantile__c90__h1,0.9,1.0,2013-02,7,CSGR,rolling_user_norm,0.0118954571407226
LightGBM,Ausgrid,lightgbm_quantile__c90__h1,0.9,1.0,2013-02,7,Mean-fold minimum,rolling_user_norm,0.0118954571407226
LightGBM,Ausgrid,lightgbm_quantile__c90__h1,0.9,1.0,2013-02,7,Latest-fold minimum,rolling_user_norm,0.0118954571407226
LightGBM,Ausgrid,lightgbm_quantile__c90__h1,0.9,1.0,2013-02,7,Previous-window winner,rolling_user_norm,0.0118954571407226
LightGBM,Ausgrid,lightgbm_quantile__c90__h1,0.9,1.0,2013-02,7,Follow-the-leader,rolling_user_norm,0.0118954571407226
LightGBM,Ausgrid,lightgbm_quantile__c90__h1,0.9,1.0,2013-02,7,Global-CQR,rolling_global_norm,0.0194151721240715
LightGBM,Ausgrid,lightgbm_quantile__c90__h1,0.9,1.0,2013-02,7,Segment-CQR,rolling_group_norm,0.0191882821602501
LightGBM,Ausgrid,lightgbm_quantile__c90__h1,0.9,1.0,2013-02,7,User-CQR,rolling_user_norm,0.0118954571407226
LightGBM,Ausgrid,lightgbm_quantile__c90__h1,0.9,1.0,2013-02,7,Ex-post best fixed,rolling_user_norm,0.0118954571407226
LightGBM,Ausgrid,lightgbm_quantile__c90__h1,0.9,1.0,2013-02,7,Month-wise oracle,rolling_user_norm,0.0118954571407226
LightGBM,Ausgrid,lightgbm_quantile__c90__h1,0.9,1.0,2013-03,8,CSGR,rolling_user_norm,0.0126562987180784
LightGBM,Ausgrid,lightgbm_quantile__c90__h1,0.9,1.0,2013-03,8,Mean-fold minimum,rolling_user_norm,0.0126562987180784
LightGBM,Ausgrid,lightgbm_quantile__c90__h1,0.9,1.0,2013-03,8,Latest-fold minimum,rolling_user_norm,0.0126562987180784
LightGBM,Ausgrid,lightgbm_quantile__c90__h1,0.9,1.0,2013-03,8,Previous-window winner,rolling_user_norm,0.0126562987180784
LightGBM,Ausgrid,lightgbm_quantile__c90__h1,0.9,1.0,2013-03,8,Follow-the-leader,rolling_user_norm,0.0126562987180784
LightGBM,Ausgrid,lightgbm_quantile__c90__h1,0.9,1.0,2013-03,8,Global-CQR,rolling_global_norm,0.0209407652013717
LightGBM,Ausgrid,lightgbm_quantile__c90__h1,0.9,1.0,2013-03,8,Segment-CQR,rolling_group_norm,0.0196601487091249
LightGBM,Ausgrid,lightgbm_quantile__c90__h1,0.9,1.0,2013-03,8,User-CQR,rolling_user_norm,0.0126562987180784
LightGBM,Ausgrid,lightgbm_quantile__c90__h1,0.9,1.0,2013-03,8,Ex-post best fixed,rolling_user_norm,0.0126562987180784
LightGBM,Ausgrid,lightgbm_quantile__c90__h1,0.9,1.0,2013-03,8,Month-wise oracle,rolling_user_norm,0.0126562987180784
LightGBM,Ausgrid,lightgbm_quantile__c90__h1,0.9,1.0,2013-04,9,CSGR,rolling_user_norm,0.0186653387347037
LightGBM,Ausgrid,lightgbm_quantile__c90__h1,0.9,1.0,2013-04,9,Mean-fold minimum,rolling_user_norm,0.0186653387347037
LightGBM,Ausgrid,lightgbm_quantile__c90__h1,0.9,1.0,2013-04,9,Latest-fold minimum,rolling_user_norm,0.0186653387347037
LightGBM,Ausgrid,lightgbm_quantile__c90__h1,0.9,1.0,2013-04,9,Previous-window winner,rolling_user_norm,0.0186653387347037
LightGBM,Ausgrid,lightgbm_quantile__c90__h1,0.9,1.0,2013-04,9,Follow-the-leader,rolling_user_norm,0.0186653387347037
LightGBM,Ausgrid,lightgbm_quantile__c90__h1,0.9,1.0,2013-04,9,Global-CQR,rolling_global_norm,0.021402675503791
LightGBM,Ausgrid,lightgbm_quantile__c90__h1,0.9,1.0,2013-04,9,Segment-CQR,rolling_group_norm,0.0207262614334982
LightGBM,Ausgrid,lightgbm_quantile__c90__h1,0.9,1.0,2013-04,9,User-CQR,rolling_user_norm,0.0186653387347037
LightGBM,Ausgrid,lightgbm_quantile__c90__h1,0.9,1.0,2013-04,9,Ex-post best fixed,rolling_user_norm,0.0186653387347037
LightGBM,Ausgrid,lightgbm_quantile__c90__h1,0.9,1.0,2013-04,9,Month-wise oracle,rolling_user_norm,0.0186653387347037
LightGBM,Ausgrid,lightgbm_quantile__c90__h1,0.9,1.0,2013-05,10,CSGR,rolling_user_norm,0.0215022713631033
LightGBM,Ausgrid,lightgbm_quantile__c90__h1,0.9,1.0,2013-05,10,Mean-fold minimum,rolling_user_norm,0.0215022713631033
LightGBM,Ausgrid,lightgbm_quantile__c90__h1,0.9,1.0,2013-05,10,Latest-fold minimum,rolling_user_norm,0.0215022713631033
LightGBM,Ausgrid,lightgbm_quantile__c90__h1,0.9,1.0,2013-05,10,Previous-window winner,rolling_user_norm,0.0215022713631033
LightGBM,Ausgrid,lightgbm_quantile__c90__h1,0.9,1.0,2013-05,10,Follow-the-leader,rolling_user_norm,0.0215022713631033
LightGBM,Ausgrid,lightgbm_quantile__c90__h1,0.9,1.0,2013-05,10,Global-CQR,rolling_global_norm,0.0232910911931175
LightGBM,Ausgrid,lightgbm_quantile__c90__h1,0.9,1.0,2013-05,10,Segment-CQR,rolling_group_norm,0.022190265634367
LightGBM,Ausgrid,lightgbm_quantile__c90__h1,0.9,1.0,2013-05,10,User-CQR,rolling_user_norm,0.0215022713631033
LightGBM,Ausgrid,lightgbm_quantile__c90__h1,0.9,1.0,2013-05,10,Ex-post best fixed,rolling_user_norm,0.0215022713631033
LightGBM,Ausgrid,lightgbm_quantile__c90__h1,0.9,1.0,2013-05,10,Month-wise oracle,rolling_user_norm,0.0215022713631033
LightGBM,Ausgrid,lightgbm_quantile__c90__h1,0.9,1.0,2013-06,11,CSGR,rolling_user_norm,0.017210899159857
LightGBM,Ausgrid,lightgbm_quantile__c90__h1,0.9,1.0,2013-06,11,Mean-fold minimum,rolling_user_norm,0.017210899159857
LightGBM,Ausgrid,lightgbm_quantile__c90__h1,0.9,1.0,2013-06,11,Latest-fold minimum,rolling_user_norm,0.017210899159857
LightGBM,Ausgrid,lightgbm_quantile__c90__h1,0.9,1.0,2013-06,11,Previous-window winner,rolling_user_norm,0.017210899159857
LightGBM,Ausgrid,lightgbm_quantile__c90__h1,0.9,1.0,2013-06,11,Follow-the-leader,rolling_user_norm,0.017210899159857
LightGBM,Ausgrid,lightgbm_quantile__c90__h1,0.9,1.0,2013-06,11,Global-CQR,rolling_global_norm,0.0238088136543514
LightGBM,Ausgrid,lightgbm_quantile__c90__h1,0.9,1.0,2013-06,11,Segment-CQR,rolling_group_norm,0.022677641274788
LightGBM,Ausgrid,lightgbm_quantile__c90__h1,0.9,1.0,2013-06,11,User-CQR,rolling_user_norm,0.017210899159857
LightGBM,Ausgrid,lightgbm_quantile__c90__h1,0.9,1.0,2013-06,11,Ex-post best fixed,rolling_user_norm,0.017210899159857
LightGBM,Ausgrid,lightgbm_quantile__c90__h1,0.9,1.0,2013-06,11,Month-wise oracle,rolling_user_norm,0.017210899159857
LightGBM,Ausgrid,lightgbm_quantile__c90__h6,0.9,6.0,2012-07,0,CSGR,rolling_user_norm,0.0218276745023326
LightGBM,Ausgrid,lightgbm_quantile__c90__h6,0.9,6.0,2012-07,0,Mean-fold minimum,rolling_user_norm,0.0218276745023326
LightGBM,Ausgrid,lightgbm_quantile__c90__h6,0.9,6.0,2012-07,0,Latest-fold minimum,rolling_user_norm,0.0218276745023326
LightGBM,Ausgrid,lightgbm_quantile__c90__h6,0.9,6.0,2012-07,0,Previous-window winner,rolling_global_norm,0.0312365713637674
LightGBM,Ausgrid,lightgbm_quantile__c90__h6,0.9,6.0,2012-07,0,Follow-the-leader,rolling_global_norm,0.0312365713637674
LightGBM,Ausgrid,lightgbm_quantile__c90__h6,0.9,6.0,2012-07,0,Global-CQR,rolling_global_norm,0.0312365713637674
LightGBM,Ausgrid,lightgbm_quantile__c90__h6,0.9,6.0,2012-07,0,Segment-CQR,rolling_group_norm,0.0274333948981126
LightGBM,Ausgrid,lightgbm_quantile__c90__h6,0.9,6.0,2012-07,0,User-CQR,rolling_user_norm,0.0218276745023326
LightGBM,Ausgrid,lightgbm_quantile__c90__h6,0.9,6.0,2012-07,0,Ex-post best fixed,rolling_user_norm,0.0218276745023326
LightGBM,Ausgrid,lightgbm_quantile__c90__h6,0.9,6.0,2012-07,0,Month-wise oracle,rolling_user_norm,0.0218276745023326
LightGBM,Ausgrid,lightgbm_quantile__c90__h6,0.9,6.0,2012-08,1,CSGR,rolling_user_norm,0.0126389827375285
LightGBM,Ausgrid,lightgbm_quantile__c90__h6,0.9,6.0,2012-08,1,Mean-fold minimum,rolling_user_norm,0.0126389827375285
LightGBM,Ausgrid,lightgbm_quantile__c90__h6,0.9,6.0,2012-08,1,Latest-fold minimum,rolling_user_norm,0.0126389827375285
LightGBM,Ausgrid,lightgbm_quantile__c90__h6,0.9,6.0,2012-08,1,Previous-window winner,rolling_user_norm,0.0126389827375285
LightGBM,Ausgrid,lightgbm_quantile__c90__h6,0.9,6.0,2012-08,1,Follow-the-leader,rolling_user_norm,0.0126389827375285
LightGBM,Ausgrid,lightgbm_quantile__c90__h6,0.9,6.0,2012-08,1,Global-CQR,rolling_global_norm,0.0261180941596808
LightGBM,Ausgrid,lightgbm_quantile__c90__h6,0.9,6.0,2012-08,1,Segment-CQR,rolling_group_norm,0.0199459029896003
LightGBM,Ausgrid,lightgbm_quantile__c90__h6,0.9,6.0,2012-08,1,User-CQR,rolling_user_norm,0.0126389827375285
LightGBM,Ausgrid,lightgbm_quantile__c90__h6,0.9,6.0,2012-08,1,Ex-post best fixed,rolling_user_norm,0.0126389827375285
LightGBM,Ausgrid,lightgbm_quantile__c90__h6,0.9,6.0,2012-08,1,Month-wise oracle,rolling_user_norm,0.0126389827375285
LightGBM,Ausgrid,lightgbm_quantile__c90__h6,0.9,6.0,2012-09,2,CSGR,rolling_user_norm,0.0238911111533393
LightGBM,Ausgrid,lightgbm_quantile__c90__h6,0.9,6.0,2012-09,2,Mean-fold minimum,rolling_user_norm,0.0238911111533393
LightGBM,Ausgrid,lightgbm_quantile__c90__h6,0.9,6.0,2012-09,2,Latest-fold minimum,rolling_user_norm,0.0238911111533393
LightGBM,Ausgrid,lightgbm_quantile__c90__h6,0.9,6.0,2012-09,2,Previous-window winner,rolling_user_norm,0.0238911111533393
LightGBM,Ausgrid,lightgbm_quantile__c90__h6,0.9,6.0,2012-09,2,Follow-the-leader,rolling_user_norm,0.0238911111533393
LightGBM,Ausgrid,lightgbm_quantile__c90__h6,0.9,6.0,2012-09,2,Global-CQR,rolling_global_norm,0.0330248555792033
LightGBM,Ausgrid,lightgbm_quantile__c90__h6,0.9,6.0,2012-09,2,Segment-CQR,rolling_group_norm,0.0287582661903314
LightGBM,Ausgrid,lightgbm_quantile__c90__h6,0.9,6.0,2012-09,2,User-CQR,rolling_user_norm,0.0238911111533393
LightGBM,Ausgrid,lightgbm_quantile__c90__h6,0.9,6.0,2012-09,2,Ex-post best fixed,rolling_user_norm,0.0238911111533393
LightGBM,Ausgrid,lightgbm_quantile__c90__h6,0.9,6.0,2012-09,2,Month-wise oracle,rolling_user_norm,0.0238911111533393
LightGBM,Ausgrid,lightgbm_quantile__c90__h6,0.9,6.0,2012-10,3,CSGR,rolling_user_norm,0.018055577954672
LightGBM,Ausgrid,lightgbm_quantile__c90__h6,0.9,6.0,2012-10,3,Mean-fold minimum,rolling_user_norm,0.018055577954672
LightGBM,Ausgrid,lightgbm_quantile__c90__h6,0.9,6.0,2012-10,3,Latest-fold minimum,rolling_user_norm,0.018055577954672
LightGBM,Ausgrid,lightgbm_quantile__c90__h6,0.9,6.0,2012-10,3,Previous-window winner,rolling_user_norm,0.018055577954672
LightGBM,Ausgrid,lightgbm_quantile__c90__h6,0.9,6.0,2012-10,3,Follow-the-leader,rolling_user_norm,0.018055577954672
LightGBM,Ausgrid,lightgbm_quantile__c90__h6,0.9,6.0,2012-10,3,Global-CQR,rolling_global_norm,0.024107059767861
LightGBM,Ausgrid,lightgbm_quantile__c90__h6,0.9,6.0,2012-10,3,Segment-CQR,rolling_group_norm,0.0223678056663771
LightGBM,Ausgrid,lightgbm_quantile__c90__h6,0.9,6.0,2012-10,3,User-CQR,rolling_user_norm,0.018055577954672
LightGBM,Ausgrid,lightgbm_quantile__c90__h6,0.9,6.0,2012-10,3,Ex-post best fixed,rolling_user_norm,0.018055577954672
LightGBM,Ausgrid,lightgbm_quantile__c90__h6,0.9,6.0,2012-10,3,Month-wise oracle,rolling_user_norm,0.018055577954672
LightGBM,Ausgrid,lightgbm_quantile__c90__h6,0.9,6.0,2012-11,4,CSGR,rolling_user_norm,0.021941839485997
LightGBM,Ausgrid,lightgbm_quantile__c90__h6,0.9,6.0,2012-11,4,Mean-fold minimum,rolling_user_norm,0.021941839485997
LightGBM,Ausgrid,lightgbm_quantile__c90__h6,0.9,6.0,2012-11,4,Latest-fold minimum,rolling_user_norm,0.021941839485997
LightGBM,Ausgrid,lightgbm_quantile__c90__h6,0.9,6.0,2012-11,4,Previous-window winner,rolling_user_norm,0.021941839485997
LightGBM,Ausgrid,lightgbm_quantile__c90__h6,0.9,6.0,2012-11,4,Follow-the-leader,rolling_user_norm,0.021941839485997
LightGBM,Ausgrid,lightgbm_quantile__c90__h6,0.9,6.0,2012-11,4,Global-CQR,rolling_global_norm,0.0235506528060315
LightGBM,Ausgrid,lightgbm_quantile__c90__h6,0.9,6.0,2012-11,4,Segment-CQR,rolling_group_norm,0.0238355281493868
LightGBM,Ausgrid,lightgbm_quantile__c90__h6,0.9,6.0,2012-11,4,User-CQR,rolling_user_norm,0.021941839485997
LightGBM,Ausgrid,lightgbm_quantile__c90__h6,0.9,6.0,2012-11,4,Ex-post best fixed,rolling_user_norm,0.021941839485997
LightGBM,Ausgrid,lightgbm_quantile__c90__h6,0.9,6.0,2012-11,4,Month-wise oracle,rolling_user_norm,0.021941839485997
LightGBM,Ausgrid,lightgbm_quantile__c90__h6,0.9,6.0,2012-12,5,CSGR,rolling_user_norm,0.0174589651274488
LightGBM,Ausgrid,lightgbm_quantile__c90__h6,0.9,6.0,2012-12,5,Mean-fold minimum,rolling_user_norm,0.0174589651274488
LightGBM,Ausgrid,lightgbm_quantile__c90__h6,0.9,6.0,2012-12,5,Latest-fold minimum,rolling_user_norm,0.0174589651274488
LightGBM,Ausgrid,lightgbm_quantile__c90__h6,0.9,6.0,2012-12,5,Previous-window winner,rolling_user_norm,0.0174589651274488
LightGBM,Ausgrid,lightgbm_quantile__c90__h6,0.9,6.0,2012-12,5,Follow-the-leader,rolling_user_norm,0.0174589651274488
LightGBM,Ausgrid,lightgbm_quantile__c90__h6,0.9,6.0,2012-12,5,Global-CQR,rolling_global_norm,0.0236054647783258
LightGBM,Ausgrid,lightgbm_quantile__c90__h6,0.9,6.0,2012-12,5,Segment-CQR,rolling_group_norm,0.0197623975866048
LightGBM,Ausgrid,lightgbm_quantile__c90__h6,0.9,6.0,2012-12,5,User-CQR,rolling_user_norm,0.0174589651274488
LightGBM,Ausgrid,lightgbm_quantile__c90__h6,0.9,6.0,2012-12,5,Ex-post best fixed,rolling_user_norm,0.0174589651274488
LightGBM,Ausgrid,lightgbm_quantile__c90__h6,0.9,6.0,2012-12,5,Month-wise oracle,rolling_user_norm,0.0174589651274488
LightGBM,Ausgrid,lightgbm_quantile__c90__h6,0.9,6.0,2013-01,6,CSGR,rolling_user_norm,0.0215055853347541
LightGBM,Ausgrid,lightgbm_quantile__c90__h6,0.9,6.0,2013-01,6,Mean-fold minimum,rolling_user_norm,0.0215055853347541
LightGBM,Ausgrid,lightgbm_quantile__c90__h6,0.9,6.0,2013-01,6,Latest-fold minimum,rolling_user_norm,0.0215055853347541
LightGBM,Ausgrid,lightgbm_quantile__c90__h6,0.9,6.0,2013-01,6,Previous-window winner,rolling_user_norm,0.0215055853347541
LightGBM,Ausgrid,lightgbm_quantile__c90__h6,0.9,6.0,2013-01,6,Follow-the-leader,rolling_user_norm,0.0215055853347541
LightGBM,Ausgrid,lightgbm_quantile__c90__h6,0.9,6.0,2013-01,6,Global-CQR,rolling_global_norm,0.0301207938459267
LightGBM,Ausgrid,lightgbm_quantile__c90__h6,0.9,6.0,2013-01,6,Segment-CQR,rolling_group_norm,0.0271984379012226
LightGBM,Ausgrid,lightgbm_quantile__c90__h6,0.9,6.0,2013-01,6,User-CQR,rolling_user_norm,0.0215055853347541
LightGBM,Ausgrid,lightgbm_quantile__c90__h6,0.9,6.0,2013-01,6,Ex-post best fixed,rolling_user_norm,0.0215055853347541
LightGBM,Ausgrid,lightgbm_quantile__c90__h6,0.9,6.0,2013-01,6,Month-wise oracle,rolling_user_norm,0.0215055853347541
LightGBM,Ausgrid,lightgbm_quantile__c90__h6,0.9,6.0,2013-02,7,CSGR,rolling_user_norm,0.0223394018763247
LightGBM,Ausgrid,lightgbm_quantile__c90__h6,0.9,6.0,2013-02,7,Mean-fold minimum,rolling_user_norm,0.0223394018763247
LightGBM,Ausgrid,lightgbm_quantile__c90__h6,0.9,6.0,2013-02,7,Latest-fold minimum,rolling_user_norm,0.0223394018763247
LightGBM,Ausgrid,lightgbm_quantile__c90__h6,0.9,6.0,2013-02,7,Previous-window winner,rolling_user_norm,0.0223394018763247
LightGBM,Ausgrid,lightgbm_quantile__c90__h6,0.9,6.0,2013-02,7,Follow-the-leader,rolling_user_norm,0.0223394018763247
LightGBM,Ausgrid,lightgbm_quantile__c90__h6,0.9,6.0,2013-02,7,Global-CQR,rolling_global_norm,0.0305944989114146
LightGBM,Ausgrid,lightgbm_quantile__c90__h6,0.9,6.0,2013-02,7,Segment-CQR,rolling_group_norm,0.0281793739933307
LightGBM,Ausgrid,lightgbm_quantile__c90__h6,0.9,6.0,2013-02,7,User-CQR,rolling_user_norm,0.0223394018763247
LightGBM,Ausgrid,lightgbm_quantile__c90__h6,0.9,6.0,2013-02,7,Ex-post best fixed,rolling_user_norm,0.0223394018763247
LightGBM,Ausgrid,lightgbm_quantile__c90__h6,0.9,6.0,2013-02,7,Month-wise oracle,rolling_user_norm,0.0223394018763247
LightGBM,Ausgrid,lightgbm_quantile__c90__h6,0.9,6.0,2013-03,8,CSGR,rolling_user_norm,0.0173692597755582
LightGBM,Ausgrid,lightgbm_quantile__c90__h6,0.9,6.0,2013-03,8,Mean-fold minimum,rolling_user_norm,0.0173692597755582
LightGBM,Ausgrid,lightgbm_quantile__c90__h6,0.9,6.0,2013-03,8,Latest-fold minimum,rolling_user_norm,0.0173692597755582
LightGBM,Ausgrid,lightgbm_quantile__c90__h6,0.9,6.0,2013-03,8,Previous-window winner,rolling_user_norm,0.0173692597755582
LightGBM,Ausgrid,lightgbm_quantile__c90__h6,0.9,6.0,2013-03,8,Follow-the-leader,rolling_user_norm,0.0173692597755582
LightGBM,Ausgrid,lightgbm_quantile__c90__h6,0.9,6.0,2013-03,8,Global-CQR,rolling_global_norm,0.0281678659845297
LightGBM,Ausgrid,lightgbm_quantile__c90__h6,0.9,6.0,2013-03,8,Segment-CQR,rolling_group_norm,0.0258048041192624
LightGBM,Ausgrid,lightgbm_quantile__c90__h6,0.9,6.0,2013-03,8,User-CQR,rolling_user_norm,0.0173692597755582
LightGBM,Ausgrid,lightgbm_quantile__c90__h6,0.9,6.0,2013-03,8,Ex-post best fixed,rolling_user_norm,0.0173692597755582
LightGBM,Ausgrid,lightgbm_quantile__c90__h6,0.9,6.0,2013-03,8,Month-wise oracle,rolling_user_norm,0.0173692597755582
LightGBM,Ausgrid,lightgbm_quantile__c90__h6,0.9,6.0,2013-04,9,CSGR,rolling_user_norm,0.022019212433257
LightGBM,Ausgrid,lightgbm_quantile__c90__h6,0.9,6.0,2013-04,9,Mean-fold minimum,rolling_user_norm,0.022019212433257
LightGBM,Ausgrid,lightgbm_quantile__c90__h6,0.9,6.0,2013-04,9,Latest-fold minimum,rolling_user_norm,0.022019212433257
LightGBM,Ausgrid,lightgbm_quantile__c90__h6,0.9,6.0,2013-04,9,Previous-window winner,rolling_user_norm,0.022019212433257
LightGBM,Ausgrid,lightgbm_quantile__c90__h6,0.9,6.0,2013-04,9,Follow-the-leader,rolling_user_norm,0.022019212433257
LightGBM,Ausgrid,lightgbm_quantile__c90__h6,0.9,6.0,2013-04,9,Global-CQR,rolling_global_norm,0.0249798915488274
LightGBM,Ausgrid,lightgbm_quantile__c90__h6,0.9,6.0,2013-04,9,Segment-CQR,rolling_group_norm,0.023379537949761
LightGBM,Ausgrid,lightgbm_quantile__c90__h6,0.9,6.0,2013-04,9,User-CQR,rolling_user_norm,0.022019212433257
LightGBM,Ausgrid,lightgbm_quantile__c90__h6,0.9,6.0,2013-04,9,Ex-post best fixed,rolling_user_norm,0.022019212433257
LightGBM,Ausgrid,lightgbm_quantile__c90__h6,0.9,6.0,2013-04,9,Month-wise oracle,rolling_user_norm,0.022019212433257
LightGBM,Ausgrid,lightgbm_quantile__c90__h6,0.9,6.0,2013-05,10,CSGR,rolling_user_norm,0.028416713512122
LightGBM,Ausgrid,lightgbm_quantile__c90__h6,0.9,6.0,2013-05,10,Mean-fold minimum,rolling_user_norm,0.028416713512122
LightGBM,Ausgrid,lightgbm_quantile__c90__h6,0.9,6.0,2013-05,10,Latest-fold minimum,rolling_user_norm,0.028416713512122
LightGBM,Ausgrid,lightgbm_quantile__c90__h6,0.9,6.0,2013-05,10,Previous-window winner,rolling_user_norm,0.028416713512122
LightGBM,Ausgrid,lightgbm_quantile__c90__h6,0.9,6.0,2013-05,10,Follow-the-leader,rolling_user_norm,0.028416713512122
LightGBM,Ausgrid,lightgbm_quantile__c90__h6,0.9,6.0,2013-05,10,Global-CQR,rolling_global_norm,0.0348602605585239
LightGBM,Ausgrid,lightgbm_quantile__c90__h6,0.9,6.0,2013-05,10,Segment-CQR,rolling_group_norm,0.0324415524079194
LightGBM,Ausgrid,lightgbm_quantile__c90__h6,0.9,6.0,2013-05,10,User-CQR,rolling_user_norm,0.028416713512122
LightGBM,Ausgrid,lightgbm_quantile__c90__h6,0.9,6.0,2013-05,10,Ex-post best fixed,rolling_user_norm,0.028416713512122
LightGBM,Ausgrid,lightgbm_quantile__c90__h6,0.9,6.0,2013-05,10,Month-wise oracle,rolling_user_norm,0.028416713512122
LightGBM,Ausgrid,lightgbm_quantile__c90__h6,0.9,6.0,2013-06,11,CSGR,rolling_user_norm,0.0273100220475276
LightGBM,Ausgrid,lightgbm_quantile__c90__h6,0.9,6.0,2013-06,11,Mean-fold minimum,rolling_user_norm,0.0273100220475276
LightGBM,Ausgrid,lightgbm_quantile__c90__h6,0.9,6.0,2013-06,11,Latest-fold minimum,rolling_user_norm,0.0273100220475276
LightGBM,Ausgrid,lightgbm_quantile__c90__h6,0.9,6.0,2013-06,11,Previous-window winner,rolling_user_norm,0.0273100220475276
LightGBM,Ausgrid,lightgbm_quantile__c90__h6,0.9,6.0,2013-06,11,Follow-the-leader,rolling_user_norm,0.0273100220475276
LightGBM,Ausgrid,lightgbm_quantile__c90__h6,0.9,6.0,2013-06,11,Global-CQR,rolling_global_norm,0.0352881111176305
LightGBM,Ausgrid,lightgbm_quantile__c90__h6,0.9,6.0,2013-06,11,Segment-CQR,rolling_group_norm,0.0330141733422213
LightGBM,Ausgrid,lightgbm_quantile__c90__h6,0.9,6.0,2013-06,11,User-CQR,rolling_user_norm,0.0273100220475276
LightGBM,Ausgrid,lightgbm_quantile__c90__h6,0.9,6.0,2013-06,11,Ex-post best fixed,rolling_user_norm,0.0273100220475276
LightGBM,Ausgrid,lightgbm_quantile__c90__h6,0.9,6.0,2013-06,11,Month-wise oracle,rolling_user_norm,0.0273100220475276
LightGBM,London,lightgbm_quantile__c80__h1,0.8,1.0,2013-03,0,CSGR,rolling_global_norm,0.0218051828354504
LightGBM,London,lightgbm_quantile__c80__h1,0.8,1.0,2013-03,0,Mean-fold minimum,rolling_user_norm,0.0208459963401321
LightGBM,London,lightgbm_quantile__c80__h1,0.8,1.0,2013-03,0,Latest-fold minimum,rolling_global_norm,0.0218051828354504
LightGBM,London,lightgbm_quantile__c80__h1,0.8,1.0,2013-03,0,Previous-window winner,rolling_global_norm,0.0218051828354504
LightGBM,London,lightgbm_quantile__c80__h1,0.8,1.0,2013-03,0,Follow-the-leader,rolling_global_norm,0.0218051828354504
LightGBM,London,lightgbm_quantile__c80__h1,0.8,1.0,2013-03,0,Global-CQR,rolling_global_norm,0.0218051828354504
LightGBM,London,lightgbm_quantile__c80__h1,0.8,1.0,2013-03,0,Segment-CQR,rolling_group_norm,0.0255491071221768
LightGBM,London,lightgbm_quantile__c80__h1,0.8,1.0,2013-03,0,User-CQR,rolling_user_norm,0.0208459963401321
LightGBM,London,lightgbm_quantile__c80__h1,0.8,1.0,2013-03,0,Ex-post best fixed,rolling_user_norm,0.0208459963401321
LightGBM,London,lightgbm_quantile__c80__h1,0.8,1.0,2013-03,0,Month-wise oracle,rolling_user_norm,0.0208459963401321
LightGBM,London,lightgbm_quantile__c80__h1,0.8,1.0,2013-04,1,CSGR,rolling_user_norm,0.0191072505905039
LightGBM,London,lightgbm_quantile__c80__h1,0.8,1.0,2013-04,1,Mean-fold minimum,rolling_user_norm,0.0191072505905039
LightGBM,London,lightgbm_quantile__c80__h1,0.8,1.0,2013-04,1,Latest-fold minimum,rolling_user_norm,0.0191072505905039
LightGBM,London,lightgbm_quantile__c80__h1,0.8,1.0,2013-04,1,Previous-window winner,rolling_user_norm,0.0191072505905039
LightGBM,London,lightgbm_quantile__c80__h1,0.8,1.0,2013-04,1,Follow-the-leader,rolling_user_norm,0.0191072505905039
LightGBM,London,lightgbm_quantile__c80__h1,0.8,1.0,2013-04,1,Global-CQR,rolling_global_norm,0.0192297183190767
LightGBM,London,lightgbm_quantile__c80__h1,0.8,1.0,2013-04,1,Segment-CQR,rolling_group_norm,0.0196336819297229
LightGBM,London,lightgbm_quantile__c80__h1,0.8,1.0,2013-04,1,User-CQR,rolling_user_norm,0.0191072505905039
LightGBM,London,lightgbm_quantile__c80__h1,0.8,1.0,2013-04,1,Ex-post best fixed,rolling_user_norm,0.0191072505905039
LightGBM,London,lightgbm_quantile__c80__h1,0.8,1.0,2013-04,1,Month-wise oracle,rolling_user_norm,0.0191072505905039
LightGBM,London,lightgbm_quantile__c80__h1,0.8,1.0,2013-05,2,CSGR,rolling_global_norm,0.0246967233275299
LightGBM,London,lightgbm_quantile__c80__h1,0.8,1.0,2013-05,2,Mean-fold minimum,rolling_user_norm,0.0271957136945108
LightGBM,London,lightgbm_quantile__c80__h1,0.8,1.0,2013-05,2,Latest-fold minimum,rolling_group_norm,0.0239346732528451
LightGBM,London,lightgbm_quantile__c80__h1,0.8,1.0,2013-05,2,Previous-window winner,rolling_user_norm,0.0271957136945108
LightGBM,London,lightgbm_quantile__c80__h1,0.8,1.0,2013-05,2,Follow-the-leader,rolling_user_norm,0.0271957136945108
LightGBM,London,lightgbm_quantile__c80__h1,0.8,1.0,2013-05,2,Global-CQR,rolling_global_norm,0.0246967233275299
LightGBM,London,lightgbm_quantile__c80__h1,0.8,1.0,2013-05,2,Segment-CQR,rolling_group_norm,0.0239346732528451
LightGBM,London,lightgbm_quantile__c80__h1,0.8,1.0,2013-05,2,User-CQR,rolling_user_norm,0.0271957136945108
LightGBM,London,lightgbm_quantile__c80__h1,0.8,1.0,2013-05,2,Ex-post best fixed,rolling_user_norm,0.0271957136945108
LightGBM,London,lightgbm_quantile__c80__h1,0.8,1.0,2013-05,2,Month-wise oracle,rolling_group_norm,0.0239346732528451
LightGBM,London,lightgbm_quantile__c80__h1,0.8,1.0,2013-06,3,CSGR,rolling_user_norm,0.0187508089687999
LightGBM,London,lightgbm_quantile__c80__h1,0.8,1.0,2013-06,3,Mean-fold minimum,rolling_user_norm,0.0187508089687999
LightGBM,London,lightgbm_quantile__c80__h1,0.8,1.0,2013-06,3,Latest-fold minimum,rolling_user_norm,0.0187508089687999
LightGBM,London,lightgbm_quantile__c80__h1,0.8,1.0,2013-06,3,Previous-window winner,rolling_group_norm,0.0223543732451109
LightGBM,London,lightgbm_quantile__c80__h1,0.8,1.0,2013-06,3,Follow-the-leader,rolling_global_norm,0.0271481214895693
LightGBM,London,lightgbm_quantile__c80__h1,0.8,1.0,2013-06,3,Global-CQR,rolling_global_norm,0.0271481214895693
LightGBM,London,lightgbm_quantile__c80__h1,0.8,1.0,2013-06,3,Segment-CQR,rolling_group_norm,0.0223543732451109
LightGBM,London,lightgbm_quantile__c80__h1,0.8,1.0,2013-06,3,User-CQR,rolling_user_norm,0.0187508089687999
LightGBM,London,lightgbm_quantile__c80__h1,0.8,1.0,2013-06,3,Ex-post best fixed,rolling_user_norm,0.0187508089687999
LightGBM,London,lightgbm_quantile__c80__h1,0.8,1.0,2013-06,3,Month-wise oracle,rolling_user_norm,0.0187508089687999
LightGBM,London,lightgbm_quantile__c80__h1,0.8,1.0,2013-07,4,CSGR,rolling_user_norm,0.0289396679851093
LightGBM,London,lightgbm_quantile__c80__h1,0.8,1.0,2013-07,4,Mean-fold minimum,rolling_user_norm,0.0289396679851093
LightGBM,London,lightgbm_quantile__c80__h1,0.8,1.0,2013-07,4,Latest-fold minimum,rolling_user_norm,0.0289396679851093
LightGBM,London,lightgbm_quantile__c80__h1,0.8,1.0,2013-07,4,Previous-window winner,rolling_user_norm,0.0289396679851093
LightGBM,London,lightgbm_quantile__c80__h1,0.8,1.0,2013-07,4,Follow-the-leader,rolling_user_norm,0.0289396679851093
LightGBM,London,lightgbm_quantile__c80__h1,0.8,1.0,2013-07,4,Global-CQR,rolling_global_norm,0.0388258234925946
LightGBM,London,lightgbm_quantile__c80__h1,0.8,1.0,2013-07,4,Segment-CQR,rolling_group_norm,0.0336327573024592
LightGBM,London,lightgbm_quantile__c80__h1,0.8,1.0,2013-07,4,User-CQR,rolling_user_norm,0.0289396679851093
LightGBM,London,lightgbm_quantile__c80__h1,0.8,1.0,2013-07,4,Ex-post best fixed,rolling_user_norm,0.0289396679851093
LightGBM,London,lightgbm_quantile__c80__h1,0.8,1.0,2013-07,4,Month-wise oracle,rolling_user_norm,0.0289396679851093
LightGBM,London,lightgbm_quantile__c80__h1,0.8,1.0,2013-08,5,CSGR,rolling_user_norm,0.0170932203466867
LightGBM,London,lightgbm_quantile__c80__h1,0.8,1.0,2013-08,5,Mean-fold minimum,rolling_user_norm,0.0170932203466867
LightGBM,London,lightgbm_quantile__c80__h1,0.8,1.0,2013-08,5,Latest-fold minimum,rolling_user_norm,0.0170932203466867
LightGBM,London,lightgbm_quantile__c80__h1,0.8,1.0,2013-08,5,Previous-window winner,rolling_user_norm,0.0170932203466867
LightGBM,London,lightgbm_quantile__c80__h1,0.8,1.0,2013-08,5,Follow-the-leader,rolling_user_norm,0.0170932203466867
LightGBM,London,lightgbm_quantile__c80__h1,0.8,1.0,2013-08,5,Global-CQR,rolling_global_norm,0.028852105864272
LightGBM,London,lightgbm_quantile__c80__h1,0.8,1.0,2013-08,5,Segment-CQR,rolling_group_norm,0.0251760664275911
LightGBM,London,lightgbm_quantile__c80__h1,0.8,1.0,2013-08,5,User-CQR,rolling_user_norm,0.0170932203466867
LightGBM,London,lightgbm_quantile__c80__h1,0.8,1.0,2013-08,5,Ex-post best fixed,rolling_user_norm,0.0170932203466867
LightGBM,London,lightgbm_quantile__c80__h1,0.8,1.0,2013-08,5,Month-wise oracle,rolling_user_norm,0.0170932203466867
LightGBM,London,lightgbm_quantile__c80__h1,0.8,1.0,2013-09,6,CSGR,rolling_user_norm,0.0272257988425667
LightGBM,London,lightgbm_quantile__c80__h1,0.8,1.0,2013-09,6,Mean-fold minimum,rolling_user_norm,0.0272257988425667
LightGBM,London,lightgbm_quantile__c80__h1,0.8,1.0,2013-09,6,Latest-fold minimum,rolling_user_norm,0.0272257988425667
LightGBM,London,lightgbm_quantile__c80__h1,0.8,1.0,2013-09,6,Previous-window winner,rolling_user_norm,0.0272257988425667
LightGBM,London,lightgbm_quantile__c80__h1,0.8,1.0,2013-09,6,Follow-the-leader,rolling_user_norm,0.0272257988425667
LightGBM,London,lightgbm_quantile__c80__h1,0.8,1.0,2013-09,6,Global-CQR,rolling_global_norm,0.0299836116080624
LightGBM,London,lightgbm_quantile__c80__h1,0.8,1.0,2013-09,6,Segment-CQR,rolling_group_norm,0.0297995796699414
LightGBM,London,lightgbm_quantile__c80__h1,0.8,1.0,2013-09,6,User-CQR,rolling_user_norm,0.0272257988425667
LightGBM,London,lightgbm_quantile__c80__h1,0.8,1.0,2013-09,6,Ex-post best fixed,rolling_user_norm,0.0272257988425667
LightGBM,London,lightgbm_quantile__c80__h1,0.8,1.0,2013-09,6,Month-wise oracle,rolling_user_norm,0.0272257988425667
LightGBM,London,lightgbm_quantile__c80__h1,0.8,1.0,2013-10,7,CSGR,rolling_user_norm,0.020952034837811
LightGBM,London,lightgbm_quantile__c80__h1,0.8,1.0,2013-10,7,Mean-fold minimum,rolling_user_norm,0.020952034837811
LightGBM,London,lightgbm_quantile__c80__h1,0.8,1.0,2013-10,7,Latest-fold minimum,rolling_user_norm,0.020952034837811
LightGBM,London,lightgbm_quantile__c80__h1,0.8,1.0,2013-10,7,Previous-window winner,rolling_user_norm,0.020952034837811
LightGBM,London,lightgbm_quantile__c80__h1,0.8,1.0,2013-10,7,Follow-the-leader,rolling_user_norm,0.020952034837811
LightGBM,London,lightgbm_quantile__c80__h1,0.8,1.0,2013-10,7,Global-CQR,rolling_global_norm,0.0246120890260856
LightGBM,London,lightgbm_quantile__c80__h1,0.8,1.0,2013-10,7,Segment-CQR,rolling_group_norm,0.0256369518050403
LightGBM,London,lightgbm_quantile__c80__h1,0.8,1.0,2013-10,7,User-CQR,rolling_user_norm,0.020952034837811
LightGBM,London,lightgbm_quantile__c80__h1,0.8,1.0,2013-10,7,Ex-post best fixed,rolling_user_norm,0.020952034837811
LightGBM,London,lightgbm_quantile__c80__h1,0.8,1.0,2013-10,7,Month-wise oracle,rolling_user_norm,0.020952034837811
LightGBM,London,lightgbm_quantile__c80__h1,0.8,1.0,2013-11,8,CSGR,rolling_user_norm,0.0287934649329976
LightGBM,London,lightgbm_quantile__c80__h1,0.8,1.0,2013-11,8,Mean-fold minimum,rolling_user_norm,0.0287934649329976
LightGBM,London,lightgbm_quantile__c80__h1,0.8,1.0,2013-11,8,Latest-fold minimum,rolling_user_norm,0.0287934649329976
LightGBM,London,lightgbm_quantile__c80__h1,0.8,1.0,2013-11,8,Previous-window winner,rolling_user_norm,0.0287934649329976
LightGBM,London,lightgbm_quantile__c80__h1,0.8,1.0,2013-11,8,Follow-the-leader,rolling_user_norm,0.0287934649329976
LightGBM,London,lightgbm_quantile__c80__h1,0.8,1.0,2013-11,8,Global-CQR,rolling_global_norm,0.0275886508310935
LightGBM,London,lightgbm_quantile__c80__h1,0.8,1.0,2013-11,8,Segment-CQR,rolling_group_norm,0.0321048516876494
LightGBM,London,lightgbm_quantile__c80__h1,0.8,1.0,2013-11,8,User-CQR,rolling_user_norm,0.0287934649329976
LightGBM,London,lightgbm_quantile__c80__h1,0.8,1.0,2013-11,8,Ex-post best fixed,rolling_user_norm,0.0287934649329976
LightGBM,London,lightgbm_quantile__c80__h1,0.8,1.0,2013-11,8,Month-wise oracle,rolling_global_norm,0.0275886508310935
LightGBM,London,lightgbm_quantile__c80__h1,0.8,1.0,2013-12,9,CSGR,rolling_user_norm,0.0190093357465685
LightGBM,London,lightgbm_quantile__c80__h1,0.8,1.0,2013-12,9,Mean-fold minimum,rolling_user_norm,0.0190093357465685
LightGBM,London,lightgbm_quantile__c80__h1,0.8,1.0,2013-12,9,Latest-fold minimum,rolling_user_norm,0.0190093357465685
LightGBM,London,lightgbm_quantile__c80__h1,0.8,1.0,2013-12,9,Previous-window winner,rolling_global_norm,0.0263712451622024
LightGBM,London,lightgbm_quantile__c80__h1,0.8,1.0,2013-12,9,Follow-the-leader,rolling_user_norm,0.0190093357465685
LightGBM,London,lightgbm_quantile__c80__h1,0.8,1.0,2013-12,9,Global-CQR,rolling_global_norm,0.0263712451622024
LightGBM,London,lightgbm_quantile__c80__h1,0.8,1.0,2013-12,9,Segment-CQR,rolling_group_norm,0.0255449280802244
LightGBM,London,lightgbm_quantile__c80__h1,0.8,1.0,2013-12,9,User-CQR,rolling_user_norm,0.0190093357465685
LightGBM,London,lightgbm_quantile__c80__h1,0.8,1.0,2013-12,9,Ex-post best fixed,rolling_user_norm,0.0190093357465685
LightGBM,London,lightgbm_quantile__c80__h1,0.8,1.0,2013-12,9,Month-wise oracle,rolling_user_norm,0.0190093357465685
LightGBM,London,lightgbm_quantile__c80__h1,0.8,1.0,2014-01,10,CSGR,rolling_user_norm,0.0175786201401932
LightGBM,London,lightgbm_quantile__c80__h1,0.8,1.0,2014-01,10,Mean-fold minimum,rolling_user_norm,0.0175786201401932
LightGBM,London,lightgbm_quantile__c80__h1,0.8,1.0,2014-01,10,Latest-fold minimum,rolling_user_norm,0.0175786201401932
LightGBM,London,lightgbm_quantile__c80__h1,0.8,1.0,2014-01,10,Previous-window winner,rolling_user_norm,0.0175786201401932
LightGBM,London,lightgbm_quantile__c80__h1,0.8,1.0,2014-01,10,Follow-the-leader,rolling_user_norm,0.0175786201401932
LightGBM,London,lightgbm_quantile__c80__h1,0.8,1.0,2014-01,10,Global-CQR,rolling_global_norm,0.0250710663477099
LightGBM,London,lightgbm_quantile__c80__h1,0.8,1.0,2014-01,10,Segment-CQR,rolling_group_norm,0.0236053427105517
LightGBM,London,lightgbm_quantile__c80__h1,0.8,1.0,2014-01,10,User-CQR,rolling_user_norm,0.0175786201401932
LightGBM,London,lightgbm_quantile__c80__h1,0.8,1.0,2014-01,10,Ex-post best fixed,rolling_user_norm,0.0175786201401932
LightGBM,London,lightgbm_quantile__c80__h1,0.8,1.0,2014-01,10,Month-wise oracle,rolling_user_norm,0.0175786201401932
LightGBM,London,lightgbm_quantile__c80__h6,0.8,6.0,2013-03,0,CSGR,rolling_user_norm,0.0352055557234591
LightGBM,London,lightgbm_quantile__c80__h6,0.8,6.0,2013-03,0,Mean-fold minimum,rolling_user_norm,0.0352055557234591
LightGBM,London,lightgbm_quantile__c80__h6,0.8,6.0,2013-03,0,Latest-fold minimum,rolling_user_norm,0.0352055557234591
LightGBM,London,lightgbm_quantile__c80__h6,0.8,6.0,2013-03,0,Previous-window winner,rolling_global_norm,0.0351656493246852
LightGBM,London,lightgbm_quantile__c80__h6,0.8,6.0,2013-03,0,Follow-the-leader,rolling_global_norm,0.0351656493246852
LightGBM,London,lightgbm_quantile__c80__h6,0.8,6.0,2013-03,0,Global-CQR,rolling_global_norm,0.0351656493246852
LightGBM,London,lightgbm_quantile__c80__h6,0.8,6.0,2013-03,0,Segment-CQR,rolling_group_norm,0.0397536442104024
LightGBM,London,lightgbm_quantile__c80__h6,0.8,6.0,2013-03,0,User-CQR,rolling_user_norm,0.0352055557234591
LightGBM,London,lightgbm_quantile__c80__h6,0.8,6.0,2013-03,0,Ex-post best fixed,rolling_user_norm,0.0352055557234591
LightGBM,London,lightgbm_quantile__c80__h6,0.8,6.0,2013-03,0,Month-wise oracle,rolling_global_norm,0.0351656493246852
LightGBM,London,lightgbm_quantile__c80__h6,0.8,6.0,2013-04,1,CSGR,rolling_user_norm,0.0252296593212562
LightGBM,London,lightgbm_quantile__c80__h6,0.8,6.0,2013-04,1,Mean-fold minimum,rolling_user_norm,0.0252296593212562
LightGBM,London,lightgbm_quantile__c80__h6,0.8,6.0,2013-04,1,Latest-fold minimum,rolling_user_norm,0.0252296593212562
LightGBM,London,lightgbm_quantile__c80__h6,0.8,6.0,2013-04,1,Previous-window winner,rolling_global_norm,0.0279104811667078
LightGBM,London,lightgbm_quantile__c80__h6,0.8,6.0,2013-04,1,Follow-the-leader,rolling_global_norm,0.0279104811667078
LightGBM,London,lightgbm_quantile__c80__h6,0.8,6.0,2013-04,1,Global-CQR,rolling_global_norm,0.0279104811667078
LightGBM,London,lightgbm_quantile__c80__h6,0.8,6.0,2013-04,1,Segment-CQR,rolling_group_norm,0.0257395054066363
LightGBM,London,lightgbm_quantile__c80__h6,0.8,6.0,2013-04,1,User-CQR,rolling_user_norm,0.0252296593212562
LightGBM,London,lightgbm_quantile__c80__h6,0.8,6.0,2013-04,1,Ex-post best fixed,rolling_user_norm,0.0252296593212562
LightGBM,London,lightgbm_quantile__c80__h6,0.8,6.0,2013-04,1,Month-wise oracle,rolling_user_norm,0.0252296593212562
LightGBM,London,lightgbm_quantile__c80__h6,0.8,6.0,2013-05,2,CSGR,rolling_user_norm,0.0348765730849102
LightGBM,London,lightgbm_quantile__c80__h6,0.8,6.0,2013-05,2,Mean-fold minimum,rolling_user_norm,0.0348765730849102
LightGBM,London,lightgbm_quantile__c80__h6,0.8,6.0,2013-05,2,Latest-fold minimum,rolling_user_norm,0.0348765730849102
LightGBM,London,lightgbm_quantile__c80__h6,0.8,6.0,2013-05,2,Previous-window winner,rolling_user_norm,0.0348765730849102
LightGBM,London,lightgbm_quantile__c80__h6,0.8,6.0,2013-05,2,Follow-the-leader,rolling_user_norm,0.0348765730849102
LightGBM,London,lightgbm_quantile__c80__h6,0.8,6.0,2013-05,2,Global-CQR,rolling_global_norm,0.0370945807872213
LightGBM,London,lightgbm_quantile__c80__h6,0.8,6.0,2013-05,2,Segment-CQR,rolling_group_norm,0.0333790471579658
LightGBM,London,lightgbm_quantile__c80__h6,0.8,6.0,2013-05,2,User-CQR,rolling_user_norm,0.0348765730849102
LightGBM,London,lightgbm_quantile__c80__h6,0.8,6.0,2013-05,2,Ex-post best fixed,rolling_user_norm,0.0348765730849102
LightGBM,London,lightgbm_quantile__c80__h6,0.8,6.0,2013-05,2,Month-wise oracle,rolling_group_norm,0.0333790471579658
LightGBM,London,lightgbm_quantile__c80__h6,0.8,6.0,2013-06,3,CSGR,rolling_user_norm,0.0244933647003622
LightGBM,London,lightgbm_quantile__c80__h6,0.8,6.0,2013-06,3,Mean-fold minimum,rolling_user_norm,0.0244933647003622
LightGBM,London,lightgbm_quantile__c80__h6,0.8,6.0,2013-06,3,Latest-fold minimum,rolling_user_norm,0.0244933647003622
LightGBM,London,lightgbm_quantile__c80__h6,0.8,6.0,2013-06,3,Previous-window winner,rolling_group_norm,0.0316827465803472
LightGBM,London,lightgbm_quantile__c80__h6,0.8,6.0,2013-06,3,Follow-the-leader,rolling_user_norm,0.0244933647003622
LightGBM,London,lightgbm_quantile__c80__h6,0.8,6.0,2013-06,3,Global-CQR,rolling_global_norm,0.038786608266923
LightGBM,London,lightgbm_quantile__c80__h6,0.8,6.0,2013-06,3,Segment-CQR,rolling_group_norm,0.0316827465803472
LightGBM,London,lightgbm_quantile__c80__h6,0.8,6.0,2013-06,3,User-CQR,rolling_user_norm,0.0244933647003622
LightGBM,London,lightgbm_quantile__c80__h6,0.8,6.0,2013-06,3,Ex-post best fixed,rolling_user_norm,0.0244933647003622
LightGBM,London,lightgbm_quantile__c80__h6,0.8,6.0,2013-06,3,Month-wise oracle,rolling_user_norm,0.0244933647003622
LightGBM,London,lightgbm_quantile__c80__h6,0.8,6.0,2013-07,4,CSGR,rolling_user_norm,0.0347722904581467
LightGBM,London,lightgbm_quantile__c80__h6,0.8,6.0,2013-07,4,Mean-fold minimum,rolling_user_norm,0.0347722904581467
LightGBM,London,lightgbm_quantile__c80__h6,0.8,6.0,2013-07,4,Latest-fold minimum,rolling_user_norm,0.0347722904581467
LightGBM,London,lightgbm_quantile__c80__h6,0.8,6.0,2013-07,4,Previous-window winner,rolling_user_norm,0.0347722904581467
LightGBM,London,lightgbm_quantile__c80__h6,0.8,6.0,2013-07,4,Follow-the-leader,rolling_user_norm,0.0347722904581467
LightGBM,London,lightgbm_quantile__c80__h6,0.8,6.0,2013-07,4,Global-CQR,rolling_global_norm,0.0512166817992998
LightGBM,London,lightgbm_quantile__c80__h6,0.8,6.0,2013-07,4,Segment-CQR,rolling_group_norm,0.0415065194950306
LightGBM,London,lightgbm_quantile__c80__h6,0.8,6.0,2013-07,4,User-CQR,rolling_user_norm,0.0347722904581467
LightGBM,London,lightgbm_quantile__c80__h6,0.8,6.0,2013-07,4,Ex-post best fixed,rolling_user_norm,0.0347722904581467
LightGBM,London,lightgbm_quantile__c80__h6,0.8,6.0,2013-07,4,Month-wise oracle,rolling_user_norm,0.0347722904581467
LightGBM,London,lightgbm_quantile__c80__h6,0.8,6.0,2013-08,5,CSGR,rolling_user_norm,0.0227382367709213
LightGBM,London,lightgbm_quantile__c80__h6,0.8,6.0,2013-08,5,Mean-fold minimum,rolling_user_norm,0.0227382367709213
LightGBM,London,lightgbm_quantile__c80__h6,0.8,6.0,2013-08,5,Latest-fold minimum,rolling_user_norm,0.0227382367709213
LightGBM,London,lightgbm_quantile__c80__h6,0.8,6.0,2013-08,5,Previous-window winner,rolling_user_norm,0.0227382367709213
LightGBM,London,lightgbm_quantile__c80__h6,0.8,6.0,2013-08,5,Follow-the-leader,rolling_user_norm,0.0227382367709213
LightGBM,London,lightgbm_quantile__c80__h6,0.8,6.0,2013-08,5,Global-CQR,rolling_global_norm,0.041666095130196
LightGBM,London,lightgbm_quantile__c80__h6,0.8,6.0,2013-08,5,Segment-CQR,rolling_group_norm,0.0354912162579919
LightGBM,London,lightgbm_quantile__c80__h6,0.8,6.0,2013-08,5,User-CQR,rolling_user_norm,0.0227382367709213
LightGBM,London,lightgbm_quantile__c80__h6,0.8,6.0,2013-08,5,Ex-post best fixed,rolling_user_norm,0.0227382367709213
LightGBM,London,lightgbm_quantile__c80__h6,0.8,6.0,2013-08,5,Month-wise oracle,rolling_user_norm,0.0227382367709213
LightGBM,London,lightgbm_quantile__c80__h6,0.8,6.0,2013-09,6,CSGR,rolling_user_norm,0.0411327992058717
LightGBM,London,lightgbm_quantile__c80__h6,0.8,6.0,2013-09,6,Mean-fold minimum,rolling_user_norm,0.0411327992058717
LightGBM,London,lightgbm_quantile__c80__h6,0.8,6.0,2013-09,6,Latest-fold minimum,rolling_user_norm,0.0411327992058717
LightGBM,London,lightgbm_quantile__c80__h6,0.8,6.0,2013-09,6,Previous-window winner,rolling_user_norm,0.0411327992058717
LightGBM,London,lightgbm_quantile__c80__h6,0.8,6.0,2013-09,6,Follow-the-leader,rolling_user_norm,0.0411327992058717
LightGBM,London,lightgbm_quantile__c80__h6,0.8,6.0,2013-09,6,Global-CQR,rolling_global_norm,0.0463664855664146
LightGBM,London,lightgbm_quantile__c80__h6,0.8,6.0,2013-09,6,Segment-CQR,rolling_group_norm,0.042358951851077
LightGBM,London,lightgbm_quantile__c80__h6,0.8,6.0,2013-09,6,User-CQR,rolling_user_norm,0.0411327992058717
LightGBM,London,lightgbm_quantile__c80__h6,0.8,6.0,2013-09,6,Ex-post best fixed,rolling_user_norm,0.0411327992058717
LightGBM,London,lightgbm_quantile__c80__h6,0.8,6.0,2013-09,6,Month-wise oracle,rolling_user_norm,0.0411327992058717
LightGBM,London,lightgbm_quantile__c80__h6,0.8,6.0,2013-10,7,CSGR,rolling_user_norm,0.0281471771413437
LightGBM,London,lightgbm_quantile__c80__h6,0.8,6.0,2013-10,7,Mean-fold minimum,rolling_user_norm,0.0281471771413437
LightGBM,London,lightgbm_quantile__c80__h6,0.8,6.0,2013-10,7,Latest-fold minimum,rolling_user_norm,0.0281471771413437
LightGBM,London,lightgbm_quantile__c80__h6,0.8,6.0,2013-10,7,Previous-window winner,rolling_user_norm,0.0281471771413437
LightGBM,London,lightgbm_quantile__c80__h6,0.8,6.0,2013-10,7,Follow-the-leader,rolling_user_norm,0.0281471771413437
LightGBM,London,lightgbm_quantile__c80__h6,0.8,6.0,2013-10,7,Global-CQR,rolling_global_norm,0.0434233313423459
LightGBM,London,lightgbm_quantile__c80__h6,0.8,6.0,2013-10,7,Segment-CQR,rolling_group_norm,0.0363554498808861
LightGBM,London,lightgbm_quantile__c80__h6,0.8,6.0,2013-10,7,User-CQR,rolling_user_norm,0.0281471771413437
LightGBM,London,lightgbm_quantile__c80__h6,0.8,6.0,2013-10,7,Ex-post best fixed,rolling_user_norm,0.0281471771413437
LightGBM,London,lightgbm_quantile__c80__h6,0.8,6.0,2013-10,7,Month-wise oracle,rolling_user_norm,0.0281471771413437
LightGBM,London,lightgbm_quantile__c80__h6,0.8,6.0,2013-11,8,CSGR,rolling_user_norm,0.0401380912541258
LightGBM,London,lightgbm_quantile__c80__h6,0.8,6.0,2013-11,8,Mean-fold minimum,rolling_user_norm,0.0401380912541258
LightGBM,London,lightgbm_quantile__c80__h6,0.8,6.0,2013-11,8,Latest-fold minimum,rolling_user_norm,0.0401380912541258
LightGBM,London,lightgbm_quantile__c80__h6,0.8,6.0,2013-11,8,Previous-window winner,rolling_user_norm,0.0401380912541258
LightGBM,London,lightgbm_quantile__c80__h6,0.8,6.0,2013-11,8,Follow-the-leader,rolling_user_norm,0.0401380912541258
LightGBM,London,lightgbm_quantile__c80__h6,0.8,6.0,2013-11,8,Global-CQR,rolling_global_norm,0.0408301303925347
LightGBM,London,lightgbm_quantile__c80__h6,0.8,6.0,2013-11,8,Segment-CQR,rolling_group_norm,0.0434995261086913
LightGBM,London,lightgbm_quantile__c80__h6,0.8,6.0,2013-11,8,User-CQR,rolling_user_norm,0.0401380912541258
LightGBM,London,lightgbm_quantile__c80__h6,0.8,6.0,2013-11,8,Ex-post best fixed,rolling_user_norm,0.0401380912541258
LightGBM,London,lightgbm_quantile__c80__h6,0.8,6.0,2013-11,8,Month-wise oracle,rolling_user_norm,0.0401380912541258
LightGBM,London,lightgbm_quantile__c80__h6,0.8,6.0,2013-12,9,CSGR,rolling_user_norm,0.0272095550040372
LightGBM,London,lightgbm_quantile__c80__h6,0.8,6.0,2013-12,9,Mean-fold minimum,rolling_user_norm,0.0272095550040372
LightGBM,London,lightgbm_quantile__c80__h6,0.8,6.0,2013-12,9,Latest-fold minimum,rolling_user_norm,0.0272095550040372
LightGBM,London,lightgbm_quantile__c80__h6,0.8,6.0,2013-12,9,Previous-window winner,rolling_user_norm,0.0272095550040372
LightGBM,London,lightgbm_quantile__c80__h6,0.8,6.0,2013-12,9,Follow-the-leader,rolling_user_norm,0.0272095550040372
LightGBM,London,lightgbm_quantile__c80__h6,0.8,6.0,2013-12,9,Global-CQR,rolling_global_norm,0.0399421569600275
LightGBM,London,lightgbm_quantile__c80__h6,0.8,6.0,2013-12,9,Segment-CQR,rolling_group_norm,0.0334382244587071
LightGBM,London,lightgbm_quantile__c80__h6,0.8,6.0,2013-12,9,User-CQR,rolling_user_norm,0.0272095550040372
LightGBM,London,lightgbm_quantile__c80__h6,0.8,6.0,2013-12,9,Ex-post best fixed,rolling_user_norm,0.0272095550040372
LightGBM,London,lightgbm_quantile__c80__h6,0.8,6.0,2013-12,9,Month-wise oracle,rolling_user_norm,0.0272095550040372
LightGBM,London,lightgbm_quantile__c80__h6,0.8,6.0,2014-01,10,CSGR,rolling_user_norm,0.0235682549707504
LightGBM,London,lightgbm_quantile__c80__h6,0.8,6.0,2014-01,10,Mean-fold minimum,rolling_user_norm,0.0235682549707504
LightGBM,London,lightgbm_quantile__c80__h6,0.8,6.0,2014-01,10,Latest-fold minimum,rolling_user_norm,0.0235682549707504
LightGBM,London,lightgbm_quantile__c80__h6,0.8,6.0,2014-01,10,Previous-window winner,rolling_user_norm,0.0235682549707504
LightGBM,London,lightgbm_quantile__c80__h6,0.8,6.0,2014-01,10,Follow-the-leader,rolling_user_norm,0.0235682549707504
LightGBM,London,lightgbm_quantile__c80__h6,0.8,6.0,2014-01,10,Global-CQR,rolling_global_norm,0.0436921775992062
LightGBM,London,lightgbm_quantile__c80__h6,0.8,6.0,2014-01,10,Segment-CQR,rolling_group_norm,0.0407791474521118
LightGBM,London,lightgbm_quantile__c80__h6,0.8,6.0,2014-01,10,User-CQR,rolling_user_norm,0.0235682549707504
LightGBM,London,lightgbm_quantile__c80__h6,0.8,6.0,2014-01,10,Ex-post best fixed,rolling_user_norm,0.0235682549707504
LightGBM,London,lightgbm_quantile__c80__h6,0.8,6.0,2014-01,10,Month-wise oracle,rolling_user_norm,0.0235682549707504
LightGBM,London,lightgbm_quantile__c90__h1,0.9,1.0,2013-03,0,CSGR,rolling_user_norm,0.0188787763784945
LightGBM,London,lightgbm_quantile__c90__h1,0.9,1.0,2013-03,0,Mean-fold minimum,rolling_user_norm,0.0188787763784945
LightGBM,London,lightgbm_quantile__c90__h1,0.9,1.0,2013-03,0,Latest-fold minimum,rolling_user_norm,0.0188787763784945
LightGBM,London,lightgbm_quantile__c90__h1,0.9,1.0,2013-03,0,Previous-window winner,rolling_global_norm,0.0197974043584243
LightGBM,London,lightgbm_quantile__c90__h1,0.9,1.0,2013-03,0,Follow-the-leader,rolling_global_norm,0.0197974043584243
LightGBM,London,lightgbm_quantile__c90__h1,0.9,1.0,2013-03,0,Global-CQR,rolling_global_norm,0.0197974043584243
LightGBM,London,lightgbm_quantile__c90__h1,0.9,1.0,2013-03,0,Segment-CQR,rolling_group_norm,0.0223922403992991
LightGBM,London,lightgbm_quantile__c90__h1,0.9,1.0,2013-03,0,User-CQR,rolling_user_norm,0.0188787763784945
LightGBM,London,lightgbm_quantile__c90__h1,0.9,1.0,2013-03,0,Ex-post best fixed,rolling_user_norm,0.0188787763784945
LightGBM,London,lightgbm_quantile__c90__h1,0.9,1.0,2013-03,0,Month-wise oracle,rolling_user_norm,0.0188787763784945
LightGBM,London,lightgbm_quantile__c90__h1,0.9,1.0,2013-04,1,CSGR,rolling_user_norm,0.0210728842127942
LightGBM,London,lightgbm_quantile__c90__h1,0.9,1.0,2013-04,1,Mean-fold minimum,rolling_user_norm,0.0210728842127942
LightGBM,London,lightgbm_quantile__c90__h1,0.9,1.0,2013-04,1,Latest-fold minimum,rolling_user_norm,0.0210728842127942
LightGBM,London,lightgbm_quantile__c90__h1,0.9,1.0,2013-04,1,Previous-window winner,rolling_user_norm,0.0210728842127942
LightGBM,London,lightgbm_quantile__c90__h1,0.9,1.0,2013-04,1,Follow-the-leader,rolling_user_norm,0.0210728842127942
LightGBM,London,lightgbm_quantile__c90__h1,0.9,1.0,2013-04,1,Global-CQR,rolling_global_norm,0.0156720679073932
LightGBM,London,lightgbm_quantile__c90__h1,0.9,1.0,2013-04,1,Segment-CQR,rolling_group_norm,0.0142557018306264
LightGBM,London,lightgbm_quantile__c90__h1,0.9,1.0,2013-04,1,User-CQR,rolling_user_norm,0.0210728842127942
LightGBM,London,lightgbm_quantile__c90__h1,0.9,1.0,2013-04,1,Ex-post best fixed,rolling_user_norm,0.0210728842127942
LightGBM,London,lightgbm_quantile__c90__h1,0.9,1.0,2013-04,1,Month-wise oracle,rolling_group_norm,0.0142557018306264
LightGBM,London,lightgbm_quantile__c90__h1,0.9,1.0,2013-05,2,CSGR,rolling_user_norm,0.0191076809088651
LightGBM,London,lightgbm_quantile__c90__h1,0.9,1.0,2013-05,2,Mean-fold minimum,rolling_user_norm,0.0191076809088651
LightGBM,London,lightgbm_quantile__c90__h1,0.9,1.0,2013-05,2,Latest-fold minimum,rolling_group_norm,0.0181576950168324
LightGBM,London,lightgbm_quantile__c90__h1,0.9,1.0,2013-05,2,Previous-window winner,rolling_group_norm,0.0181576950168324
LightGBM,London,lightgbm_quantile__c90__h1,0.9,1.0,2013-05,2,Follow-the-leader,rolling_global_norm,0.0193738576373253
LightGBM,London,lightgbm_quantile__c90__h1,0.9,1.0,2013-05,2,Global-CQR,rolling_global_norm,0.0193738576373253
LightGBM,London,lightgbm_quantile__c90__h1,0.9,1.0,2013-05,2,Segment-CQR,rolling_group_norm,0.0181576950168324
LightGBM,London,lightgbm_quantile__c90__h1,0.9,1.0,2013-05,2,User-CQR,rolling_user_norm,0.0191076809088651
LightGBM,London,lightgbm_quantile__c90__h1,0.9,1.0,2013-05,2,Ex-post best fixed,rolling_user_norm,0.0191076809088651
LightGBM,London,lightgbm_quantile__c90__h1,0.9,1.0,2013-05,2,Month-wise oracle,rolling_group_norm,0.0181576950168324
LightGBM,London,lightgbm_quantile__c90__h1,0.9,1.0,2013-06,3,CSGR,rolling_user_norm,0.0123331116291465
LightGBM,London,lightgbm_quantile__c90__h1,0.9,1.0,2013-06,3,Mean-fold minimum,rolling_user_norm,0.0123331116291465
LightGBM,London,lightgbm_quantile__c90__h1,0.9,1.0,2013-06,3,Latest-fold minimum,rolling_user_norm,0.0123331116291465
LightGBM,London,lightgbm_quantile__c90__h1,0.9,1.0,2013-06,3,Previous-window winner,rolling_group_norm,0.0180118814943367
LightGBM,London,lightgbm_quantile__c90__h1,0.9,1.0,2013-06,3,Follow-the-leader,rolling_group_norm,0.0180118814943367
LightGBM,London,lightgbm_quantile__c90__h1,0.9,1.0,2013-06,3,Global-CQR,rolling_global_norm,0.0226346789319243
LightGBM,London,lightgbm_quantile__c90__h1,0.9,1.0,2013-06,3,Segment-CQR,rolling_group_norm,0.0180118814943367
LightGBM,London,lightgbm_quantile__c90__h1,0.9,1.0,2013-06,3,User-CQR,rolling_user_norm,0.0123331116291465
LightGBM,London,lightgbm_quantile__c90__h1,0.9,1.0,2013-06,3,Ex-post best fixed,rolling_user_norm,0.0123331116291465
LightGBM,London,lightgbm_quantile__c90__h1,0.9,1.0,2013-06,3,Month-wise oracle,rolling_user_norm,0.0123331116291465
LightGBM,London,lightgbm_quantile__c90__h1,0.9,1.0,2013-07,4,CSGR,rolling_user_norm,0.01896481651242
LightGBM,London,lightgbm_quantile__c90__h1,0.9,1.0,2013-07,4,Mean-fold minimum,rolling_user_norm,0.01896481651242
LightGBM,London,lightgbm_quantile__c90__h1,0.9,1.0,2013-07,4,Latest-fold minimum,rolling_user_norm,0.01896481651242
LightGBM,London,lightgbm_quantile__c90__h1,0.9,1.0,2013-07,4,Previous-window winner,rolling_user_norm,0.01896481651242
LightGBM,London,lightgbm_quantile__c90__h1,0.9,1.0,2013-07,4,Follow-the-leader,rolling_user_norm,0.01896481651242
LightGBM,London,lightgbm_quantile__c90__h1,0.9,1.0,2013-07,4,Global-CQR,rolling_global_norm,0.0282000452772239
LightGBM,London,lightgbm_quantile__c90__h1,0.9,1.0,2013-07,4,Segment-CQR,rolling_group_norm,0.022870985539881
LightGBM,London,lightgbm_quantile__c90__h1,0.9,1.0,2013-07,4,User-CQR,rolling_user_norm,0.01896481651242
LightGBM,London,lightgbm_quantile__c90__h1,0.9,1.0,2013-07,4,Ex-post best fixed,rolling_user_norm,0.01896481651242
LightGBM,London,lightgbm_quantile__c90__h1,0.9,1.0,2013-07,4,Month-wise oracle,rolling_user_norm,0.01896481651242
LightGBM,London,lightgbm_quantile__c90__h1,0.9,1.0,2013-08,5,CSGR,rolling_user_norm,0.011916261342931
LightGBM,London,lightgbm_quantile__c90__h1,0.9,1.0,2013-08,5,Mean-fold minimum,rolling_user_norm,0.011916261342931
LightGBM,London,lightgbm_quantile__c90__h1,0.9,1.0,2013-08,5,Latest-fold minimum,rolling_user_norm,0.011916261342931
LightGBM,London,lightgbm_quantile__c90__h1,0.9,1.0,2013-08,5,Previous-window winner,rolling_user_norm,0.011916261342931
LightGBM,London,lightgbm_quantile__c90__h1,0.9,1.0,2013-08,5,Follow-the-leader,rolling_user_norm,0.011916261342931
LightGBM,London,lightgbm_quantile__c90__h1,0.9,1.0,2013-08,5,Global-CQR,rolling_global_norm,0.0245316750139602
LightGBM,London,lightgbm_quantile__c90__h1,0.9,1.0,2013-08,5,Segment-CQR,rolling_group_norm,0.0197886642865512
LightGBM,London,lightgbm_quantile__c90__h1,0.9,1.0,2013-08,5,User-CQR,rolling_user_norm,0.011916261342931
LightGBM,London,lightgbm_quantile__c90__h1,0.9,1.0,2013-08,5,Ex-post best fixed,rolling_user_norm,0.011916261342931
LightGBM,London,lightgbm_quantile__c90__h1,0.9,1.0,2013-08,5,Month-wise oracle,rolling_user_norm,0.011916261342931
LightGBM,London,lightgbm_quantile__c90__h1,0.9,1.0,2013-09,6,CSGR,rolling_user_norm,0.0223038762455891
LightGBM,London,lightgbm_quantile__c90__h1,0.9,1.0,2013-09,6,Mean-fold minimum,rolling_user_norm,0.0223038762455891
LightGBM,London,lightgbm_quantile__c90__h1,0.9,1.0,2013-09,6,Latest-fold minimum,rolling_user_norm,0.0223038762455891
LightGBM,London,lightgbm_quantile__c90__h1,0.9,1.0,2013-09,6,Previous-window winner,rolling_user_norm,0.0223038762455891
LightGBM,London,lightgbm_quantile__c90__h1,0.9,1.0,2013-09,6,Follow-the-leader,rolling_user_norm,0.0223038762455891
LightGBM,London,lightgbm_quantile__c90__h1,0.9,1.0,2013-09,6,Global-CQR,rolling_global_norm,0.0251439091389375
LightGBM,London,lightgbm_quantile__c90__h1,0.9,1.0,2013-09,6,Segment-CQR,rolling_group_norm,0.0224886837857172
LightGBM,London,lightgbm_quantile__c90__h1,0.9,1.0,2013-09,6,User-CQR,rolling_user_norm,0.0223038762455891
LightGBM,London,lightgbm_quantile__c90__h1,0.9,1.0,2013-09,6,Ex-post best fixed,rolling_user_norm,0.0223038762455891
LightGBM,London,lightgbm_quantile__c90__h1,0.9,1.0,2013-09,6,Month-wise oracle,rolling_user_norm,0.0223038762455891
LightGBM,London,lightgbm_quantile__c90__h1,0.9,1.0,2013-10,7,CSGR,rolling_user_norm,0.0164026748881013
LightGBM,London,lightgbm_quantile__c90__h1,0.9,1.0,2013-10,7,Mean-fold minimum,rolling_user_norm,0.0164026748881013
LightGBM,London,lightgbm_quantile__c90__h1,0.9,1.0,2013-10,7,Latest-fold minimum,rolling_user_norm,0.0164026748881013
LightGBM,London,lightgbm_quantile__c90__h1,0.9,1.0,2013-10,7,Previous-window winner,rolling_user_norm,0.0164026748881013
LightGBM,London,lightgbm_quantile__c90__h1,0.9,1.0,2013-10,7,Follow-the-leader,rolling_user_norm,0.0164026748881013
LightGBM,London,lightgbm_quantile__c90__h1,0.9,1.0,2013-10,7,Global-CQR,rolling_global_norm,0.0211308564135396
LightGBM,London,lightgbm_quantile__c90__h1,0.9,1.0,2013-10,7,Segment-CQR,rolling_group_norm,0.0193305294209762
LightGBM,London,lightgbm_quantile__c90__h1,0.9,1.0,2013-10,7,User-CQR,rolling_user_norm,0.0164026748881013
LightGBM,London,lightgbm_quantile__c90__h1,0.9,1.0,2013-10,7,Ex-post best fixed,rolling_user_norm,0.0164026748881013
LightGBM,London,lightgbm_quantile__c90__h1,0.9,1.0,2013-10,7,Month-wise oracle,rolling_user_norm,0.0164026748881013
LightGBM,London,lightgbm_quantile__c90__h1,0.9,1.0,2013-11,8,CSGR,rolling_user_norm,0.0237020136407834
LightGBM,London,lightgbm_quantile__c90__h1,0.9,1.0,2013-11,8,Mean-fold minimum,rolling_user_norm,0.0237020136407834
LightGBM,London,lightgbm_quantile__c90__h1,0.9,1.0,2013-11,8,Latest-fold minimum,rolling_user_norm,0.0237020136407834
LightGBM,London,lightgbm_quantile__c90__h1,0.9,1.0,2013-11,8,Previous-window winner,rolling_user_norm,0.0237020136407834
LightGBM,London,lightgbm_quantile__c90__h1,0.9,1.0,2013-11,8,Follow-the-leader,rolling_user_norm,0.0237020136407834
LightGBM,London,lightgbm_quantile__c90__h1,0.9,1.0,2013-11,8,Global-CQR,rolling_global_norm,0.0203224647078865
LightGBM,London,lightgbm_quantile__c90__h1,0.9,1.0,2013-11,8,Segment-CQR,rolling_group_norm,0.0240660554288232
LightGBM,London,lightgbm_quantile__c90__h1,0.9,1.0,2013-11,8,User-CQR,rolling_user_norm,0.0237020136407834
LightGBM,London,lightgbm_quantile__c90__h1,0.9,1.0,2013-11,8,Ex-post best fixed,rolling_user_norm,0.0237020136407834
LightGBM,London,lightgbm_quantile__c90__h1,0.9,1.0,2013-11,8,Month-wise oracle,rolling_global_norm,0.0203224647078865
LightGBM,London,lightgbm_quantile__c90__h1,0.9,1.0,2013-12,9,CSGR,rolling_user_norm,0.0140666168349227
LightGBM,London,lightgbm_quantile__c90__h1,0.9,1.0,2013-12,9,Mean-fold minimum,rolling_user_norm,0.0140666168349227
LightGBM,London,lightgbm_quantile__c90__h1,0.9,1.0,2013-12,9,Latest-fold minimum,rolling_user_norm,0.0140666168349227
LightGBM,London,lightgbm_quantile__c90__h1,0.9,1.0,2013-12,9,Previous-window winner,rolling_global_norm,0.0204205425819155
LightGBM,London,lightgbm_quantile__c90__h1,0.9,1.0,2013-12,9,Follow-the-leader,rolling_user_norm,0.0140666168349227
LightGBM,London,lightgbm_quantile__c90__h1,0.9,1.0,2013-12,9,Global-CQR,rolling_global_norm,0.0204205425819155
LightGBM,London,lightgbm_quantile__c90__h1,0.9,1.0,2013-12,9,Segment-CQR,rolling_group_norm,0.020050101839683
LightGBM,London,lightgbm_quantile__c90__h1,0.9,1.0,2013-12,9,User-CQR,rolling_user_norm,0.0140666168349227
LightGBM,London,lightgbm_quantile__c90__h1,0.9,1.0,2013-12,9,Ex-post best fixed,rolling_user_norm,0.0140666168349227
LightGBM,London,lightgbm_quantile__c90__h1,0.9,1.0,2013-12,9,Month-wise oracle,rolling_user_norm,0.0140666168349227
LightGBM,London,lightgbm_quantile__c90__h1,0.9,1.0,2014-01,10,CSGR,rolling_user_norm,0.011372238663535
LightGBM,London,lightgbm_quantile__c90__h1,0.9,1.0,2014-01,10,Mean-fold minimum,rolling_user_norm,0.011372238663535
LightGBM,London,lightgbm_quantile__c90__h1,0.9,1.0,2014-01,10,Latest-fold minimum,rolling_user_norm,0.011372238663535
LightGBM,London,lightgbm_quantile__c90__h1,0.9,1.0,2014-01,10,Previous-window winner,rolling_user_norm,0.011372238663535
LightGBM,London,lightgbm_quantile__c90__h1,0.9,1.0,2014-01,10,Follow-the-leader,rolling_user_norm,0.011372238663535
LightGBM,London,lightgbm_quantile__c90__h1,0.9,1.0,2014-01,10,Global-CQR,rolling_global_norm,0.0219969037796081
LightGBM,London,lightgbm_quantile__c90__h1,0.9,1.0,2014-01,10,Segment-CQR,rolling_group_norm,0.0195698816634323
LightGBM,London,lightgbm_quantile__c90__h1,0.9,1.0,2014-01,10,User-CQR,rolling_user_norm,0.011372238663535
LightGBM,London,lightgbm_quantile__c90__h1,0.9,1.0,2014-01,10,Ex-post best fixed,rolling_user_norm,0.011372238663535
LightGBM,London,lightgbm_quantile__c90__h1,0.9,1.0,2014-01,10,Month-wise oracle,rolling_user_norm,0.011372238663535
LightGBM,London,lightgbm_quantile__c90__h6,0.9,6.0,2013-03,0,CSGR,rolling_user_norm,0.0292223310452323
LightGBM,London,lightgbm_quantile__c90__h6,0.9,6.0,2013-03,0,Mean-fold minimum,rolling_user_norm,0.0292223310452323
LightGBM,London,lightgbm_quantile__c90__h6,0.9,6.0,2013-03,0,Latest-fold minimum,rolling_user_norm,0.0292223310452323
LightGBM,London,lightgbm_quantile__c90__h6,0.9,6.0,2013-03,0,Previous-window winner,rolling_global_norm,0.029519438976565
LightGBM,London,lightgbm_quantile__c90__h6,0.9,6.0,2013-03,0,Follow-the-leader,rolling_global_norm,0.029519438976565
LightGBM,London,lightgbm_quantile__c90__h6,0.9,6.0,2013-03,0,Global-CQR,rolling_global_norm,0.029519438976565
LightGBM,London,lightgbm_quantile__c90__h6,0.9,6.0,2013-03,0,Segment-CQR,rolling_group_norm,0.032025027884302
LightGBM,London,lightgbm_quantile__c90__h6,0.9,6.0,2013-03,0,User-CQR,rolling_user_norm,0.0292223310452323
LightGBM,London,lightgbm_quantile__c90__h6,0.9,6.0,2013-03,0,Ex-post best fixed,rolling_user_norm,0.0292223310452323
LightGBM,London,lightgbm_quantile__c90__h6,0.9,6.0,2013-03,0,Month-wise oracle,rolling_user_norm,0.0292223310452323
LightGBM,London,lightgbm_quantile__c90__h6,0.9,6.0,2013-04,1,CSGR,rolling_user_norm,0.0202507002885919
LightGBM,London,lightgbm_quantile__c90__h6,0.9,6.0,2013-04,1,Mean-fold minimum,rolling_user_norm,0.0202507002885919
LightGBM,London,lightgbm_quantile__c90__h6,0.9,6.0,2013-04,1,Latest-fold minimum,rolling_user_norm,0.0202507002885919
LightGBM,London,lightgbm_quantile__c90__h6,0.9,6.0,2013-04,1,Previous-window winner,rolling_user_norm,0.0202507002885919
LightGBM,London,lightgbm_quantile__c90__h6,0.9,6.0,2013-04,1,Follow-the-leader,rolling_user_norm,0.0202507002885919
LightGBM,London,lightgbm_quantile__c90__h6,0.9,6.0,2013-04,1,Global-CQR,rolling_global_norm,0.021588507605987
LightGBM,London,lightgbm_quantile__c90__h6,0.9,6.0,2013-04,1,Segment-CQR,rolling_group_norm,0.0180696619645786
LightGBM,London,lightgbm_quantile__c90__h6,0.9,6.0,2013-04,1,User-CQR,rolling_user_norm,0.0202507002885919
LightGBM,London,lightgbm_quantile__c90__h6,0.9,6.0,2013-04,1,Ex-post best fixed,rolling_user_norm,0.0202507002885919
LightGBM,London,lightgbm_quantile__c90__h6,0.9,6.0,2013-04,1,Month-wise oracle,rolling_group_norm,0.0180696619645786
LightGBM,London,lightgbm_quantile__c90__h6,0.9,6.0,2013-05,2,CSGR,rolling_user_norm,0.022048673986251
LightGBM,London,lightgbm_quantile__c90__h6,0.9,6.0,2013-05,2,Mean-fold minimum,rolling_user_norm,0.022048673986251
LightGBM,London,lightgbm_quantile__c90__h6,0.9,6.0,2013-05,2,Latest-fold minimum,rolling_user_norm,0.022048673986251
LightGBM,London,lightgbm_quantile__c90__h6,0.9,6.0,2013-05,2,Previous-window winner,rolling_group_norm,0.0235045236174899
LightGBM,London,lightgbm_quantile__c90__h6,0.9,6.0,2013-05,2,Follow-the-leader,rolling_user_norm,0.022048673986251
LightGBM,London,lightgbm_quantile__c90__h6,0.9,6.0,2013-05,2,Global-CQR,rolling_global_norm,0.0276102048503957
LightGBM,London,lightgbm_quantile__c90__h6,0.9,6.0,2013-05,2,Segment-CQR,rolling_group_norm,0.0235045236174899
LightGBM,London,lightgbm_quantile__c90__h6,0.9,6.0,2013-05,2,User-CQR,rolling_user_norm,0.022048673986251
LightGBM,London,lightgbm_quantile__c90__h6,0.9,6.0,2013-05,2,Ex-post best fixed,rolling_user_norm,0.022048673986251
LightGBM,London,lightgbm_quantile__c90__h6,0.9,6.0,2013-05,2,Month-wise oracle,rolling_user_norm,0.022048673986251
LightGBM,London,lightgbm_quantile__c90__h6,0.9,6.0,2013-06,3,CSGR,rolling_user_norm,0.0196004742424401
LightGBM,London,lightgbm_quantile__c90__h6,0.9,6.0,2013-06,3,Mean-fold minimum,rolling_user_norm,0.0196004742424401
LightGBM,London,lightgbm_quantile__c90__h6,0.9,6.0,2013-06,3,Latest-fold minimum,rolling_user_norm,0.0196004742424401
LightGBM,London,lightgbm_quantile__c90__h6,0.9,6.0,2013-06,3,Previous-window winner,rolling_user_norm,0.0196004742424401
LightGBM,London,lightgbm_quantile__c90__h6,0.9,6.0,2013-06,3,Follow-the-leader,rolling_user_norm,0.0196004742424401
LightGBM,London,lightgbm_quantile__c90__h6,0.9,6.0,2013-06,3,Global-CQR,rolling_global_norm,0.0318976844711137
LightGBM,London,lightgbm_quantile__c90__h6,0.9,6.0,2013-06,3,Segment-CQR,rolling_group_norm,0.0269870628871516
LightGBM,London,lightgbm_quantile__c90__h6,0.9,6.0,2013-06,3,User-CQR,rolling_user_norm,0.0196004742424401
LightGBM,London,lightgbm_quantile__c90__h6,0.9,6.0,2013-06,3,Ex-post best fixed,rolling_user_norm,0.0196004742424401
LightGBM,London,lightgbm_quantile__c90__h6,0.9,6.0,2013-06,3,Month-wise oracle,rolling_user_norm,0.0196004742424401
LightGBM,London,lightgbm_quantile__c90__h6,0.9,6.0,2013-07,4,CSGR,rolling_user_norm,0.0231244402804092
LightGBM,London,lightgbm_quantile__c90__h6,0.9,6.0,2013-07,4,Mean-fold minimum,rolling_user_norm,0.0231244402804092
LightGBM,London,lightgbm_quantile__c90__h6,0.9,6.0,2013-07,4,Latest-fold minimum,rolling_user_norm,0.0231244402804092
LightGBM,London,lightgbm_quantile__c90__h6,0.9,6.0,2013-07,4,Previous-window winner,rolling_user_norm,0.0231244402804092
LightGBM,London,lightgbm_quantile__c90__h6,0.9,6.0,2013-07,4,Follow-the-leader,rolling_user_norm,0.0231244402804092
LightGBM,London,lightgbm_quantile__c90__h6,0.9,6.0,2013-07,4,Global-CQR,rolling_global_norm,0.0354522275251138
LightGBM,London,lightgbm_quantile__c90__h6,0.9,6.0,2013-07,4,Segment-CQR,rolling_group_norm,0.0302558664763546
LightGBM,London,lightgbm_quantile__c90__h6,0.9,6.0,2013-07,4,User-CQR,rolling_user_norm,0.0231244402804092
LightGBM,London,lightgbm_quantile__c90__h6,0.9,6.0,2013-07,4,Ex-post best fixed,rolling_user_norm,0.0231244402804092
LightGBM,London,lightgbm_quantile__c90__h6,0.9,6.0,2013-07,4,Month-wise oracle,rolling_user_norm,0.0231244402804092
LightGBM,London,lightgbm_quantile__c90__h6,0.9,6.0,2013-08,5,CSGR,rolling_user_norm,0.0194516780647684
LightGBM,London,lightgbm_quantile__c90__h6,0.9,6.0,2013-08,5,Mean-fold minimum,rolling_user_norm,0.0194516780647684
LightGBM,London,lightgbm_quantile__c90__h6,0.9,6.0,2013-08,5,Latest-fold minimum,rolling_user_norm,0.0194516780647684
LightGBM,London,lightgbm_quantile__c90__h6,0.9,6.0,2013-08,5,Previous-window winner,rolling_user_norm,0.0194516780647684
LightGBM,London,lightgbm_quantile__c90__h6,0.9,6.0,2013-08,5,Follow-the-leader,rolling_user_norm,0.0194516780647684
LightGBM,London,lightgbm_quantile__c90__h6,0.9,6.0,2013-08,5,Global-CQR,rolling_global_norm,0.0344262914983156
LightGBM,London,lightgbm_quantile__c90__h6,0.9,6.0,2013-08,5,Segment-CQR,rolling_group_norm,0.0283096327703043
LightGBM,London,lightgbm_quantile__c90__h6,0.9,6.0,2013-08,5,User-CQR,rolling_user_norm,0.0194516780647684
LightGBM,London,lightgbm_quantile__c90__h6,0.9,6.0,2013-08,5,Ex-post best fixed,rolling_user_norm,0.0194516780647684
LightGBM,London,lightgbm_quantile__c90__h6,0.9,6.0,2013-08,5,Month-wise oracle,rolling_user_norm,0.0194516780647684
LightGBM,London,lightgbm_quantile__c90__h6,0.9,6.0,2013-09,6,CSGR,rolling_user_norm,0.0331240420395634
LightGBM,London,lightgbm_quantile__c90__h6,0.9,6.0,2013-09,6,Mean-fold minimum,rolling_user_norm,0.0331240420395634
LightGBM,London,lightgbm_quantile__c90__h6,0.9,6.0,2013-09,6,Latest-fold minimum,rolling_user_norm,0.0331240420395634
LightGBM,London,lightgbm_quantile__c90__h6,0.9,6.0,2013-09,6,Previous-window winner,rolling_user_norm,0.0331240420395634
LightGBM,London,lightgbm_quantile__c90__h6,0.9,6.0,2013-09,6,Follow-the-leader,rolling_user_norm,0.0331240420395634
LightGBM,London,lightgbm_quantile__c90__h6,0.9,6.0,2013-09,6,Global-CQR,rolling_global_norm,0.0361717843094324
LightGBM,London,lightgbm_quantile__c90__h6,0.9,6.0,2013-09,6,Segment-CQR,rolling_group_norm,0.0325751299345598
LightGBM,London,lightgbm_quantile__c90__h6,0.9,6.0,2013-09,6,User-CQR,rolling_user_norm,0.0331240420395634
LightGBM,London,lightgbm_quantile__c90__h6,0.9,6.0,2013-09,6,Ex-post best fixed,rolling_user_norm,0.0331240420395634
LightGBM,London,lightgbm_quantile__c90__h6,0.9,6.0,2013-09,6,Month-wise oracle,rolling_group_norm,0.0325751299345598
LightGBM,London,lightgbm_quantile__c90__h6,0.9,6.0,2013-10,7,CSGR,rolling_group_norm,0.0260886178063387
LightGBM,London,lightgbm_quantile__c90__h6,0.9,6.0,2013-10,7,Mean-fold minimum,rolling_user_norm,0.022485884431274
LightGBM,London,lightgbm_quantile__c90__h6,0.9,6.0,2013-10,7,Latest-fold minimum,rolling_user_norm,0.022485884431274
LightGBM,London,lightgbm_quantile__c90__h6,0.9,6.0,2013-10,7,Previous-window winner,rolling_group_norm,0.0260886178063387
LightGBM,London,lightgbm_quantile__c90__h6,0.9,6.0,2013-10,7,Follow-the-leader,rolling_user_norm,0.022485884431274
LightGBM,London,lightgbm_quantile__c90__h6,0.9,6.0,2013-10,7,Global-CQR,rolling_global_norm,0.0313947284166321
LightGBM,London,lightgbm_quantile__c90__h6,0.9,6.0,2013-10,7,Segment-CQR,rolling_group_norm,0.0260886178063387
LightGBM,London,lightgbm_quantile__c90__h6,0.9,6.0,2013-10,7,User-CQR,rolling_user_norm,0.022485884431274
LightGBM,London,lightgbm_quantile__c90__h6,0.9,6.0,2013-10,7,Ex-post best fixed,rolling_user_norm,0.022485884431274
LightGBM,London,lightgbm_quantile__c90__h6,0.9,6.0,2013-10,7,Month-wise oracle,rolling_user_norm,0.022485884431274
LightGBM,London,lightgbm_quantile__c90__h6,0.9,6.0,2013-11,8,CSGR,rolling_user_norm,0.0327729714063178
LightGBM,London,lightgbm_quantile__c90__h6,0.9,6.0,2013-11,8,Mean-fold minimum,rolling_user_norm,0.0327729714063178
LightGBM,London,lightgbm_quantile__c90__h6,0.9,6.0,2013-11,8,Latest-fold minimum,rolling_user_norm,0.0327729714063178
LightGBM,London,lightgbm_quantile__c90__h6,0.9,6.0,2013-11,8,Previous-window winner,rolling_user_norm,0.0327729714063178
LightGBM,London,lightgbm_quantile__c90__h6,0.9,6.0,2013-11,8,Follow-the-leader,rolling_user_norm,0.0327729714063178
LightGBM,London,lightgbm_quantile__c90__h6,0.9,6.0,2013-11,8,Global-CQR,rolling_global_norm,0.0304786287740326
LightGBM,London,lightgbm_quantile__c90__h6,0.9,6.0,2013-11,8,Segment-CQR,rolling_group_norm,0.0318071475775073
LightGBM,London,lightgbm_quantile__c90__h6,0.9,6.0,2013-11,8,User-CQR,rolling_user_norm,0.0327729714063178
LightGBM,London,lightgbm_quantile__c90__h6,0.9,6.0,2013-11,8,Ex-post best fixed,rolling_user_norm,0.0327729714063178
LightGBM,London,lightgbm_quantile__c90__h6,0.9,6.0,2013-11,8,Month-wise oracle,rolling_global_norm,0.0304786287740326
LightGBM,London,lightgbm_quantile__c90__h6,0.9,6.0,2013-12,9,CSGR,rolling_user_norm,0.0206043411093669
LightGBM,London,lightgbm_quantile__c90__h6,0.9,6.0,2013-12,9,Mean-fold minimum,rolling_user_norm,0.0206043411093669
LightGBM,London,lightgbm_quantile__c90__h6,0.9,6.0,2013-12,9,Latest-fold minimum,rolling_user_norm,0.0206043411093669
LightGBM,London,lightgbm_quantile__c90__h6,0.9,6.0,2013-12,9,Previous-window winner,rolling_global_norm,0.0306281050398377
LightGBM,London,lightgbm_quantile__c90__h6,0.9,6.0,2013-12,9,Follow-the-leader,rolling_user_norm,0.0206043411093669
LightGBM,London,lightgbm_quantile__c90__h6,0.9,6.0,2013-12,9,Global-CQR,rolling_global_norm,0.0306281050398377
LightGBM,London,lightgbm_quantile__c90__h6,0.9,6.0,2013-12,9,Segment-CQR,rolling_group_norm,0.0252278598114359
LightGBM,London,lightgbm_quantile__c90__h6,0.9,6.0,2013-12,9,User-CQR,rolling_user_norm,0.0206043411093669
LightGBM,London,lightgbm_quantile__c90__h6,0.9,6.0,2013-12,9,Ex-post best fixed,rolling_user_norm,0.0206043411093669
LightGBM,London,lightgbm_quantile__c90__h6,0.9,6.0,2013-12,9,Month-wise oracle,rolling_user_norm,0.0206043411093669
LightGBM,London,lightgbm_quantile__c90__h6,0.9,6.0,2014-01,10,CSGR,rolling_user_norm,0.0162888969418946
LightGBM,London,lightgbm_quantile__c90__h6,0.9,6.0,2014-01,10,Mean-fold minimum,rolling_user_norm,0.0162888969418946
LightGBM,London,lightgbm_quantile__c90__h6,0.9,6.0,2014-01,10,Latest-fold minimum,rolling_user_norm,0.0162888969418946
LightGBM,London,lightgbm_quantile__c90__h6,0.9,6.0,2014-01,10,Previous-window winner,rolling_user_norm,0.0162888969418946
LightGBM,London,lightgbm_quantile__c90__h6,0.9,6.0,2014-01,10,Follow-the-leader,rolling_user_norm,0.0162888969418946
LightGBM,London,lightgbm_quantile__c90__h6,0.9,6.0,2014-01,10,Global-CQR,rolling_global_norm,0.032145860219051
LightGBM,London,lightgbm_quantile__c90__h6,0.9,6.0,2014-01,10,Segment-CQR,rolling_group_norm,0.0263125299618914
LightGBM,London,lightgbm_quantile__c90__h6,0.9,6.0,2014-01,10,User-CQR,rolling_user_norm,0.0162888969418946
LightGBM,London,lightgbm_quantile__c90__h6,0.9,6.0,2014-01,10,Ex-post best fixed,rolling_user_norm,0.0162888969418946
LightGBM,London,lightgbm_quantile__c90__h6,0.9,6.0,2014-01,10,Month-wise oracle,rolling_user_norm,0.0162888969418946
LightGBM,UCI Electricity,lightgbm_quantile__c80__h1,0.8,1.0,2014-01,0,CSGR,rolling_user_norm,0.0262165168961938
LightGBM,UCI Electricity,lightgbm_quantile__c80__h1,0.8,1.0,2014-01,0,Mean-fold minimum,rolling_user_norm,0.0262165168961938
LightGBM,UCI Electricity,lightgbm_quantile__c80__h1,0.8,1.0,2014-01,0,Latest-fold minimum,rolling_user_norm,0.0262165168961938
LightGBM,UCI Electricity,lightgbm_quantile__c80__h1,0.8,1.0,2014-01,0,Previous-window winner,rolling_global_norm,0.0292038238458363
LightGBM,UCI Electricity,lightgbm_quantile__c80__h1,0.8,1.0,2014-01,0,Follow-the-leader,rolling_global_norm,0.0292038238458363
LightGBM,UCI Electricity,lightgbm_quantile__c80__h1,0.8,1.0,2014-01,0,Global-CQR,rolling_global_norm,0.0292038238458363
LightGBM,UCI Electricity,lightgbm_quantile__c80__h1,0.8,1.0,2014-01,0,Segment-CQR,rolling_group_norm,0.0247572017386499
LightGBM,UCI Electricity,lightgbm_quantile__c80__h1,0.8,1.0,2014-01,0,User-CQR,rolling_user_norm,0.0262165168961938
LightGBM,UCI Electricity,lightgbm_quantile__c80__h1,0.8,1.0,2014-01,0,Ex-post best fixed,rolling_user_norm,0.0262165168961938
LightGBM,UCI Electricity,lightgbm_quantile__c80__h1,0.8,1.0,2014-01,0,Month-wise oracle,rolling_group_norm,0.0247572017386499
LightGBM,UCI Electricity,lightgbm_quantile__c80__h1,0.8,1.0,2014-02,1,CSGR,rolling_user_norm,0.0241020245238792
LightGBM,UCI Electricity,lightgbm_quantile__c80__h1,0.8,1.0,2014-02,1,Mean-fold minimum,rolling_user_norm,0.0241020245238792
LightGBM,UCI Electricity,lightgbm_quantile__c80__h1,0.8,1.0,2014-02,1,Latest-fold minimum,rolling_user_norm,0.0241020245238792
LightGBM,UCI Electricity,lightgbm_quantile__c80__h1,0.8,1.0,2014-02,1,Previous-window winner,rolling_group_norm,0.0272022370105963
LightGBM,UCI Electricity,lightgbm_quantile__c80__h1,0.8,1.0,2014-02,1,Follow-the-leader,rolling_group_norm,0.0272022370105963
LightGBM,UCI Electricity,lightgbm_quantile__c80__h1,0.8,1.0,2014-02,1,Global-CQR,rolling_global_norm,0.0302483099703754
LightGBM,UCI Electricity,lightgbm_quantile__c80__h1,0.8,1.0,2014-02,1,Segment-CQR,rolling_group_norm,0.0272022370105963
LightGBM,UCI Electricity,lightgbm_quantile__c80__h1,0.8,1.0,2014-02,1,User-CQR,rolling_user_norm,0.0241020245238792
LightGBM,UCI Electricity,lightgbm_quantile__c80__h1,0.8,1.0,2014-02,1,Ex-post best fixed,rolling_user_norm,0.0241020245238792
LightGBM,UCI Electricity,lightgbm_quantile__c80__h1,0.8,1.0,2014-02,1,Month-wise oracle,rolling_user_norm,0.0241020245238792
LightGBM,UCI Electricity,lightgbm_quantile__c80__h1,0.8,1.0,2014-03,2,CSGR,rolling_user_norm,0.0225114283210201
LightGBM,UCI Electricity,lightgbm_quantile__c80__h1,0.8,1.0,2014-03,2,Mean-fold minimum,rolling_user_norm,0.0225114283210201
LightGBM,UCI Electricity,lightgbm_quantile__c80__h1,0.8,1.0,2014-03,2,Latest-fold minimum,rolling_user_norm,0.0225114283210201
LightGBM,UCI Electricity,lightgbm_quantile__c80__h1,0.8,1.0,2014-03,2,Previous-window winner,rolling_user_norm,0.0225114283210201
LightGBM,UCI Electricity,lightgbm_quantile__c80__h1,0.8,1.0,2014-03,2,Follow-the-leader,rolling_user_norm,0.0225114283210201
LightGBM,UCI Electricity,lightgbm_quantile__c80__h1,0.8,1.0,2014-03,2,Global-CQR,rolling_global_norm,0.057428812064552
LightGBM,UCI Electricity,lightgbm_quantile__c80__h1,0.8,1.0,2014-03,2,Segment-CQR,rolling_group_norm,0.0273300367114543
LightGBM,UCI Electricity,lightgbm_quantile__c80__h1,0.8,1.0,2014-03,2,User-CQR,rolling_user_norm,0.0225114283210201
LightGBM,UCI Electricity,lightgbm_quantile__c80__h1,0.8,1.0,2014-03,2,Ex-post best fixed,rolling_user_norm,0.0225114283210201
LightGBM,UCI Electricity,lightgbm_quantile__c80__h1,0.8,1.0,2014-03,2,Month-wise oracle,rolling_user_norm,0.0225114283210201
LightGBM,UCI Electricity,lightgbm_quantile__c80__h1,0.8,1.0,2014-04,3,CSGR,rolling_user_norm,0.0215468920004974
LightGBM,UCI Electricity,lightgbm_quantile__c80__h1,0.8,1.0,2014-04,3,Mean-fold minimum,rolling_user_norm,0.0215468920004974
LightGBM,UCI Electricity,lightgbm_quantile__c80__h1,0.8,1.0,2014-04,3,Latest-fold minimum,rolling_user_norm,0.0215468920004974
LightGBM,UCI Electricity,lightgbm_quantile__c80__h1,0.8,1.0,2014-04,3,Previous-window winner,rolling_user_norm,0.0215468920004974
LightGBM,UCI Electricity,lightgbm_quantile__c80__h1,0.8,1.0,2014-04,3,Follow-the-leader,rolling_user_norm,0.0215468920004974
LightGBM,UCI Electricity,lightgbm_quantile__c80__h1,0.8,1.0,2014-04,3,Global-CQR,rolling_global_norm,0.0555358005254815
LightGBM,UCI Electricity,lightgbm_quantile__c80__h1,0.8,1.0,2014-04,3,Segment-CQR,rolling_group_norm,0.0272710641508568
LightGBM,UCI Electricity,lightgbm_quantile__c80__h1,0.8,1.0,2014-04,3,User-CQR,rolling_user_norm,0.0215468920004974
LightGBM,UCI Electricity,lightgbm_quantile__c80__h1,0.8,1.0,2014-04,3,Ex-post best fixed,rolling_user_norm,0.0215468920004974
LightGBM,UCI Electricity,lightgbm_quantile__c80__h1,0.8,1.0,2014-04,3,Month-wise oracle,rolling_user_norm,0.0215468920004974
LightGBM,UCI Electricity,lightgbm_quantile__c80__h1,0.8,1.0,2014-05,4,CSGR,rolling_user_norm,0.0187365540484561
LightGBM,UCI Electricity,lightgbm_quantile__c80__h1,0.8,1.0,2014-05,4,Mean-fold minimum,rolling_user_norm,0.0187365540484561
LightGBM,UCI Electricity,lightgbm_quantile__c80__h1,0.8,1.0,2014-05,4,Latest-fold minimum,rolling_user_norm,0.0187365540484561
LightGBM,UCI Electricity,lightgbm_quantile__c80__h1,0.8,1.0,2014-05,4,Previous-window winner,rolling_user_norm,0.0187365540484561
LightGBM,UCI Electricity,lightgbm_quantile__c80__h1,0.8,1.0,2014-05,4,Follow-the-leader,rolling_user_norm,0.0187365540484561
LightGBM,UCI Electricity,lightgbm_quantile__c80__h1,0.8,1.0,2014-05,4,Global-CQR,rolling_global_norm,0.0305845762798829
LightGBM,UCI Electricity,lightgbm_quantile__c80__h1,0.8,1.0,2014-05,4,Segment-CQR,rolling_group_norm,0.0264559917764016
LightGBM,UCI Electricity,lightgbm_quantile__c80__h1,0.8,1.0,2014-05,4,User-CQR,rolling_user_norm,0.0187365540484561
LightGBM,UCI Electricity,lightgbm_quantile__c80__h1,0.8,1.0,2014-05,4,Ex-post best fixed,rolling_user_norm,0.0187365540484561
LightGBM,UCI Electricity,lightgbm_quantile__c80__h1,0.8,1.0,2014-05,4,Month-wise oracle,rolling_user_norm,0.0187365540484561
LightGBM,UCI Electricity,lightgbm_quantile__c80__h1,0.8,1.0,2014-06,5,CSGR,rolling_user_norm,0.0173909447564613
LightGBM,UCI Electricity,lightgbm_quantile__c80__h1,0.8,1.0,2014-06,5,Mean-fold minimum,rolling_user_norm,0.0173909447564613
LightGBM,UCI Electricity,lightgbm_quantile__c80__h1,0.8,1.0,2014-06,5,Latest-fold minimum,rolling_user_norm,0.0173909447564613
LightGBM,UCI Electricity,lightgbm_quantile__c80__h1,0.8,1.0,2014-06,5,Previous-window winner,rolling_user_norm,0.0173909447564613
LightGBM,UCI Electricity,lightgbm_quantile__c80__h1,0.8,1.0,2014-06,5,Follow-the-leader,rolling_user_norm,0.0173909447564613
LightGBM,UCI Electricity,lightgbm_quantile__c80__h1,0.8,1.0,2014-06,5,Global-CQR,rolling_global_norm,0.0311557227469253
LightGBM,UCI Electricity,lightgbm_quantile__c80__h1,0.8,1.0,2014-06,5,Segment-CQR,rolling_group_norm,0.0259695637337074
LightGBM,UCI Electricity,lightgbm_quantile__c80__h1,0.8,1.0,2014-06,5,User-CQR,rolling_user_norm,0.0173909447564613
LightGBM,UCI Electricity,lightgbm_quantile__c80__h1,0.8,1.0,2014-06,5,Ex-post best fixed,rolling_user_norm,0.0173909447564613
LightGBM,UCI Electricity,lightgbm_quantile__c80__h1,0.8,1.0,2014-06,5,Month-wise oracle,rolling_user_norm,0.0173909447564613
LightGBM,UCI Electricity,lightgbm_quantile__c80__h1,0.8,1.0,2014-07,6,CSGR,rolling_user_norm,0.0181502169655893
LightGBM,UCI Electricity,lightgbm_quantile__c80__h1,0.8,1.0,2014-07,6,Mean-fold minimum,rolling_user_norm,0.0181502169655893
LightGBM,UCI Electricity,lightgbm_quantile__c80__h1,0.8,1.0,2014-07,6,Latest-fold minimum,rolling_user_norm,0.0181502169655893
LightGBM,UCI Electricity,lightgbm_quantile__c80__h1,0.8,1.0,2014-07,6,Previous-window winner,rolling_user_norm,0.0181502169655893
LightGBM,UCI Electricity,lightgbm_quantile__c80__h1,0.8,1.0,2014-07,6,Follow-the-leader,rolling_user_norm,0.0181502169655893
LightGBM,UCI Electricity,lightgbm_quantile__c80__h1,0.8,1.0,2014-07,6,Global-CQR,rolling_global_norm,0.0340677885297504
LightGBM,UCI Electricity,lightgbm_quantile__c80__h1,0.8,1.0,2014-07,6,Segment-CQR,rolling_group_norm,0.0247421164183612
LightGBM,UCI Electricity,lightgbm_quantile__c80__h1,0.8,1.0,2014-07,6,User-CQR,rolling_user_norm,0.0181502169655893
LightGBM,UCI Electricity,lightgbm_quantile__c80__h1,0.8,1.0,2014-07,6,Ex-post best fixed,rolling_user_norm,0.0181502169655893
LightGBM,UCI Electricity,lightgbm_quantile__c80__h1,0.8,1.0,2014-07,6,Month-wise oracle,rolling_user_norm,0.0181502169655893
LightGBM,UCI Electricity,lightgbm_quantile__c80__h1,0.8,1.0,2014-08,7,CSGR,rolling_user_norm,0.0234069847960786
LightGBM,UCI Electricity,lightgbm_quantile__c80__h1,0.8,1.0,2014-08,7,Mean-fold minimum,rolling_user_norm,0.0234069847960786
LightGBM,UCI Electricity,lightgbm_quantile__c80__h1,0.8,1.0,2014-08,7,Latest-fold minimum,rolling_user_norm,0.0234069847960786
LightGBM,UCI Electricity,lightgbm_quantile__c80__h1,0.8,1.0,2014-08,7,Previous-window winner,rolling_user_norm,0.0234069847960786
LightGBM,UCI Electricity,lightgbm_quantile__c80__h1,0.8,1.0,2014-08,7,Follow-the-leader,rolling_user_norm,0.0234069847960786
LightGBM,UCI Electricity,lightgbm_quantile__c80__h1,0.8,1.0,2014-08,7,Global-CQR,rolling_global_norm,0.0340478722332446
LightGBM,UCI Electricity,lightgbm_quantile__c80__h1,0.8,1.0,2014-08,7,Segment-CQR,rolling_group_norm,0.0265051417224386
LightGBM,UCI Electricity,lightgbm_quantile__c80__h1,0.8,1.0,2014-08,7,User-CQR,rolling_user_norm,0.0234069847960786
LightGBM,UCI Electricity,lightgbm_quantile__c80__h1,0.8,1.0,2014-08,7,Ex-post best fixed,rolling_user_norm,0.0234069847960786
LightGBM,UCI Electricity,lightgbm_quantile__c80__h1,0.8,1.0,2014-08,7,Month-wise oracle,rolling_user_norm,0.0234069847960786
LightGBM,UCI Electricity,lightgbm_quantile__c80__h1,0.8,1.0,2014-09,8,CSGR,rolling_user_norm,0.022607979687705
LightGBM,UCI Electricity,lightgbm_quantile__c80__h1,0.8,1.0,2014-09,8,Mean-fold minimum,rolling_group_norm,0.025629534463135
LightGBM,UCI Electricity,lightgbm_quantile__c80__h1,0.8,1.0,2014-09,8,Latest-fold minimum,rolling_user_norm,0.022607979687705
LightGBM,UCI Electricity,lightgbm_quantile__c80__h1,0.8,1.0,2014-09,8,Previous-window winner,rolling_user_norm,0.022607979687705
LightGBM,UCI Electricity,lightgbm_quantile__c80__h1,0.8,1.0,2014-09,8,Follow-the-leader,rolling_user_norm,0.022607979687705
LightGBM,UCI Electricity,lightgbm_quantile__c80__h1,0.8,1.0,2014-09,8,Global-CQR,rolling_global_norm,0.0317006414862095
LightGBM,UCI Electricity,lightgbm_quantile__c80__h1,0.8,1.0,2014-09,8,Segment-CQR,rolling_group_norm,0.025629534463135
LightGBM,UCI Electricity,lightgbm_quantile__c80__h1,0.8,1.0,2014-09,8,User-CQR,rolling_user_norm,0.022607979687705
LightGBM,UCI Electricity,lightgbm_quantile__c80__h1,0.8,1.0,2014-09,8,Ex-post best fixed,rolling_user_norm,0.022607979687705
LightGBM,UCI Electricity,lightgbm_quantile__c80__h1,0.8,1.0,2014-09,8,Month-wise oracle,rolling_user_norm,0.022607979687705
LightGBM,UCI Electricity,lightgbm_quantile__c80__h1,0.8,1.0,2014-10,9,CSGR,rolling_user_norm,0.0305126906537468
LightGBM,UCI Electricity,lightgbm_quantile__c80__h1,0.8,1.0,2014-10,9,Mean-fold minimum,rolling_user_norm,0.0305126906537468
LightGBM,UCI Electricity,lightgbm_quantile__c80__h1,0.8,1.0,2014-10,9,Latest-fold minimum,rolling_user_norm,0.0305126906537468
LightGBM,UCI Electricity,lightgbm_quantile__c80__h1,0.8,1.0,2014-10,9,Previous-window winner,rolling_user_norm,0.0305126906537468
LightGBM,UCI Electricity,lightgbm_quantile__c80__h1,0.8,1.0,2014-10,9,Follow-the-leader,rolling_user_norm,0.0305126906537468
LightGBM,UCI Electricity,lightgbm_quantile__c80__h1,0.8,1.0,2014-10,9,Global-CQR,rolling_global_norm,0.0673666249025516
LightGBM,UCI Electricity,lightgbm_quantile__c80__h1,0.8,1.0,2014-10,9,Segment-CQR,rolling_group_norm,0.0329785670528472
LightGBM,UCI Electricity,lightgbm_quantile__c80__h1,0.8,1.0,2014-10,9,User-CQR,rolling_user_norm,0.0305126906537468
LightGBM,UCI Electricity,lightgbm_quantile__c80__h1,0.8,1.0,2014-10,9,Ex-post best fixed,rolling_user_norm,0.0305126906537468
LightGBM,UCI Electricity,lightgbm_quantile__c80__h1,0.8,1.0,2014-10,9,Month-wise oracle,rolling_user_norm,0.0305126906537468
LightGBM,UCI Electricity,lightgbm_quantile__c80__h1,0.8,1.0,2014-11,10,CSGR,rolling_user_norm,0.0247247022696795
LightGBM,UCI Electricity,lightgbm_quantile__c80__h1,0.8,1.0,2014-11,10,Mean-fold minimum,rolling_user_norm,0.0247247022696795
LightGBM,UCI Electricity,lightgbm_quantile__c80__h1,0.8,1.0,2014-11,10,Latest-fold minimum,rolling_user_norm,0.0247247022696795
LightGBM,UCI Electricity,lightgbm_quantile__c80__h1,0.8,1.0,2014-11,10,Previous-window winner,rolling_user_norm,0.0247247022696795
LightGBM,UCI Electricity,lightgbm_quantile__c80__h1,0.8,1.0,2014-11,10,Follow-the-leader,rolling_user_norm,0.0247247022696795
LightGBM,UCI Electricity,lightgbm_quantile__c80__h1,0.8,1.0,2014-11,10,Global-CQR,rolling_global_norm,0.031188545168181
LightGBM,UCI Electricity,lightgbm_quantile__c80__h1,0.8,1.0,2014-11,10,Segment-CQR,rolling_group_norm,0.0272139867580857
LightGBM,UCI Electricity,lightgbm_quantile__c80__h1,0.8,1.0,2014-11,10,User-CQR,rolling_user_norm,0.0247247022696795
LightGBM,UCI Electricity,lightgbm_quantile__c80__h1,0.8,1.0,2014-11,10,Ex-post best fixed,rolling_user_norm,0.0247247022696795
LightGBM,UCI Electricity,lightgbm_quantile__c80__h1,0.8,1.0,2014-11,10,Month-wise oracle,rolling_user_norm,0.0247247022696795
LightGBM,UCI Electricity,lightgbm_quantile__c80__h1,0.8,1.0,2014-12,11,CSGR,rolling_user_norm,0.0292228572817408
LightGBM,UCI Electricity,lightgbm_quantile__c80__h1,0.8,1.0,2014-12,11,Mean-fold minimum,rolling_user_norm,0.0292228572817408
LightGBM,UCI Electricity,lightgbm_quantile__c80__h1,0.8,1.0,2014-12,11,Latest-fold minimum,rolling_user_norm,0.0292228572817408
LightGBM,UCI Electricity,lightgbm_quantile__c80__h1,0.8,1.0,2014-12,11,Previous-window winner,rolling_user_norm,0.0292228572817408
LightGBM,UCI Electricity,lightgbm_quantile__c80__h1,0.8,1.0,2014-12,11,Follow-the-leader,rolling_user_norm,0.0292228572817408
LightGBM,UCI Electricity,lightgbm_quantile__c80__h1,0.8,1.0,2014-12,11,Global-CQR,rolling_global_norm,0.0434486071148685
LightGBM,UCI Electricity,lightgbm_quantile__c80__h1,0.8,1.0,2014-12,11,Segment-CQR,rolling_group_norm,0.031620005579679
LightGBM,UCI Electricity,lightgbm_quantile__c80__h1,0.8,1.0,2014-12,11,User-CQR,rolling_user_norm,0.0292228572817408
LightGBM,UCI Electricity,lightgbm_quantile__c80__h1,0.8,1.0,2014-12,11,Ex-post best fixed,rolling_user_norm,0.0292228572817408
LightGBM,UCI Electricity,lightgbm_quantile__c80__h1,0.8,1.0,2014-12,11,Month-wise oracle,rolling_user_norm,0.0292228572817408
LightGBM,UCI Electricity,lightgbm_quantile__c80__h6,0.8,6.0,2014-01,0,CSGR,rolling_user_norm,0.039015899188163
LightGBM,UCI Electricity,lightgbm_quantile__c80__h6,0.8,6.0,2014-01,0,Mean-fold minimum,rolling_user_norm,0.039015899188163
LightGBM,UCI Electricity,lightgbm_quantile__c80__h6,0.8,6.0,2014-01,0,Latest-fold minimum,rolling_group_norm,0.0511310148986657
LightGBM,UCI Electricity,lightgbm_quantile__c80__h6,0.8,6.0,2014-01,0,Previous-window winner,rolling_global_norm,0.0689268401590282
LightGBM,UCI Electricity,lightgbm_quantile__c80__h6,0.8,6.0,2014-01,0,Follow-the-leader,rolling_global_norm,0.0689268401590282
LightGBM,UCI Electricity,lightgbm_quantile__c80__h6,0.8,6.0,2014-01,0,Global-CQR,rolling_global_norm,0.0689268401590282
LightGBM,UCI Electricity,lightgbm_quantile__c80__h6,0.8,6.0,2014-01,0,Segment-CQR,rolling_group_norm,0.0511310148986657
LightGBM,UCI Electricity,lightgbm_quantile__c80__h6,0.8,6.0,2014-01,0,User-CQR,rolling_user_norm,0.039015899188163
LightGBM,UCI Electricity,lightgbm_quantile__c80__h6,0.8,6.0,2014-01,0,Ex-post best fixed,rolling_user_norm,0.039015899188163
LightGBM,UCI Electricity,lightgbm_quantile__c80__h6,0.8,6.0,2014-01,0,Month-wise oracle,rolling_user_norm,0.039015899188163
LightGBM,UCI Electricity,lightgbm_quantile__c80__h6,0.8,6.0,2014-02,1,CSGR,rolling_user_norm,0.0363778448234922
LightGBM,UCI Electricity,lightgbm_quantile__c80__h6,0.8,6.0,2014-02,1,Mean-fold minimum,rolling_user_norm,0.0363778448234922
LightGBM,UCI Electricity,lightgbm_quantile__c80__h6,0.8,6.0,2014-02,1,Latest-fold minimum,rolling_user_norm,0.0363778448234922
LightGBM,UCI Electricity,lightgbm_quantile__c80__h6,0.8,6.0,2014-02,1,Previous-window winner,rolling_user_norm,0.0363778448234922
LightGBM,UCI Electricity,lightgbm_quantile__c80__h6,0.8,6.0,2014-02,1,Follow-the-leader,rolling_user_norm,0.0363778448234922
LightGBM,UCI Electricity,lightgbm_quantile__c80__h6,0.8,6.0,2014-02,1,Global-CQR,rolling_global_norm,0.0653671918904893
LightGBM,UCI Electricity,lightgbm_quantile__c80__h6,0.8,6.0,2014-02,1,Segment-CQR,rolling_group_norm,0.0528058463597571
LightGBM,UCI Electricity,lightgbm_quantile__c80__h6,0.8,6.0,2014-02,1,User-CQR,rolling_user_norm,0.0363778448234922
LightGBM,UCI Electricity,lightgbm_quantile__c80__h6,0.8,6.0,2014-02,1,Ex-post best fixed,rolling_user_norm,0.0363778448234922
LightGBM,UCI Electricity,lightgbm_quantile__c80__h6,0.8,6.0,2014-02,1,Month-wise oracle,rolling_user_norm,0.0363778448234922
LightGBM,UCI Electricity,lightgbm_quantile__c80__h6,0.8,6.0,2014-03,2,CSGR,rolling_user_norm,0.0522396593644829
LightGBM,UCI Electricity,lightgbm_quantile__c80__h6,0.8,6.0,2014-03,2,Mean-fold minimum,rolling_user_norm,0.0522396593644829
LightGBM,UCI Electricity,lightgbm_quantile__c80__h6,0.8,6.0,2014-03,2,Latest-fold minimum,rolling_user_norm,0.0522396593644829
LightGBM,UCI Electricity,lightgbm_quantile__c80__h6,0.8,6.0,2014-03,2,Previous-window winner,rolling_user_norm,0.0522396593644829
LightGBM,UCI Electricity,lightgbm_quantile__c80__h6,0.8,6.0,2014-03,2,Follow-the-leader,rolling_user_norm,0.0522396593644829
LightGBM,UCI Electricity,lightgbm_quantile__c80__h6,0.8,6.0,2014-03,2,Global-CQR,rolling_global_norm,0.0609905072521997
LightGBM,UCI Electricity,lightgbm_quantile__c80__h6,0.8,6.0,2014-03,2,Segment-CQR,rolling_group_norm,0.0554915929972513
LightGBM,UCI Electricity,lightgbm_quantile__c80__h6,0.8,6.0,2014-03,2,User-CQR,rolling_user_norm,0.0522396593644829
LightGBM,UCI Electricity,lightgbm_quantile__c80__h6,0.8,6.0,2014-03,2,Ex-post best fixed,rolling_user_norm,0.0522396593644829
LightGBM,UCI Electricity,lightgbm_quantile__c80__h6,0.8,6.0,2014-03,2,Month-wise oracle,rolling_user_norm,0.0522396593644829
LightGBM,UCI Electricity,lightgbm_quantile__c80__h6,0.8,6.0,2014-04,3,CSGR,rolling_user_norm,0.037273352001705
LightGBM,UCI Electricity,lightgbm_quantile__c80__h6,0.8,6.0,2014-04,3,Mean-fold minimum,rolling_user_norm,0.037273352001705
LightGBM,UCI Electricity,lightgbm_quantile__c80__h6,0.8,6.0,2014-04,3,Latest-fold minimum,rolling_user_norm,0.037273352001705
LightGBM,UCI Electricity,lightgbm_quantile__c80__h6,0.8,6.0,2014-04,3,Previous-window winner,rolling_user_norm,0.037273352001705
LightGBM,UCI Electricity,lightgbm_quantile__c80__h6,0.8,6.0,2014-04,3,Follow-the-leader,rolling_user_norm,0.037273352001705
LightGBM,UCI Electricity,lightgbm_quantile__c80__h6,0.8,6.0,2014-04,3,Global-CQR,rolling_global_norm,0.0683781962877471
LightGBM,UCI Electricity,lightgbm_quantile__c80__h6,0.8,6.0,2014-04,3,Segment-CQR,rolling_group_norm,0.0484779689001699
LightGBM,UCI Electricity,lightgbm_quantile__c80__h6,0.8,6.0,2014-04,3,User-CQR,rolling_user_norm,0.037273352001705
LightGBM,UCI Electricity,lightgbm_quantile__c80__h6,0.8,6.0,2014-04,3,Ex-post best fixed,rolling_user_norm,0.037273352001705
LightGBM,UCI Electricity,lightgbm_quantile__c80__h6,0.8,6.0,2014-04,3,Month-wise oracle,rolling_user_norm,0.037273352001705
LightGBM,UCI Electricity,lightgbm_quantile__c80__h6,0.8,6.0,2014-05,4,CSGR,rolling_user_norm,0.0311145306246779
LightGBM,UCI Electricity,lightgbm_quantile__c80__h6,0.8,6.0,2014-05,4,Mean-fold minimum,rolling_user_norm,0.0311145306246779
LightGBM,UCI Electricity,lightgbm_quantile__c80__h6,0.8,6.0,2014-05,4,Latest-fold minimum,rolling_user_norm,0.0311145306246779
LightGBM,UCI Electricity,lightgbm_quantile__c80__h6,0.8,6.0,2014-05,4,Previous-window winner,rolling_user_norm,0.0311145306246779
LightGBM,UCI Electricity,lightgbm_quantile__c80__h6,0.8,6.0,2014-05,4,Follow-the-leader,rolling_user_norm,0.0311145306246779
LightGBM,UCI Electricity,lightgbm_quantile__c80__h6,0.8,6.0,2014-05,4,Global-CQR,rolling_global_norm,0.0652033123730824
LightGBM,UCI Electricity,lightgbm_quantile__c80__h6,0.8,6.0,2014-05,4,Segment-CQR,rolling_group_norm,0.0432219154148633
LightGBM,UCI Electricity,lightgbm_quantile__c80__h6,0.8,6.0,2014-05,4,User-CQR,rolling_user_norm,0.0311145306246779
LightGBM,UCI Electricity,lightgbm_quantile__c80__h6,0.8,6.0,2014-05,4,Ex-post best fixed,rolling_user_norm,0.0311145306246779
LightGBM,UCI Electricity,lightgbm_quantile__c80__h6,0.8,6.0,2014-05,4,Month-wise oracle,rolling_user_norm,0.0311145306246779
LightGBM,UCI Electricity,lightgbm_quantile__c80__h6,0.8,6.0,2014-06,5,CSGR,rolling_user_norm,0.0310411174204681
LightGBM,UCI Electricity,lightgbm_quantile__c80__h6,0.8,6.0,2014-06,5,Mean-fold minimum,rolling_user_norm,0.0310411174204681
LightGBM,UCI Electricity,lightgbm_quantile__c80__h6,0.8,6.0,2014-06,5,Latest-fold minimum,rolling_user_norm,0.0310411174204681
LightGBM,UCI Electricity,lightgbm_quantile__c80__h6,0.8,6.0,2014-06,5,Previous-window winner,rolling_user_norm,0.0310411174204681
LightGBM,UCI Electricity,lightgbm_quantile__c80__h6,0.8,6.0,2014-06,5,Follow-the-leader,rolling_user_norm,0.0310411174204681
LightGBM,UCI Electricity,lightgbm_quantile__c80__h6,0.8,6.0,2014-06,5,Global-CQR,rolling_global_norm,0.0691871958949757
LightGBM,UCI Electricity,lightgbm_quantile__c80__h6,0.8,6.0,2014-06,5,Segment-CQR,rolling_group_norm,0.0516887383822867
LightGBM,UCI Electricity,lightgbm_quantile__c80__h6,0.8,6.0,2014-06,5,User-CQR,rolling_user_norm,0.0310411174204681
LightGBM,UCI Electricity,lightgbm_quantile__c80__h6,0.8,6.0,2014-06,5,Ex-post best fixed,rolling_user_norm,0.0310411174204681
LightGBM,UCI Electricity,lightgbm_quantile__c80__h6,0.8,6.0,2014-06,5,Month-wise oracle,rolling_user_norm,0.0310411174204681
LightGBM,UCI Electricity,lightgbm_quantile__c80__h6,0.8,6.0,2014-07,6,CSGR,rolling_user_norm,0.0421751418278189
LightGBM,UCI Electricity,lightgbm_quantile__c80__h6,0.8,6.0,2014-07,6,Mean-fold minimum,rolling_user_norm,0.0421751418278189
LightGBM,UCI Electricity,lightgbm_quantile__c80__h6,0.8,6.0,2014-07,6,Latest-fold minimum,rolling_user_norm,0.0421751418278189
LightGBM,UCI Electricity,lightgbm_quantile__c80__h6,0.8,6.0,2014-07,6,Previous-window winner,rolling_user_norm,0.0421751418278189
LightGBM,UCI Electricity,lightgbm_quantile__c80__h6,0.8,6.0,2014-07,6,Follow-the-leader,rolling_user_norm,0.0421751418278189
LightGBM,UCI Electricity,lightgbm_quantile__c80__h6,0.8,6.0,2014-07,6,Global-CQR,rolling_global_norm,0.0671085571019315
LightGBM,UCI Electricity,lightgbm_quantile__c80__h6,0.8,6.0,2014-07,6,Segment-CQR,rolling_group_norm,0.0546186376163807
LightGBM,UCI Electricity,lightgbm_quantile__c80__h6,0.8,6.0,2014-07,6,User-CQR,rolling_user_norm,0.0421751418278189
LightGBM,UCI Electricity,lightgbm_quantile__c80__h6,0.8,6.0,2014-07,6,Ex-post best fixed,rolling_user_norm,0.0421751418278189
LightGBM,UCI Electricity,lightgbm_quantile__c80__h6,0.8,6.0,2014-07,6,Month-wise oracle,rolling_user_norm,0.0421751418278189
LightGBM,UCI Electricity,lightgbm_quantile__c80__h6,0.8,6.0,2014-08,7,CSGR,rolling_user_norm,0.0301179001911951
LightGBM,UCI Electricity,lightgbm_quantile__c80__h6,0.8,6.0,2014-08,7,Mean-fold minimum,rolling_user_norm,0.0301179001911951
LightGBM,UCI Electricity,lightgbm_quantile__c80__h6,0.8,6.0,2014-08,7,Latest-fold minimum,rolling_user_norm,0.0301179001911951
LightGBM,UCI Electricity,lightgbm_quantile__c80__h6,0.8,6.0,2014-08,7,Previous-window winner,rolling_user_norm,0.0301179001911951
LightGBM,UCI Electricity,lightgbm_quantile__c80__h6,0.8,6.0,2014-08,7,Follow-the-leader,rolling_user_norm,0.0301179001911951
LightGBM,UCI Electricity,lightgbm_quantile__c80__h6,0.8,6.0,2014-08,7,Global-CQR,rolling_global_norm,0.0684499068842105
LightGBM,UCI Electricity,lightgbm_quantile__c80__h6,0.8,6.0,2014-08,7,Segment-CQR,rolling_group_norm,0.0459628742181849
LightGBM,UCI Electricity,lightgbm_quantile__c80__h6,0.8,6.0,2014-08,7,User-CQR,rolling_user_norm,0.0301179001911951
LightGBM,UCI Electricity,lightgbm_quantile__c80__h6,0.8,6.0,2014-08,7,Ex-post best fixed,rolling_user_norm,0.0301179001911951
LightGBM,UCI Electricity,lightgbm_quantile__c80__h6,0.8,6.0,2014-08,7,Month-wise oracle,rolling_user_norm,0.0301179001911951
LightGBM,UCI Electricity,lightgbm_quantile__c80__h6,0.8,6.0,2014-09,8,CSGR,rolling_user_norm,0.0345330811807724
LightGBM,UCI Electricity,lightgbm_quantile__c80__h6,0.8,6.0,2014-09,8,Mean-fold minimum,rolling_user_norm,0.0345330811807724
LightGBM,UCI Electricity,lightgbm_quantile__c80__h6,0.8,6.0,2014-09,8,Latest-fold minimum,rolling_user_norm,0.0345330811807724
LightGBM,UCI Electricity,lightgbm_quantile__c80__h6,0.8,6.0,2014-09,8,Previous-window winner,rolling_user_norm,0.0345330811807724
LightGBM,UCI Electricity,lightgbm_quantile__c80__h6,0.8,6.0,2014-09,8,Follow-the-leader,rolling_user_norm,0.0345330811807724
LightGBM,UCI Electricity,lightgbm_quantile__c80__h6,0.8,6.0,2014-09,8,Global-CQR,rolling_global_norm,0.0719661571991043
LightGBM,UCI Electricity,lightgbm_quantile__c80__h6,0.8,6.0,2014-09,8,Segment-CQR,rolling_group_norm,0.045156905490555
LightGBM,UCI Electricity,lightgbm_quantile__c80__h6,0.8,6.0,2014-09,8,User-CQR,rolling_user_norm,0.0345330811807724
LightGBM,UCI Electricity,lightgbm_quantile__c80__h6,0.8,6.0,2014-09,8,Ex-post best fixed,rolling_user_norm,0.0345330811807724
LightGBM,UCI Electricity,lightgbm_quantile__c80__h6,0.8,6.0,2014-09,8,Month-wise oracle,rolling_user_norm,0.0345330811807724
LightGBM,UCI Electricity,lightgbm_quantile__c80__h6,0.8,6.0,2014-10,9,CSGR,rolling_user_norm,0.0579309911404408
LightGBM,UCI Electricity,lightgbm_quantile__c80__h6,0.8,6.0,2014-10,9,Mean-fold minimum,rolling_user_norm,0.0579309911404408
LightGBM,UCI Electricity,lightgbm_quantile__c80__h6,0.8,6.0,2014-10,9,Latest-fold minimum,rolling_user_norm,0.0579309911404408
LightGBM,UCI Electricity,lightgbm_quantile__c80__h6,0.8,6.0,2014-10,9,Previous-window winner,rolling_user_norm,0.0579309911404408
LightGBM,UCI Electricity,lightgbm_quantile__c80__h6,0.8,6.0,2014-10,9,Follow-the-leader,rolling_user_norm,0.0579309911404408
LightGBM,UCI Electricity,lightgbm_quantile__c80__h6,0.8,6.0,2014-10,9,Global-CQR,rolling_global_norm,0.068864258901631
LightGBM,UCI Electricity,lightgbm_quantile__c80__h6,0.8,6.0,2014-10,9,Segment-CQR,rolling_group_norm,0.06273679797687
LightGBM,UCI Electricity,lightgbm_quantile__c80__h6,0.8,6.0,2014-10,9,User-CQR,rolling_user_norm,0.0579309911404408
LightGBM,UCI Electricity,lightgbm_quantile__c80__h6,0.8,6.0,2014-10,9,Ex-post best fixed,rolling_user_norm,0.0579309911404408
LightGBM,UCI Electricity,lightgbm_quantile__c80__h6,0.8,6.0,2014-10,9,Month-wise oracle,rolling_user_norm,0.0579309911404408
LightGBM,UCI Electricity,lightgbm_quantile__c80__h6,0.8,6.0,2014-11,10,CSGR,rolling_user_norm,0.0522592869529352
LightGBM,UCI Electricity,lightgbm_quantile__c80__h6,0.8,6.0,2014-11,10,Mean-fold minimum,rolling_user_norm,0.0522592869529352
LightGBM,UCI Electricity,lightgbm_quantile__c80__h6,0.8,6.0,2014-11,10,Latest-fold minimum,rolling_user_norm,0.0522592869529352
LightGBM,UCI Electricity,lightgbm_quantile__c80__h6,0.8,6.0,2014-11,10,Previous-window winner,rolling_user_norm,0.0522592869529352
LightGBM,UCI Electricity,lightgbm_quantile__c80__h6,0.8,6.0,2014-11,10,Follow-the-leader,rolling_user_norm,0.0522592869529352
LightGBM,UCI Electricity,lightgbm_quantile__c80__h6,0.8,6.0,2014-11,10,Global-CQR,rolling_global_norm,0.0683562607186895
LightGBM,UCI Electricity,lightgbm_quantile__c80__h6,0.8,6.0,2014-11,10,Segment-CQR,rolling_group_norm,0.0583700172459785
LightGBM,UCI Electricity,lightgbm_quantile__c80__h6,0.8,6.0,2014-11,10,User-CQR,rolling_user_norm,0.0522592869529352
LightGBM,UCI Electricity,lightgbm_quantile__c80__h6,0.8,6.0,2014-11,10,Ex-post best fixed,rolling_user_norm,0.0522592869529352
LightGBM,UCI Electricity,lightgbm_quantile__c80__h6,0.8,6.0,2014-11,10,Month-wise oracle,rolling_user_norm,0.0522592869529352
LightGBM,UCI Electricity,lightgbm_quantile__c80__h6,0.8,6.0,2014-12,11,CSGR,rolling_user_norm,0.0780876594844047
LightGBM,UCI Electricity,lightgbm_quantile__c80__h6,0.8,6.0,2014-12,11,Mean-fold minimum,rolling_user_norm,0.0780876594844047
LightGBM,UCI Electricity,lightgbm_quantile__c80__h6,0.8,6.0,2014-12,11,Latest-fold minimum,rolling_user_norm,0.0780876594844047
LightGBM,UCI Electricity,lightgbm_quantile__c80__h6,0.8,6.0,2014-12,11,Previous-window winner,rolling_user_norm,0.0780876594844047
LightGBM,UCI Electricity,lightgbm_quantile__c80__h6,0.8,6.0,2014-12,11,Follow-the-leader,rolling_user_norm,0.0780876594844047
LightGBM,UCI Electricity,lightgbm_quantile__c80__h6,0.8,6.0,2014-12,11,Global-CQR,rolling_global_norm,0.0724794954383079
LightGBM,UCI Electricity,lightgbm_quantile__c80__h6,0.8,6.0,2014-12,11,Segment-CQR,rolling_group_norm,0.083638650574652
LightGBM,UCI Electricity,lightgbm_quantile__c80__h6,0.8,6.0,2014-12,11,User-CQR,rolling_user_norm,0.0780876594844047
LightGBM,UCI Electricity,lightgbm_quantile__c80__h6,0.8,6.0,2014-12,11,Ex-post best fixed,rolling_user_norm,0.0780876594844047
LightGBM,UCI Electricity,lightgbm_quantile__c80__h6,0.8,6.0,2014-12,11,Month-wise oracle,rolling_global_norm,0.0724794954383079
LightGBM,UCI Electricity,lightgbm_quantile__c90__h1,0.9,1.0,2014-01,0,CSGR,rolling_user_norm,0.0130904334156189
LightGBM,UCI Electricity,lightgbm_quantile__c90__h1,0.9,1.0,2014-01,0,Mean-fold minimum,rolling_user_norm,0.0130904334156189
LightGBM,UCI Electricity,lightgbm_quantile__c90__h1,0.9,1.0,2014-01,0,Latest-fold minimum,rolling_user_norm,0.0130904334156189
LightGBM,UCI Electricity,lightgbm_quantile__c90__h1,0.9,1.0,2014-01,0,Previous-window winner,rolling_global_norm,0.0236800351150014
LightGBM,UCI Electricity,lightgbm_quantile__c90__h1,0.9,1.0,2014-01,0,Follow-the-leader,rolling_global_norm,0.0236800351150014
LightGBM,UCI Electricity,lightgbm_quantile__c90__h1,0.9,1.0,2014-01,0,Global-CQR,rolling_global_norm,0.0236800351150014
LightGBM,UCI Electricity,lightgbm_quantile__c90__h1,0.9,1.0,2014-01,0,Segment-CQR,rolling_group_norm,0.0192440402812477
LightGBM,UCI Electricity,lightgbm_quantile__c90__h1,0.9,1.0,2014-01,0,User-CQR,rolling_user_norm,0.0130904334156189
LightGBM,UCI Electricity,lightgbm_quantile__c90__h1,0.9,1.0,2014-01,0,Ex-post best fixed,rolling_user_norm,0.0130904334156189
LightGBM,UCI Electricity,lightgbm_quantile__c90__h1,0.9,1.0,2014-01,0,Month-wise oracle,rolling_user_norm,0.0130904334156189
LightGBM,UCI Electricity,lightgbm_quantile__c90__h1,0.9,1.0,2014-02,1,CSGR,rolling_user_norm,0.0176026398712428
LightGBM,UCI Electricity,lightgbm_quantile__c90__h1,0.9,1.0,2014-02,1,Mean-fold minimum,rolling_user_norm,0.0176026398712428
LightGBM,UCI Electricity,lightgbm_quantile__c90__h1,0.9,1.0,2014-02,1,Latest-fold minimum,rolling_user_norm,0.0176026398712428
LightGBM,UCI Electricity,lightgbm_quantile__c90__h1,0.9,1.0,2014-02,1,Previous-window winner,rolling_user_norm,0.0176026398712428
LightGBM,UCI Electricity,lightgbm_quantile__c90__h1,0.9,1.0,2014-02,1,Follow-the-leader,rolling_user_norm,0.0176026398712428
LightGBM,UCI Electricity,lightgbm_quantile__c90__h1,0.9,1.0,2014-02,1,Global-CQR,rolling_global_norm,0.0261351013902763
LightGBM,UCI Electricity,lightgbm_quantile__c90__h1,0.9,1.0,2014-02,1,Segment-CQR,rolling_group_norm,0.0222886609012402
LightGBM,UCI Electricity,lightgbm_quantile__c90__h1,0.9,1.0,2014-02,1,User-CQR,rolling_user_norm,0.0176026398712428
LightGBM,UCI Electricity,lightgbm_quantile__c90__h1,0.9,1.0,2014-02,1,Ex-post best fixed,rolling_user_norm,0.0176026398712428
LightGBM,UCI Electricity,lightgbm_quantile__c90__h1,0.9,1.0,2014-02,1,Month-wise oracle,rolling_user_norm,0.0176026398712428
LightGBM,UCI Electricity,lightgbm_quantile__c90__h1,0.9,1.0,2014-03,2,CSGR,rolling_user_norm,0.0184837605625022
LightGBM,UCI Electricity,lightgbm_quantile__c90__h1,0.9,1.0,2014-03,2,Mean-fold minimum,rolling_user_norm,0.0184837605625022
LightGBM,UCI Electricity,lightgbm_quantile__c90__h1,0.9,1.0,2014-03,2,Latest-fold minimum,rolling_user_norm,0.0184837605625022
LightGBM,UCI Electricity,lightgbm_quantile__c90__h1,0.9,1.0,2014-03,2,Previous-window winner,rolling_user_norm,0.0184837605625022
LightGBM,UCI Electricity,lightgbm_quantile__c90__h1,0.9,1.0,2014-03,2,Follow-the-leader,rolling_user_norm,0.0184837605625022
LightGBM,UCI Electricity,lightgbm_quantile__c90__h1,0.9,1.0,2014-03,2,Global-CQR,rolling_global_norm,0.0512926446771365
LightGBM,UCI Electricity,lightgbm_quantile__c90__h1,0.9,1.0,2014-03,2,Segment-CQR,rolling_group_norm,0.0206590253841398
LightGBM,UCI Electricity,lightgbm_quantile__c90__h1,0.9,1.0,2014-03,2,User-CQR,rolling_user_norm,0.0184837605625022
LightGBM,UCI Electricity,lightgbm_quantile__c90__h1,0.9,1.0,2014-03,2,Ex-post best fixed,rolling_user_norm,0.0184837605625022
LightGBM,UCI Electricity,lightgbm_quantile__c90__h1,0.9,1.0,2014-03,2,Month-wise oracle,rolling_user_norm,0.0184837605625022
LightGBM,UCI Electricity,lightgbm_quantile__c90__h1,0.9,1.0,2014-04,3,CSGR,rolling_user_norm,0.018189723254825
LightGBM,UCI Electricity,lightgbm_quantile__c90__h1,0.9,1.0,2014-04,3,Mean-fold minimum,rolling_user_norm,0.018189723254825
LightGBM,UCI Electricity,lightgbm_quantile__c90__h1,0.9,1.0,2014-04,3,Latest-fold minimum,rolling_user_norm,0.018189723254825
LightGBM,UCI Electricity,lightgbm_quantile__c90__h1,0.9,1.0,2014-04,3,Previous-window winner,rolling_user_norm,0.018189723254825
LightGBM,UCI Electricity,lightgbm_quantile__c90__h1,0.9,1.0,2014-04,3,Follow-the-leader,rolling_user_norm,0.018189723254825
LightGBM,UCI Electricity,lightgbm_quantile__c90__h1,0.9,1.0,2014-04,3,Global-CQR,rolling_global_norm,0.0438958996397643
LightGBM,UCI Electricity,lightgbm_quantile__c90__h1,0.9,1.0,2014-04,3,Segment-CQR,rolling_group_norm,0.0201480454344742
LightGBM,UCI Electricity,lightgbm_quantile__c90__h1,0.9,1.0,2014-04,3,User-CQR,rolling_user_norm,0.018189723254825
LightGBM,UCI Electricity,lightgbm_quantile__c90__h1,0.9,1.0,2014-04,3,Ex-post best fixed,rolling_user_norm,0.018189723254825
LightGBM,UCI Electricity,lightgbm_quantile__c90__h1,0.9,1.0,2014-04,3,Month-wise oracle,rolling_user_norm,0.018189723254825
LightGBM,UCI Electricity,lightgbm_quantile__c90__h1,0.9,1.0,2014-05,4,CSGR,rolling_user_norm,0.0127498695763764
LightGBM,UCI Electricity,lightgbm_quantile__c90__h1,0.9,1.0,2014-05,4,Mean-fold minimum,rolling_user_norm,0.0127498695763764
LightGBM,UCI Electricity,lightgbm_quantile__c90__h1,0.9,1.0,2014-05,4,Latest-fold minimum,rolling_user_norm,0.0127498695763764
LightGBM,UCI Electricity,lightgbm_quantile__c90__h1,0.9,1.0,2014-05,4,Previous-window winner,rolling_user_norm,0.0127498695763764
LightGBM,UCI Electricity,lightgbm_quantile__c90__h1,0.9,1.0,2014-05,4,Follow-the-leader,rolling_user_norm,0.0127498695763764
LightGBM,UCI Electricity,lightgbm_quantile__c90__h1,0.9,1.0,2014-05,4,Global-CQR,rolling_global_norm,0.024909672973892
LightGBM,UCI Electricity,lightgbm_quantile__c90__h1,0.9,1.0,2014-05,4,Segment-CQR,rolling_group_norm,0.0167193988656375
LightGBM,UCI Electricity,lightgbm_quantile__c90__h1,0.9,1.0,2014-05,4,User-CQR,rolling_user_norm,0.0127498695763764
LightGBM,UCI Electricity,lightgbm_quantile__c90__h1,0.9,1.0,2014-05,4,Ex-post best fixed,rolling_user_norm,0.0127498695763764
LightGBM,UCI Electricity,lightgbm_quantile__c90__h1,0.9,1.0,2014-05,4,Month-wise oracle,rolling_user_norm,0.0127498695763764
LightGBM,UCI Electricity,lightgbm_quantile__c90__h1,0.9,1.0,2014-06,5,CSGR,rolling_user_norm,0.0105788445434388
LightGBM,UCI Electricity,lightgbm_quantile__c90__h1,0.9,1.0,2014-06,5,Mean-fold minimum,rolling_user_norm,0.0105788445434388
LightGBM,UCI Electricity,lightgbm_quantile__c90__h1,0.9,1.0,2014-06,5,Latest-fold minimum,rolling_user_norm,0.0105788445434388
LightGBM,UCI Electricity,lightgbm_quantile__c90__h1,0.9,1.0,2014-06,5,Previous-window winner,rolling_user_norm,0.0105788445434388
LightGBM,UCI Electricity,lightgbm_quantile__c90__h1,0.9,1.0,2014-06,5,Follow-the-leader,rolling_user_norm,0.0105788445434388
LightGBM,UCI Electricity,lightgbm_quantile__c90__h1,0.9,1.0,2014-06,5,Global-CQR,rolling_global_norm,0.0238467716712236
LightGBM,UCI Electricity,lightgbm_quantile__c90__h1,0.9,1.0,2014-06,5,Segment-CQR,rolling_group_norm,0.0163286179098793
LightGBM,UCI Electricity,lightgbm_quantile__c90__h1,0.9,1.0,2014-06,5,User-CQR,rolling_user_norm,0.0105788445434388
LightGBM,UCI Electricity,lightgbm_quantile__c90__h1,0.9,1.0,2014-06,5,Ex-post best fixed,rolling_user_norm,0.0105788445434388
LightGBM,UCI Electricity,lightgbm_quantile__c90__h1,0.9,1.0,2014-06,5,Month-wise oracle,rolling_user_norm,0.0105788445434388
LightGBM,UCI Electricity,lightgbm_quantile__c90__h1,0.9,1.0,2014-07,6,CSGR,rolling_user_norm,0.0122880173796822
LightGBM,UCI Electricity,lightgbm_quantile__c90__h1,0.9,1.0,2014-07,6,Mean-fold minimum,rolling_user_norm,0.0122880173796822
LightGBM,UCI Electricity,lightgbm_quantile__c90__h1,0.9,1.0,2014-07,6,Latest-fold minimum,rolling_user_norm,0.0122880173796822
LightGBM,UCI Electricity,lightgbm_quantile__c90__h1,0.9,1.0,2014-07,6,Previous-window winner,rolling_user_norm,0.0122880173796822
LightGBM,UCI Electricity,lightgbm_quantile__c90__h1,0.9,1.0,2014-07,6,Follow-the-leader,rolling_user_norm,0.0122880173796822
LightGBM,UCI Electricity,lightgbm_quantile__c90__h1,0.9,1.0,2014-07,6,Global-CQR,rolling_global_norm,0.0228904565261782
LightGBM,UCI Electricity,lightgbm_quantile__c90__h1,0.9,1.0,2014-07,6,Segment-CQR,rolling_group_norm,0.0193001302040506
LightGBM,UCI Electricity,lightgbm_quantile__c90__h1,0.9,1.0,2014-07,6,User-CQR,rolling_user_norm,0.0122880173796822
LightGBM,UCI Electricity,lightgbm_quantile__c90__h1,0.9,1.0,2014-07,6,Ex-post best fixed,rolling_user_norm,0.0122880173796822
LightGBM,UCI Electricity,lightgbm_quantile__c90__h1,0.9,1.0,2014-07,6,Month-wise oracle,rolling_user_norm,0.0122880173796822
LightGBM,UCI Electricity,lightgbm_quantile__c90__h1,0.9,1.0,2014-08,7,CSGR,rolling_user_norm,0.0123069798405186
LightGBM,UCI Electricity,lightgbm_quantile__c90__h1,0.9,1.0,2014-08,7,Mean-fold minimum,rolling_user_norm,0.0123069798405186
LightGBM,UCI Electricity,lightgbm_quantile__c90__h1,0.9,1.0,2014-08,7,Latest-fold minimum,rolling_user_norm,0.0123069798405186
LightGBM,UCI Electricity,lightgbm_quantile__c90__h1,0.9,1.0,2014-08,7,Previous-window winner,rolling_user_norm,0.0123069798405186
LightGBM,UCI Electricity,lightgbm_quantile__c90__h1,0.9,1.0,2014-08,7,Follow-the-leader,rolling_user_norm,0.0123069798405186
LightGBM,UCI Electricity,lightgbm_quantile__c90__h1,0.9,1.0,2014-08,7,Global-CQR,rolling_global_norm,0.0240716253380577
LightGBM,UCI Electricity,lightgbm_quantile__c90__h1,0.9,1.0,2014-08,7,Segment-CQR,rolling_group_norm,0.0176941304095821
LightGBM,UCI Electricity,lightgbm_quantile__c90__h1,0.9,1.0,2014-08,7,User-CQR,rolling_user_norm,0.0123069798405186
LightGBM,UCI Electricity,lightgbm_quantile__c90__h1,0.9,1.0,2014-08,7,Ex-post best fixed,rolling_user_norm,0.0123069798405186
LightGBM,UCI Electricity,lightgbm_quantile__c90__h1,0.9,1.0,2014-08,7,Month-wise oracle,rolling_user_norm,0.0123069798405186
LightGBM,UCI Electricity,lightgbm_quantile__c90__h1,0.9,1.0,2014-09,8,CSGR,rolling_user_norm,0.0141621926112033
LightGBM,UCI Electricity,lightgbm_quantile__c90__h1,0.9,1.0,2014-09,8,Mean-fold minimum,rolling_user_norm,0.0141621926112033
LightGBM,UCI Electricity,lightgbm_quantile__c90__h1,0.9,1.0,2014-09,8,Latest-fold minimum,rolling_user_norm,0.0141621926112033
LightGBM,UCI Electricity,lightgbm_quantile__c90__h1,0.9,1.0,2014-09,8,Previous-window winner,rolling_user_norm,0.0141621926112033
LightGBM,UCI Electricity,lightgbm_quantile__c90__h1,0.9,1.0,2014-09,8,Follow-the-leader,rolling_user_norm,0.0141621926112033
LightGBM,UCI Electricity,lightgbm_quantile__c90__h1,0.9,1.0,2014-09,8,Global-CQR,rolling_global_norm,0.0246748884434809
LightGBM,UCI Electricity,lightgbm_quantile__c90__h1,0.9,1.0,2014-09,8,Segment-CQR,rolling_group_norm,0.0182754116221973
LightGBM,UCI Electricity,lightgbm_quantile__c90__h1,0.9,1.0,2014-09,8,User-CQR,rolling_user_norm,0.0141621926112033
LightGBM,UCI Electricity,lightgbm_quantile__c90__h1,0.9,1.0,2014-09,8,Ex-post best fixed,rolling_user_norm,0.0141621926112033
LightGBM,UCI Electricity,lightgbm_quantile__c90__h1,0.9,1.0,2014-09,8,Month-wise oracle,rolling_user_norm,0.0141621926112033
LightGBM,UCI Electricity,lightgbm_quantile__c90__h1,0.9,1.0,2014-10,9,CSGR,rolling_user_norm,0.020949617326669
LightGBM,UCI Electricity,lightgbm_quantile__c90__h1,0.9,1.0,2014-10,9,Mean-fold minimum,rolling_user_norm,0.020949617326669
LightGBM,UCI Electricity,lightgbm_quantile__c90__h1,0.9,1.0,2014-10,9,Latest-fold minimum,rolling_user_norm,0.020949617326669
LightGBM,UCI Electricity,lightgbm_quantile__c90__h1,0.9,1.0,2014-10,9,Previous-window winner,rolling_user_norm,0.020949617326669
LightGBM,UCI Electricity,lightgbm_quantile__c90__h1,0.9,1.0,2014-10,9,Follow-the-leader,rolling_user_norm,0.020949617326669
LightGBM,UCI Electricity,lightgbm_quantile__c90__h1,0.9,1.0,2014-10,9,Global-CQR,rolling_global_norm,0.0231921561524739
LightGBM,UCI Electricity,lightgbm_quantile__c90__h1,0.9,1.0,2014-10,9,Segment-CQR,rolling_group_norm,0.0249261201475644
LightGBM,UCI Electricity,lightgbm_quantile__c90__h1,0.9,1.0,2014-10,9,User-CQR,rolling_user_norm,0.020949617326669
LightGBM,UCI Electricity,lightgbm_quantile__c90__h1,0.9,1.0,2014-10,9,Ex-post best fixed,rolling_user_norm,0.020949617326669
LightGBM,UCI Electricity,lightgbm_quantile__c90__h1,0.9,1.0,2014-10,9,Month-wise oracle,rolling_user_norm,0.020949617326669
LightGBM,UCI Electricity,lightgbm_quantile__c90__h1,0.9,1.0,2014-11,10,CSGR,rolling_user_norm,0.0174096536876383
LightGBM,UCI Electricity,lightgbm_quantile__c90__h1,0.9,1.0,2014-11,10,Mean-fold minimum,rolling_user_norm,0.0174096536876383
LightGBM,UCI Electricity,lightgbm_quantile__c90__h1,0.9,1.0,2014-11,10,Latest-fold minimum,rolling_user_norm,0.0174096536876383
LightGBM,UCI Electricity,lightgbm_quantile__c90__h1,0.9,1.0,2014-11,10,Previous-window winner,rolling_user_norm,0.0174096536876383
LightGBM,UCI Electricity,lightgbm_quantile__c90__h1,0.9,1.0,2014-11,10,Follow-the-leader,rolling_user_norm,0.0174096536876383
LightGBM,UCI Electricity,lightgbm_quantile__c90__h1,0.9,1.0,2014-11,10,Global-CQR,rolling_global_norm,0.0265062571899671
LightGBM,UCI Electricity,lightgbm_quantile__c90__h1,0.9,1.0,2014-11,10,Segment-CQR,rolling_group_norm,0.0208267923569623
LightGBM,UCI Electricity,lightgbm_quantile__c90__h1,0.9,1.0,2014-11,10,User-CQR,rolling_user_norm,0.0174096536876383
LightGBM,UCI Electricity,lightgbm_quantile__c90__h1,0.9,1.0,2014-11,10,Ex-post best fixed,rolling_user_norm,0.0174096536876383
LightGBM,UCI Electricity,lightgbm_quantile__c90__h1,0.9,1.0,2014-11,10,Month-wise oracle,rolling_user_norm,0.0174096536876383
LightGBM,UCI Electricity,lightgbm_quantile__c90__h1,0.9,1.0,2014-12,11,CSGR,rolling_user_norm,0.0263399590809691
LightGBM,UCI Electricity,lightgbm_quantile__c90__h1,0.9,1.0,2014-12,11,Mean-fold minimum,rolling_user_norm,0.0263399590809691
LightGBM,UCI Electricity,lightgbm_quantile__c90__h1,0.9,1.0,2014-12,11,Latest-fold minimum,rolling_user_norm,0.0263399590809691
LightGBM,UCI Electricity,lightgbm_quantile__c90__h1,0.9,1.0,2014-12,11,Previous-window winner,rolling_user_norm,0.0263399590809691
LightGBM,UCI Electricity,lightgbm_quantile__c90__h1,0.9,1.0,2014-12,11,Follow-the-leader,rolling_user_norm,0.0263399590809691
LightGBM,UCI Electricity,lightgbm_quantile__c90__h1,0.9,1.0,2014-12,11,Global-CQR,rolling_global_norm,0.0479319161601105
LightGBM,UCI Electricity,lightgbm_quantile__c90__h1,0.9,1.0,2014-12,11,Segment-CQR,rolling_group_norm,0.0281204136690087
LightGBM,UCI Electricity,lightgbm_quantile__c90__h1,0.9,1.0,2014-12,11,User-CQR,rolling_user_norm,0.0263399590809691
LightGBM,UCI Electricity,lightgbm_quantile__c90__h1,0.9,1.0,2014-12,11,Ex-post best fixed,rolling_user_norm,0.0263399590809691
LightGBM,UCI Electricity,lightgbm_quantile__c90__h1,0.9,1.0,2014-12,11,Month-wise oracle,rolling_user_norm,0.0263399590809691
LightGBM,UCI Electricity,lightgbm_quantile__c90__h6,0.9,6.0,2014-01,0,CSGR,rolling_global_norm,0.0367305916053621
LightGBM,UCI Electricity,lightgbm_quantile__c90__h6,0.9,6.0,2014-01,0,Mean-fold minimum,rolling_user_norm,0.022502860572065
LightGBM,UCI Electricity,lightgbm_quantile__c90__h6,0.9,6.0,2014-01,0,Latest-fold minimum,rolling_global_norm,0.0367305916053621
LightGBM,UCI Electricity,lightgbm_quantile__c90__h6,0.9,6.0,2014-01,0,Previous-window winner,rolling_global_norm,0.0367305916053621
LightGBM,UCI Electricity,lightgbm_quantile__c90__h6,0.9,6.0,2014-01,0,Follow-the-leader,rolling_global_norm,0.0367305916053621
LightGBM,UCI Electricity,lightgbm_quantile__c90__h6,0.9,6.0,2014-01,0,Global-CQR,rolling_global_norm,0.0367305916053621
LightGBM,UCI Electricity,lightgbm_quantile__c90__h6,0.9,6.0,2014-01,0,Segment-CQR,rolling_group_norm,0.031457493537562
LightGBM,UCI Electricity,lightgbm_quantile__c90__h6,0.9,6.0,2014-01,0,User-CQR,rolling_user_norm,0.022502860572065
LightGBM,UCI Electricity,lightgbm_quantile__c90__h6,0.9,6.0,2014-01,0,Ex-post best fixed,rolling_user_norm,0.022502860572065
LightGBM,UCI Electricity,lightgbm_quantile__c90__h6,0.9,6.0,2014-01,0,Month-wise oracle,rolling_user_norm,0.022502860572065
LightGBM,UCI Electricity,lightgbm_quantile__c90__h6,0.9,6.0,2014-02,1,CSGR,rolling_user_norm,0.0265581641218313
LightGBM,UCI Electricity,lightgbm_quantile__c90__h6,0.9,6.0,2014-02,1,Mean-fold minimum,rolling_user_norm,0.0265581641218313
LightGBM,UCI Electricity,lightgbm_quantile__c90__h6,0.9,6.0,2014-02,1,Latest-fold minimum,rolling_user_norm,0.0265581641218313
LightGBM,UCI Electricity,lightgbm_quantile__c90__h6,0.9,6.0,2014-02,1,Previous-window winner,rolling_user_norm,0.0265581641218313
LightGBM,UCI Electricity,lightgbm_quantile__c90__h6,0.9,6.0,2014-02,1,Follow-the-leader,rolling_user_norm,0.0265581641218313
LightGBM,UCI Electricity,lightgbm_quantile__c90__h6,0.9,6.0,2014-02,1,Global-CQR,rolling_global_norm,0.0394264009855407
LightGBM,UCI Electricity,lightgbm_quantile__c90__h6,0.9,6.0,2014-02,1,Segment-CQR,rolling_group_norm,0.0375234182322467
LightGBM,UCI Electricity,lightgbm_quantile__c90__h6,0.9,6.0,2014-02,1,User-CQR,rolling_user_norm,0.0265581641218313
LightGBM,UCI Electricity,lightgbm_quantile__c90__h6,0.9,6.0,2014-02,1,Ex-post best fixed,rolling_user_norm,0.0265581641218313
LightGBM,UCI Electricity,lightgbm_quantile__c90__h6,0.9,6.0,2014-02,1,Month-wise oracle,rolling_user_norm,0.0265581641218313
LightGBM,UCI Electricity,lightgbm_quantile__c90__h6,0.9,6.0,2014-03,2,CSGR,rolling_user_norm,0.0374918404157327
LightGBM,UCI Electricity,lightgbm_quantile__c90__h6,0.9,6.0,2014-03,2,Mean-fold minimum,rolling_user_norm,0.0374918404157327
LightGBM,UCI Electricity,lightgbm_quantile__c90__h6,0.9,6.0,2014-03,2,Latest-fold minimum,rolling_user_norm,0.0374918404157327
LightGBM,UCI Electricity,lightgbm_quantile__c90__h6,0.9,6.0,2014-03,2,Previous-window winner,rolling_user_norm,0.0374918404157327
LightGBM,UCI Electricity,lightgbm_quantile__c90__h6,0.9,6.0,2014-03,2,Follow-the-leader,rolling_user_norm,0.0374918404157327
LightGBM,UCI Electricity,lightgbm_quantile__c90__h6,0.9,6.0,2014-03,2,Global-CQR,rolling_global_norm,0.0404883434069815
LightGBM,UCI Electricity,lightgbm_quantile__c90__h6,0.9,6.0,2014-03,2,Segment-CQR,rolling_group_norm,0.0363814996296162
LightGBM,UCI Electricity,lightgbm_quantile__c90__h6,0.9,6.0,2014-03,2,User-CQR,rolling_user_norm,0.0374918404157327
LightGBM,UCI Electricity,lightgbm_quantile__c90__h6,0.9,6.0,2014-03,2,Ex-post best fixed,rolling_user_norm,0.0374918404157327
LightGBM,UCI Electricity,lightgbm_quantile__c90__h6,0.9,6.0,2014-03,2,Month-wise oracle,rolling_group_norm,0.0363814996296162
LightGBM,UCI Electricity,lightgbm_quantile__c90__h6,0.9,6.0,2014-04,3,CSGR,rolling_user_norm,0.0299552302785599
LightGBM,UCI Electricity,lightgbm_quantile__c90__h6,0.9,6.0,2014-04,3,Mean-fold minimum,rolling_user_norm,0.0299552302785599
LightGBM,UCI Electricity,lightgbm_quantile__c90__h6,0.9,6.0,2014-04,3,Latest-fold minimum,rolling_user_norm,0.0299552302785599
LightGBM,UCI Electricity,lightgbm_quantile__c90__h6,0.9,6.0,2014-04,3,Previous-window winner,rolling_group_norm,0.027191274719488
LightGBM,UCI Electricity,lightgbm_quantile__c90__h6,0.9,6.0,2014-04,3,Follow-the-leader,rolling_user_norm,0.0299552302785599
LightGBM,UCI Electricity,lightgbm_quantile__c90__h6,0.9,6.0,2014-04,3,Global-CQR,rolling_global_norm,0.0406357633745362
LightGBM,UCI Electricity,lightgbm_quantile__c90__h6,0.9,6.0,2014-04,3,Segment-CQR,rolling_group_norm,0.027191274719488
LightGBM,UCI Electricity,lightgbm_quantile__c90__h6,0.9,6.0,2014-04,3,User-CQR,rolling_user_norm,0.0299552302785599
LightGBM,UCI Electricity,lightgbm_quantile__c90__h6,0.9,6.0,2014-04,3,Ex-post best fixed,rolling_user_norm,0.0299552302785599
LightGBM,UCI Electricity,lightgbm_quantile__c90__h6,0.9,6.0,2014-04,3,Month-wise oracle,rolling_group_norm,0.027191274719488
LightGBM,UCI Electricity,lightgbm_quantile__c90__h6,0.9,6.0,2014-05,4,CSGR,rolling_user_norm,0.0227409523742245
LightGBM,UCI Electricity,lightgbm_quantile__c90__h6,0.9,6.0,2014-05,4,Mean-fold minimum,rolling_user_norm,0.0227409523742245
LightGBM,UCI Electricity,lightgbm_quantile__c90__h6,0.9,6.0,2014-05,4,Latest-fold minimum,rolling_user_norm,0.0227409523742245
LightGBM,UCI Electricity,lightgbm_quantile__c90__h6,0.9,6.0,2014-05,4,Previous-window winner,rolling_group_norm,0.0309747164214338
LightGBM,UCI Electricity,lightgbm_quantile__c90__h6,0.9,6.0,2014-05,4,Follow-the-leader,rolling_user_norm,0.0227409523742245
LightGBM,UCI Electricity,lightgbm_quantile__c90__h6,0.9,6.0,2014-05,4,Global-CQR,rolling_global_norm,0.0397573257121731
LightGBM,UCI Electricity,lightgbm_quantile__c90__h6,0.9,6.0,2014-05,4,Segment-CQR,rolling_group_norm,0.0309747164214338
LightGBM,UCI Electricity,lightgbm_quantile__c90__h6,0.9,6.0,2014-05,4,User-CQR,rolling_user_norm,0.0227409523742245
LightGBM,UCI Electricity,lightgbm_quantile__c90__h6,0.9,6.0,2014-05,4,Ex-post best fixed,rolling_user_norm,0.0227409523742245
LightGBM,UCI Electricity,lightgbm_quantile__c90__h6,0.9,6.0,2014-05,4,Month-wise oracle,rolling_user_norm,0.0227409523742245
LightGBM,UCI Electricity,lightgbm_quantile__c90__h6,0.9,6.0,2014-06,5,CSGR,rolling_user_norm,0.0211500752484972
LightGBM,UCI Electricity,lightgbm_quantile__c90__h6,0.9,6.0,2014-06,5,Mean-fold minimum,rolling_user_norm,0.0211500752484972
LightGBM,UCI Electricity,lightgbm_quantile__c90__h6,0.9,6.0,2014-06,5,Latest-fold minimum,rolling_user_norm,0.0211500752484972
LightGBM,UCI Electricity,lightgbm_quantile__c90__h6,0.9,6.0,2014-06,5,Previous-window winner,rolling_user_norm,0.0211500752484972
LightGBM,UCI Electricity,lightgbm_quantile__c90__h6,0.9,6.0,2014-06,5,Follow-the-leader,rolling_user_norm,0.0211500752484972
LightGBM,UCI Electricity,lightgbm_quantile__c90__h6,0.9,6.0,2014-06,5,Global-CQR,rolling_global_norm,0.0423188329198016
LightGBM,UCI Electricity,lightgbm_quantile__c90__h6,0.9,6.0,2014-06,5,Segment-CQR,rolling_group_norm,0.0333895265159621
LightGBM,UCI Electricity,lightgbm_quantile__c90__h6,0.9,6.0,2014-06,5,User-CQR,rolling_user_norm,0.0211500752484972
LightGBM,UCI Electricity,lightgbm_quantile__c90__h6,0.9,6.0,2014-06,5,Ex-post best fixed,rolling_user_norm,0.0211500752484972
LightGBM,UCI Electricity,lightgbm_quantile__c90__h6,0.9,6.0,2014-06,5,Month-wise oracle,rolling_user_norm,0.0211500752484972
LightGBM,UCI Electricity,lightgbm_quantile__c90__h6,0.9,6.0,2014-07,6,CSGR,rolling_user_norm,0.0312773353784368
LightGBM,UCI Electricity,lightgbm_quantile__c90__h6,0.9,6.0,2014-07,6,Mean-fold minimum,rolling_user_norm,0.0312773353784368
LightGBM,UCI Electricity,lightgbm_quantile__c90__h6,0.9,6.0,2014-07,6,Latest-fold minimum,rolling_user_norm,0.0312773353784368
LightGBM,UCI Electricity,lightgbm_quantile__c90__h6,0.9,6.0,2014-07,6,Previous-window winner,rolling_user_norm,0.0312773353784368
LightGBM,UCI Electricity,lightgbm_quantile__c90__h6,0.9,6.0,2014-07,6,Follow-the-leader,rolling_user_norm,0.0312773353784368
LightGBM,UCI Electricity,lightgbm_quantile__c90__h6,0.9,6.0,2014-07,6,Global-CQR,rolling_global_norm,0.0510828867163498
LightGBM,UCI Electricity,lightgbm_quantile__c90__h6,0.9,6.0,2014-07,6,Segment-CQR,rolling_group_norm,0.0398947476631278
LightGBM,UCI Electricity,lightgbm_quantile__c90__h6,0.9,6.0,2014-07,6,User-CQR,rolling_user_norm,0.0312773353784368
LightGBM,UCI Electricity,lightgbm_quantile__c90__h6,0.9,6.0,2014-07,6,Ex-post best fixed,rolling_user_norm,0.0312773353784368
LightGBM,UCI Electricity,lightgbm_quantile__c90__h6,0.9,6.0,2014-07,6,Month-wise oracle,rolling_user_norm,0.0312773353784368
LightGBM,UCI Electricity,lightgbm_quantile__c90__h6,0.9,6.0,2014-08,7,CSGR,rolling_user_norm,0.0231745511257922
LightGBM,UCI Electricity,lightgbm_quantile__c90__h6,0.9,6.0,2014-08,7,Mean-fold minimum,rolling_user_norm,0.0231745511257922
LightGBM,UCI Electricity,lightgbm_quantile__c90__h6,0.9,6.0,2014-08,7,Latest-fold minimum,rolling_user_norm,0.0231745511257922
LightGBM,UCI Electricity,lightgbm_quantile__c90__h6,0.9,6.0,2014-08,7,Previous-window winner,rolling_user_norm,0.0231745511257922
LightGBM,UCI Electricity,lightgbm_quantile__c90__h6,0.9,6.0,2014-08,7,Follow-the-leader,rolling_user_norm,0.0231745511257922
LightGBM,UCI Electricity,lightgbm_quantile__c90__h6,0.9,6.0,2014-08,7,Global-CQR,rolling_global_norm,0.0502908604869348
LightGBM,UCI Electricity,lightgbm_quantile__c90__h6,0.9,6.0,2014-08,7,Segment-CQR,rolling_group_norm,0.032888494033883
LightGBM,UCI Electricity,lightgbm_quantile__c90__h6,0.9,6.0,2014-08,7,User-CQR,rolling_user_norm,0.0231745511257922
LightGBM,UCI Electricity,lightgbm_quantile__c90__h6,0.9,6.0,2014-08,7,Ex-post best fixed,rolling_user_norm,0.0231745511257922
LightGBM,UCI Electricity,lightgbm_quantile__c90__h6,0.9,6.0,2014-08,7,Month-wise oracle,rolling_user_norm,0.0231745511257922
LightGBM,UCI Electricity,lightgbm_quantile__c90__h6,0.9,6.0,2014-09,8,CSGR,rolling_user_norm,0.0214830632905286
LightGBM,UCI Electricity,lightgbm_quantile__c90__h6,0.9,6.0,2014-09,8,Mean-fold minimum,rolling_user_norm,0.0214830632905286
LightGBM,UCI Electricity,lightgbm_quantile__c90__h6,0.9,6.0,2014-09,8,Latest-fold minimum,rolling_user_norm,0.0214830632905286
LightGBM,UCI Electricity,lightgbm_quantile__c90__h6,0.9,6.0,2014-09,8,Previous-window winner,rolling_user_norm,0.0214830632905286
LightGBM,UCI Electricity,lightgbm_quantile__c90__h6,0.9,6.0,2014-09,8,Follow-the-leader,rolling_user_norm,0.0214830632905286
LightGBM,UCI Electricity,lightgbm_quantile__c90__h6,0.9,6.0,2014-09,8,Global-CQR,rolling_global_norm,0.0516913402187545
LightGBM,UCI Electricity,lightgbm_quantile__c90__h6,0.9,6.0,2014-09,8,Segment-CQR,rolling_group_norm,0.0354369629183774
LightGBM,UCI Electricity,lightgbm_quantile__c90__h6,0.9,6.0,2014-09,8,User-CQR,rolling_user_norm,0.0214830632905286
LightGBM,UCI Electricity,lightgbm_quantile__c90__h6,0.9,6.0,2014-09,8,Ex-post best fixed,rolling_user_norm,0.0214830632905286
LightGBM,UCI Electricity,lightgbm_quantile__c90__h6,0.9,6.0,2014-09,8,Month-wise oracle,rolling_user_norm,0.0214830632905286
LightGBM,UCI Electricity,lightgbm_quantile__c90__h6,0.9,6.0,2014-10,9,CSGR,rolling_user_norm,0.0513326879294414
LightGBM,UCI Electricity,lightgbm_quantile__c90__h6,0.9,6.0,2014-10,9,Mean-fold minimum,rolling_user_norm,0.0513326879294414
LightGBM,UCI Electricity,lightgbm_quantile__c90__h6,0.9,6.0,2014-10,9,Latest-fold minimum,rolling_user_norm,0.0513326879294414
LightGBM,UCI Electricity,lightgbm_quantile__c90__h6,0.9,6.0,2014-10,9,Previous-window winner,rolling_user_norm,0.0513326879294414
LightGBM,UCI Electricity,lightgbm_quantile__c90__h6,0.9,6.0,2014-10,9,Follow-the-leader,rolling_user_norm,0.0513326879294414
LightGBM,UCI Electricity,lightgbm_quantile__c90__h6,0.9,6.0,2014-10,9,Global-CQR,rolling_global_norm,0.0435795434813304
LightGBM,UCI Electricity,lightgbm_quantile__c90__h6,0.9,6.0,2014-10,9,Segment-CQR,rolling_group_norm,0.0528704421748647
LightGBM,UCI Electricity,lightgbm_quantile__c90__h6,0.9,6.0,2014-10,9,User-CQR,rolling_user_norm,0.0513326879294414
LightGBM,UCI Electricity,lightgbm_quantile__c90__h6,0.9,6.0,2014-10,9,Ex-post best fixed,rolling_user_norm,0.0513326879294414
LightGBM,UCI Electricity,lightgbm_quantile__c90__h6,0.9,6.0,2014-10,9,Month-wise oracle,rolling_global_norm,0.0435795434813304
LightGBM,UCI Electricity,lightgbm_quantile__c90__h6,0.9,6.0,2014-11,10,CSGR,rolling_user_norm,0.0369290160886086
LightGBM,UCI Electricity,lightgbm_quantile__c90__h6,0.9,6.0,2014-11,10,Mean-fold minimum,rolling_user_norm,0.0369290160886086
LightGBM,UCI Electricity,lightgbm_quantile__c90__h6,0.9,6.0,2014-11,10,Latest-fold minimum,rolling_user_norm,0.0369290160886086
LightGBM,UCI Electricity,lightgbm_quantile__c90__h6,0.9,6.0,2014-11,10,Previous-window winner,rolling_global_norm,0.0437859786606415
LightGBM,UCI Electricity,lightgbm_quantile__c90__h6,0.9,6.0,2014-11,10,Follow-the-leader,rolling_user_norm,0.0369290160886086
LightGBM,UCI Electricity,lightgbm_quantile__c90__h6,0.9,6.0,2014-11,10,Global-CQR,rolling_global_norm,0.0437859786606415
LightGBM,UCI Electricity,lightgbm_quantile__c90__h6,0.9,6.0,2014-11,10,Segment-CQR,rolling_group_norm,0.0341831376785936
LightGBM,UCI Electricity,lightgbm_quantile__c90__h6,0.9,6.0,2014-11,10,User-CQR,rolling_user_norm,0.0369290160886086
LightGBM,UCI Electricity,lightgbm_quantile__c90__h6,0.9,6.0,2014-11,10,Ex-post best fixed,rolling_user_norm,0.0369290160886086
LightGBM,UCI Electricity,lightgbm_quantile__c90__h6,0.9,6.0,2014-11,10,Month-wise oracle,rolling_group_norm,0.0341831376785936
LightGBM,UCI Electricity,lightgbm_quantile__c90__h6,0.9,6.0,2014-12,11,CSGR,rolling_user_norm,0.0641256937415716
LightGBM,UCI Electricity,lightgbm_quantile__c90__h6,0.9,6.0,2014-12,11,Mean-fold minimum,rolling_user_norm,0.0641256937415716
LightGBM,UCI Electricity,lightgbm_quantile__c90__h6,0.9,6.0,2014-12,11,Latest-fold minimum,rolling_user_norm,0.0641256937415716
LightGBM,UCI Electricity,lightgbm_quantile__c90__h6,0.9,6.0,2014-12,11,Previous-window winner,rolling_group_norm,0.0566000965805305
LightGBM,UCI Electricity,lightgbm_quantile__c90__h6,0.9,6.0,2014-12,11,Follow-the-leader,rolling_user_norm,0.0641256937415716
LightGBM,UCI Electricity,lightgbm_quantile__c90__h6,0.9,6.0,2014-12,11,Global-CQR,rolling_global_norm,0.0628136831238423
LightGBM,UCI Electricity,lightgbm_quantile__c90__h6,0.9,6.0,2014-12,11,Segment-CQR,rolling_group_norm,0.0566000965805305
LightGBM,UCI Electricity,lightgbm_quantile__c90__h6,0.9,6.0,2014-12,11,User-CQR,rolling_user_norm,0.0641256937415716
LightGBM,UCI Electricity,lightgbm_quantile__c90__h6,0.9,6.0,2014-12,11,Ex-post best fixed,rolling_user_norm,0.0641256937415716
LightGBM,UCI Electricity,lightgbm_quantile__c90__h6,0.9,6.0,2014-12,11,Month-wise oracle,rolling_group_norm,0.0566000965805305
Persistence,Ausgrid,persistence_qi__c80__h1,0.8,1.0,2012-07,0,CSGR,rolling_user_norm,0.033106352272049
Persistence,Ausgrid,persistence_qi__c80__h1,0.8,1.0,2012-07,0,Mean-fold minimum,rolling_user_norm,0.033106352272049
Persistence,Ausgrid,persistence_qi__c80__h1,0.8,1.0,2012-07,0,Latest-fold minimum,rolling_user_norm,0.033106352272049
Persistence,Ausgrid,persistence_qi__c80__h1,0.8,1.0,2012-07,0,Previous-window winner,rolling_global_norm,0.0453774719903752
Persistence,Ausgrid,persistence_qi__c80__h1,0.8,1.0,2012-07,0,Follow-the-leader,rolling_global_norm,0.0453774719903752
Persistence,Ausgrid,persistence_qi__c80__h1,0.8,1.0,2012-07,0,Global-CQR,rolling_global_norm,0.0453774719903752
Persistence,Ausgrid,persistence_qi__c80__h1,0.8,1.0,2012-07,0,Segment-CQR,rolling_group_norm,0.0377726451360797
Persistence,Ausgrid,persistence_qi__c80__h1,0.8,1.0,2012-07,0,User-CQR,rolling_user_norm,0.033106352272049
Persistence,Ausgrid,persistence_qi__c80__h1,0.8,1.0,2012-07,0,Ex-post best fixed,rolling_user_norm,0.033106352272049
Persistence,Ausgrid,persistence_qi__c80__h1,0.8,1.0,2012-07,0,Month-wise oracle,rolling_user_norm,0.033106352272049
Persistence,Ausgrid,persistence_qi__c80__h1,0.8,1.0,2012-08,1,CSGR,rolling_user_norm,0.0308421461077491
Persistence,Ausgrid,persistence_qi__c80__h1,0.8,1.0,2012-08,1,Mean-fold minimum,rolling_user_norm,0.0308421461077491
Persistence,Ausgrid,persistence_qi__c80__h1,0.8,1.0,2012-08,1,Latest-fold minimum,rolling_user_norm,0.0308421461077491
Persistence,Ausgrid,persistence_qi__c80__h1,0.8,1.0,2012-08,1,Previous-window winner,rolling_user_norm,0.0308421461077491
Persistence,Ausgrid,persistence_qi__c80__h1,0.8,1.0,2012-08,1,Follow-the-leader,rolling_user_norm,0.0308421461077491
Persistence,Ausgrid,persistence_qi__c80__h1,0.8,1.0,2012-08,1,Global-CQR,rolling_global_norm,0.042177430001533
Persistence,Ausgrid,persistence_qi__c80__h1,0.8,1.0,2012-08,1,Segment-CQR,rolling_group_norm,0.0359243998608917
Persistence,Ausgrid,persistence_qi__c80__h1,0.8,1.0,2012-08,1,User-CQR,rolling_user_norm,0.0308421461077491
Persistence,Ausgrid,persistence_qi__c80__h1,0.8,1.0,2012-08,1,Ex-post best fixed,rolling_user_norm,0.0308421461077491
Persistence,Ausgrid,persistence_qi__c80__h1,0.8,1.0,2012-08,1,Month-wise oracle,rolling_user_norm,0.0308421461077491
Persistence,Ausgrid,persistence_qi__c80__h1,0.8,1.0,2012-09,2,CSGR,rolling_user_norm,0.072706954165661
Persistence,Ausgrid,persistence_qi__c80__h1,0.8,1.0,2012-09,2,Mean-fold minimum,rolling_user_norm,0.072706954165661
Persistence,Ausgrid,persistence_qi__c80__h1,0.8,1.0,2012-09,2,Latest-fold minimum,rolling_global_norm,0.0681897370770073
Persistence,Ausgrid,persistence_qi__c80__h1,0.8,1.0,2012-09,2,Previous-window winner,rolling_user_norm,0.072706954165661
Persistence,Ausgrid,persistence_qi__c80__h1,0.8,1.0,2012-09,2,Follow-the-leader,rolling_user_norm,0.072706954165661
Persistence,Ausgrid,persistence_qi__c80__h1,0.8,1.0,2012-09,2,Global-CQR,rolling_global_norm,0.0681897370770073
Persistence,Ausgrid,persistence_qi__c80__h1,0.8,1.0,2012-09,2,Segment-CQR,rolling_group_norm,0.0751443548148711
Persistence,Ausgrid,persistence_qi__c80__h1,0.8,1.0,2012-09,2,User-CQR,rolling_user_norm,0.072706954165661
Persistence,Ausgrid,persistence_qi__c80__h1,0.8,1.0,2012-09,2,Ex-post best fixed,rolling_user_norm,0.072706954165661
Persistence,Ausgrid,persistence_qi__c80__h1,0.8,1.0,2012-09,2,Month-wise oracle,rolling_global_norm,0.0681897370770073
Persistence,Ausgrid,persistence_qi__c80__h1,0.8,1.0,2012-10,3,CSGR,rolling_global_norm,0.0472236511313808
Persistence,Ausgrid,persistence_qi__c80__h1,0.8,1.0,2012-10,3,Mean-fold minimum,rolling_global_norm,0.0472236511313808
Persistence,Ausgrid,persistence_qi__c80__h1,0.8,1.0,2012-10,3,Latest-fold minimum,rolling_global_norm,0.0472236511313808
Persistence,Ausgrid,persistence_qi__c80__h1,0.8,1.0,2012-10,3,Previous-window winner,rolling_global_norm,0.0472236511313808
Persistence,Ausgrid,persistence_qi__c80__h1,0.8,1.0,2012-10,3,Follow-the-leader,rolling_user_norm,0.0468158373679548
Persistence,Ausgrid,persistence_qi__c80__h1,0.8,1.0,2012-10,3,Global-CQR,rolling_global_norm,0.0472236511313808
Persistence,Ausgrid,persistence_qi__c80__h1,0.8,1.0,2012-10,3,Segment-CQR,rolling_group_norm,0.0475739601835775
Persistence,Ausgrid,persistence_qi__c80__h1,0.8,1.0,2012-10,3,User-CQR,rolling_user_norm,0.0468158373679548
Persistence,Ausgrid,persistence_qi__c80__h1,0.8,1.0,2012-10,3,Ex-post best fixed,rolling_user_norm,0.0468158373679548
Persistence,Ausgrid,persistence_qi__c80__h1,0.8,1.0,2012-10,3,Month-wise oracle,rolling_user_norm,0.0468158373679548
Persistence,Ausgrid,persistence_qi__c80__h1,0.8,1.0,2012-11,4,CSGR,rolling_user_norm,0.0211547120192714
Persistence,Ausgrid,persistence_qi__c80__h1,0.8,1.0,2012-11,4,Mean-fold minimum,rolling_user_norm,0.0211547120192714
Persistence,Ausgrid,persistence_qi__c80__h1,0.8,1.0,2012-11,4,Latest-fold minimum,rolling_user_norm,0.0211547120192714
Persistence,Ausgrid,persistence_qi__c80__h1,0.8,1.0,2012-11,4,Previous-window winner,rolling_user_norm,0.0211547120192714
Persistence,Ausgrid,persistence_qi__c80__h1,0.8,1.0,2012-11,4,Follow-the-leader,rolling_user_norm,0.0211547120192714
Persistence,Ausgrid,persistence_qi__c80__h1,0.8,1.0,2012-11,4,Global-CQR,rolling_global_norm,0.0301260501787171
Persistence,Ausgrid,persistence_qi__c80__h1,0.8,1.0,2012-11,4,Segment-CQR,rolling_group_norm,0.0254990197755143
Persistence,Ausgrid,persistence_qi__c80__h1,0.8,1.0,2012-11,4,User-CQR,rolling_user_norm,0.0211547120192714
Persistence,Ausgrid,persistence_qi__c80__h1,0.8,1.0,2012-11,4,Ex-post best fixed,rolling_user_norm,0.0211547120192714
Persistence,Ausgrid,persistence_qi__c80__h1,0.8,1.0,2012-11,4,Month-wise oracle,rolling_user_norm,0.0211547120192714
Persistence,Ausgrid,persistence_qi__c80__h1,0.8,1.0,2012-12,5,CSGR,rolling_user_norm,0.0269843151320599
Persistence,Ausgrid,persistence_qi__c80__h1,0.8,1.0,2012-12,5,Mean-fold minimum,rolling_user_norm,0.0269843151320599
Persistence,Ausgrid,persistence_qi__c80__h1,0.8,1.0,2012-12,5,Latest-fold minimum,rolling_user_norm,0.0269843151320599
Persistence,Ausgrid,persistence_qi__c80__h1,0.8,1.0,2012-12,5,Previous-window winner,rolling_user_norm,0.0269843151320599
Persistence,Ausgrid,persistence_qi__c80__h1,0.8,1.0,2012-12,5,Follow-the-leader,rolling_user_norm,0.0269843151320599
Persistence,Ausgrid,persistence_qi__c80__h1,0.8,1.0,2012-12,5,Global-CQR,rolling_global_norm,0.0330400935261559
Persistence,Ausgrid,persistence_qi__c80__h1,0.8,1.0,2012-12,5,Segment-CQR,rolling_group_norm,0.0327160991111035
Persistence,Ausgrid,persistence_qi__c80__h1,0.8,1.0,2012-12,5,User-CQR,rolling_user_norm,0.0269843151320599
Persistence,Ausgrid,persistence_qi__c80__h1,0.8,1.0,2012-12,5,Ex-post best fixed,rolling_user_norm,0.0269843151320599
Persistence,Ausgrid,persistence_qi__c80__h1,0.8,1.0,2012-12,5,Month-wise oracle,rolling_user_norm,0.0269843151320599
Persistence,Ausgrid,persistence_qi__c80__h1,0.8,1.0,2013-01,6,CSGR,rolling_user_norm,0.022000713496824
Persistence,Ausgrid,persistence_qi__c80__h1,0.8,1.0,2013-01,6,Mean-fold minimum,rolling_user_norm,0.022000713496824
Persistence,Ausgrid,persistence_qi__c80__h1,0.8,1.0,2013-01,6,Latest-fold minimum,rolling_user_norm,0.022000713496824
Persistence,Ausgrid,persistence_qi__c80__h1,0.8,1.0,2013-01,6,Previous-window winner,rolling_user_norm,0.022000713496824
Persistence,Ausgrid,persistence_qi__c80__h1,0.8,1.0,2013-01,6,Follow-the-leader,rolling_user_norm,0.022000713496824
Persistence,Ausgrid,persistence_qi__c80__h1,0.8,1.0,2013-01,6,Global-CQR,rolling_global_norm,0.0307059834895795
Persistence,Ausgrid,persistence_qi__c80__h1,0.8,1.0,2013-01,6,Segment-CQR,rolling_group_norm,0.0284173049951451
Persistence,Ausgrid,persistence_qi__c80__h1,0.8,1.0,2013-01,6,User-CQR,rolling_user_norm,0.022000713496824
Persistence,Ausgrid,persistence_qi__c80__h1,0.8,1.0,2013-01,6,Ex-post best fixed,rolling_user_norm,0.022000713496824
Persistence,Ausgrid,persistence_qi__c80__h1,0.8,1.0,2013-01,6,Month-wise oracle,rolling_user_norm,0.022000713496824
Persistence,Ausgrid,persistence_qi__c80__h1,0.8,1.0,2013-02,7,CSGR,rolling_user_norm,0.022917854454301
Persistence,Ausgrid,persistence_qi__c80__h1,0.8,1.0,2013-02,7,Mean-fold minimum,rolling_user_norm,0.022917854454301
Persistence,Ausgrid,persistence_qi__c80__h1,0.8,1.0,2013-02,7,Latest-fold minimum,rolling_user_norm,0.022917854454301
Persistence,Ausgrid,persistence_qi__c80__h1,0.8,1.0,2013-02,7,Previous-window winner,rolling_user_norm,0.022917854454301
Persistence,Ausgrid,persistence_qi__c80__h1,0.8,1.0,2013-02,7,Follow-the-leader,rolling_user_norm,0.022917854454301
Persistence,Ausgrid,persistence_qi__c80__h1,0.8,1.0,2013-02,7,Global-CQR,rolling_global_norm,0.0288558305955213
Persistence,Ausgrid,persistence_qi__c80__h1,0.8,1.0,2013-02,7,Segment-CQR,rolling_group_norm,0.0274006804304316
Persistence,Ausgrid,persistence_qi__c80__h1,0.8,1.0,2013-02,7,User-CQR,rolling_user_norm,0.022917854454301
Persistence,Ausgrid,persistence_qi__c80__h1,0.8,1.0,2013-02,7,Ex-post best fixed,rolling_user_norm,0.022917854454301
Persistence,Ausgrid,persistence_qi__c80__h1,0.8,1.0,2013-02,7,Month-wise oracle,rolling_user_norm,0.022917854454301
Persistence,Ausgrid,persistence_qi__c80__h1,0.8,1.0,2013-03,8,CSGR,rolling_user_norm,0.0176594009184811
Persistence,Ausgrid,persistence_qi__c80__h1,0.8,1.0,2013-03,8,Mean-fold minimum,rolling_user_norm,0.0176594009184811
Persistence,Ausgrid,persistence_qi__c80__h1,0.8,1.0,2013-03,8,Latest-fold minimum,rolling_user_norm,0.0176594009184811
Persistence,Ausgrid,persistence_qi__c80__h1,0.8,1.0,2013-03,8,Previous-window winner,rolling_user_norm,0.0176594009184811
Persistence,Ausgrid,persistence_qi__c80__h1,0.8,1.0,2013-03,8,Follow-the-leader,rolling_user_norm,0.0176594009184811
Persistence,Ausgrid,persistence_qi__c80__h1,0.8,1.0,2013-03,8,Global-CQR,rolling_global_norm,0.0302004895963083
Persistence,Ausgrid,persistence_qi__c80__h1,0.8,1.0,2013-03,8,Segment-CQR,rolling_group_norm,0.0272060363520303
Persistence,Ausgrid,persistence_qi__c80__h1,0.8,1.0,2013-03,8,User-CQR,rolling_user_norm,0.0176594009184811
Persistence,Ausgrid,persistence_qi__c80__h1,0.8,1.0,2013-03,8,Ex-post best fixed,rolling_user_norm,0.0176594009184811
Persistence,Ausgrid,persistence_qi__c80__h1,0.8,1.0,2013-03,8,Month-wise oracle,rolling_user_norm,0.0176594009184811
Persistence,Ausgrid,persistence_qi__c80__h1,0.8,1.0,2013-04,9,CSGR,rolling_user_norm,0.0369918879429749
Persistence,Ausgrid,persistence_qi__c80__h1,0.8,1.0,2013-04,9,Mean-fold minimum,rolling_user_norm,0.0369918879429749
Persistence,Ausgrid,persistence_qi__c80__h1,0.8,1.0,2013-04,9,Latest-fold minimum,rolling_user_norm,0.0369918879429749
Persistence,Ausgrid,persistence_qi__c80__h1,0.8,1.0,2013-04,9,Previous-window winner,rolling_user_norm,0.0369918879429749
Persistence,Ausgrid,persistence_qi__c80__h1,0.8,1.0,2013-04,9,Follow-the-leader,rolling_user_norm,0.0369918879429749
Persistence,Ausgrid,persistence_qi__c80__h1,0.8,1.0,2013-04,9,Global-CQR,rolling_global_norm,0.0357091560073539
Persistence,Ausgrid,persistence_qi__c80__h1,0.8,1.0,2013-04,9,Segment-CQR,rolling_group_norm,0.032325818806797
Persistence,Ausgrid,persistence_qi__c80__h1,0.8,1.0,2013-04,9,User-CQR,rolling_user_norm,0.0369918879429749
Persistence,Ausgrid,persistence_qi__c80__h1,0.8,1.0,2013-04,9,Ex-post best fixed,rolling_user_norm,0.0369918879429749
Persistence,Ausgrid,persistence_qi__c80__h1,0.8,1.0,2013-04,9,Month-wise oracle,rolling_group_norm,0.032325818806797
Persistence,Ausgrid,persistence_qi__c80__h1,0.8,1.0,2013-05,10,CSGR,rolling_user_norm,0.058037743725419
Persistence,Ausgrid,persistence_qi__c80__h1,0.8,1.0,2013-05,10,Mean-fold minimum,rolling_user_norm,0.058037743725419
Persistence,Ausgrid,persistence_qi__c80__h1,0.8,1.0,2013-05,10,Latest-fold minimum,rolling_user_norm,0.058037743725419
Persistence,Ausgrid,persistence_qi__c80__h1,0.8,1.0,2013-05,10,Previous-window winner,rolling_group_norm,0.0589782821199371
Persistence,Ausgrid,persistence_qi__c80__h1,0.8,1.0,2013-05,10,Follow-the-leader,rolling_user_norm,0.058037743725419
Persistence,Ausgrid,persistence_qi__c80__h1,0.8,1.0,2013-05,10,Global-CQR,rolling_global_norm,0.0596368810800512
Persistence,Ausgrid,persistence_qi__c80__h1,0.8,1.0,2013-05,10,Segment-CQR,rolling_group_norm,0.0589782821199371
Persistence,Ausgrid,persistence_qi__c80__h1,0.8,1.0,2013-05,10,User-CQR,rolling_user_norm,0.058037743725419
Persistence,Ausgrid,persistence_qi__c80__h1,0.8,1.0,2013-05,10,Ex-post best fixed,rolling_user_norm,0.058037743725419
Persistence,Ausgrid,persistence_qi__c80__h1,0.8,1.0,2013-05,10,Month-wise oracle,rolling_user_norm,0.058037743725419
Persistence,Ausgrid,persistence_qi__c80__h1,0.8,1.0,2013-06,11,CSGR,rolling_user_norm,0.0722387968311881
Persistence,Ausgrid,persistence_qi__c80__h1,0.8,1.0,2013-06,11,Mean-fold minimum,rolling_user_norm,0.0722387968311881
Persistence,Ausgrid,persistence_qi__c80__h1,0.8,1.0,2013-06,11,Latest-fold minimum,rolling_user_norm,0.0722387968311881
Persistence,Ausgrid,persistence_qi__c80__h1,0.8,1.0,2013-06,11,Previous-window winner,rolling_user_norm,0.0722387968311881
Persistence,Ausgrid,persistence_qi__c80__h1,0.8,1.0,2013-06,11,Follow-the-leader,rolling_user_norm,0.0722387968311881
Persistence,Ausgrid,persistence_qi__c80__h1,0.8,1.0,2013-06,11,Global-CQR,rolling_global_norm,0.0761462740912469
Persistence,Ausgrid,persistence_qi__c80__h1,0.8,1.0,2013-06,11,Segment-CQR,rolling_group_norm,0.0757884947932502
Persistence,Ausgrid,persistence_qi__c80__h1,0.8,1.0,2013-06,11,User-CQR,rolling_user_norm,0.0722387968311881
Persistence,Ausgrid,persistence_qi__c80__h1,0.8,1.0,2013-06,11,Ex-post best fixed,rolling_user_norm,0.0722387968311881
Persistence,Ausgrid,persistence_qi__c80__h1,0.8,1.0,2013-06,11,Month-wise oracle,rolling_user_norm,0.0722387968311881
Persistence,Ausgrid,persistence_qi__c80__h6,0.8,6.0,2012-07,0,CSGR,rolling_user_norm,0.0508038911621675
Persistence,Ausgrid,persistence_qi__c80__h6,0.8,6.0,2012-07,0,Mean-fold minimum,rolling_user_norm,0.0508038911621675
Persistence,Ausgrid,persistence_qi__c80__h6,0.8,6.0,2012-07,0,Latest-fold minimum,rolling_user_norm,0.0508038911621675
Persistence,Ausgrid,persistence_qi__c80__h6,0.8,6.0,2012-07,0,Previous-window winner,rolling_global_norm,0.0809124945443757
Persistence,Ausgrid,persistence_qi__c80__h6,0.8,6.0,2012-07,0,Follow-the-leader,rolling_global_norm,0.0809124945443757
Persistence,Ausgrid,persistence_qi__c80__h6,0.8,6.0,2012-07,0,Global-CQR,rolling_global_norm,0.0809124945443757
Persistence,Ausgrid,persistence_qi__c80__h6,0.8,6.0,2012-07,0,Segment-CQR,rolling_group_norm,0.0614977237245387
Persistence,Ausgrid,persistence_qi__c80__h6,0.8,6.0,2012-07,0,User-CQR,rolling_user_norm,0.0508038911621675
Persistence,Ausgrid,persistence_qi__c80__h6,0.8,6.0,2012-07,0,Ex-post best fixed,rolling_user_norm,0.0508038911621675
Persistence,Ausgrid,persistence_qi__c80__h6,0.8,6.0,2012-07,0,Month-wise oracle,rolling_user_norm,0.0508038911621675
Persistence,Ausgrid,persistence_qi__c80__h6,0.8,6.0,2012-08,1,CSGR,rolling_user_norm,0.0400308784249878
Persistence,Ausgrid,persistence_qi__c80__h6,0.8,6.0,2012-08,1,Mean-fold minimum,rolling_user_norm,0.0400308784249878
Persistence,Ausgrid,persistence_qi__c80__h6,0.8,6.0,2012-08,1,Latest-fold minimum,rolling_user_norm,0.0400308784249878
Persistence,Ausgrid,persistence_qi__c80__h6,0.8,6.0,2012-08,1,Previous-window winner,rolling_user_norm,0.0400308784249878
Persistence,Ausgrid,persistence_qi__c80__h6,0.8,6.0,2012-08,1,Follow-the-leader,rolling_user_norm,0.0400308784249878
Persistence,Ausgrid,persistence_qi__c80__h6,0.8,6.0,2012-08,1,Global-CQR,rolling_global_norm,0.0712784834564563
Persistence,Ausgrid,persistence_qi__c80__h6,0.8,6.0,2012-08,1,Segment-CQR,rolling_group_norm,0.0573150676170486
Persistence,Ausgrid,persistence_qi__c80__h6,0.8,6.0,2012-08,1,User-CQR,rolling_user_norm,0.0400308784249878
Persistence,Ausgrid,persistence_qi__c80__h6,0.8,6.0,2012-08,1,Ex-post best fixed,rolling_user_norm,0.0400308784249878
Persistence,Ausgrid,persistence_qi__c80__h6,0.8,6.0,2012-08,1,Month-wise oracle,rolling_user_norm,0.0400308784249878
Persistence,Ausgrid,persistence_qi__c80__h6,0.8,6.0,2012-09,2,CSGR,rolling_user_norm,0.105232218717273
Persistence,Ausgrid,persistence_qi__c80__h6,0.8,6.0,2012-09,2,Mean-fold minimum,rolling_user_norm,0.105232218717273
Persistence,Ausgrid,persistence_qi__c80__h6,0.8,6.0,2012-09,2,Latest-fold minimum,rolling_user_norm,0.105232218717273
Persistence,Ausgrid,persistence_qi__c80__h6,0.8,6.0,2012-09,2,Previous-window winner,rolling_user_norm,0.105232218717273
Persistence,Ausgrid,persistence_qi__c80__h6,0.8,6.0,2012-09,2,Follow-the-leader,rolling_user_norm,0.105232218717273
Persistence,Ausgrid,persistence_qi__c80__h6,0.8,6.0,2012-09,2,Global-CQR,rolling_global_norm,0.1049716839637278
Persistence,Ausgrid,persistence_qi__c80__h6,0.8,6.0,2012-09,2,Segment-CQR,rolling_group_norm,0.1128916807075774
Persistence,Ausgrid,persistence_qi__c80__h6,0.8,6.0,2012-09,2,User-CQR,rolling_user_norm,0.105232218717273
Persistence,Ausgrid,persistence_qi__c80__h6,0.8,6.0,2012-09,2,Ex-post best fixed,rolling_user_norm,0.105232218717273
Persistence,Ausgrid,persistence_qi__c80__h6,0.8,6.0,2012-09,2,Month-wise oracle,rolling_global_norm,0.1049716839637278
Persistence,Ausgrid,persistence_qi__c80__h6,0.8,6.0,2012-10,3,CSGR,rolling_user_norm,0.0757189884694908
Persistence,Ausgrid,persistence_qi__c80__h6,0.8,6.0,2012-10,3,Mean-fold minimum,rolling_user_norm,0.0757189884694908
Persistence,Ausgrid,persistence_qi__c80__h6,0.8,6.0,2012-10,3,Latest-fold minimum,rolling_user_norm,0.0757189884694908
Persistence,Ausgrid,persistence_qi__c80__h6,0.8,6.0,2012-10,3,Previous-window winner,rolling_global_norm,0.0833626429635198
Persistence,Ausgrid,persistence_qi__c80__h6,0.8,6.0,2012-10,3,Follow-the-leader,rolling_user_norm,0.0757189884694908
Persistence,Ausgrid,persistence_qi__c80__h6,0.8,6.0,2012-10,3,Global-CQR,rolling_global_norm,0.0833626429635198
Persistence,Ausgrid,persistence_qi__c80__h6,0.8,6.0,2012-10,3,Segment-CQR,rolling_group_norm,0.0841961403510723
Persistence,Ausgrid,persistence_qi__c80__h6,0.8,6.0,2012-10,3,User-CQR,rolling_user_norm,0.0757189884694908
Persistence,Ausgrid,persistence_qi__c80__h6,0.8,6.0,2012-10,3,Ex-post best fixed,rolling_user_norm,0.0757189884694908
Persistence,Ausgrid,persistence_qi__c80__h6,0.8,6.0,2012-10,3,Month-wise oracle,rolling_user_norm,0.0757189884694908
Persistence,Ausgrid,persistence_qi__c80__h6,0.8,6.0,2012-11,4,CSGR,rolling_user_norm,0.0353626492661678
Persistence,Ausgrid,persistence_qi__c80__h6,0.8,6.0,2012-11,4,Mean-fold minimum,rolling_user_norm,0.0353626492661678
Persistence,Ausgrid,persistence_qi__c80__h6,0.8,6.0,2012-11,4,Latest-fold minimum,rolling_user_norm,0.0353626492661678
Persistence,Ausgrid,persistence_qi__c80__h6,0.8,6.0,2012-11,4,Previous-window winner,rolling_user_norm,0.0353626492661678
Persistence,Ausgrid,persistence_qi__c80__h6,0.8,6.0,2012-11,4,Follow-the-leader,rolling_user_norm,0.0353626492661678
Persistence,Ausgrid,persistence_qi__c80__h6,0.8,6.0,2012-11,4,Global-CQR,rolling_global_norm,0.0540722319913265
Persistence,Ausgrid,persistence_qi__c80__h6,0.8,6.0,2012-11,4,Segment-CQR,rolling_group_norm,0.0451455931761847
Persistence,Ausgrid,persistence_qi__c80__h6,0.8,6.0,2012-11,4,User-CQR,rolling_user_norm,0.0353626492661678
Persistence,Ausgrid,persistence_qi__c80__h6,0.8,6.0,2012-11,4,Ex-post best fixed,rolling_user_norm,0.0353626492661678
Persistence,Ausgrid,persistence_qi__c80__h6,0.8,6.0,2012-11,4,Month-wise oracle,rolling_user_norm,0.0353626492661678
Persistence,Ausgrid,persistence_qi__c80__h6,0.8,6.0,2012-12,5,CSGR,rolling_user_norm,0.0370853483269621
Persistence,Ausgrid,persistence_qi__c80__h6,0.8,6.0,2012-12,5,Mean-fold minimum,rolling_user_norm,0.0370853483269621
Persistence,Ausgrid,persistence_qi__c80__h6,0.8,6.0,2012-12,5,Latest-fold minimum,rolling_user_norm,0.0370853483269621
Persistence,Ausgrid,persistence_qi__c80__h6,0.8,6.0,2012-12,5,Previous-window winner,rolling_user_norm,0.0370853483269621
Persistence,Ausgrid,persistence_qi__c80__h6,0.8,6.0,2012-12,5,Follow-the-leader,rolling_user_norm,0.0370853483269621
Persistence,Ausgrid,persistence_qi__c80__h6,0.8,6.0,2012-12,5,Global-CQR,rolling_global_norm,0.0481523332191376
Persistence,Ausgrid,persistence_qi__c80__h6,0.8,6.0,2012-12,5,Segment-CQR,rolling_group_norm,0.0493727150583977
Persistence,Ausgrid,persistence_qi__c80__h6,0.8,6.0,2012-12,5,User-CQR,rolling_user_norm,0.0370853483269621
Persistence,Ausgrid,persistence_qi__c80__h6,0.8,6.0,2012-12,5,Ex-post best fixed,rolling_user_norm,0.0370853483269621
Persistence,Ausgrid,persistence_qi__c80__h6,0.8,6.0,2012-12,5,Month-wise oracle,rolling_user_norm,0.0370853483269621
Persistence,Ausgrid,persistence_qi__c80__h6,0.8,6.0,2013-01,6,CSGR,rolling_user_norm,0.0446258479378662
Persistence,Ausgrid,persistence_qi__c80__h6,0.8,6.0,2013-01,6,Mean-fold minimum,rolling_user_norm,0.0446258479378662
Persistence,Ausgrid,persistence_qi__c80__h6,0.8,6.0,2013-01,6,Latest-fold minimum,rolling_user_norm,0.0446258479378662
Persistence,Ausgrid,persistence_qi__c80__h6,0.8,6.0,2013-01,6,Previous-window winner,rolling_user_norm,0.0446258479378662
Persistence,Ausgrid,persistence_qi__c80__h6,0.8,6.0,2013-01,6,Follow-the-leader,rolling_user_norm,0.0446258479378662
Persistence,Ausgrid,persistence_qi__c80__h6,0.8,6.0,2013-01,6,Global-CQR,rolling_global_norm,0.0615058195620312
Persistence,Ausgrid,persistence_qi__c80__h6,0.8,6.0,2013-01,6,Segment-CQR,rolling_group_norm,0.0578381676496943
Persistence,Ausgrid,persistence_qi__c80__h6,0.8,6.0,2013-01,6,User-CQR,rolling_user_norm,0.0446258479378662
Persistence,Ausgrid,persistence_qi__c80__h6,0.8,6.0,2013-01,6,Ex-post best fixed,rolling_user_norm,0.0446258479378662
Persistence,Ausgrid,persistence_qi__c80__h6,0.8,6.0,2013-01,6,Month-wise oracle,rolling_user_norm,0.0446258479378662
Persistence,Ausgrid,persistence_qi__c80__h6,0.8,6.0,2013-02,7,CSGR,rolling_user_norm,0.041149730200324
Persistence,Ausgrid,persistence_qi__c80__h6,0.8,6.0,2013-02,7,Mean-fold minimum,rolling_user_norm,0.041149730200324
Persistence,Ausgrid,persistence_qi__c80__h6,0.8,6.0,2013-02,7,Latest-fold minimum,rolling_user_norm,0.041149730200324
Persistence,Ausgrid,persistence_qi__c80__h6,0.8,6.0,2013-02,7,Previous-window winner,rolling_user_norm,0.041149730200324
Persistence,Ausgrid,persistence_qi__c80__h6,0.8,6.0,2013-02,7,Follow-the-leader,rolling_user_norm,0.041149730200324
Persistence,Ausgrid,persistence_qi__c80__h6,0.8,6.0,2013-02,7,Global-CQR,rolling_global_norm,0.0549971944609999
Persistence,Ausgrid,persistence_qi__c80__h6,0.8,6.0,2013-02,7,Segment-CQR,rolling_group_norm,0.0520613528485558
Persistence,Ausgrid,persistence_qi__c80__h6,0.8,6.0,2013-02,7,User-CQR,rolling_user_norm,0.041149730200324
Persistence,Ausgrid,persistence_qi__c80__h6,0.8,6.0,2013-02,7,Ex-post best fixed,rolling_user_norm,0.041149730200324
Persistence,Ausgrid,persistence_qi__c80__h6,0.8,6.0,2013-02,7,Month-wise oracle,rolling_user_norm,0.041149730200324
Persistence,Ausgrid,persistence_qi__c80__h6,0.8,6.0,2013-03,8,CSGR,rolling_user_norm,0.0305976828870872
Persistence,Ausgrid,persistence_qi__c80__h6,0.8,6.0,2013-03,8,Mean-fold minimum,rolling_user_norm,0.0305976828870872
Persistence,Ausgrid,persistence_qi__c80__h6,0.8,6.0,2013-03,8,Latest-fold minimum,rolling_user_norm,0.0305976828870872
Persistence,Ausgrid,persistence_qi__c80__h6,0.8,6.0,2013-03,8,Previous-window winner,rolling_user_norm,0.0305976828870872
Persistence,Ausgrid,persistence_qi__c80__h6,0.8,6.0,2013-03,8,Follow-the-leader,rolling_user_norm,0.0305976828870872
Persistence,Ausgrid,persistence_qi__c80__h6,0.8,6.0,2013-03,8,Global-CQR,rolling_global_norm,0.0518385990324541
Persistence,Ausgrid,persistence_qi__c80__h6,0.8,6.0,2013-03,8,Segment-CQR,rolling_group_norm,0.0463566987323149
Persistence,Ausgrid,persistence_qi__c80__h6,0.8,6.0,2013-03,8,User-CQR,rolling_user_norm,0.0305976828870872
Persistence,Ausgrid,persistence_qi__c80__h6,0.8,6.0,2013-03,8,Ex-post best fixed,rolling_user_norm,0.0305976828870872
Persistence,Ausgrid,persistence_qi__c80__h6,0.8,6.0,2013-03,8,Month-wise oracle,rolling_user_norm,0.0305976828870872
Persistence,Ausgrid,persistence_qi__c80__h6,0.8,6.0,2013-04,9,CSGR,rolling_user_norm,0.0484685378027769
Persistence,Ausgrid,persistence_qi__c80__h6,0.8,6.0,2013-04,9,Mean-fold minimum,rolling_user_norm,0.0484685378027769
Persistence,Ausgrid,persistence_qi__c80__h6,0.8,6.0,2013-04,9,Latest-fold minimum,rolling_user_norm,0.0484685378027769
Persistence,Ausgrid,persistence_qi__c80__h6,0.8,6.0,2013-04,9,Previous-window winner,rolling_user_norm,0.0484685378027769
Persistence,Ausgrid,persistence_qi__c80__h6,0.8,6.0,2013-04,9,Follow-the-leader,rolling_user_norm,0.0484685378027769
Persistence,Ausgrid,persistence_qi__c80__h6,0.8,6.0,2013-04,9,Global-CQR,rolling_global_norm,0.0571324900415289
Persistence,Ausgrid,persistence_qi__c80__h6,0.8,6.0,2013-04,9,Segment-CQR,rolling_group_norm,0.0481165385037667
Persistence,Ausgrid,persistence_qi__c80__h6,0.8,6.0,2013-04,9,User-CQR,rolling_user_norm,0.0484685378027769
Persistence,Ausgrid,persistence_qi__c80__h6,0.8,6.0,2013-04,9,Ex-post best fixed,rolling_user_norm,0.0484685378027769
Persistence,Ausgrid,persistence_qi__c80__h6,0.8,6.0,2013-04,9,Month-wise oracle,rolling_group_norm,0.0481165385037667
Persistence,Ausgrid,persistence_qi__c80__h6,0.8,6.0,2013-05,10,CSGR,rolling_user_norm,0.0955417766986403
Persistence,Ausgrid,persistence_qi__c80__h6,0.8,6.0,2013-05,10,Mean-fold minimum,rolling_user_norm,0.0955417766986403
Persistence,Ausgrid,persistence_qi__c80__h6,0.8,6.0,2013-05,10,Latest-fold minimum,rolling_user_norm,0.0955417766986403
Persistence,Ausgrid,persistence_qi__c80__h6,0.8,6.0,2013-05,10,Previous-window winner,rolling_group_norm,0.0924890100841187
Persistence,Ausgrid,persistence_qi__c80__h6,0.8,6.0,2013-05,10,Follow-the-leader,rolling_user_norm,0.0955417766986403
Persistence,Ausgrid,persistence_qi__c80__h6,0.8,6.0,2013-05,10,Global-CQR,rolling_global_norm,0.0946716291303654
Persistence,Ausgrid,persistence_qi__c80__h6,0.8,6.0,2013-05,10,Segment-CQR,rolling_group_norm,0.0924890100841187
Persistence,Ausgrid,persistence_qi__c80__h6,0.8,6.0,2013-05,10,User-CQR,rolling_user_norm,0.0955417766986403
Persistence,Ausgrid,persistence_qi__c80__h6,0.8,6.0,2013-05,10,Ex-post best fixed,rolling_user_norm,0.0955417766986403
Persistence,Ausgrid,persistence_qi__c80__h6,0.8,6.0,2013-05,10,Month-wise oracle,rolling_group_norm,0.0924890100841187
Persistence,Ausgrid,persistence_qi__c80__h6,0.8,6.0,2013-06,11,CSGR,rolling_user_norm,0.1278700466200466
Persistence,Ausgrid,persistence_qi__c80__h6,0.8,6.0,2013-06,11,Mean-fold minimum,rolling_user_norm,0.1278700466200466
Persistence,Ausgrid,persistence_qi__c80__h6,0.8,6.0,2013-06,11,Latest-fold minimum,rolling_user_norm,0.1278700466200466
Persistence,Ausgrid,persistence_qi__c80__h6,0.8,6.0,2013-06,11,Previous-window winner,rolling_group_norm,0.1314661165374481
Persistence,Ausgrid,persistence_qi__c80__h6,0.8,6.0,2013-06,11,Follow-the-leader,rolling_user_norm,0.1278700466200466
Persistence,Ausgrid,persistence_qi__c80__h6,0.8,6.0,2013-06,11,Global-CQR,rolling_global_norm,0.1319289915247795
Persistence,Ausgrid,persistence_qi__c80__h6,0.8,6.0,2013-06,11,Segment-CQR,rolling_group_norm,0.1314661165374481
Persistence,Ausgrid,persistence_qi__c80__h6,0.8,6.0,2013-06,11,User-CQR,rolling_user_norm,0.1278700466200466
Persistence,Ausgrid,persistence_qi__c80__h6,0.8,6.0,2013-06,11,Ex-post best fixed,rolling_user_norm,0.1278700466200466
Persistence,Ausgrid,persistence_qi__c80__h6,0.8,6.0,2013-06,11,Month-wise oracle,rolling_user_norm,0.1278700466200466
Persistence,Ausgrid,persistence_qi__c90__h1,0.9,1.0,2012-07,0,CSGR,rolling_user_norm,0.0242984944271615
Persistence,Ausgrid,persistence_qi__c90__h1,0.9,1.0,2012-07,0,Mean-fold minimum,rolling_user_norm,0.0242984944271615
Persistence,Ausgrid,persistence_qi__c90__h1,0.9,1.0,2012-07,0,Latest-fold minimum,rolling_user_norm,0.0242984944271615
Persistence,Ausgrid,persistence_qi__c90__h1,0.9,1.0,2012-07,0,Previous-window winner,rolling_global_norm,0.0365240026015359
Persistence,Ausgrid,persistence_qi__c90__h1,0.9,1.0,2012-07,0,Follow-the-leader,rolling_global_norm,0.0365240026015359
Persistence,Ausgrid,persistence_qi__c90__h1,0.9,1.0,2012-07,0,Global-CQR,rolling_global_norm,0.0365240026015359
Persistence,Ausgrid,persistence_qi__c90__h1,0.9,1.0,2012-07,0,Segment-CQR,rolling_group_norm,0.0281926503524477
Persistence,Ausgrid,persistence_qi__c90__h1,0.9,1.0,2012-07,0,User-CQR,rolling_user_norm,0.0242984944271615
Persistence,Ausgrid,persistence_qi__c90__h1,0.9,1.0,2012-07,0,Ex-post best fixed,rolling_user_norm,0.0242984944271615
Persistence,Ausgrid,persistence_qi__c90__h1,0.9,1.0,2012-07,0,Month-wise oracle,rolling_user_norm,0.0242984944271615
Persistence,Ausgrid,persistence_qi__c90__h1,0.9,1.0,2012-08,1,CSGR,rolling_user_norm,0.019623669715249
Persistence,Ausgrid,persistence_qi__c90__h1,0.9,1.0,2012-08,1,Mean-fold minimum,rolling_user_norm,0.019623669715249
Persistence,Ausgrid,persistence_qi__c90__h1,0.9,1.0,2012-08,1,Latest-fold minimum,rolling_user_norm,0.019623669715249
Persistence,Ausgrid,persistence_qi__c90__h1,0.9,1.0,2012-08,1,Previous-window winner,rolling_user_norm,0.019623669715249
Persistence,Ausgrid,persistence_qi__c90__h1,0.9,1.0,2012-08,1,Follow-the-leader,rolling_user_norm,0.019623669715249
Persistence,Ausgrid,persistence_qi__c90__h1,0.9,1.0,2012-08,1,Global-CQR,rolling_global_norm,0.0294753971453609
Persistence,Ausgrid,persistence_qi__c90__h1,0.9,1.0,2012-08,1,Segment-CQR,rolling_group_norm,0.0247568799100619
Persistence,Ausgrid,persistence_qi__c90__h1,0.9,1.0,2012-08,1,User-CQR,rolling_user_norm,0.019623669715249
Persistence,Ausgrid,persistence_qi__c90__h1,0.9,1.0,2012-08,1,Ex-post best fixed,rolling_user_norm,0.019623669715249
Persistence,Ausgrid,persistence_qi__c90__h1,0.9,1.0,2012-08,1,Month-wise oracle,rolling_user_norm,0.019623669715249
Persistence,Ausgrid,persistence_qi__c90__h1,0.9,1.0,2012-09,2,CSGR,rolling_user_norm,0.0486297633961237
Persistence,Ausgrid,persistence_qi__c90__h1,0.9,1.0,2012-09,2,Mean-fold minimum,rolling_user_norm,0.0486297633961237
Persistence,Ausgrid,persistence_qi__c90__h1,0.9,1.0,2012-09,2,Latest-fold minimum,rolling_user_norm,0.0486297633961237
Persistence,Ausgrid,persistence_qi__c90__h1,0.9,1.0,2012-09,2,Previous-window winner,rolling_user_norm,0.0486297633961237
Persistence,Ausgrid,persistence_qi__c90__h1,0.9,1.0,2012-09,2,Follow-the-leader,rolling_user_norm,0.0486297633961237
Persistence,Ausgrid,persistence_qi__c90__h1,0.9,1.0,2012-09,2,Global-CQR,rolling_global_norm,0.0498937729621839
Persistence,Ausgrid,persistence_qi__c90__h1,0.9,1.0,2012-09,2,Segment-CQR,rolling_group_norm,0.0520129836196412
Persistence,Ausgrid,persistence_qi__c90__h1,0.9,1.0,2012-09,2,User-CQR,rolling_user_norm,0.0486297633961237
Persistence,Ausgrid,persistence_qi__c90__h1,0.9,1.0,2012-09,2,Ex-post best fixed,rolling_user_norm,0.0486297633961237
Persistence,Ausgrid,persistence_qi__c90__h1,0.9,1.0,2012-09,2,Month-wise oracle,rolling_user_norm,0.0486297633961237
Persistence,Ausgrid,persistence_qi__c90__h1,0.9,1.0,2012-10,3,CSGR,rolling_global_norm,0.0362027713855333
Persistence,Ausgrid,persistence_qi__c90__h1,0.9,1.0,2012-10,3,Mean-fold minimum,rolling_global_norm,0.0362027713855333
Persistence,Ausgrid,persistence_qi__c90__h1,0.9,1.0,2012-10,3,Latest-fold minimum,rolling_global_norm,0.0362027713855333
Persistence,Ausgrid,persistence_qi__c90__h1,0.9,1.0,2012-10,3,Previous-window winner,rolling_user_norm,0.0332391190944398
Persistence,Ausgrid,persistence_qi__c90__h1,0.9,1.0,2012-10,3,Follow-the-leader,rolling_user_norm,0.0332391190944398
Persistence,Ausgrid,persistence_qi__c90__h1,0.9,1.0,2012-10,3,Global-CQR,rolling_global_norm,0.0362027713855333
Persistence,Ausgrid,persistence_qi__c90__h1,0.9,1.0,2012-10,3,Segment-CQR,rolling_group_norm,0.0376210377251313
Persistence,Ausgrid,persistence_qi__c90__h1,0.9,1.0,2012-10,3,User-CQR,rolling_user_norm,0.0332391190944398
Persistence,Ausgrid,persistence_qi__c90__h1,0.9,1.0,2012-10,3,Ex-post best fixed,rolling_user_norm,0.0332391190944398
Persistence,Ausgrid,persistence_qi__c90__h1,0.9,1.0,2012-10,3,Month-wise oracle,rolling_user_norm,0.0332391190944398
Persistence,Ausgrid,persistence_qi__c90__h1,0.9,1.0,2012-11,4,CSGR,rolling_group_norm,0.0198312425044761
Persistence,Ausgrid,persistence_qi__c90__h1,0.9,1.0,2012-11,4,Mean-fold minimum,rolling_user_norm,0.0154633907603427
Persistence,Ausgrid,persistence_qi__c90__h1,0.9,1.0,2012-11,4,Latest-fold minimum,rolling_user_norm,0.0154633907603427
Persistence,Ausgrid,persistence_qi__c90__h1,0.9,1.0,2012-11,4,Previous-window winner,rolling_user_norm,0.0154633907603427
Persistence,Ausgrid,persistence_qi__c90__h1,0.9,1.0,2012-11,4,Follow-the-leader,rolling_user_norm,0.0154633907603427
Persistence,Ausgrid,persistence_qi__c90__h1,0.9,1.0,2012-11,4,Global-CQR,rolling_global_norm,0.0234998527287929
Persistence,Ausgrid,persistence_qi__c90__h1,0.9,1.0,2012-11,4,Segment-CQR,rolling_group_norm,0.0198312425044761
Persistence,Ausgrid,persistence_qi__c90__h1,0.9,1.0,2012-11,4,User-CQR,rolling_user_norm,0.0154633907603427
Persistence,Ausgrid,persistence_qi__c90__h1,0.9,1.0,2012-11,4,Ex-post best fixed,rolling_user_norm,0.0154633907603427
Persistence,Ausgrid,persistence_qi__c90__h1,0.9,1.0,2012-11,4,Month-wise oracle,rolling_user_norm,0.0154633907603427
Persistence,Ausgrid,persistence_qi__c90__h1,0.9,1.0,2012-12,5,CSGR,rolling_user_norm,0.0173555984893365
Persistence,Ausgrid,persistence_qi__c90__h1,0.9,1.0,2012-12,5,Mean-fold minimum,rolling_user_norm,0.0173555984893365
Persistence,Ausgrid,persistence_qi__c90__h1,0.9,1.0,2012-12,5,Latest-fold minimum,rolling_user_norm,0.0173555984893365
Persistence,Ausgrid,persistence_qi__c90__h1,0.9,1.0,2012-12,5,Previous-window winner,rolling_user_norm,0.0173555984893365
Persistence,Ausgrid,persistence_qi__c90__h1,0.9,1.0,2012-12,5,Follow-the-leader,rolling_user_norm,0.0173555984893365
Persistence,Ausgrid,persistence_qi__c90__h1,0.9,1.0,2012-12,5,Global-CQR,rolling_global_norm,0.0250806952222625
Persistence,Ausgrid,persistence_qi__c90__h1,0.9,1.0,2012-12,5,Segment-CQR,rolling_group_norm,0.0220553214860072
Persistence,Ausgrid,persistence_qi__c90__h1,0.9,1.0,2012-12,5,User-CQR,rolling_user_norm,0.0173555984893365
Persistence,Ausgrid,persistence_qi__c90__h1,0.9,1.0,2012-12,5,Ex-post best fixed,rolling_user_norm,0.0173555984893365
Persistence,Ausgrid,persistence_qi__c90__h1,0.9,1.0,2012-12,5,Month-wise oracle,rolling_user_norm,0.0173555984893365
Persistence,Ausgrid,persistence_qi__c90__h1,0.9,1.0,2013-01,6,CSGR,rolling_user_norm,0.0176373667969478
Persistence,Ausgrid,persistence_qi__c90__h1,0.9,1.0,2013-01,6,Mean-fold minimum,rolling_user_norm,0.0176373667969478
Persistence,Ausgrid,persistence_qi__c90__h1,0.9,1.0,2013-01,6,Latest-fold minimum,rolling_user_norm,0.0176373667969478
Persistence,Ausgrid,persistence_qi__c90__h1,0.9,1.0,2013-01,6,Previous-window winner,rolling_user_norm,0.0176373667969478
Persistence,Ausgrid,persistence_qi__c90__h1,0.9,1.0,2013-01,6,Follow-the-leader,rolling_user_norm,0.0176373667969478
Persistence,Ausgrid,persistence_qi__c90__h1,0.9,1.0,2013-01,6,Global-CQR,rolling_global_norm,0.0258730723173957
Persistence,Ausgrid,persistence_qi__c90__h1,0.9,1.0,2013-01,6,Segment-CQR,rolling_group_norm,0.0235331977151789
Persistence,Ausgrid,persistence_qi__c90__h1,0.9,1.0,2013-01,6,User-CQR,rolling_user_norm,0.0176373667969478
Persistence,Ausgrid,persistence_qi__c90__h1,0.9,1.0,2013-01,6,Ex-post best fixed,rolling_user_norm,0.0176373667969478
Persistence,Ausgrid,persistence_qi__c90__h1,0.9,1.0,2013-01,6,Month-wise oracle,rolling_user_norm,0.0176373667969478
Persistence,Ausgrid,persistence_qi__c90__h1,0.9,1.0,2013-02,7,CSGR,rolling_user_norm,0.0154842381863616
Persistence,Ausgrid,persistence_qi__c90__h1,0.9,1.0,2013-02,7,Mean-fold minimum,rolling_user_norm,0.0154842381863616
Persistence,Ausgrid,persistence_qi__c90__h1,0.9,1.0,2013-02,7,Latest-fold minimum,rolling_user_norm,0.0154842381863616
Persistence,Ausgrid,persistence_qi__c90__h1,0.9,1.0,2013-02,7,Previous-window winner,rolling_user_norm,0.0154842381863616
Persistence,Ausgrid,persistence_qi__c90__h1,0.9,1.0,2013-02,7,Follow-the-leader,rolling_user_norm,0.0154842381863616
Persistence,Ausgrid,persistence_qi__c90__h1,0.9,1.0,2013-02,7,Global-CQR,rolling_global_norm,0.0240906823022991
Persistence,Ausgrid,persistence_qi__c90__h1,0.9,1.0,2013-02,7,Segment-CQR,rolling_group_norm,0.0208974430806008
Persistence,Ausgrid,persistence_qi__c90__h1,0.9,1.0,2013-02,7,User-CQR,rolling_user_norm,0.0154842381863616
Persistence,Ausgrid,persistence_qi__c90__h1,0.9,1.0,2013-02,7,Ex-post best fixed,rolling_user_norm,0.0154842381863616
Persistence,Ausgrid,persistence_qi__c90__h1,0.9,1.0,2013-02,7,Month-wise oracle,rolling_user_norm,0.0154842381863616
Persistence,Ausgrid,persistence_qi__c90__h1,0.9,1.0,2013-03,8,CSGR,rolling_user_norm,0.012862077856981
Persistence,Ausgrid,persistence_qi__c90__h1,0.9,1.0,2013-03,8,Mean-fold minimum,rolling_user_norm,0.012862077856981
Persistence,Ausgrid,persistence_qi__c90__h1,0.9,1.0,2013-03,8,Latest-fold minimum,rolling_user_norm,0.012862077856981
Persistence,Ausgrid,persistence_qi__c90__h1,0.9,1.0,2013-03,8,Previous-window winner,rolling_user_norm,0.012862077856981
Persistence,Ausgrid,persistence_qi__c90__h1,0.9,1.0,2013-03,8,Follow-the-leader,rolling_user_norm,0.012862077856981
Persistence,Ausgrid,persistence_qi__c90__h1,0.9,1.0,2013-03,8,Global-CQR,rolling_global_norm,0.0262199041608227
Persistence,Ausgrid,persistence_qi__c90__h1,0.9,1.0,2013-03,8,Segment-CQR,rolling_group_norm,0.0211727339543345
Persistence,Ausgrid,persistence_qi__c90__h1,0.9,1.0,2013-03,8,User-CQR,rolling_user_norm,0.012862077856981
Persistence,Ausgrid,persistence_qi__c90__h1,0.9,1.0,2013-03,8,Ex-post best fixed,rolling_user_norm,0.012862077856981
Persistence,Ausgrid,persistence_qi__c90__h1,0.9,1.0,2013-03,8,Month-wise oracle,rolling_user_norm,0.012862077856981
Persistence,Ausgrid,persistence_qi__c90__h1,0.9,1.0,2013-04,9,CSGR,rolling_user_norm,0.0256044585698118
Persistence,Ausgrid,persistence_qi__c90__h1,0.9,1.0,2013-04,9,Mean-fold minimum,rolling_user_norm,0.0256044585698118
Persistence,Ausgrid,persistence_qi__c90__h1,0.9,1.0,2013-04,9,Latest-fold minimum,rolling_user_norm,0.0256044585698118
Persistence,Ausgrid,persistence_qi__c90__h1,0.9,1.0,2013-04,9,Previous-window winner,rolling_user_norm,0.0256044585698118
Persistence,Ausgrid,persistence_qi__c90__h1,0.9,1.0,2013-04,9,Follow-the-leader,rolling_user_norm,0.0256044585698118
Persistence,Ausgrid,persistence_qi__c90__h1,0.9,1.0,2013-04,9,Global-CQR,rolling_global_norm,0.0242732231219073
Persistence,Ausgrid,persistence_qi__c90__h1,0.9,1.0,2013-04,9,Segment-CQR,rolling_group_norm,0.0214071631870545
Persistence,Ausgrid,persistence_qi__c90__h1,0.9,1.0,2013-04,9,User-CQR,rolling_user_norm,0.0256044585698118
Persistence,Ausgrid,persistence_qi__c90__h1,0.9,1.0,2013-04,9,Ex-post best fixed,rolling_user_norm,0.0256044585698118
Persistence,Ausgrid,persistence_qi__c90__h1,0.9,1.0,2013-04,9,Month-wise oracle,rolling_group_norm,0.0214071631870545
Persistence,Ausgrid,persistence_qi__c90__h1,0.9,1.0,2013-05,10,CSGR,rolling_global_norm,0.0457759929974719
Persistence,Ausgrid,persistence_qi__c90__h1,0.9,1.0,2013-05,10,Mean-fold minimum,rolling_user_norm,0.0488606480300905
Persistence,Ausgrid,persistence_qi__c90__h1,0.9,1.0,2013-05,10,Latest-fold minimum,rolling_user_norm,0.0488606480300905
Persistence,Ausgrid,persistence_qi__c90__h1,0.9,1.0,2013-05,10,Previous-window winner,rolling_group_norm,0.0480236336828202
Persistence,Ausgrid,persistence_qi__c90__h1,0.9,1.0,2013-05,10,Follow-the-leader,rolling_user_norm,0.0488606480300905
Persistence,Ausgrid,persistence_qi__c90__h1,0.9,1.0,2013-05,10,Global-CQR,rolling_global_norm,0.0457759929974719
Persistence,Ausgrid,persistence_qi__c90__h1,0.9,1.0,2013-05,10,Segment-CQR,rolling_group_norm,0.0480236336828202
Persistence,Ausgrid,persistence_qi__c90__h1,0.9,1.0,2013-05,10,User-CQR,rolling_user_norm,0.0488606480300905
Persistence,Ausgrid,persistence_qi__c90__h1,0.9,1.0,2013-05,10,Ex-post best fixed,rolling_user_norm,0.0488606480300905
Persistence,Ausgrid,persistence_qi__c90__h1,0.9,1.0,2013-05,10,Month-wise oracle,rolling_global_norm,0.0457759929974719
Persistence,Ausgrid,persistence_qi__c90__h1,0.9,1.0,2013-06,11,CSGR,rolling_user_norm,0.0639867265886288
Persistence,Ausgrid,persistence_qi__c90__h1,0.9,1.0,2013-06,11,Mean-fold minimum,rolling_user_norm,0.0639867265886288
Persistence,Ausgrid,persistence_qi__c90__h1,0.9,1.0,2013-06,11,Latest-fold minimum,rolling_user_norm,0.0639867265886288
Persistence,Ausgrid,persistence_qi__c90__h1,0.9,1.0,2013-06,11,Previous-window winner,rolling_global_norm,0.0640358565800142
Persistence,Ausgrid,persistence_qi__c90__h1,0.9,1.0,2013-06,11,Follow-the-leader,rolling_user_norm,0.0639867265886288
Persistence,Ausgrid,persistence_qi__c90__h1,0.9,1.0,2013-06,11,Global-CQR,rolling_global_norm,0.0640358565800142
Persistence,Ausgrid,persistence_qi__c90__h1,0.9,1.0,2013-06,11,Segment-CQR,rolling_group_norm,0.0651010523293132
Persistence,Ausgrid,persistence_qi__c90__h1,0.9,1.0,2013-06,11,User-CQR,rolling_user_norm,0.0639867265886288
Persistence,Ausgrid,persistence_qi__c90__h1,0.9,1.0,2013-06,11,Ex-post best fixed,rolling_user_norm,0.0639867265886288
Persistence,Ausgrid,persistence_qi__c90__h1,0.9,1.0,2013-06,11,Month-wise oracle,rolling_user_norm,0.0639867265886288
Persistence,Ausgrid,persistence_qi__c90__h6,0.9,6.0,2012-07,0,CSGR,rolling_user_norm,0.035291067868767
Persistence,Ausgrid,persistence_qi__c90__h6,0.9,6.0,2012-07,0,Mean-fold minimum,rolling_user_norm,0.035291067868767
Persistence,Ausgrid,persistence_qi__c90__h6,0.9,6.0,2012-07,0,Latest-fold minimum,rolling_user_norm,0.035291067868767
Persistence,Ausgrid,persistence_qi__c90__h6,0.9,6.0,2012-07,0,Previous-window winner,rolling_global_norm,0.052188936443407
Persistence,Ausgrid,persistence_qi__c90__h6,0.9,6.0,2012-07,0,Follow-the-leader,rolling_global_norm,0.052188936443407
Persistence,Ausgrid,persistence_qi__c90__h6,0.9,6.0,2012-07,0,Global-CQR,rolling_global_norm,0.052188936443407
Persistence,Ausgrid,persistence_qi__c90__h6,0.9,6.0,2012-07,0,Segment-CQR,rolling_group_norm,0.0426766289286351
Persistence,Ausgrid,persistence_qi__c90__h6,0.9,6.0,2012-07,0,User-CQR,rolling_user_norm,0.035291067868767
Persistence,Ausgrid,persistence_qi__c90__h6,0.9,6.0,2012-07,0,Ex-post best fixed,rolling_user_norm,0.035291067868767
Persistence,Ausgrid,persistence_qi__c90__h6,0.9,6.0,2012-07,0,Month-wise oracle,rolling_user_norm,0.035291067868767
Persistence,Ausgrid,persistence_qi__c90__h6,0.9,6.0,2012-08,1,CSGR,rolling_user_norm,0.0275936372830519
Persistence,Ausgrid,persistence_qi__c90__h6,0.9,6.0,2012-08,1,Mean-fold minimum,rolling_user_norm,0.0275936372830519
Persistence,Ausgrid,persistence_qi__c90__h6,0.9,6.0,2012-08,1,Latest-fold minimum,rolling_user_norm,0.0275936372830519
Persistence,Ausgrid,persistence_qi__c90__h6,0.9,6.0,2012-08,1,Previous-window winner,rolling_user_norm,0.0275936372830519
Persistence,Ausgrid,persistence_qi__c90__h6,0.9,6.0,2012-08,1,Follow-the-leader,rolling_user_norm,0.0275936372830519
Persistence,Ausgrid,persistence_qi__c90__h6,0.9,6.0,2012-08,1,Global-CQR,rolling_global_norm,0.0404106445808483
Persistence,Ausgrid,persistence_qi__c90__h6,0.9,6.0,2012-08,1,Segment-CQR,rolling_group_norm,0.0365317225752192
Persistence,Ausgrid,persistence_qi__c90__h6,0.9,6.0,2012-08,1,User-CQR,rolling_user_norm,0.0275936372830519
Persistence,Ausgrid,persistence_qi__c90__h6,0.9,6.0,2012-08,1,Ex-post best fixed,rolling_user_norm,0.0275936372830519
Persistence,Ausgrid,persistence_qi__c90__h6,0.9,6.0,2012-08,1,Month-wise oracle,rolling_user_norm,0.0275936372830519
Persistence,Ausgrid,persistence_qi__c90__h6,0.9,6.0,2012-09,2,CSGR,rolling_user_norm,0.0613671909419332
Persistence,Ausgrid,persistence_qi__c90__h6,0.9,6.0,2012-09,2,Mean-fold minimum,rolling_user_norm,0.0613671909419332
Persistence,Ausgrid,persistence_qi__c90__h6,0.9,6.0,2012-09,2,Latest-fold minimum,rolling_user_norm,0.0613671909419332
Persistence,Ausgrid,persistence_qi__c90__h6,0.9,6.0,2012-09,2,Previous-window winner,rolling_user_norm,0.0613671909419332
Persistence,Ausgrid,persistence_qi__c90__h6,0.9,6.0,2012-09,2,Follow-the-leader,rolling_user_norm,0.0613671909419332
Persistence,Ausgrid,persistence_qi__c90__h6,0.9,6.0,2012-09,2,Global-CQR,rolling_global_norm,0.0651975537971167
Persistence,Ausgrid,persistence_qi__c90__h6,0.9,6.0,2012-09,2,Segment-CQR,rolling_group_norm,0.0648580812303638
Persistence,Ausgrid,persistence_qi__c90__h6,0.9,6.0,2012-09,2,User-CQR,rolling_user_norm,0.0613671909419332
Persistence,Ausgrid,persistence_qi__c90__h6,0.9,6.0,2012-09,2,Ex-post best fixed,rolling_user_norm,0.0613671909419332
Persistence,Ausgrid,persistence_qi__c90__h6,0.9,6.0,2012-09,2,Month-wise oracle,rolling_user_norm,0.0613671909419332
Persistence,Ausgrid,persistence_qi__c90__h6,0.9,6.0,2012-10,3,CSGR,rolling_user_norm,0.0473161818818149
Persistence,Ausgrid,persistence_qi__c90__h6,0.9,6.0,2012-10,3,Mean-fold minimum,rolling_user_norm,0.0473161818818149
Persistence,Ausgrid,persistence_qi__c90__h6,0.9,6.0,2012-10,3,Latest-fold minimum,rolling_user_norm,0.0473161818818149
Persistence,Ausgrid,persistence_qi__c90__h6,0.9,6.0,2012-10,3,Previous-window winner,rolling_user_norm,0.0473161818818149
Persistence,Ausgrid,persistence_qi__c90__h6,0.9,6.0,2012-10,3,Follow-the-leader,rolling_user_norm,0.0473161818818149
Persistence,Ausgrid,persistence_qi__c90__h6,0.9,6.0,2012-10,3,Global-CQR,rolling_global_norm,0.0547467952888818
Persistence,Ausgrid,persistence_qi__c90__h6,0.9,6.0,2012-10,3,Segment-CQR,rolling_group_norm,0.0552298595513882
Persistence,Ausgrid,persistence_qi__c90__h6,0.9,6.0,2012-10,3,User-CQR,rolling_user_norm,0.0473161818818149
Persistence,Ausgrid,persistence_qi__c90__h6,0.9,6.0,2012-10,3,Ex-post best fixed,rolling_user_norm,0.0473161818818149
Persistence,Ausgrid,persistence_qi__c90__h6,0.9,6.0,2012-10,3,Month-wise oracle,rolling_user_norm,0.0473161818818149
Persistence,Ausgrid,persistence_qi__c90__h6,0.9,6.0,2012-11,4,CSGR,rolling_user_norm,0.0230153394093331
Persistence,Ausgrid,persistence_qi__c90__h6,0.9,6.0,2012-11,4,Mean-fold minimum,rolling_user_norm,0.0230153394093331
Persistence,Ausgrid,persistence_qi__c90__h6,0.9,6.0,2012-11,4,Latest-fold minimum,rolling_user_norm,0.0230153394093331
Persistence,Ausgrid,persistence_qi__c90__h6,0.9,6.0,2012-11,4,Previous-window winner,rolling_user_norm,0.0230153394093331
Persistence,Ausgrid,persistence_qi__c90__h6,0.9,6.0,2012-11,4,Follow-the-leader,rolling_user_norm,0.0230153394093331
Persistence,Ausgrid,persistence_qi__c90__h6,0.9,6.0,2012-11,4,Global-CQR,rolling_global_norm,0.0376986841660754
Persistence,Ausgrid,persistence_qi__c90__h6,0.9,6.0,2012-11,4,Segment-CQR,rolling_group_norm,0.0296975983327395
Persistence,Ausgrid,persistence_qi__c90__h6,0.9,6.0,2012-11,4,User-CQR,rolling_user_norm,0.0230153394093331
Persistence,Ausgrid,persistence_qi__c90__h6,0.9,6.0,2012-11,4,Ex-post best fixed,rolling_user_norm,0.0230153394093331
Persistence,Ausgrid,persistence_qi__c90__h6,0.9,6.0,2012-11,4,Month-wise oracle,rolling_user_norm,0.0230153394093331
Persistence,Ausgrid,persistence_qi__c90__h6,0.9,6.0,2012-12,5,CSGR,rolling_user_norm,0.0291250228470989
Persistence,Ausgrid,persistence_qi__c90__h6,0.9,6.0,2012-12,5,Mean-fold minimum,rolling_user_norm,0.0291250228470989
Persistence,Ausgrid,persistence_qi__c90__h6,0.9,6.0,2012-12,5,Latest-fold minimum,rolling_user_norm,0.0291250228470989
Persistence,Ausgrid,persistence_qi__c90__h6,0.9,6.0,2012-12,5,Previous-window winner,rolling_user_norm,0.0291250228470989
Persistence,Ausgrid,persistence_qi__c90__h6,0.9,6.0,2012-12,5,Follow-the-leader,rolling_user_norm,0.0291250228470989
Persistence,Ausgrid,persistence_qi__c90__h6,0.9,6.0,2012-12,5,Global-CQR,rolling_global_norm,0.0394645517126509
Persistence,Ausgrid,persistence_qi__c90__h6,0.9,6.0,2012-12,5,Segment-CQR,rolling_group_norm,0.0381772311095737
Persistence,Ausgrid,persistence_qi__c90__h6,0.9,6.0,2012-12,5,User-CQR,rolling_user_norm,0.0291250228470989
Persistence,Ausgrid,persistence_qi__c90__h6,0.9,6.0,2012-12,5,Ex-post best fixed,rolling_user_norm,0.0291250228470989
Persistence,Ausgrid,persistence_qi__c90__h6,0.9,6.0,2012-12,5,Month-wise oracle,rolling_user_norm,0.0291250228470989
Persistence,Ausgrid,persistence_qi__c90__h6,0.9,6.0,2013-01,6,CSGR,rolling_user_norm,0.0390469131113244
Persistence,Ausgrid,persistence_qi__c90__h6,0.9,6.0,2013-01,6,Mean-fold minimum,rolling_user_norm,0.0390469131113244
Persistence,Ausgrid,persistence_qi__c90__h6,0.9,6.0,2013-01,6,Latest-fold minimum,rolling_user_norm,0.0390469131113244
Persistence,Ausgrid,persistence_qi__c90__h6,0.9,6.0,2013-01,6,Previous-window winner,rolling_user_norm,0.0390469131113244
Persistence,Ausgrid,persistence_qi__c90__h6,0.9,6.0,2013-01,6,Follow-the-leader,rolling_user_norm,0.0390469131113244
Persistence,Ausgrid,persistence_qi__c90__h6,0.9,6.0,2013-01,6,Global-CQR,rolling_global_norm,0.0535589710939881
Persistence,Ausgrid,persistence_qi__c90__h6,0.9,6.0,2013-01,6,Segment-CQR,rolling_group_norm,0.0481187522684898
Persistence,Ausgrid,persistence_qi__c90__h6,0.9,6.0,2013-01,6,User-CQR,rolling_user_norm,0.0390469131113244
Persistence,Ausgrid,persistence_qi__c90__h6,0.9,6.0,2013-01,6,Ex-post best fixed,rolling_user_norm,0.0390469131113244
Persistence,Ausgrid,persistence_qi__c90__h6,0.9,6.0,2013-01,6,Month-wise oracle,rolling_user_norm,0.0390469131113244
Persistence,Ausgrid,persistence_qi__c90__h6,0.9,6.0,2013-02,7,CSGR,rolling_user_norm,0.0279221268982026
Persistence,Ausgrid,persistence_qi__c90__h6,0.9,6.0,2013-02,7,Mean-fold minimum,rolling_user_norm,0.0279221268982026
Persistence,Ausgrid,persistence_qi__c90__h6,0.9,6.0,2013-02,7,Latest-fold minimum,rolling_user_norm,0.0279221268982026
Persistence,Ausgrid,persistence_qi__c90__h6,0.9,6.0,2013-02,7,Previous-window winner,rolling_user_norm,0.0279221268982026
Persistence,Ausgrid,persistence_qi__c90__h6,0.9,6.0,2013-02,7,Follow-the-leader,rolling_user_norm,0.0279221268982026
Persistence,Ausgrid,persistence_qi__c90__h6,0.9,6.0,2013-02,7,Global-CQR,rolling_global_norm,0.0413135522765278
Persistence,Ausgrid,persistence_qi__c90__h6,0.9,6.0,2013-02,7,Segment-CQR,rolling_group_norm,0.0376595483554246
Persistence,Ausgrid,persistence_qi__c90__h6,0.9,6.0,2013-02,7,User-CQR,rolling_user_norm,0.0279221268982026
Persistence,Ausgrid,persistence_qi__c90__h6,0.9,6.0,2013-02,7,Ex-post best fixed,rolling_user_norm,0.0279221268982026
Persistence,Ausgrid,persistence_qi__c90__h6,0.9,6.0,2013-02,7,Month-wise oracle,rolling_user_norm,0.0279221268982026
Persistence,Ausgrid,persistence_qi__c90__h6,0.9,6.0,2013-03,8,CSGR,rolling_user_norm,0.0236082462272416
Persistence,Ausgrid,persistence_qi__c90__h6,0.9,6.0,2013-03,8,Mean-fold minimum,rolling_user_norm,0.0236082462272416
Persistence,Ausgrid,persistence_qi__c90__h6,0.9,6.0,2013-03,8,Latest-fold minimum,rolling_user_norm,0.0236082462272416
Persistence,Ausgrid,persistence_qi__c90__h6,0.9,6.0,2013-03,8,Previous-window winner,rolling_user_norm,0.0236082462272416
Persistence,Ausgrid,persistence_qi__c90__h6,0.9,6.0,2013-03,8,Follow-the-leader,rolling_user_norm,0.0236082462272416
Persistence,Ausgrid,persistence_qi__c90__h6,0.9,6.0,2013-03,8,Global-CQR,rolling_global_norm,0.0435770316785832
Persistence,Ausgrid,persistence_qi__c90__h6,0.9,6.0,2013-03,8,Segment-CQR,rolling_group_norm,0.0367401331867057
Persistence,Ausgrid,persistence_qi__c90__h6,0.9,6.0,2013-03,8,User-CQR,rolling_user_norm,0.0236082462272416
Persistence,Ausgrid,persistence_qi__c90__h6,0.9,6.0,2013-03,8,Ex-post best fixed,rolling_user_norm,0.0236082462272416
Persistence,Ausgrid,persistence_qi__c90__h6,0.9,6.0,2013-03,8,Month-wise oracle,rolling_user_norm,0.0236082462272416
Persistence,Ausgrid,persistence_qi__c90__h6,0.9,6.0,2013-04,9,CSGR,rolling_user_norm,0.0325538120544914
Persistence,Ausgrid,persistence_qi__c90__h6,0.9,6.0,2013-04,9,Mean-fold minimum,rolling_user_norm,0.0325538120544914
Persistence,Ausgrid,persistence_qi__c90__h6,0.9,6.0,2013-04,9,Latest-fold minimum,rolling_user_norm,0.0325538120544914
Persistence,Ausgrid,persistence_qi__c90__h6,0.9,6.0,2013-04,9,Previous-window winner,rolling_user_norm,0.0325538120544914
Persistence,Ausgrid,persistence_qi__c90__h6,0.9,6.0,2013-04,9,Follow-the-leader,rolling_user_norm,0.0325538120544914
Persistence,Ausgrid,persistence_qi__c90__h6,0.9,6.0,2013-04,9,Global-CQR,rolling_global_norm,0.0386535670395796
Persistence,Ausgrid,persistence_qi__c90__h6,0.9,6.0,2013-04,9,Segment-CQR,rolling_group_norm,0.0309267695487439
Persistence,Ausgrid,persistence_qi__c90__h6,0.9,6.0,2013-04,9,User-CQR,rolling_user_norm,0.0325538120544914
Persistence,Ausgrid,persistence_qi__c90__h6,0.9,6.0,2013-04,9,Ex-post best fixed,rolling_user_norm,0.0325538120544914
Persistence,Ausgrid,persistence_qi__c90__h6,0.9,6.0,2013-04,9,Month-wise oracle,rolling_group_norm,0.0309267695487439
Persistence,Ausgrid,persistence_qi__c90__h6,0.9,6.0,2013-05,10,CSGR,rolling_user_norm,0.0786380151376207
Persistence,Ausgrid,persistence_qi__c90__h6,0.9,6.0,2013-05,10,Mean-fold minimum,rolling_user_norm,0.0786380151376207
Persistence,Ausgrid,persistence_qi__c90__h6,0.9,6.0,2013-05,10,Latest-fold minimum,rolling_user_norm,0.0786380151376207
Persistence,Ausgrid,persistence_qi__c90__h6,0.9,6.0,2013-05,10,Previous-window winner,rolling_group_norm,0.0723780387010138
Persistence,Ausgrid,persistence_qi__c90__h6,0.9,6.0,2013-05,10,Follow-the-leader,rolling_user_norm,0.0786380151376207
Persistence,Ausgrid,persistence_qi__c90__h6,0.9,6.0,2013-05,10,Global-CQR,rolling_global_norm,0.0724895863498967
Persistence,Ausgrid,persistence_qi__c90__h6,0.9,6.0,2013-05,10,Segment-CQR,rolling_group_norm,0.0723780387010138
Persistence,Ausgrid,persistence_qi__c90__h6,0.9,6.0,2013-05,10,User-CQR,rolling_user_norm,0.0786380151376207
Persistence,Ausgrid,persistence_qi__c90__h6,0.9,6.0,2013-05,10,Ex-post best fixed,rolling_user_norm,0.0786380151376207
Persistence,Ausgrid,persistence_qi__c90__h6,0.9,6.0,2013-05,10,Month-wise oracle,rolling_group_norm,0.0723780387010138
Persistence,Ausgrid,persistence_qi__c90__h6,0.9,6.0,2013-06,11,CSGR,rolling_global_norm,0.099916348370832
Persistence,Ausgrid,persistence_qi__c90__h6,0.9,6.0,2013-06,11,Mean-fold minimum,rolling_user_norm,0.1079847518876051
Persistence,Ausgrid,persistence_qi__c90__h6,0.9,6.0,2013-06,11,Latest-fold minimum,rolling_user_norm,0.1079847518876051
Persistence,Ausgrid,persistence_qi__c90__h6,0.9,6.0,2013-06,11,Previous-window winner,rolling_group_norm,0.1056274492415797
Persistence,Ausgrid,persistence_qi__c90__h6,0.9,6.0,2013-06,11,Follow-the-leader,rolling_user_norm,0.1079847518876051
Persistence,Ausgrid,persistence_qi__c90__h6,0.9,6.0,2013-06,11,Global-CQR,rolling_global_norm,0.099916348370832
Persistence,Ausgrid,persistence_qi__c90__h6,0.9,6.0,2013-06,11,Segment-CQR,rolling_group_norm,0.1056274492415797
Persistence,Ausgrid,persistence_qi__c90__h6,0.9,6.0,2013-06,11,User-CQR,rolling_user_norm,0.1079847518876051
Persistence,Ausgrid,persistence_qi__c90__h6,0.9,6.0,2013-06,11,Ex-post best fixed,rolling_user_norm,0.1079847518876051
Persistence,Ausgrid,persistence_qi__c90__h6,0.9,6.0,2013-06,11,Month-wise oracle,rolling_global_norm,0.099916348370832
Persistence,London,persistence_qi__c80__h1,0.8,1.0,2013-03,0,CSGR,rolling_user_norm,0.0176261716176171
Persistence,London,persistence_qi__c80__h1,0.8,1.0,2013-03,0,Mean-fold minimum,rolling_user_norm,0.0176261716176171
Persistence,London,persistence_qi__c80__h1,0.8,1.0,2013-03,0,Latest-fold minimum,rolling_user_norm,0.0176261716176171
Persistence,London,persistence_qi__c80__h1,0.8,1.0,2013-03,0,Previous-window winner,rolling_global_norm,0.0362006357494274
Persistence,London,persistence_qi__c80__h1,0.8,1.0,2013-03,0,Follow-the-leader,rolling_global_norm,0.0362006357494274
Persistence,London,persistence_qi__c80__h1,0.8,1.0,2013-03,0,Global-CQR,rolling_global_norm,0.0362006357494274
Persistence,London,persistence_qi__c80__h1,0.8,1.0,2013-03,0,Segment-CQR,rolling_group_norm,0.0236091994756864
Persistence,London,persistence_qi__c80__h1,0.8,1.0,2013-03,0,User-CQR,rolling_user_norm,0.0176261716176171
Persistence,London,persistence_qi__c80__h1,0.8,1.0,2013-03,0,Ex-post best fixed,rolling_user_norm,0.0176261716176171
Persistence,London,persistence_qi__c80__h1,0.8,1.0,2013-03,0,Month-wise oracle,rolling_user_norm,0.0176261716176171
Persistence,London,persistence_qi__c80__h1,0.8,1.0,2013-04,1,CSGR,rolling_user_norm,0.0343952968659415
Persistence,London,persistence_qi__c80__h1,0.8,1.0,2013-04,1,Mean-fold minimum,rolling_user_norm,0.0343952968659415
Persistence,London,persistence_qi__c80__h1,0.8,1.0,2013-04,1,Latest-fold minimum,rolling_user_norm,0.0343952968659415
Persistence,London,persistence_qi__c80__h1,0.8,1.0,2013-04,1,Previous-window winner,rolling_user_norm,0.0343952968659415
Persistence,London,persistence_qi__c80__h1,0.8,1.0,2013-04,1,Follow-the-leader,rolling_user_norm,0.0343952968659415
Persistence,London,persistence_qi__c80__h1,0.8,1.0,2013-04,1,Global-CQR,rolling_global_norm,0.0346069619811071
Persistence,London,persistence_qi__c80__h1,0.8,1.0,2013-04,1,Segment-CQR,rolling_group_norm,0.0391355305829933
Persistence,London,persistence_qi__c80__h1,0.8,1.0,2013-04,1,User-CQR,rolling_user_norm,0.0343952968659415
Persistence,London,persistence_qi__c80__h1,0.8,1.0,2013-04,1,Ex-post best fixed,rolling_user_norm,0.0343952968659415
Persistence,London,persistence_qi__c80__h1,0.8,1.0,2013-04,1,Month-wise oracle,rolling_user_norm,0.0343952968659415
Persistence,London,persistence_qi__c80__h1,0.8,1.0,2013-05,2,CSGR,rolling_global_norm,0.0399045417221374
Persistence,London,persistence_qi__c80__h1,0.8,1.0,2013-05,2,Mean-fold minimum,rolling_global_norm,0.0399045417221374
Persistence,London,persistence_qi__c80__h1,0.8,1.0,2013-05,2,Latest-fold minimum,rolling_global_norm,0.0399045417221374
Persistence,London,persistence_qi__c80__h1,0.8,1.0,2013-05,2,Previous-window winner,rolling_user_norm,0.0469664651462515
Persistence,London,persistence_qi__c80__h1,0.8,1.0,2013-05,2,Follow-the-leader,rolling_user_norm,0.0469664651462515
Persistence,London,persistence_qi__c80__h1,0.8,1.0,2013-05,2,Global-CQR,rolling_global_norm,0.0399045417221374
Persistence,London,persistence_qi__c80__h1,0.8,1.0,2013-05,2,Segment-CQR,rolling_group_norm,0.0513635011592422
Persistence,London,persistence_qi__c80__h1,0.8,1.0,2013-05,2,User-CQR,rolling_user_norm,0.0469664651462515
Persistence,London,persistence_qi__c80__h1,0.8,1.0,2013-05,2,Ex-post best fixed,rolling_user_norm,0.0469664651462515
Persistence,London,persistence_qi__c80__h1,0.8,1.0,2013-05,2,Month-wise oracle,rolling_global_norm,0.0399045417221374
Persistence,London,persistence_qi__c80__h1,0.8,1.0,2013-06,3,CSGR,rolling_user_norm,0.0406519992348336
Persistence,London,persistence_qi__c80__h1,0.8,1.0,2013-06,3,Mean-fold minimum,rolling_user_norm,0.0406519992348336
Persistence,London,persistence_qi__c80__h1,0.8,1.0,2013-06,3,Latest-fold minimum,rolling_global_norm,0.0421744974397919
Persistence,London,persistence_qi__c80__h1,0.8,1.0,2013-06,3,Previous-window winner,rolling_global_norm,0.0421744974397919
Persistence,London,persistence_qi__c80__h1,0.8,1.0,2013-06,3,Follow-the-leader,rolling_user_norm,0.0406519992348336
Persistence,London,persistence_qi__c80__h1,0.8,1.0,2013-06,3,Global-CQR,rolling_global_norm,0.0421744974397919
Persistence,London,persistence_qi__c80__h1,0.8,1.0,2013-06,3,Segment-CQR,rolling_group_norm,0.0445519698697462
Persistence,London,persistence_qi__c80__h1,0.8,1.0,2013-06,3,User-CQR,rolling_user_norm,0.0406519992348336
Persistence,London,persistence_qi__c80__h1,0.8,1.0,2013-06,3,Ex-post best fixed,rolling_user_norm,0.0406519992348336
Persistence,London,persistence_qi__c80__h1,0.8,1.0,2013-06,3,Month-wise oracle,rolling_user_norm,0.0406519992348336
Persistence,London,persistence_qi__c80__h1,0.8,1.0,2013-07,4,CSGR,rolling_user_norm,0.0431629990379876
Persistence,London,persistence_qi__c80__h1,0.8,1.0,2013-07,4,Mean-fold minimum,rolling_user_norm,0.0431629990379876
Persistence,London,persistence_qi__c80__h1,0.8,1.0,2013-07,4,Latest-fold minimum,rolling_user_norm,0.0431629990379876
Persistence,London,persistence_qi__c80__h1,0.8,1.0,2013-07,4,Previous-window winner,rolling_user_norm,0.0431629990379876
Persistence,London,persistence_qi__c80__h1,0.8,1.0,2013-07,4,Follow-the-leader,rolling_user_norm,0.0431629990379876
Persistence,London,persistence_qi__c80__h1,0.8,1.0,2013-07,4,Global-CQR,rolling_global_norm,0.0557210349867034
Persistence,London,persistence_qi__c80__h1,0.8,1.0,2013-07,4,Segment-CQR,rolling_group_norm,0.0511301893758183
Persistence,London,persistence_qi__c80__h1,0.8,1.0,2013-07,4,User-CQR,rolling_user_norm,0.0431629990379876
Persistence,London,persistence_qi__c80__h1,0.8,1.0,2013-07,4,Ex-post best fixed,rolling_user_norm,0.0431629990379876
Persistence,London,persistence_qi__c80__h1,0.8,1.0,2013-07,4,Month-wise oracle,rolling_user_norm,0.0431629990379876
Persistence,London,persistence_qi__c80__h1,0.8,1.0,2013-08,5,CSGR,rolling_user_norm,0.0234200751152744
Persistence,London,persistence_qi__c80__h1,0.8,1.0,2013-08,5,Mean-fold minimum,rolling_user_norm,0.0234200751152744
Persistence,London,persistence_qi__c80__h1,0.8,1.0,2013-08,5,Latest-fold minimum,rolling_user_norm,0.0234200751152744
Persistence,London,persistence_qi__c80__h1,0.8,1.0,2013-08,5,Previous-window winner,rolling_user_norm,0.0234200751152744
Persistence,London,persistence_qi__c80__h1,0.8,1.0,2013-08,5,Follow-the-leader,rolling_user_norm,0.0234200751152744
Persistence,London,persistence_qi__c80__h1,0.8,1.0,2013-08,5,Global-CQR,rolling_global_norm,0.0461981430232411
Persistence,London,persistence_qi__c80__h1,0.8,1.0,2013-08,5,Segment-CQR,rolling_group_norm,0.0363496821888153
Persistence,London,persistence_qi__c80__h1,0.8,1.0,2013-08,5,User-CQR,rolling_user_norm,0.0234200751152744
Persistence,London,persistence_qi__c80__h1,0.8,1.0,2013-08,5,Ex-post best fixed,rolling_user_norm,0.0234200751152744
Persistence,London,persistence_qi__c80__h1,0.8,1.0,2013-08,5,Month-wise oracle,rolling_user_norm,0.0234200751152744
Persistence,London,persistence_qi__c80__h1,0.8,1.0,2013-09,6,CSGR,rolling_user_norm,0.0498978999774995
Persistence,London,persistence_qi__c80__h1,0.8,1.0,2013-09,6,Mean-fold minimum,rolling_user_norm,0.0498978999774995
Persistence,London,persistence_qi__c80__h1,0.8,1.0,2013-09,6,Latest-fold minimum,rolling_user_norm,0.0498978999774995
Persistence,London,persistence_qi__c80__h1,0.8,1.0,2013-09,6,Previous-window winner,rolling_user_norm,0.0498978999774995
Persistence,London,persistence_qi__c80__h1,0.8,1.0,2013-09,6,Follow-the-leader,rolling_user_norm,0.0498978999774995
Persistence,London,persistence_qi__c80__h1,0.8,1.0,2013-09,6,Global-CQR,rolling_global_norm,0.0516939863579718
Persistence,London,persistence_qi__c80__h1,0.8,1.0,2013-09,6,Segment-CQR,rolling_group_norm,0.0479827309340945
Persistence,London,persistence_qi__c80__h1,0.8,1.0,2013-09,6,User-CQR,rolling_user_norm,0.0498978999774995
Persistence,London,persistence_qi__c80__h1,0.8,1.0,2013-09,6,Ex-post best fixed,rolling_user_norm,0.0498978999774995
Persistence,London,persistence_qi__c80__h1,0.8,1.0,2013-09,6,Month-wise oracle,rolling_group_norm,0.0479827309340945
Persistence,London,persistence_qi__c80__h1,0.8,1.0,2013-10,7,CSGR,rolling_user_norm,0.0433584684530771
Persistence,London,persistence_qi__c80__h1,0.8,1.0,2013-10,7,Mean-fold minimum,rolling_user_norm,0.0433584684530771
Persistence,London,persistence_qi__c80__h1,0.8,1.0,2013-10,7,Latest-fold minimum,rolling_user_norm,0.0433584684530771
Persistence,London,persistence_qi__c80__h1,0.8,1.0,2013-10,7,Previous-window winner,rolling_group_norm,0.0443226648851678
Persistence,London,persistence_qi__c80__h1,0.8,1.0,2013-10,7,Follow-the-leader,rolling_user_norm,0.0433584684530771
Persistence,London,persistence_qi__c80__h1,0.8,1.0,2013-10,7,Global-CQR,rolling_global_norm,0.0497645003761279
Persistence,London,persistence_qi__c80__h1,0.8,1.0,2013-10,7,Segment-CQR,rolling_group_norm,0.0443226648851678
Persistence,London,persistence_qi__c80__h1,0.8,1.0,2013-10,7,User-CQR,rolling_user_norm,0.0433584684530771
Persistence,London,persistence_qi__c80__h1,0.8,1.0,2013-10,7,Ex-post best fixed,rolling_user_norm,0.0433584684530771
Persistence,London,persistence_qi__c80__h1,0.8,1.0,2013-10,7,Month-wise oracle,rolling_user_norm,0.0433584684530771
Persistence,London,persistence_qi__c80__h1,0.8,1.0,2013-11,8,CSGR,rolling_user_norm,0.0661206538852417
Persistence,London,persistence_qi__c80__h1,0.8,1.0,2013-11,8,Mean-fold minimum,rolling_user_norm,0.0661206538852417
Persistence,London,persistence_qi__c80__h1,0.8,1.0,2013-11,8,Latest-fold minimum,rolling_user_norm,0.0661206538852417
Persistence,London,persistence_qi__c80__h1,0.8,1.0,2013-11,8,Previous-window winner,rolling_user_norm,0.0661206538852417
Persistence,London,persistence_qi__c80__h1,0.8,1.0,2013-11,8,Follow-the-leader,rolling_user_norm,0.0661206538852417
Persistence,London,persistence_qi__c80__h1,0.8,1.0,2013-11,8,Global-CQR,rolling_global_norm,0.052736925538865
Persistence,London,persistence_qi__c80__h1,0.8,1.0,2013-11,8,Segment-CQR,rolling_group_norm,0.0642307151879764
Persistence,London,persistence_qi__c80__h1,0.8,1.0,2013-11,8,User-CQR,rolling_user_norm,0.0661206538852417
Persistence,London,persistence_qi__c80__h1,0.8,1.0,2013-11,8,Ex-post best fixed,rolling_user_norm,0.0661206538852417
Persistence,London,persistence_qi__c80__h1,0.8,1.0,2013-11,8,Month-wise oracle,rolling_global_norm,0.052736925538865
Persistence,London,persistence_qi__c80__h1,0.8,1.0,2013-12,9,CSGR,rolling_global_norm,0.0350733733725644
Persistence,London,persistence_qi__c80__h1,0.8,1.0,2013-12,9,Mean-fold minimum,rolling_user_norm,0.0292634989721133
Persistence,London,persistence_qi__c80__h1,0.8,1.0,2013-12,9,Latest-fold minimum,rolling_user_norm,0.0292634989721133
Persistence,London,persistence_qi__c80__h1,0.8,1.0,2013-12,9,Previous-window winner,rolling_global_norm,0.0350733733725644
Persistence,London,persistence_qi__c80__h1,0.8,1.0,2013-12,9,Follow-the-leader,rolling_user_norm,0.0292634989721133
Persistence,London,persistence_qi__c80__h1,0.8,1.0,2013-12,9,Global-CQR,rolling_global_norm,0.0350733733725644
Persistence,London,persistence_qi__c80__h1,0.8,1.0,2013-12,9,Segment-CQR,rolling_group_norm,0.0349652645594013
Persistence,London,persistence_qi__c80__h1,0.8,1.0,2013-12,9,User-CQR,rolling_user_norm,0.0292634989721133
Persistence,London,persistence_qi__c80__h1,0.8,1.0,2013-12,9,Ex-post best fixed,rolling_user_norm,0.0292634989721133
Persistence,London,persistence_qi__c80__h1,0.8,1.0,2013-12,9,Month-wise oracle,rolling_user_norm,0.0292634989721133
Persistence,London,persistence_qi__c80__h1,0.8,1.0,2014-01,10,CSGR,rolling_user_norm,0.0177743290540158
Persistence,London,persistence_qi__c80__h1,0.8,1.0,2014-01,10,Mean-fold minimum,rolling_user_norm,0.0177743290540158
Persistence,London,persistence_qi__c80__h1,0.8,1.0,2014-01,10,Latest-fold minimum,rolling_user_norm,0.0177743290540158
Persistence,London,persistence_qi__c80__h1,0.8,1.0,2014-01,10,Previous-window winner,rolling_user_norm,0.0177743290540158
Persistence,London,persistence_qi__c80__h1,0.8,1.0,2014-01,10,Follow-the-leader,rolling_user_norm,0.0177743290540158
Persistence,London,persistence_qi__c80__h1,0.8,1.0,2014-01,10,Global-CQR,rolling_global_norm,0.0361030436023296
Persistence,London,persistence_qi__c80__h1,0.8,1.0,2014-01,10,Segment-CQR,rolling_group_norm,0.0291981816330282
Persistence,London,persistence_qi__c80__h1,0.8,1.0,2014-01,10,User-CQR,rolling_user_norm,0.0177743290540158
Persistence,London,persistence_qi__c80__h1,0.8,1.0,2014-01,10,Ex-post best fixed,rolling_user_norm,0.0177743290540158
Persistence,London,persistence_qi__c80__h1,0.8,1.0,2014-01,10,Month-wise oracle,rolling_user_norm,0.0177743290540158
Persistence,London,persistence_qi__c80__h6,0.8,6.0,2013-03,0,CSGR,rolling_user_norm,0.0246074663045632
Persistence,London,persistence_qi__c80__h6,0.8,6.0,2013-03,0,Mean-fold minimum,rolling_user_norm,0.0246074663045632
Persistence,London,persistence_qi__c80__h6,0.8,6.0,2013-03,0,Latest-fold minimum,rolling_user_norm,0.0246074663045632
Persistence,London,persistence_qi__c80__h6,0.8,6.0,2013-03,0,Previous-window winner,rolling_global_norm,0.0631962607478211
Persistence,London,persistence_qi__c80__h6,0.8,6.0,2013-03,0,Follow-the-leader,rolling_global_norm,0.0631962607478211
Persistence,London,persistence_qi__c80__h6,0.8,6.0,2013-03,0,Global-CQR,rolling_global_norm,0.0631962607478211
Persistence,London,persistence_qi__c80__h6,0.8,6.0,2013-03,0,Segment-CQR,rolling_group_norm,0.0357001359428341
Persistence,London,persistence_qi__c80__h6,0.8,6.0,2013-03,0,User-CQR,rolling_user_norm,0.0246074663045632
Persistence,London,persistence_qi__c80__h6,0.8,6.0,2013-03,0,Ex-post best fixed,rolling_user_norm,0.0246074663045632
Persistence,London,persistence_qi__c80__h6,0.8,6.0,2013-03,0,Month-wise oracle,rolling_user_norm,0.0246074663045632
Persistence,London,persistence_qi__c80__h6,0.8,6.0,2013-04,1,CSGR,rolling_user_norm,0.0596506470912085
Persistence,London,persistence_qi__c80__h6,0.8,6.0,2013-04,1,Mean-fold minimum,rolling_user_norm,0.0596506470912085
Persistence,London,persistence_qi__c80__h6,0.8,6.0,2013-04,1,Latest-fold minimum,rolling_user_norm,0.0596506470912085
Persistence,London,persistence_qi__c80__h6,0.8,6.0,2013-04,1,Previous-window winner,rolling_user_norm,0.0596506470912085
Persistence,London,persistence_qi__c80__h6,0.8,6.0,2013-04,1,Follow-the-leader,rolling_user_norm,0.0596506470912085
Persistence,London,persistence_qi__c80__h6,0.8,6.0,2013-04,1,Global-CQR,rolling_global_norm,0.0612015403694142
Persistence,London,persistence_qi__c80__h6,0.8,6.0,2013-04,1,Segment-CQR,rolling_group_norm,0.0641711504072729
Persistence,London,persistence_qi__c80__h6,0.8,6.0,2013-04,1,User-CQR,rolling_user_norm,0.0596506470912085
Persistence,London,persistence_qi__c80__h6,0.8,6.0,2013-04,1,Ex-post best fixed,rolling_user_norm,0.0596506470912085
Persistence,London,persistence_qi__c80__h6,0.8,6.0,2013-04,1,Month-wise oracle,rolling_user_norm,0.0596506470912085
Persistence,London,persistence_qi__c80__h6,0.8,6.0,2013-05,2,CSGR,rolling_global_norm,0.0731130335158639
Persistence,London,persistence_qi__c80__h6,0.8,6.0,2013-05,2,Mean-fold minimum,rolling_global_norm,0.0731130335158639
Persistence,London,persistence_qi__c80__h6,0.8,6.0,2013-05,2,Latest-fold minimum,rolling_global_norm,0.0731130335158639
Persistence,London,persistence_qi__c80__h6,0.8,6.0,2013-05,2,Previous-window winner,rolling_user_norm,0.0814015408027401
Persistence,London,persistence_qi__c80__h6,0.8,6.0,2013-05,2,Follow-the-leader,rolling_user_norm,0.0814015408027401
Persistence,London,persistence_qi__c80__h6,0.8,6.0,2013-05,2,Global-CQR,rolling_global_norm,0.0731130335158639
Persistence,London,persistence_qi__c80__h6,0.8,6.0,2013-05,2,Segment-CQR,rolling_group_norm,0.0896693604503164
Persistence,London,persistence_qi__c80__h6,0.8,6.0,2013-05,2,User-CQR,rolling_user_norm,0.0814015408027401
Persistence,London,persistence_qi__c80__h6,0.8,6.0,2013-05,2,Ex-post best fixed,rolling_user_norm,0.0814015408027401
Persistence,London,persistence_qi__c80__h6,0.8,6.0,2013-05,2,Month-wise oracle,rolling_global_norm,0.0731130335158639
Persistence,London,persistence_qi__c80__h6,0.8,6.0,2013-06,3,CSGR,rolling_user_norm,0.0628327048149484
Persistence,London,persistence_qi__c80__h6,0.8,6.0,2013-06,3,Mean-fold minimum,rolling_user_norm,0.0628327048149484
Persistence,London,persistence_qi__c80__h6,0.8,6.0,2013-06,3,Latest-fold minimum,rolling_user_norm,0.0628327048149484
Persistence,London,persistence_qi__c80__h6,0.8,6.0,2013-06,3,Previous-window winner,rolling_global_norm,0.0759528746332851
Persistence,London,persistence_qi__c80__h6,0.8,6.0,2013-06,3,Follow-the-leader,rolling_user_norm,0.0628327048149484
Persistence,London,persistence_qi__c80__h6,0.8,6.0,2013-06,3,Global-CQR,rolling_global_norm,0.0759528746332851
Persistence,London,persistence_qi__c80__h6,0.8,6.0,2013-06,3,Segment-CQR,rolling_group_norm,0.072009593996229
Persistence,London,persistence_qi__c80__h6,0.8,6.0,2013-06,3,User-CQR,rolling_user_norm,0.0628327048149484
Persistence,London,persistence_qi__c80__h6,0.8,6.0,2013-06,3,Ex-post best fixed,rolling_user_norm,0.0628327048149484
Persistence,London,persistence_qi__c80__h6,0.8,6.0,2013-06,3,Month-wise oracle,rolling_user_norm,0.0628327048149484
Persistence,London,persistence_qi__c80__h6,0.8,6.0,2013-07,4,CSGR,rolling_user_norm,0.0613243763992574
Persistence,London,persistence_qi__c80__h6,0.8,6.0,2013-07,4,Mean-fold minimum,rolling_user_norm,0.0613243763992574
Persistence,London,persistence_qi__c80__h6,0.8,6.0,2013-07,4,Latest-fold minimum,rolling_user_norm,0.0613243763992574
Persistence,London,persistence_qi__c80__h6,0.8,6.0,2013-07,4,Previous-window winner,rolling_user_norm,0.0613243763992574
Persistence,London,persistence_qi__c80__h6,0.8,6.0,2013-07,4,Follow-the-leader,rolling_user_norm,0.0613243763992574
Persistence,London,persistence_qi__c80__h6,0.8,6.0,2013-07,4,Global-CQR,rolling_global_norm,0.0913783743580716
Persistence,London,persistence_qi__c80__h6,0.8,6.0,2013-07,4,Segment-CQR,rolling_group_norm,0.0726416134662122
Persistence,London,persistence_qi__c80__h6,0.8,6.0,2013-07,4,User-CQR,rolling_user_norm,0.0613243763992574
Persistence,London,persistence_qi__c80__h6,0.8,6.0,2013-07,4,Ex-post best fixed,rolling_user_norm,0.0613243763992574
Persistence,London,persistence_qi__c80__h6,0.8,6.0,2013-07,4,Month-wise oracle,rolling_user_norm,0.0613243763992574
Persistence,London,persistence_qi__c80__h6,0.8,6.0,2013-08,5,CSGR,rolling_user_norm,0.0268461280893803
Persistence,London,persistence_qi__c80__h6,0.8,6.0,2013-08,5,Mean-fold minimum,rolling_user_norm,0.0268461280893803
Persistence,London,persistence_qi__c80__h6,0.8,6.0,2013-08,5,Latest-fold minimum,rolling_user_norm,0.0268461280893803
Persistence,London,persistence_qi__c80__h6,0.8,6.0,2013-08,5,Previous-window winner,rolling_user_norm,0.0268461280893803
Persistence,London,persistence_qi__c80__h6,0.8,6.0,2013-08,5,Follow-the-leader,rolling_user_norm,0.0268461280893803
Persistence,London,persistence_qi__c80__h6,0.8,6.0,2013-08,5,Global-CQR,rolling_global_norm,0.0833728397563831
Persistence,London,persistence_qi__c80__h6,0.8,6.0,2013-08,5,Segment-CQR,rolling_group_norm,0.0461343891380731
Persistence,London,persistence_qi__c80__h6,0.8,6.0,2013-08,5,User-CQR,rolling_user_norm,0.0268461280893803
Persistence,London,persistence_qi__c80__h6,0.8,6.0,2013-08,5,Ex-post best fixed,rolling_user_norm,0.0268461280893803
Persistence,London,persistence_qi__c80__h6,0.8,6.0,2013-08,5,Month-wise oracle,rolling_user_norm,0.0268461280893803
Persistence,London,persistence_qi__c80__h6,0.8,6.0,2013-09,6,CSGR,rolling_user_norm,0.0797644435098637
Persistence,London,persistence_qi__c80__h6,0.8,6.0,2013-09,6,Mean-fold minimum,rolling_user_norm,0.0797644435098637
Persistence,London,persistence_qi__c80__h6,0.8,6.0,2013-09,6,Latest-fold minimum,rolling_user_norm,0.0797644435098637
Persistence,London,persistence_qi__c80__h6,0.8,6.0,2013-09,6,Previous-window winner,rolling_user_norm,0.0797644435098637
Persistence,London,persistence_qi__c80__h6,0.8,6.0,2013-09,6,Follow-the-leader,rolling_user_norm,0.0797644435098637
Persistence,London,persistence_qi__c80__h6,0.8,6.0,2013-09,6,Global-CQR,rolling_global_norm,0.078568668742791
Persistence,London,persistence_qi__c80__h6,0.8,6.0,2013-09,6,Segment-CQR,rolling_group_norm,0.0767171923645274
Persistence,London,persistence_qi__c80__h6,0.8,6.0,2013-09,6,User-CQR,rolling_user_norm,0.0797644435098637
Persistence,London,persistence_qi__c80__h6,0.8,6.0,2013-09,6,Ex-post best fixed,rolling_user_norm,0.0797644435098637
Persistence,London,persistence_qi__c80__h6,0.8,6.0,2013-09,6,Month-wise oracle,rolling_group_norm,0.0767171923645274
Persistence,London,persistence_qi__c80__h6,0.8,6.0,2013-10,7,CSGR,rolling_global_norm,0.0754501900525506
Persistence,London,persistence_qi__c80__h6,0.8,6.0,2013-10,7,Mean-fold minimum,rolling_global_norm,0.0754501900525506
Persistence,London,persistence_qi__c80__h6,0.8,6.0,2013-10,7,Latest-fold minimum,rolling_user_norm,0.0750800471393484
Persistence,London,persistence_qi__c80__h6,0.8,6.0,2013-10,7,Previous-window winner,rolling_group_norm,0.0735039980155001
Persistence,London,persistence_qi__c80__h6,0.8,6.0,2013-10,7,Follow-the-leader,rolling_user_norm,0.0750800471393484
Persistence,London,persistence_qi__c80__h6,0.8,6.0,2013-10,7,Global-CQR,rolling_global_norm,0.0754501900525506
Persistence,London,persistence_qi__c80__h6,0.8,6.0,2013-10,7,Segment-CQR,rolling_group_norm,0.0735039980155001
Persistence,London,persistence_qi__c80__h6,0.8,6.0,2013-10,7,User-CQR,rolling_user_norm,0.0750800471393484
Persistence,London,persistence_qi__c80__h6,0.8,6.0,2013-10,7,Ex-post best fixed,rolling_user_norm,0.0750800471393484
Persistence,London,persistence_qi__c80__h6,0.8,6.0,2013-10,7,Month-wise oracle,rolling_group_norm,0.0735039980155001
Persistence,London,persistence_qi__c80__h6,0.8,6.0,2013-11,8,CSGR,rolling_user_norm,0.1222100190954271
Persistence,London,persistence_qi__c80__h6,0.8,6.0,2013-11,8,Mean-fold minimum,rolling_user_norm,0.1222100190954271
Persistence,London,persistence_qi__c80__h6,0.8,6.0,2013-11,8,Latest-fold minimum,rolling_user_norm,0.1222100190954271
Persistence,London,persistence_qi__c80__h6,0.8,6.0,2013-11,8,Previous-window winner,rolling_group_norm,0.1160583103105104
Persistence,London,persistence_qi__c80__h6,0.8,6.0,2013-11,8,Follow-the-leader,rolling_user_norm,0.1222100190954271
Persistence,London,persistence_qi__c80__h6,0.8,6.0,2013-11,8,Global-CQR,rolling_global_norm,0.0815599674433749
Persistence,London,persistence_qi__c80__h6,0.8,6.0,2013-11,8,Segment-CQR,rolling_group_norm,0.1160583103105104
Persistence,London,persistence_qi__c80__h6,0.8,6.0,2013-11,8,User-CQR,rolling_user_norm,0.1222100190954271
Persistence,London,persistence_qi__c80__h6,0.8,6.0,2013-11,8,Ex-post best fixed,rolling_user_norm,0.1222100190954271
Persistence,London,persistence_qi__c80__h6,0.8,6.0,2013-11,8,Month-wise oracle,rolling_global_norm,0.0815599674433749
Persistence,London,persistence_qi__c80__h6,0.8,6.0,2013-12,9,CSGR,rolling_global_norm,0.0637655399698956
Persistence,London,persistence_qi__c80__h6,0.8,6.0,2013-12,9,Mean-fold minimum,rolling_global_norm,0.0637655399698956
Persistence,London,persistence_qi__c80__h6,0.8,6.0,2013-12,9,Latest-fold minimum,rolling_global_norm,0.0637655399698956
Persistence,London,persistence_qi__c80__h6,0.8,6.0,2013-12,9,Previous-window winner,rolling_global_norm,0.0637655399698956
Persistence,London,persistence_qi__c80__h6,0.8,6.0,2013-12,9,Follow-the-leader,rolling_user_norm,0.0671826619066277
Persistence,London,persistence_qi__c80__h6,0.8,6.0,2013-12,9,Global-CQR,rolling_global_norm,0.0637655399698956
Persistence,London,persistence_qi__c80__h6,0.8,6.0,2013-12,9,Segment-CQR,rolling_group_norm,0.0689426619877952
Persistence,London,persistence_qi__c80__h6,0.8,6.0,2013-12,9,User-CQR,rolling_user_norm,0.0671826619066277
Persistence,London,persistence_qi__c80__h6,0.8,6.0,2013-12,9,Ex-post best fixed,rolling_user_norm,0.0671826619066277
Persistence,London,persistence_qi__c80__h6,0.8,6.0,2013-12,9,Month-wise oracle,rolling_global_norm,0.0637655399698956
Persistence,London,persistence_qi__c80__h6,0.8,6.0,2014-01,10,CSGR,rolling_user_norm,0.0264022143475566
Persistence,London,persistence_qi__c80__h6,0.8,6.0,2014-01,10,Mean-fold minimum,rolling_user_norm,0.0264022143475566
Persistence,London,persistence_qi__c80__h6,0.8,6.0,2014-01,10,Latest-fold minimum,rolling_user_norm,0.0264022143475566
Persistence,London,persistence_qi__c80__h6,0.8,6.0,2014-01,10,Previous-window winner,rolling_global_norm,0.056463021860297
Persistence,London,persistence_qi__c80__h6,0.8,6.0,2014-01,10,Follow-the-leader,rolling_user_norm,0.0264022143475566
Persistence,London,persistence_qi__c80__h6,0.8,6.0,2014-01,10,Global-CQR,rolling_global_norm,0.056463021860297
Persistence,London,persistence_qi__c80__h6,0.8,6.0,2014-01,10,Segment-CQR,rolling_group_norm,0.0403280723517193
Persistence,London,persistence_qi__c80__h6,0.8,6.0,2014-01,10,User-CQR,rolling_user_norm,0.0264022143475566
Persistence,London,persistence_qi__c80__h6,0.8,6.0,2014-01,10,Ex-post best fixed,rolling_user_norm,0.0264022143475566
Persistence,London,persistence_qi__c80__h6,0.8,6.0,2014-01,10,Month-wise oracle,rolling_user_norm,0.0264022143475566
Persistence,London,persistence_qi__c90__h1,0.9,1.0,2013-03,0,CSGR,rolling_user_norm,0.0110509289624354
Persistence,London,persistence_qi__c90__h1,0.9,1.0,2013-03,0,Mean-fold minimum,rolling_user_norm,0.0110509289624354
Persistence,London,persistence_qi__c90__h1,0.9,1.0,2013-03,0,Latest-fold minimum,rolling_user_norm,0.0110509289624354
Persistence,London,persistence_qi__c90__h1,0.9,1.0,2013-03,0,Previous-window winner,rolling_global_norm,0.0208039780308193
Persistence,London,persistence_qi__c90__h1,0.9,1.0,2013-03,0,Follow-the-leader,rolling_global_norm,0.0208039780308193
Persistence,London,persistence_qi__c90__h1,0.9,1.0,2013-03,0,Global-CQR,rolling_global_norm,0.0208039780308193
Persistence,London,persistence_qi__c90__h1,0.9,1.0,2013-03,0,Segment-CQR,rolling_group_norm,0.0153062379437633
Persistence,London,persistence_qi__c90__h1,0.9,1.0,2013-03,0,User-CQR,rolling_user_norm,0.0110509289624354
Persistence,London,persistence_qi__c90__h1,0.9,1.0,2013-03,0,Ex-post best fixed,rolling_user_norm,0.0110509289624354
Persistence,London,persistence_qi__c90__h1,0.9,1.0,2013-03,0,Month-wise oracle,rolling_user_norm,0.0110509289624354
Persistence,London,persistence_qi__c90__h1,0.9,1.0,2013-04,1,CSGR,rolling_user_norm,0.0204011796487757
Persistence,London,persistence_qi__c90__h1,0.9,1.0,2013-04,1,Mean-fold minimum,rolling_user_norm,0.0204011796487757
Persistence,London,persistence_qi__c90__h1,0.9,1.0,2013-04,1,Latest-fold minimum,rolling_user_norm,0.0204011796487757
Persistence,London,persistence_qi__c90__h1,0.9,1.0,2013-04,1,Previous-window winner,rolling_user_norm,0.0204011796487757
Persistence,London,persistence_qi__c90__h1,0.9,1.0,2013-04,1,Follow-the-leader,rolling_user_norm,0.0204011796487757
Persistence,London,persistence_qi__c90__h1,0.9,1.0,2013-04,1,Global-CQR,rolling_global_norm,0.0214878245704912
Persistence,London,persistence_qi__c90__h1,0.9,1.0,2013-04,1,Segment-CQR,rolling_group_norm,0.0227802103641939
Persistence,London,persistence_qi__c90__h1,0.9,1.0,2013-04,1,User-CQR,rolling_user_norm,0.0204011796487757
Persistence,London,persistence_qi__c90__h1,0.9,1.0,2013-04,1,Ex-post best fixed,rolling_user_norm,0.0204011796487757
Persistence,London,persistence_qi__c90__h1,0.9,1.0,2013-04,1,Month-wise oracle,rolling_user_norm,0.0204011796487757
Persistence,London,persistence_qi__c90__h1,0.9,1.0,2013-05,2,CSGR,rolling_global_norm,0.0258928207016042
Persistence,London,persistence_qi__c90__h1,0.9,1.0,2013-05,2,Mean-fold minimum,rolling_user_norm,0.0277166287163767
Persistence,London,persistence_qi__c90__h1,0.9,1.0,2013-05,2,Latest-fold minimum,rolling_global_norm,0.0258928207016042
Persistence,London,persistence_qi__c90__h1,0.9,1.0,2013-05,2,Previous-window winner,rolling_user_norm,0.0277166287163767
Persistence,London,persistence_qi__c90__h1,0.9,1.0,2013-05,2,Follow-the-leader,rolling_user_norm,0.0277166287163767
Persistence,London,persistence_qi__c90__h1,0.9,1.0,2013-05,2,Global-CQR,rolling_global_norm,0.0258928207016042
Persistence,London,persistence_qi__c90__h1,0.9,1.0,2013-05,2,Segment-CQR,rolling_group_norm,0.0304156972744369
Persistence,London,persistence_qi__c90__h1,0.9,1.0,2013-05,2,User-CQR,rolling_user_norm,0.0277166287163767
Persistence,London,persistence_qi__c90__h1,0.9,1.0,2013-05,2,Ex-post best fixed,rolling_user_norm,0.0277166287163767
Persistence,London,persistence_qi__c90__h1,0.9,1.0,2013-05,2,Month-wise oracle,rolling_global_norm,0.0258928207016042
Persistence,London,persistence_qi__c90__h1,0.9,1.0,2013-06,3,CSGR,rolling_user_norm,0.0248675625137441
Persistence,London,persistence_qi__c90__h1,0.9,1.0,2013-06,3,Mean-fold minimum,rolling_user_norm,0.0248675625137441
Persistence,London,persistence_qi__c90__h1,0.9,1.0,2013-06,3,Latest-fold minimum,rolling_user_norm,0.0248675625137441
Persistence,London,persistence_qi__c90__h1,0.9,1.0,2013-06,3,Previous-window winner,rolling_global_norm,0.0286092566770807
Persistence,London,persistence_qi__c90__h1,0.9,1.0,2013-06,3,Follow-the-leader,rolling_user_norm,0.0248675625137441
Persistence,London,persistence_qi__c90__h1,0.9,1.0,2013-06,3,Global-CQR,rolling_global_norm,0.0286092566770807
Persistence,London,persistence_qi__c90__h1,0.9,1.0,2013-06,3,Segment-CQR,rolling_group_norm,0.028150355450032
Persistence,London,persistence_qi__c90__h1,0.9,1.0,2013-06,3,User-CQR,rolling_user_norm,0.0248675625137441
Persistence,London,persistence_qi__c90__h1,0.9,1.0,2013-06,3,Ex-post best fixed,rolling_user_norm,0.0248675625137441
Persistence,London,persistence_qi__c90__h1,0.9,1.0,2013-06,3,Month-wise oracle,rolling_user_norm,0.0248675625137441
Persistence,London,persistence_qi__c90__h1,0.9,1.0,2013-07,4,CSGR,rolling_user_norm,0.0274973096318196
Persistence,London,persistence_qi__c90__h1,0.9,1.0,2013-07,4,Mean-fold minimum,rolling_user_norm,0.0274973096318196
Persistence,London,persistence_qi__c90__h1,0.9,1.0,2013-07,4,Latest-fold minimum,rolling_user_norm,0.0274973096318196
Persistence,London,persistence_qi__c90__h1,0.9,1.0,2013-07,4,Previous-window winner,rolling_user_norm,0.0274973096318196
Persistence,London,persistence_qi__c90__h1,0.9,1.0,2013-07,4,Follow-the-leader,rolling_user_norm,0.0274973096318196
Persistence,London,persistence_qi__c90__h1,0.9,1.0,2013-07,4,Global-CQR,rolling_global_norm,0.0376731146383563
Persistence,London,persistence_qi__c90__h1,0.9,1.0,2013-07,4,Segment-CQR,rolling_group_norm,0.0323607107982171
Persistence,London,persistence_qi__c90__h1,0.9,1.0,2013-07,4,User-CQR,rolling_user_norm,0.0274973096318196
Persistence,London,persistence_qi__c90__h1,0.9,1.0,2013-07,4,Ex-post best fixed,rolling_user_norm,0.0274973096318196
Persistence,London,persistence_qi__c90__h1,0.9,1.0,2013-07,4,Month-wise oracle,rolling_user_norm,0.0274973096318196
Persistence,London,persistence_qi__c90__h1,0.9,1.0,2013-08,5,CSGR,rolling_user_norm,0.0160157356900076
Persistence,London,persistence_qi__c90__h1,0.9,1.0,2013-08,5,Mean-fold minimum,rolling_user_norm,0.0160157356900076
Persistence,London,persistence_qi__c90__h1,0.9,1.0,2013-08,5,Latest-fold minimum,rolling_user_norm,0.0160157356900076
Persistence,London,persistence_qi__c90__h1,0.9,1.0,2013-08,5,Previous-window winner,rolling_user_norm,0.0160157356900076
Persistence,London,persistence_qi__c90__h1,0.9,1.0,2013-08,5,Follow-the-leader,rolling_user_norm,0.0160157356900076
Persistence,London,persistence_qi__c90__h1,0.9,1.0,2013-08,5,Global-CQR,rolling_global_norm,0.0334644557320797
Persistence,London,persistence_qi__c90__h1,0.9,1.0,2013-08,5,Segment-CQR,rolling_group_norm,0.0237281203165488
Persistence,London,persistence_qi__c90__h1,0.9,1.0,2013-08,5,User-CQR,rolling_user_norm,0.0160157356900076
Persistence,London,persistence_qi__c90__h1,0.9,1.0,2013-08,5,Ex-post best fixed,rolling_user_norm,0.0160157356900076
Persistence,London,persistence_qi__c90__h1,0.9,1.0,2013-08,5,Month-wise oracle,rolling_user_norm,0.0160157356900076
Persistence,London,persistence_qi__c90__h1,0.9,1.0,2013-09,6,CSGR,rolling_user_norm,0.0337558990807302
Persistence,London,persistence_qi__c90__h1,0.9,1.0,2013-09,6,Mean-fold minimum,rolling_user_norm,0.0337558990807302
Persistence,London,persistence_qi__c90__h1,0.9,1.0,2013-09,6,Latest-fold minimum,rolling_user_norm,0.0337558990807302
Persistence,London,persistence_qi__c90__h1,0.9,1.0,2013-09,6,Previous-window winner,rolling_user_norm,0.0337558990807302
Persistence,London,persistence_qi__c90__h1,0.9,1.0,2013-09,6,Follow-the-leader,rolling_user_norm,0.0337558990807302
Persistence,London,persistence_qi__c90__h1,0.9,1.0,2013-09,6,Global-CQR,rolling_global_norm,0.0304550945947104
Persistence,London,persistence_qi__c90__h1,0.9,1.0,2013-09,6,Segment-CQR,rolling_group_norm,0.0311148540860641
Persistence,London,persistence_qi__c90__h1,0.9,1.0,2013-09,6,User-CQR,rolling_user_norm,0.0337558990807302
Persistence,London,persistence_qi__c90__h1,0.9,1.0,2013-09,6,Ex-post best fixed,rolling_user_norm,0.0337558990807302
Persistence,London,persistence_qi__c90__h1,0.9,1.0,2013-09,6,Month-wise oracle,rolling_global_norm,0.0304550945947104
Persistence,London,persistence_qi__c90__h1,0.9,1.0,2013-10,7,CSGR,rolling_global_norm,0.0318207717962414
Persistence,London,persistence_qi__c90__h1,0.9,1.0,2013-10,7,Mean-fold minimum,rolling_global_norm,0.0318207717962414
Persistence,London,persistence_qi__c90__h1,0.9,1.0,2013-10,7,Latest-fold minimum,rolling_global_norm,0.0318207717962414
Persistence,London,persistence_qi__c90__h1,0.9,1.0,2013-10,7,Previous-window winner,rolling_global_norm,0.0318207717962414
Persistence,London,persistence_qi__c90__h1,0.9,1.0,2013-10,7,Follow-the-leader,rolling_user_norm,0.0305216191123585
Persistence,London,persistence_qi__c90__h1,0.9,1.0,2013-10,7,Global-CQR,rolling_global_norm,0.0318207717962414
Persistence,London,persistence_qi__c90__h1,0.9,1.0,2013-10,7,Segment-CQR,rolling_group_norm,0.0298994223780407
Persistence,London,persistence_qi__c90__h1,0.9,1.0,2013-10,7,User-CQR,rolling_user_norm,0.0305216191123585
Persistence,London,persistence_qi__c90__h1,0.9,1.0,2013-10,7,Ex-post best fixed,rolling_user_norm,0.0305216191123585
Persistence,London,persistence_qi__c90__h1,0.9,1.0,2013-10,7,Month-wise oracle,rolling_group_norm,0.0298994223780407
Persistence,London,persistence_qi__c90__h1,0.9,1.0,2013-11,8,CSGR,rolling_user_norm,0.046544457407741
Persistence,London,persistence_qi__c90__h1,0.9,1.0,2013-11,8,Mean-fold minimum,rolling_user_norm,0.046544457407741
Persistence,London,persistence_qi__c90__h1,0.9,1.0,2013-11,8,Latest-fold minimum,rolling_user_norm,0.046544457407741
Persistence,London,persistence_qi__c90__h1,0.9,1.0,2013-11,8,Previous-window winner,rolling_group_norm,0.0422794958042713
Persistence,London,persistence_qi__c90__h1,0.9,1.0,2013-11,8,Follow-the-leader,rolling_user_norm,0.046544457407741
Persistence,London,persistence_qi__c90__h1,0.9,1.0,2013-11,8,Global-CQR,rolling_global_norm,0.0312311638067488
Persistence,London,persistence_qi__c90__h1,0.9,1.0,2013-11,8,Segment-CQR,rolling_group_norm,0.0422794958042713
Persistence,London,persistence_qi__c90__h1,0.9,1.0,2013-11,8,User-CQR,rolling_user_norm,0.046544457407741
Persistence,London,persistence_qi__c90__h1,0.9,1.0,2013-11,8,Ex-post best fixed,rolling_user_norm,0.046544457407741
Persistence,London,persistence_qi__c90__h1,0.9,1.0,2013-11,8,Month-wise oracle,rolling_global_norm,0.0312311638067488
Persistence,London,persistence_qi__c90__h1,0.9,1.0,2013-12,9,CSGR,rolling_global_norm,0.0219812571946572
Persistence,London,persistence_qi__c90__h1,0.9,1.0,2013-12,9,Mean-fold minimum,rolling_global_norm,0.0219812571946572
Persistence,London,persistence_qi__c90__h1,0.9,1.0,2013-12,9,Latest-fold minimum,rolling_global_norm,0.0219812571946572
Persistence,London,persistence_qi__c90__h1,0.9,1.0,2013-12,9,Previous-window winner,rolling_global_norm,0.0219812571946572
Persistence,London,persistence_qi__c90__h1,0.9,1.0,2013-12,9,Follow-the-leader,rolling_user_norm,0.0205590079697943
Persistence,London,persistence_qi__c90__h1,0.9,1.0,2013-12,9,Global-CQR,rolling_global_norm,0.0219812571946572
Persistence,London,persistence_qi__c90__h1,0.9,1.0,2013-12,9,Segment-CQR,rolling_group_norm,0.0229851383422927
Persistence,London,persistence_qi__c90__h1,0.9,1.0,2013-12,9,User-CQR,rolling_user_norm,0.0205590079697943
Persistence,London,persistence_qi__c90__h1,0.9,1.0,2013-12,9,Ex-post best fixed,rolling_user_norm,0.0205590079697943
Persistence,London,persistence_qi__c90__h1,0.9,1.0,2013-12,9,Month-wise oracle,rolling_user_norm,0.0205590079697943
Persistence,London,persistence_qi__c90__h1,0.9,1.0,2014-01,10,CSGR,rolling_user_norm,0.0110690335605027
Persistence,London,persistence_qi__c90__h1,0.9,1.0,2014-01,10,Mean-fold minimum,rolling_user_norm,0.0110690335605027
Persistence,London,persistence_qi__c90__h1,0.9,1.0,2014-01,10,Latest-fold minimum,rolling_user_norm,0.0110690335605027
Persistence,London,persistence_qi__c90__h1,0.9,1.0,2014-01,10,Previous-window winner,rolling_user_norm,0.0110690335605027
Persistence,London,persistence_qi__c90__h1,0.9,1.0,2014-01,10,Follow-the-leader,rolling_user_norm,0.0110690335605027
Persistence,London,persistence_qi__c90__h1,0.9,1.0,2014-01,10,Global-CQR,rolling_global_norm,0.0218240204863959
Persistence,London,persistence_qi__c90__h1,0.9,1.0,2014-01,10,Segment-CQR,rolling_group_norm,0.0183059632647492
Persistence,London,persistence_qi__c90__h1,0.9,1.0,2014-01,10,User-CQR,rolling_user_norm,0.0110690335605027
Persistence,London,persistence_qi__c90__h1,0.9,1.0,2014-01,10,Ex-post best fixed,rolling_user_norm,0.0110690335605027
Persistence,London,persistence_qi__c90__h1,0.9,1.0,2014-01,10,Month-wise oracle,rolling_user_norm,0.0110690335605027
Persistence,London,persistence_qi__c90__h6,0.9,6.0,2013-03,0,CSGR,rolling_user_norm,0.0154029357565185
Persistence,London,persistence_qi__c90__h6,0.9,6.0,2013-03,0,Mean-fold minimum,rolling_user_norm,0.0154029357565185
Persistence,London,persistence_qi__c90__h6,0.9,6.0,2013-03,0,Latest-fold minimum,rolling_user_norm,0.0154029357565185
Persistence,London,persistence_qi__c90__h6,0.9,6.0,2013-03,0,Previous-window winner,rolling_global_norm,0.0329295244818813
Persistence,London,persistence_qi__c90__h6,0.9,6.0,2013-03,0,Follow-the-leader,rolling_global_norm,0.0329295244818813
Persistence,London,persistence_qi__c90__h6,0.9,6.0,2013-03,0,Global-CQR,rolling_global_norm,0.0329295244818813
Persistence,London,persistence_qi__c90__h6,0.9,6.0,2013-03,0,Segment-CQR,rolling_group_norm,0.0210190675705643
Persistence,London,persistence_qi__c90__h6,0.9,6.0,2013-03,0,User-CQR,rolling_user_norm,0.0154029357565185
Persistence,London,persistence_qi__c90__h6,0.9,6.0,2013-03,0,Ex-post best fixed,rolling_user_norm,0.0154029357565185
Persistence,London,persistence_qi__c90__h6,0.9,6.0,2013-03,0,Month-wise oracle,rolling_user_norm,0.0154029357565185
Persistence,London,persistence_qi__c90__h6,0.9,6.0,2013-04,1,CSGR,rolling_user_norm,0.0340528305631173
Persistence,London,persistence_qi__c90__h6,0.9,6.0,2013-04,1,Mean-fold minimum,rolling_user_norm,0.0340528305631173
Persistence,London,persistence_qi__c90__h6,0.9,6.0,2013-04,1,Latest-fold minimum,rolling_user_norm,0.0340528305631173
Persistence,London,persistence_qi__c90__h6,0.9,6.0,2013-04,1,Previous-window winner,rolling_user_norm,0.0340528305631173
Persistence,London,persistence_qi__c90__h6,0.9,6.0,2013-04,1,Follow-the-leader,rolling_user_norm,0.0340528305631173
Persistence,London,persistence_qi__c90__h6,0.9,6.0,2013-04,1,Global-CQR,rolling_global_norm,0.0329146831108746
Persistence,London,persistence_qi__c90__h6,0.9,6.0,2013-04,1,Segment-CQR,rolling_group_norm,0.0361309342428812
Persistence,London,persistence_qi__c90__h6,0.9,6.0,2013-04,1,User-CQR,rolling_user_norm,0.0340528305631173
Persistence,London,persistence_qi__c90__h6,0.9,6.0,2013-04,1,Ex-post best fixed,rolling_user_norm,0.0340528305631173
Persistence,London,persistence_qi__c90__h6,0.9,6.0,2013-04,1,Month-wise oracle,rolling_global_norm,0.0329146831108746
Persistence,London,persistence_qi__c90__h6,0.9,6.0,2013-05,2,CSGR,rolling_global_norm,0.0439324783207074
Persistence,London,persistence_qi__c90__h6,0.9,6.0,2013-05,2,Mean-fold minimum,rolling_global_norm,0.0439324783207074
Persistence,London,persistence_qi__c90__h6,0.9,6.0,2013-05,2,Latest-fold minimum,rolling_global_norm,0.0439324783207074
Persistence,London,persistence_qi__c90__h6,0.9,6.0,2013-05,2,Previous-window winner,rolling_global_norm,0.0439324783207074
Persistence,London,persistence_qi__c90__h6,0.9,6.0,2013-05,2,Follow-the-leader,rolling_user_norm,0.0452846143028186
Persistence,London,persistence_qi__c90__h6,0.9,6.0,2013-05,2,Global-CQR,rolling_global_norm,0.0439324783207074
Persistence,London,persistence_qi__c90__h6,0.9,6.0,2013-05,2,Segment-CQR,rolling_group_norm,0.0496160421909927
Persistence,London,persistence_qi__c90__h6,0.9,6.0,2013-05,2,User-CQR,rolling_user_norm,0.0452846143028186
Persistence,London,persistence_qi__c90__h6,0.9,6.0,2013-05,2,Ex-post best fixed,rolling_user_norm,0.0452846143028186
Persistence,London,persistence_qi__c90__h6,0.9,6.0,2013-05,2,Month-wise oracle,rolling_global_norm,0.0439324783207074
Persistence,London,persistence_qi__c90__h6,0.9,6.0,2013-06,3,CSGR,rolling_user_norm,0.036540949911296
Persistence,London,persistence_qi__c90__h6,0.9,6.0,2013-06,3,Mean-fold minimum,rolling_user_norm,0.036540949911296
Persistence,London,persistence_qi__c90__h6,0.9,6.0,2013-06,3,Latest-fold minimum,rolling_user_norm,0.036540949911296
Persistence,London,persistence_qi__c90__h6,0.9,6.0,2013-06,3,Previous-window winner,rolling_global_norm,0.0443491292855228
Persistence,London,persistence_qi__c90__h6,0.9,6.0,2013-06,3,Follow-the-leader,rolling_user_norm,0.036540949911296
Persistence,London,persistence_qi__c90__h6,0.9,6.0,2013-06,3,Global-CQR,rolling_global_norm,0.0443491292855228
Persistence,London,persistence_qi__c90__h6,0.9,6.0,2013-06,3,Segment-CQR,rolling_group_norm,0.0422163116387342
Persistence,London,persistence_qi__c90__h6,0.9,6.0,2013-06,3,User-CQR,rolling_user_norm,0.036540949911296
Persistence,London,persistence_qi__c90__h6,0.9,6.0,2013-06,3,Ex-post best fixed,rolling_user_norm,0.036540949911296
Persistence,London,persistence_qi__c90__h6,0.9,6.0,2013-06,3,Month-wise oracle,rolling_user_norm,0.036540949911296
Persistence,London,persistence_qi__c90__h6,0.9,6.0,2013-07,4,CSGR,rolling_user_norm,0.0364381895935467
Persistence,London,persistence_qi__c90__h6,0.9,6.0,2013-07,4,Mean-fold minimum,rolling_user_norm,0.0364381895935467
Persistence,London,persistence_qi__c90__h6,0.9,6.0,2013-07,4,Latest-fold minimum,rolling_user_norm,0.0364381895935467
Persistence,London,persistence_qi__c90__h6,0.9,6.0,2013-07,4,Previous-window winner,rolling_user_norm,0.0364381895935467
Persistence,London,persistence_qi__c90__h6,0.9,6.0,2013-07,4,Follow-the-leader,rolling_user_norm,0.0364381895935467
Persistence,London,persistence_qi__c90__h6,0.9,6.0,2013-07,4,Global-CQR,rolling_global_norm,0.0523489358874022
Persistence,London,persistence_qi__c90__h6,0.9,6.0,2013-07,4,Segment-CQR,rolling_group_norm,0.041746826329971
Persistence,London,persistence_qi__c90__h6,0.9,6.0,2013-07,4,User-CQR,rolling_user_norm,0.0364381895935467
Persistence,London,persistence_qi__c90__h6,0.9,6.0,2013-07,4,Ex-post best fixed,rolling_user_norm,0.0364381895935467
Persistence,London,persistence_qi__c90__h6,0.9,6.0,2013-07,4,Month-wise oracle,rolling_user_norm,0.0364381895935467
Persistence,London,persistence_qi__c90__h6,0.9,6.0,2013-08,5,CSGR,rolling_user_norm,0.0194323216323199
Persistence,London,persistence_qi__c90__h6,0.9,6.0,2013-08,5,Mean-fold minimum,rolling_user_norm,0.0194323216323199
Persistence,London,persistence_qi__c90__h6,0.9,6.0,2013-08,5,Latest-fold minimum,rolling_user_norm,0.0194323216323199
Persistence,London,persistence_qi__c90__h6,0.9,6.0,2013-08,5,Previous-window winner,rolling_user_norm,0.0194323216323199
Persistence,London,persistence_qi__c90__h6,0.9,6.0,2013-08,5,Follow-the-leader,rolling_user_norm,0.0194323216323199
Persistence,London,persistence_qi__c90__h6,0.9,6.0,2013-08,5,Global-CQR,rolling_global_norm,0.0467971806914476
Persistence,London,persistence_qi__c90__h6,0.9,6.0,2013-08,5,Segment-CQR,rolling_group_norm,0.0286016156848985
Persistence,London,persistence_qi__c90__h6,0.9,6.0,2013-08,5,User-CQR,rolling_user_norm,0.0194323216323199
Persistence,London,persistence_qi__c90__h6,0.9,6.0,2013-08,5,Ex-post best fixed,rolling_user_norm,0.0194323216323199
Persistence,London,persistence_qi__c90__h6,0.9,6.0,2013-08,5,Month-wise oracle,rolling_user_norm,0.0194323216323199
Persistence,London,persistence_qi__c90__h6,0.9,6.0,2013-09,6,CSGR,rolling_user_norm,0.0557685628127141
Persistence,London,persistence_qi__c90__h6,0.9,6.0,2013-09,6,Mean-fold minimum,rolling_user_norm,0.0557685628127141
Persistence,London,persistence_qi__c90__h6,0.9,6.0,2013-09,6,Latest-fold minimum,rolling_user_norm,0.0557685628127141
Persistence,London,persistence_qi__c90__h6,0.9,6.0,2013-09,6,Previous-window winner,rolling_user_norm,0.0557685628127141
Persistence,London,persistence_qi__c90__h6,0.9,6.0,2013-09,6,Follow-the-leader,rolling_user_norm,0.0557685628127141
Persistence,London,persistence_qi__c90__h6,0.9,6.0,2013-09,6,Global-CQR,rolling_global_norm,0.047232716045209
Persistence,London,persistence_qi__c90__h6,0.9,6.0,2013-09,6,Segment-CQR,rolling_group_norm,0.0502659087472294
Persistence,London,persistence_qi__c90__h6,0.9,6.0,2013-09,6,User-CQR,rolling_user_norm,0.0557685628127141
Persistence,London,persistence_qi__c90__h6,0.9,6.0,2013-09,6,Ex-post best fixed,rolling_user_norm,0.0557685628127141
Persistence,London,persistence_qi__c90__h6,0.9,6.0,2013-09,6,Month-wise oracle,rolling_global_norm,0.047232716045209
Persistence,London,persistence_qi__c90__h6,0.9,6.0,2013-10,7,CSGR,rolling_global_norm,0.0469380191346974
Persistence,London,persistence_qi__c90__h6,0.9,6.0,2013-10,7,Mean-fold minimum,rolling_global_norm,0.0469380191346974
Persistence,London,persistence_qi__c90__h6,0.9,6.0,2013-10,7,Latest-fold minimum,rolling_user_norm,0.0502158037363945
Persistence,London,persistence_qi__c90__h6,0.9,6.0,2013-10,7,Previous-window winner,rolling_global_norm,0.0469380191346974
Persistence,London,persistence_qi__c90__h6,0.9,6.0,2013-10,7,Follow-the-leader,rolling_user_norm,0.0502158037363945
Persistence,London,persistence_qi__c90__h6,0.9,6.0,2013-10,7,Global-CQR,rolling_global_norm,0.0469380191346974
Persistence,London,persistence_qi__c90__h6,0.9,6.0,2013-10,7,Segment-CQR,rolling_group_norm,0.0463900786862375
Persistence,London,persistence_qi__c90__h6,0.9,6.0,2013-10,7,User-CQR,rolling_user_norm,0.0502158037363945
Persistence,London,persistence_qi__c90__h6,0.9,6.0,2013-10,7,Ex-post best fixed,rolling_user_norm,0.0502158037363945
Persistence,London,persistence_qi__c90__h6,0.9,6.0,2013-10,7,Month-wise oracle,rolling_group_norm,0.0463900786862375
Persistence,London,persistence_qi__c90__h6,0.9,6.0,2013-11,8,CSGR,rolling_global_norm,0.0526956458381855
Persistence,London,persistence_qi__c90__h6,0.9,6.0,2013-11,8,Mean-fold minimum,rolling_user_norm,0.0942707211132639
Persistence,London,persistence_qi__c90__h6,0.9,6.0,2013-11,8,Latest-fold minimum,rolling_user_norm,0.0942707211132639
Persistence,London,persistence_qi__c90__h6,0.9,6.0,2013-11,8,Previous-window winner,rolling_group_norm,0.0835440574997168
Persistence,London,persistence_qi__c90__h6,0.9,6.0,2013-11,8,Follow-the-leader,rolling_user_norm,0.0942707211132639
Persistence,London,persistence_qi__c90__h6,0.9,6.0,2013-11,8,Global-CQR,rolling_global_norm,0.0526956458381855
Persistence,London,persistence_qi__c90__h6,0.9,6.0,2013-11,8,Segment-CQR,rolling_group_norm,0.0835440574997168
Persistence,London,persistence_qi__c90__h6,0.9,6.0,2013-11,8,User-CQR,rolling_user_norm,0.0942707211132639
Persistence,London,persistence_qi__c90__h6,0.9,6.0,2013-11,8,Ex-post best fixed,rolling_user_norm,0.0942707211132639
Persistence,London,persistence_qi__c90__h6,0.9,6.0,2013-11,8,Month-wise oracle,rolling_global_norm,0.0526956458381855
Persistence,London,persistence_qi__c90__h6,0.9,6.0,2013-12,9,CSGR,rolling_global_norm,0.0367353333497676
Persistence,London,persistence_qi__c90__h6,0.9,6.0,2013-12,9,Mean-fold minimum,rolling_global_norm,0.0367353333497676
Persistence,London,persistence_qi__c90__h6,0.9,6.0,2013-12,9,Latest-fold minimum,rolling_global_norm,0.0367353333497676
Persistence,London,persistence_qi__c90__h6,0.9,6.0,2013-12,9,Previous-window winner,rolling_global_norm,0.0367353333497676
Persistence,London,persistence_qi__c90__h6,0.9,6.0,2013-12,9,Follow-the-leader,rolling_user_norm,0.0453781444841098
Persistence,London,persistence_qi__c90__h6,0.9,6.0,2013-12,9,Global-CQR,rolling_global_norm,0.0367353333497676
Persistence,London,persistence_qi__c90__h6,0.9,6.0,2013-12,9,Segment-CQR,rolling_group_norm,0.0425552034976244
Persistence,London,persistence_qi__c90__h6,0.9,6.0,2013-12,9,User-CQR,rolling_user_norm,0.0453781444841098
Persistence,London,persistence_qi__c90__h6,0.9,6.0,2013-12,9,Ex-post best fixed,rolling_user_norm,0.0453781444841098
Persistence,London,persistence_qi__c90__h6,0.9,6.0,2013-12,9,Month-wise oracle,rolling_global_norm,0.0367353333497676
Persistence,London,persistence_qi__c90__h6,0.9,6.0,2014-01,10,CSGR,rolling_user_norm,0.018975107306116
Persistence,London,persistence_qi__c90__h6,0.9,6.0,2014-01,10,Mean-fold minimum,rolling_user_norm,0.018975107306116
Persistence,London,persistence_qi__c90__h6,0.9,6.0,2014-01,10,Latest-fold minimum,rolling_user_norm,0.018975107306116
Persistence,London,persistence_qi__c90__h6,0.9,6.0,2014-01,10,Previous-window winner,rolling_global_norm,0.0323022594605206
Persistence,London,persistence_qi__c90__h6,0.9,6.0,2014-01,10,Follow-the-leader,rolling_user_norm,0.018975107306116
Persistence,London,persistence_qi__c90__h6,0.9,6.0,2014-01,10,Global-CQR,rolling_global_norm,0.0323022594605206
Persistence,London,persistence_qi__c90__h6,0.9,6.0,2014-01,10,Segment-CQR,rolling_group_norm,0.0283497755938832
Persistence,London,persistence_qi__c90__h6,0.9,6.0,2014-01,10,User-CQR,rolling_user_norm,0.018975107306116
Persistence,London,persistence_qi__c90__h6,0.9,6.0,2014-01,10,Ex-post best fixed,rolling_user_norm,0.018975107306116
Persistence,London,persistence_qi__c90__h6,0.9,6.0,2014-01,10,Month-wise oracle,rolling_user_norm,0.018975107306116
Persistence,UCI Electricity,persistence_qi__c80__h1,0.8,1.0,2014-01,0,CSGR,rolling_group_norm,0.030526781866532
Persistence,UCI Electricity,persistence_qi__c80__h1,0.8,1.0,2014-01,0,Mean-fold minimum,rolling_group_norm,0.030526781866532
Persistence,UCI Electricity,persistence_qi__c80__h1,0.8,1.0,2014-01,0,Latest-fold minimum,rolling_group_norm,0.030526781866532
Persistence,UCI Electricity,persistence_qi__c80__h1,0.8,1.0,2014-01,0,Previous-window winner,rolling_global_norm,0.0673598738862787
Persistence,UCI Electricity,persistence_qi__c80__h1,0.8,1.0,2014-01,0,Follow-the-leader,rolling_global_norm,0.0673598738862787
Persistence,UCI Electricity,persistence_qi__c80__h1,0.8,1.0,2014-01,0,Global-CQR,rolling_global_norm,0.0673598738862787
Persistence,UCI Electricity,persistence_qi__c80__h1,0.8,1.0,2014-01,0,Segment-CQR,rolling_group_norm,0.030526781866532
Persistence,UCI Electricity,persistence_qi__c80__h1,0.8,1.0,2014-01,0,User-CQR,rolling_user_norm,0.0326775859239872
Persistence,UCI Electricity,persistence_qi__c80__h1,0.8,1.0,2014-01,0,Ex-post best fixed,rolling_user_norm,0.0326775859239872
Persistence,UCI Electricity,persistence_qi__c80__h1,0.8,1.0,2014-01,0,Month-wise oracle,rolling_group_norm,0.030526781866532
Persistence,UCI Electricity,persistence_qi__c80__h1,0.8,1.0,2014-02,1,CSGR,rolling_user_norm,0.0275277052074766
Persistence,UCI Electricity,persistence_qi__c80__h1,0.8,1.0,2014-02,1,Mean-fold minimum,rolling_user_norm,0.0275277052074766
Persistence,UCI Electricity,persistence_qi__c80__h1,0.8,1.0,2014-02,1,Latest-fold minimum,rolling_group_norm,0.0280171627953886
Persistence,UCI Electricity,persistence_qi__c80__h1,0.8,1.0,2014-02,1,Previous-window winner,rolling_group_norm,0.0280171627953886
Persistence,UCI Electricity,persistence_qi__c80__h1,0.8,1.0,2014-02,1,Follow-the-leader,rolling_group_norm,0.0280171627953886
Persistence,UCI Electricity,persistence_qi__c80__h1,0.8,1.0,2014-02,1,Global-CQR,rolling_global_norm,0.0699380194675893
Persistence,UCI Electricity,persistence_qi__c80__h1,0.8,1.0,2014-02,1,Segment-CQR,rolling_group_norm,0.0280171627953886
Persistence,UCI Electricity,persistence_qi__c80__h1,0.8,1.0,2014-02,1,User-CQR,rolling_user_norm,0.0275277052074766
Persistence,UCI Electricity,persistence_qi__c80__h1,0.8,1.0,2014-02,1,Ex-post best fixed,rolling_user_norm,0.0275277052074766
Persistence,UCI Electricity,persistence_qi__c80__h1,0.8,1.0,2014-02,1,Month-wise oracle,rolling_user_norm,0.0275277052074766
Persistence,UCI Electricity,persistence_qi__c80__h1,0.8,1.0,2014-03,2,CSGR,rolling_group_norm,0.0297228375499707
Persistence,UCI Electricity,persistence_qi__c80__h1,0.8,1.0,2014-03,2,Mean-fold minimum,rolling_group_norm,0.0297228375499707
Persistence,UCI Electricity,persistence_qi__c80__h1,0.8,1.0,2014-03,2,Latest-fold minimum,rolling_user_norm,0.0398938110729213
Persistence,UCI Electricity,persistence_qi__c80__h1,0.8,1.0,2014-03,2,Previous-window winner,rolling_user_norm,0.0398938110729213
Persistence,UCI Electricity,persistence_qi__c80__h1,0.8,1.0,2014-03,2,Follow-the-leader,rolling_group_norm,0.0297228375499707
Persistence,UCI Electricity,persistence_qi__c80__h1,0.8,1.0,2014-03,2,Global-CQR,rolling_global_norm,0.0570759333419756
Persistence,UCI Electricity,persistence_qi__c80__h1,0.8,1.0,2014-03,2,Segment-CQR,rolling_group_norm,0.0297228375499707
Persistence,UCI Electricity,persistence_qi__c80__h1,0.8,1.0,2014-03,2,User-CQR,rolling_user_norm,0.0398938110729213
Persistence,UCI Electricity,persistence_qi__c80__h1,0.8,1.0,2014-03,2,Ex-post best fixed,rolling_user_norm,0.0398938110729213
Persistence,UCI Electricity,persistence_qi__c80__h1,0.8,1.0,2014-03,2,Month-wise oracle,rolling_group_norm,0.0297228375499707
Persistence,UCI Electricity,persistence_qi__c80__h1,0.8,1.0,2014-04,3,CSGR,rolling_group_norm,0.0317940647080615
Persistence,UCI Electricity,persistence_qi__c80__h1,0.8,1.0,2014-04,3,Mean-fold minimum,rolling_group_norm,0.0317940647080615
Persistence,UCI Electricity,persistence_qi__c80__h1,0.8,1.0,2014-04,3,Latest-fold minimum,rolling_user_norm,0.0395317044398585
Persistence,UCI Electricity,persistence_qi__c80__h1,0.8,1.0,2014-04,3,Previous-window winner,rolling_group_norm,0.0317940647080615
Persistence,UCI Electricity,persistence_qi__c80__h1,0.8,1.0,2014-04,3,Follow-the-leader,rolling_group_norm,0.0317940647080615
Persistence,UCI Electricity,persistence_qi__c80__h1,0.8,1.0,2014-04,3,Global-CQR,rolling_global_norm,0.0620776914907739
Persistence,UCI Electricity,persistence_qi__c80__h1,0.8,1.0,2014-04,3,Segment-CQR,rolling_group_norm,0.0317940647080615
Persistence,UCI Electricity,persistence_qi__c80__h1,0.8,1.0,2014-04,3,User-CQR,rolling_user_norm,0.0395317044398585
Persistence,UCI Electricity,persistence_qi__c80__h1,0.8,1.0,2014-04,3,Ex-post best fixed,rolling_user_norm,0.0395317044398585
Persistence,UCI Electricity,persistence_qi__c80__h1,0.8,1.0,2014-04,3,Month-wise oracle,rolling_group_norm,0.0317940647080615
Persistence,UCI Electricity,persistence_qi__c80__h1,0.8,1.0,2014-05,4,CSGR,rolling_user_norm,0.029586928949572
Persistence,UCI Electricity,persistence_qi__c80__h1,0.8,1.0,2014-05,4,Mean-fold minimum,rolling_user_norm,0.029586928949572
Persistence,UCI Electricity,persistence_qi__c80__h1,0.8,1.0,2014-05,4,Latest-fold minimum,rolling_user_norm,0.029586928949572
Persistence,UCI Electricity,persistence_qi__c80__h1,0.8,1.0,2014-05,4,Previous-window winner,rolling_group_norm,0.0331759493450303
Persistence,UCI Electricity,persistence_qi__c80__h1,0.8,1.0,2014-05,4,Follow-the-leader,rolling_group_norm,0.0331759493450303
Persistence,UCI Electricity,persistence_qi__c80__h1,0.8,1.0,2014-05,4,Global-CQR,rolling_global_norm,0.0658041019806108
Persistence,UCI Electricity,persistence_qi__c80__h1,0.8,1.0,2014-05,4,Segment-CQR,rolling_group_norm,0.0331759493450303
Persistence,UCI Electricity,persistence_qi__c80__h1,0.8,1.0,2014-05,4,User-CQR,rolling_user_norm,0.029586928949572
Persistence,UCI Electricity,persistence_qi__c80__h1,0.8,1.0,2014-05,4,Ex-post best fixed,rolling_user_norm,0.029586928949572
Persistence,UCI Electricity,persistence_qi__c80__h1,0.8,1.0,2014-05,4,Month-wise oracle,rolling_user_norm,0.029586928949572
Persistence,UCI Electricity,persistence_qi__c80__h1,0.8,1.0,2014-06,5,CSGR,rolling_user_norm,0.0261851805405498
Persistence,UCI Electricity,persistence_qi__c80__h1,0.8,1.0,2014-06,5,Mean-fold minimum,rolling_user_norm,0.0261851805405498
Persistence,UCI Electricity,persistence_qi__c80__h1,0.8,1.0,2014-06,5,Latest-fold minimum,rolling_user_norm,0.0261851805405498
Persistence,UCI Electricity,persistence_qi__c80__h1,0.8,1.0,2014-06,5,Previous-window winner,rolling_user_norm,0.0261851805405498
Persistence,UCI Electricity,persistence_qi__c80__h1,0.8,1.0,2014-06,5,Follow-the-leader,rolling_group_norm,0.0365453880914407
Persistence,UCI Electricity,persistence_qi__c80__h1,0.8,1.0,2014-06,5,Global-CQR,rolling_global_norm,0.065437303138916
Persistence,UCI Electricity,persistence_qi__c80__h1,0.8,1.0,2014-06,5,Segment-CQR,rolling_group_norm,0.0365453880914407
Persistence,UCI Electricity,persistence_qi__c80__h1,0.8,1.0,2014-06,5,User-CQR,rolling_user_norm,0.0261851805405498
Persistence,UCI Electricity,persistence_qi__c80__h1,0.8,1.0,2014-06,5,Ex-post best fixed,rolling_user_norm,0.0261851805405498
Persistence,UCI Electricity,persistence_qi__c80__h1,0.8,1.0,2014-06,5,Month-wise oracle,rolling_user_norm,0.0261851805405498
Persistence,UCI Electricity,persistence_qi__c80__h1,0.8,1.0,2014-07,6,CSGR,rolling_user_norm,0.0282491085757625
Persistence,UCI Electricity,persistence_qi__c80__h1,0.8,1.0,2014-07,6,Mean-fold minimum,rolling_user_norm,0.0282491085757625
Persistence,UCI Electricity,persistence_qi__c80__h1,0.8,1.0,2014-07,6,Latest-fold minimum,rolling_user_norm,0.0282491085757625
Persistence,UCI Electricity,persistence_qi__c80__h1,0.8,1.0,2014-07,6,Previous-window winner,rolling_user_norm,0.0282491085757625
Persistence,UCI Electricity,persistence_qi__c80__h1,0.8,1.0,2014-07,6,Follow-the-leader,rolling_group_norm,0.0367239090892495
Persistence,UCI Electricity,persistence_qi__c80__h1,0.8,1.0,2014-07,6,Global-CQR,rolling_global_norm,0.0743936612920744
Persistence,UCI Electricity,persistence_qi__c80__h1,0.8,1.0,2014-07,6,Segment-CQR,rolling_group_norm,0.0367239090892495
Persistence,UCI Electricity,persistence_qi__c80__h1,0.8,1.0,2014-07,6,User-CQR,rolling_user_norm,0.0282491085757625
Persistence,UCI Electricity,persistence_qi__c80__h1,0.8,1.0,2014-07,6,Ex-post best fixed,rolling_user_norm,0.0282491085757625
Persistence,UCI Electricity,persistence_qi__c80__h1,0.8,1.0,2014-07,6,Month-wise oracle,rolling_user_norm,0.0282491085757625
Persistence,UCI Electricity,persistence_qi__c80__h1,0.8,1.0,2014-08,7,CSGR,rolling_user_norm,0.0378768535744775
Persistence,UCI Electricity,persistence_qi__c80__h1,0.8,1.0,2014-08,7,Mean-fold minimum,rolling_user_norm,0.0378768535744775
Persistence,UCI Electricity,persistence_qi__c80__h1,0.8,1.0,2014-08,7,Latest-fold minimum,rolling_user_norm,0.0378768535744775
Persistence,UCI Electricity,persistence_qi__c80__h1,0.8,1.0,2014-08,7,Previous-window winner,rolling_user_norm,0.0378768535744775
Persistence,UCI Electricity,persistence_qi__c80__h1,0.8,1.0,2014-08,7,Follow-the-leader,rolling_user_norm,0.0378768535744775
Persistence,UCI Electricity,persistence_qi__c80__h1,0.8,1.0,2014-08,7,Global-CQR,rolling_global_norm,0.050130507146853
Persistence,UCI Electricity,persistence_qi__c80__h1,0.8,1.0,2014-08,7,Segment-CQR,rolling_group_norm,0.0355403125076641
Persistence,UCI Electricity,persistence_qi__c80__h1,0.8,1.0,2014-08,7,User-CQR,rolling_user_norm,0.0378768535744775
Persistence,UCI Electricity,persistence_qi__c80__h1,0.8,1.0,2014-08,7,Ex-post best fixed,rolling_user_norm,0.0378768535744775
Persistence,UCI Electricity,persistence_qi__c80__h1,0.8,1.0,2014-08,7,Month-wise oracle,rolling_group_norm,0.0355403125076641
Persistence,UCI Electricity,persistence_qi__c80__h1,0.8,1.0,2014-09,8,CSGR,rolling_user_norm,0.0254409009449331
Persistence,UCI Electricity,persistence_qi__c80__h1,0.8,1.0,2014-09,8,Mean-fold minimum,rolling_user_norm,0.0254409009449331
Persistence,UCI Electricity,persistence_qi__c80__h1,0.8,1.0,2014-09,8,Latest-fold minimum,rolling_user_norm,0.0254409009449331
Persistence,UCI Electricity,persistence_qi__c80__h1,0.8,1.0,2014-09,8,Previous-window winner,rolling_group_norm,0.0328622708408361
Persistence,UCI Electricity,persistence_qi__c80__h1,0.8,1.0,2014-09,8,Follow-the-leader,rolling_user_norm,0.0254409009449331
Persistence,UCI Electricity,persistence_qi__c80__h1,0.8,1.0,2014-09,8,Global-CQR,rolling_global_norm,0.0507241810277204
Persistence,UCI Electricity,persistence_qi__c80__h1,0.8,1.0,2014-09,8,Segment-CQR,rolling_group_norm,0.0328622708408361
Persistence,UCI Electricity,persistence_qi__c80__h1,0.8,1.0,2014-09,8,User-CQR,rolling_user_norm,0.0254409009449331
Persistence,UCI Electricity,persistence_qi__c80__h1,0.8,1.0,2014-09,8,Ex-post best fixed,rolling_user_norm,0.0254409009449331
Persistence,UCI Electricity,persistence_qi__c80__h1,0.8,1.0,2014-09,8,Month-wise oracle,rolling_user_norm,0.0254409009449331
Persistence,UCI Electricity,persistence_qi__c80__h1,0.8,1.0,2014-10,9,CSGR,rolling_user_norm,0.0293651677794429
Persistence,UCI Electricity,persistence_qi__c80__h1,0.8,1.0,2014-10,9,Mean-fold minimum,rolling_user_norm,0.0293651677794429
Persistence,UCI Electricity,persistence_qi__c80__h1,0.8,1.0,2014-10,9,Latest-fold minimum,rolling_user_norm,0.0293651677794429
Persistence,UCI Electricity,persistence_qi__c80__h1,0.8,1.0,2014-10,9,Previous-window winner,rolling_user_norm,0.0293651677794429
Persistence,UCI Electricity,persistence_qi__c80__h1,0.8,1.0,2014-10,9,Follow-the-leader,rolling_user_norm,0.0293651677794429
Persistence,UCI Electricity,persistence_qi__c80__h1,0.8,1.0,2014-10,9,Global-CQR,rolling_global_norm,0.0573307286648424
Persistence,UCI Electricity,persistence_qi__c80__h1,0.8,1.0,2014-10,9,Segment-CQR,rolling_group_norm,0.0352493042036554
Persistence,UCI Electricity,persistence_qi__c80__h1,0.8,1.0,2014-10,9,User-CQR,rolling_user_norm,0.0293651677794429
Persistence,UCI Electricity,persistence_qi__c80__h1,0.8,1.0,2014-10,9,Ex-post best fixed,rolling_user_norm,0.0293651677794429
Persistence,UCI Electricity,persistence_qi__c80__h1,0.8,1.0,2014-10,9,Month-wise oracle,rolling_user_norm,0.0293651677794429
Persistence,UCI Electricity,persistence_qi__c80__h1,0.8,1.0,2014-11,10,CSGR,rolling_user_norm,0.0362972428888647
Persistence,UCI Electricity,persistence_qi__c80__h1,0.8,1.0,2014-11,10,Mean-fold minimum,rolling_user_norm,0.0362972428888647
Persistence,UCI Electricity,persistence_qi__c80__h1,0.8,1.0,2014-11,10,Latest-fold minimum,rolling_user_norm,0.0362972428888647
Persistence,UCI Electricity,persistence_qi__c80__h1,0.8,1.0,2014-11,10,Previous-window winner,rolling_user_norm,0.0362972428888647
Persistence,UCI Electricity,persistence_qi__c80__h1,0.8,1.0,2014-11,10,Follow-the-leader,rolling_user_norm,0.0362972428888647
Persistence,UCI Electricity,persistence_qi__c80__h1,0.8,1.0,2014-11,10,Global-CQR,rolling_global_norm,0.0621058818471453
Persistence,UCI Electricity,persistence_qi__c80__h1,0.8,1.0,2014-11,10,Segment-CQR,rolling_group_norm,0.0384328107046697
Persistence,UCI Electricity,persistence_qi__c80__h1,0.8,1.0,2014-11,10,User-CQR,rolling_user_norm,0.0362972428888647
Persistence,UCI Electricity,persistence_qi__c80__h1,0.8,1.0,2014-11,10,Ex-post best fixed,rolling_user_norm,0.0362972428888647
Persistence,UCI Electricity,persistence_qi__c80__h1,0.8,1.0,2014-11,10,Month-wise oracle,rolling_user_norm,0.0362972428888647
Persistence,UCI Electricity,persistence_qi__c80__h1,0.8,1.0,2014-12,11,CSGR,rolling_user_norm,0.0333451873340877
Persistence,UCI Electricity,persistence_qi__c80__h1,0.8,1.0,2014-12,11,Mean-fold minimum,rolling_user_norm,0.0333451873340877
Persistence,UCI Electricity,persistence_qi__c80__h1,0.8,1.0,2014-12,11,Latest-fold minimum,rolling_user_norm,0.0333451873340877
Persistence,UCI Electricity,persistence_qi__c80__h1,0.8,1.0,2014-12,11,Previous-window winner,rolling_user_norm,0.0333451873340877
Persistence,UCI Electricity,persistence_qi__c80__h1,0.8,1.0,2014-12,11,Follow-the-leader,rolling_user_norm,0.0333451873340877
Persistence,UCI Electricity,persistence_qi__c80__h1,0.8,1.0,2014-12,11,Global-CQR,rolling_global_norm,0.0715859309945331
Persistence,UCI Electricity,persistence_qi__c80__h1,0.8,1.0,2014-12,11,Segment-CQR,rolling_group_norm,0.0333825376554305
Persistence,UCI Electricity,persistence_qi__c80__h1,0.8,1.0,2014-12,11,User-CQR,rolling_user_norm,0.0333451873340877
Persistence,UCI Electricity,persistence_qi__c80__h1,0.8,1.0,2014-12,11,Ex-post best fixed,rolling_user_norm,0.0333451873340877
Persistence,UCI Electricity,persistence_qi__c80__h1,0.8,1.0,2014-12,11,Month-wise oracle,rolling_user_norm,0.0333451873340877
Persistence,UCI Electricity,persistence_qi__c80__h6,0.8,6.0,2014-01,0,CSGR,rolling_user_norm,0.0441681710444717
Persistence,UCI Electricity,persistence_qi__c80__h6,0.8,6.0,2014-01,0,Mean-fold minimum,rolling_user_norm,0.0441681710444717
Persistence,UCI Electricity,persistence_qi__c80__h6,0.8,6.0,2014-01,0,Latest-fold minimum,rolling_user_norm,0.0441681710444717
Persistence,UCI Electricity,persistence_qi__c80__h6,0.8,6.0,2014-01,0,Previous-window winner,rolling_global_norm,0.1006500211386614
Persistence,UCI Electricity,persistence_qi__c80__h6,0.8,6.0,2014-01,0,Follow-the-leader,rolling_global_norm,0.1006500211386614
Persistence,UCI Electricity,persistence_qi__c80__h6,0.8,6.0,2014-01,0,Global-CQR,rolling_global_norm,0.1006500211386614
Persistence,UCI Electricity,persistence_qi__c80__h6,0.8,6.0,2014-01,0,Segment-CQR,rolling_group_norm,0.0588915677947114
Persistence,UCI Electricity,persistence_qi__c80__h6,0.8,6.0,2014-01,0,User-CQR,rolling_user_norm,0.0441681710444717
Persistence,UCI Electricity,persistence_qi__c80__h6,0.8,6.0,2014-01,0,Ex-post best fixed,rolling_user_norm,0.0441681710444717
Persistence,UCI Electricity,persistence_qi__c80__h6,0.8,6.0,2014-01,0,Month-wise oracle,rolling_user_norm,0.0441681710444717
Persistence,UCI Electricity,persistence_qi__c80__h6,0.8,6.0,2014-02,1,CSGR,rolling_user_norm,0.0347967150280393
Persistence,UCI Electricity,persistence_qi__c80__h6,0.8,6.0,2014-02,1,Mean-fold minimum,rolling_user_norm,0.0347967150280393
Persistence,UCI Electricity,persistence_qi__c80__h6,0.8,6.0,2014-02,1,Latest-fold minimum,rolling_user_norm,0.0347967150280393
Persistence,UCI Electricity,persistence_qi__c80__h6,0.8,6.0,2014-02,1,Previous-window winner,rolling_user_norm,0.0347967150280393
Persistence,UCI Electricity,persistence_qi__c80__h6,0.8,6.0,2014-02,1,Follow-the-leader,rolling_user_norm,0.0347967150280393
Persistence,UCI Electricity,persistence_qi__c80__h6,0.8,6.0,2014-02,1,Global-CQR,rolling_global_norm,0.1098528406828138
Persistence,UCI Electricity,persistence_qi__c80__h6,0.8,6.0,2014-02,1,Segment-CQR,rolling_group_norm,0.0622941726856377
Persistence,UCI Electricity,persistence_qi__c80__h6,0.8,6.0,2014-02,1,User-CQR,rolling_user_norm,0.0347967150280393
Persistence,UCI Electricity,persistence_qi__c80__h6,0.8,6.0,2014-02,1,Ex-post best fixed,rolling_user_norm,0.0347967150280393
Persistence,UCI Electricity,persistence_qi__c80__h6,0.8,6.0,2014-02,1,Month-wise oracle,rolling_user_norm,0.0347967150280393
Persistence,UCI Electricity,persistence_qi__c80__h6,0.8,6.0,2014-03,2,CSGR,rolling_user_norm,0.0602284990032128
Persistence,UCI Electricity,persistence_qi__c80__h6,0.8,6.0,2014-03,2,Mean-fold minimum,rolling_user_norm,0.0602284990032128
Persistence,UCI Electricity,persistence_qi__c80__h6,0.8,6.0,2014-03,2,Latest-fold minimum,rolling_user_norm,0.0602284990032128
Persistence,UCI Electricity,persistence_qi__c80__h6,0.8,6.0,2014-03,2,Previous-window winner,rolling_user_norm,0.0602284990032128
Persistence,UCI Electricity,persistence_qi__c80__h6,0.8,6.0,2014-03,2,Follow-the-leader,rolling_user_norm,0.0602284990032128
Persistence,UCI Electricity,persistence_qi__c80__h6,0.8,6.0,2014-03,2,Global-CQR,rolling_global_norm,0.0998443482417139
Persistence,UCI Electricity,persistence_qi__c80__h6,0.8,6.0,2014-03,2,Segment-CQR,rolling_group_norm,0.0687323554850602
Persistence,UCI Electricity,persistence_qi__c80__h6,0.8,6.0,2014-03,2,User-CQR,rolling_user_norm,0.0602284990032128
Persistence,UCI Electricity,persistence_qi__c80__h6,0.8,6.0,2014-03,2,Ex-post best fixed,rolling_user_norm,0.0602284990032128
Persistence,UCI Electricity,persistence_qi__c80__h6,0.8,6.0,2014-03,2,Month-wise oracle,rolling_user_norm,0.0602284990032128
Persistence,UCI Electricity,persistence_qi__c80__h6,0.8,6.0,2014-04,3,CSGR,rolling_user_norm,0.07095292078491
Persistence,UCI Electricity,persistence_qi__c80__h6,0.8,6.0,2014-04,3,Mean-fold minimum,rolling_user_norm,0.07095292078491
Persistence,UCI Electricity,persistence_qi__c80__h6,0.8,6.0,2014-04,3,Latest-fold minimum,rolling_user_norm,0.07095292078491
Persistence,UCI Electricity,persistence_qi__c80__h6,0.8,6.0,2014-04,3,Previous-window winner,rolling_user_norm,0.07095292078491
Persistence,UCI Electricity,persistence_qi__c80__h6,0.8,6.0,2014-04,3,Follow-the-leader,rolling_user_norm,0.07095292078491
Persistence,UCI Electricity,persistence_qi__c80__h6,0.8,6.0,2014-04,3,Global-CQR,rolling_global_norm,0.1147794590166902
Persistence,UCI Electricity,persistence_qi__c80__h6,0.8,6.0,2014-04,3,Segment-CQR,rolling_group_norm,0.071027892900131
Persistence,UCI Electricity,persistence_qi__c80__h6,0.8,6.0,2014-04,3,User-CQR,rolling_user_norm,0.07095292078491
Persistence,UCI Electricity,persistence_qi__c80__h6,0.8,6.0,2014-04,3,Ex-post best fixed,rolling_user_norm,0.07095292078491
Persistence,UCI Electricity,persistence_qi__c80__h6,0.8,6.0,2014-04,3,Month-wise oracle,rolling_user_norm,0.07095292078491
Persistence,UCI Electricity,persistence_qi__c80__h6,0.8,6.0,2014-05,4,CSGR,rolling_user_norm,0.0607799007795242
Persistence,UCI Electricity,persistence_qi__c80__h6,0.8,6.0,2014-05,4,Mean-fold minimum,rolling_user_norm,0.0607799007795242
Persistence,UCI Electricity,persistence_qi__c80__h6,0.8,6.0,2014-05,4,Latest-fold minimum,rolling_user_norm,0.0607799007795242
Persistence,UCI Electricity,persistence_qi__c80__h6,0.8,6.0,2014-05,4,Previous-window winner,rolling_user_norm,0.0607799007795242
Persistence,UCI Electricity,persistence_qi__c80__h6,0.8,6.0,2014-05,4,Follow-the-leader,rolling_user_norm,0.0607799007795242
Persistence,UCI Electricity,persistence_qi__c80__h6,0.8,6.0,2014-05,4,Global-CQR,rolling_global_norm,0.1229239768771073
Persistence,UCI Electricity,persistence_qi__c80__h6,0.8,6.0,2014-05,4,Segment-CQR,rolling_group_norm,0.0683785144561337
Persistence,UCI Electricity,persistence_qi__c80__h6,0.8,6.0,2014-05,4,User-CQR,rolling_user_norm,0.0607799007795242
Persistence,UCI Electricity,persistence_qi__c80__h6,0.8,6.0,2014-05,4,Ex-post best fixed,rolling_user_norm,0.0607799007795242
Persistence,UCI Electricity,persistence_qi__c80__h6,0.8,6.0,2014-05,4,Month-wise oracle,rolling_user_norm,0.0607799007795242
Persistence,UCI Electricity,persistence_qi__c80__h6,0.8,6.0,2014-06,5,CSGR,rolling_user_norm,0.0699046331309701
Persistence,UCI Electricity,persistence_qi__c80__h6,0.8,6.0,2014-06,5,Mean-fold minimum,rolling_user_norm,0.0699046331309701
Persistence,UCI Electricity,persistence_qi__c80__h6,0.8,6.0,2014-06,5,Latest-fold minimum,rolling_user_norm,0.0699046331309701
Persistence,UCI Electricity,persistence_qi__c80__h6,0.8,6.0,2014-06,5,Previous-window winner,rolling_user_norm,0.0699046331309701
Persistence,UCI Electricity,persistence_qi__c80__h6,0.8,6.0,2014-06,5,Follow-the-leader,rolling_user_norm,0.0699046331309701
Persistence,UCI Electricity,persistence_qi__c80__h6,0.8,6.0,2014-06,5,Global-CQR,rolling_global_norm,0.1290029174661791
Persistence,UCI Electricity,persistence_qi__c80__h6,0.8,6.0,2014-06,5,Segment-CQR,rolling_group_norm,0.0854319350122618
Persistence,UCI Electricity,persistence_qi__c80__h6,0.8,6.0,2014-06,5,User-CQR,rolling_user_norm,0.0699046331309701
Persistence,UCI Electricity,persistence_qi__c80__h6,0.8,6.0,2014-06,5,Ex-post best fixed,rolling_user_norm,0.0699046331309701
Persistence,UCI Electricity,persistence_qi__c80__h6,0.8,6.0,2014-06,5,Month-wise oracle,rolling_user_norm,0.0699046331309701
Persistence,UCI Electricity,persistence_qi__c80__h6,0.8,6.0,2014-07,6,CSGR,rolling_user_norm,0.0876527266752635
Persistence,UCI Electricity,persistence_qi__c80__h6,0.8,6.0,2014-07,6,Mean-fold minimum,rolling_user_norm,0.0876527266752635
Persistence,UCI Electricity,persistence_qi__c80__h6,0.8,6.0,2014-07,6,Latest-fold minimum,rolling_user_norm,0.0876527266752635
Persistence,UCI Electricity,persistence_qi__c80__h6,0.8,6.0,2014-07,6,Previous-window winner,rolling_user_norm,0.0876527266752635
Persistence,UCI Electricity,persistence_qi__c80__h6,0.8,6.0,2014-07,6,Follow-the-leader,rolling_user_norm,0.0876527266752635
Persistence,UCI Electricity,persistence_qi__c80__h6,0.8,6.0,2014-07,6,Global-CQR,rolling_global_norm,0.1438787589737122
Persistence,UCI Electricity,persistence_qi__c80__h6,0.8,6.0,2014-07,6,Segment-CQR,rolling_group_norm,0.1015359071574499
Persistence,UCI Electricity,persistence_qi__c80__h6,0.8,6.0,2014-07,6,User-CQR,rolling_user_norm,0.0876527266752635
Persistence,UCI Electricity,persistence_qi__c80__h6,0.8,6.0,2014-07,6,Ex-post best fixed,rolling_user_norm,0.0876527266752635
Persistence,UCI Electricity,persistence_qi__c80__h6,0.8,6.0,2014-07,6,Month-wise oracle,rolling_user_norm,0.0876527266752635
Persistence,UCI Electricity,persistence_qi__c80__h6,0.8,6.0,2014-08,7,CSGR,rolling_user_norm,0.0482498451096699
Persistence,UCI Electricity,persistence_qi__c80__h6,0.8,6.0,2014-08,7,Mean-fold minimum,rolling_user_norm,0.0482498451096699
Persistence,UCI Electricity,persistence_qi__c80__h6,0.8,6.0,2014-08,7,Latest-fold minimum,rolling_user_norm,0.0482498451096699
Persistence,UCI Electricity,persistence_qi__c80__h6,0.8,6.0,2014-08,7,Previous-window winner,rolling_user_norm,0.0482498451096699
Persistence,UCI Electricity,persistence_qi__c80__h6,0.8,6.0,2014-08,7,Follow-the-leader,rolling_user_norm,0.0482498451096699
Persistence,UCI Electricity,persistence_qi__c80__h6,0.8,6.0,2014-08,7,Global-CQR,rolling_global_norm,0.0934502959704572
Persistence,UCI Electricity,persistence_qi__c80__h6,0.8,6.0,2014-08,7,Segment-CQR,rolling_group_norm,0.0746707466388514
Persistence,UCI Electricity,persistence_qi__c80__h6,0.8,6.0,2014-08,7,User-CQR,rolling_user_norm,0.0482498451096699
Persistence,UCI Electricity,persistence_qi__c80__h6,0.8,6.0,2014-08,7,Ex-post best fixed,rolling_user_norm,0.0482498451096699
Persistence,UCI Electricity,persistence_qi__c80__h6,0.8,6.0,2014-08,7,Month-wise oracle,rolling_user_norm,0.0482498451096699
Persistence,UCI Electricity,persistence_qi__c80__h6,0.8,6.0,2014-09,8,CSGR,rolling_user_norm,0.0513797728987669
Persistence,UCI Electricity,persistence_qi__c80__h6,0.8,6.0,2014-09,8,Mean-fold minimum,rolling_user_norm,0.0513797728987669
Persistence,UCI Electricity,persistence_qi__c80__h6,0.8,6.0,2014-09,8,Latest-fold minimum,rolling_user_norm,0.0513797728987669
Persistence,UCI Electricity,persistence_qi__c80__h6,0.8,6.0,2014-09,8,Previous-window winner,rolling_user_norm,0.0513797728987669
Persistence,UCI Electricity,persistence_qi__c80__h6,0.8,6.0,2014-09,8,Follow-the-leader,rolling_user_norm,0.0513797728987669
Persistence,UCI Electricity,persistence_qi__c80__h6,0.8,6.0,2014-09,8,Global-CQR,rolling_global_norm,0.0840302856823914
Persistence,UCI Electricity,persistence_qi__c80__h6,0.8,6.0,2014-09,8,Segment-CQR,rolling_group_norm,0.0724950320265472
Persistence,UCI Electricity,persistence_qi__c80__h6,0.8,6.0,2014-09,8,User-CQR,rolling_user_norm,0.0513797728987669
Persistence,UCI Electricity,persistence_qi__c80__h6,0.8,6.0,2014-09,8,Ex-post best fixed,rolling_user_norm,0.0513797728987669
Persistence,UCI Electricity,persistence_qi__c80__h6,0.8,6.0,2014-09,8,Month-wise oracle,rolling_user_norm,0.0513797728987669
Persistence,UCI Electricity,persistence_qi__c80__h6,0.8,6.0,2014-10,9,CSGR,rolling_user_norm,0.0839125205170716
Persistence,UCI Electricity,persistence_qi__c80__h6,0.8,6.0,2014-10,9,Mean-fold minimum,rolling_user_norm,0.0839125205170716
Persistence,UCI Electricity,persistence_qi__c80__h6,0.8,6.0,2014-10,9,Latest-fold minimum,rolling_user_norm,0.0839125205170716
Persistence,UCI Electricity,persistence_qi__c80__h6,0.8,6.0,2014-10,9,Previous-window winner,rolling_user_norm,0.0839125205170716
Persistence,UCI Electricity,persistence_qi__c80__h6,0.8,6.0,2014-10,9,Follow-the-leader,rolling_user_norm,0.0839125205170716
Persistence,UCI Electricity,persistence_qi__c80__h6,0.8,6.0,2014-10,9,Global-CQR,rolling_global_norm,0.0860218484416368
Persistence,UCI Electricity,persistence_qi__c80__h6,0.8,6.0,2014-10,9,Segment-CQR,rolling_group_norm,0.0854570940109235
Persistence,UCI Electricity,persistence_qi__c80__h6,0.8,6.0,2014-10,9,User-CQR,rolling_user_norm,0.0839125205170716
Persistence,UCI Electricity,persistence_qi__c80__h6,0.8,6.0,2014-10,9,Ex-post best fixed,rolling_user_norm,0.0839125205170716
Persistence,UCI Electricity,persistence_qi__c80__h6,0.8,6.0,2014-10,9,Month-wise oracle,rolling_user_norm,0.0839125205170716
Persistence,UCI Electricity,persistence_qi__c80__h6,0.8,6.0,2014-11,10,CSGR,rolling_user_norm,0.0944322951501431
Persistence,UCI Electricity,persistence_qi__c80__h6,0.8,6.0,2014-11,10,Mean-fold minimum,rolling_user_norm,0.0944322951501431
Persistence,UCI Electricity,persistence_qi__c80__h6,0.8,6.0,2014-11,10,Latest-fold minimum,rolling_user_norm,0.0944322951501431
Persistence,UCI Electricity,persistence_qi__c80__h6,0.8,6.0,2014-11,10,Previous-window winner,rolling_user_norm,0.0944322951501431
Persistence,UCI Electricity,persistence_qi__c80__h6,0.8,6.0,2014-11,10,Follow-the-leader,rolling_user_norm,0.0944322951501431
Persistence,UCI Electricity,persistence_qi__c80__h6,0.8,6.0,2014-11,10,Global-CQR,rolling_global_norm,0.1264059728105427
Persistence,UCI Electricity,persistence_qi__c80__h6,0.8,6.0,2014-11,10,Segment-CQR,rolling_group_norm,0.0973473433400215
Persistence,UCI Electricity,persistence_qi__c80__h6,0.8,6.0,2014-11,10,User-CQR,rolling_user_norm,0.0944322951501431
Persistence,UCI Electricity,persistence_qi__c80__h6,0.8,6.0,2014-11,10,Ex-post best fixed,rolling_user_norm,0.0944322951501431
Persistence,UCI Electricity,persistence_qi__c80__h6,0.8,6.0,2014-11,10,Month-wise oracle,rolling_user_norm,0.0944322951501431
Persistence,UCI Electricity,persistence_qi__c80__h6,0.8,6.0,2014-12,11,CSGR,rolling_user_norm,0.0651971949801782
Persistence,UCI Electricity,persistence_qi__c80__h6,0.8,6.0,2014-12,11,Mean-fold minimum,rolling_user_norm,0.0651971949801782
Persistence,UCI Electricity,persistence_qi__c80__h6,0.8,6.0,2014-12,11,Latest-fold minimum,rolling_user_norm,0.0651971949801782
Persistence,UCI Electricity,persistence_qi__c80__h6,0.8,6.0,2014-12,11,Previous-window winner,rolling_user_norm,0.0651971949801782
Persistence,UCI Electricity,persistence_qi__c80__h6,0.8,6.0,2014-12,11,Follow-the-leader,rolling_user_norm,0.0651971949801782
Persistence,UCI Electricity,persistence_qi__c80__h6,0.8,6.0,2014-12,11,Global-CQR,rolling_global_norm,0.1469707736107753
Persistence,UCI Electricity,persistence_qi__c80__h6,0.8,6.0,2014-12,11,Segment-CQR,rolling_group_norm,0.0795127302561055
Persistence,UCI Electricity,persistence_qi__c80__h6,0.8,6.0,2014-12,11,User-CQR,rolling_user_norm,0.0651971949801782
Persistence,UCI Electricity,persistence_qi__c80__h6,0.8,6.0,2014-12,11,Ex-post best fixed,rolling_user_norm,0.0651971949801782
Persistence,UCI Electricity,persistence_qi__c80__h6,0.8,6.0,2014-12,11,Month-wise oracle,rolling_user_norm,0.0651971949801782
Persistence,UCI Electricity,persistence_qi__c90__h1,0.9,1.0,2014-01,0,CSGR,rolling_group_norm,0.0185153652375296
Persistence,UCI Electricity,persistence_qi__c90__h1,0.9,1.0,2014-01,0,Mean-fold minimum,rolling_group_norm,0.0185153652375296
Persistence,UCI Electricity,persistence_qi__c90__h1,0.9,1.0,2014-01,0,Latest-fold minimum,rolling_group_norm,0.0185153652375296
Persistence,UCI Electricity,persistence_qi__c90__h1,0.9,1.0,2014-01,0,Previous-window winner,rolling_global_norm,0.04260549768701
Persistence,UCI Electricity,persistence_qi__c90__h1,0.9,1.0,2014-01,0,Follow-the-leader,rolling_global_norm,0.04260549768701
Persistence,UCI Electricity,persistence_qi__c90__h1,0.9,1.0,2014-01,0,Global-CQR,rolling_global_norm,0.04260549768701
Persistence,UCI Electricity,persistence_qi__c90__h1,0.9,1.0,2014-01,0,Segment-CQR,rolling_group_norm,0.0185153652375296
Persistence,UCI Electricity,persistence_qi__c90__h1,0.9,1.0,2014-01,0,User-CQR,rolling_user_norm,0.0197970754194739
Persistence,UCI Electricity,persistence_qi__c90__h1,0.9,1.0,2014-01,0,Ex-post best fixed,rolling_user_norm,0.0197970754194739
Persistence,UCI Electricity,persistence_qi__c90__h1,0.9,1.0,2014-01,0,Month-wise oracle,rolling_group_norm,0.0185153652375296
Persistence,UCI Electricity,persistence_qi__c90__h1,0.9,1.0,2014-02,1,CSGR,rolling_user_norm,0.0141728545374378
Persistence,UCI Electricity,persistence_qi__c90__h1,0.9,1.0,2014-02,1,Mean-fold minimum,rolling_user_norm,0.0141728545374378
Persistence,UCI Electricity,persistence_qi__c90__h1,0.9,1.0,2014-02,1,Latest-fold minimum,rolling_user_norm,0.0141728545374378
Persistence,UCI Electricity,persistence_qi__c90__h1,0.9,1.0,2014-02,1,Previous-window winner,rolling_group_norm,0.0196483474070609
Persistence,UCI Electricity,persistence_qi__c90__h1,0.9,1.0,2014-02,1,Follow-the-leader,rolling_group_norm,0.0196483474070609
Persistence,UCI Electricity,persistence_qi__c90__h1,0.9,1.0,2014-02,1,Global-CQR,rolling_global_norm,0.0441399199043688
Persistence,UCI Electricity,persistence_qi__c90__h1,0.9,1.0,2014-02,1,Segment-CQR,rolling_group_norm,0.0196483474070609
Persistence,UCI Electricity,persistence_qi__c90__h1,0.9,1.0,2014-02,1,User-CQR,rolling_user_norm,0.0141728545374378
Persistence,UCI Electricity,persistence_qi__c90__h1,0.9,1.0,2014-02,1,Ex-post best fixed,rolling_user_norm,0.0141728545374378
Persistence,UCI Electricity,persistence_qi__c90__h1,0.9,1.0,2014-02,1,Month-wise oracle,rolling_user_norm,0.0141728545374378
Persistence,UCI Electricity,persistence_qi__c90__h1,0.9,1.0,2014-03,2,CSGR,rolling_user_norm,0.021555018621876
Persistence,UCI Electricity,persistence_qi__c90__h1,0.9,1.0,2014-03,2,Mean-fold minimum,rolling_user_norm,0.021555018621876
Persistence,UCI Electricity,persistence_qi__c90__h1,0.9,1.0,2014-03,2,Latest-fold minimum,rolling_user_norm,0.021555018621876
Persistence,UCI Electricity,persistence_qi__c90__h1,0.9,1.0,2014-03,2,Previous-window winner,rolling_user_norm,0.021555018621876
Persistence,UCI Electricity,persistence_qi__c90__h1,0.9,1.0,2014-03,2,Follow-the-leader,rolling_user_norm,0.021555018621876
Persistence,UCI Electricity,persistence_qi__c90__h1,0.9,1.0,2014-03,2,Global-CQR,rolling_global_norm,0.0325986261621884
Persistence,UCI Electricity,persistence_qi__c90__h1,0.9,1.0,2014-03,2,Segment-CQR,rolling_group_norm,0.0180650990900552
Persistence,UCI Electricity,persistence_qi__c90__h1,0.9,1.0,2014-03,2,User-CQR,rolling_user_norm,0.021555018621876
Persistence,UCI Electricity,persistence_qi__c90__h1,0.9,1.0,2014-03,2,Ex-post best fixed,rolling_user_norm,0.021555018621876
Persistence,UCI Electricity,persistence_qi__c90__h1,0.9,1.0,2014-03,2,Month-wise oracle,rolling_group_norm,0.0180650990900552
Persistence,UCI Electricity,persistence_qi__c90__h1,0.9,1.0,2014-04,3,CSGR,rolling_group_norm,0.0221403463304424
Persistence,UCI Electricity,persistence_qi__c90__h1,0.9,1.0,2014-04,3,Mean-fold minimum,rolling_user_norm,0.0276737280209502
Persistence,UCI Electricity,persistence_qi__c90__h1,0.9,1.0,2014-04,3,Latest-fold minimum,rolling_user_norm,0.0276737280209502
Persistence,UCI Electricity,persistence_qi__c90__h1,0.9,1.0,2014-04,3,Previous-window winner,rolling_group_norm,0.0221403463304424
Persistence,UCI Electricity,persistence_qi__c90__h1,0.9,1.0,2014-04,3,Follow-the-leader,rolling_user_norm,0.0276737280209502
Persistence,UCI Electricity,persistence_qi__c90__h1,0.9,1.0,2014-04,3,Global-CQR,rolling_global_norm,0.0328547761063442
Persistence,UCI Electricity,persistence_qi__c90__h1,0.9,1.0,2014-04,3,Segment-CQR,rolling_group_norm,0.0221403463304424
Persistence,UCI Electricity,persistence_qi__c90__h1,0.9,1.0,2014-04,3,User-CQR,rolling_user_norm,0.0276737280209502
Persistence,UCI Electricity,persistence_qi__c90__h1,0.9,1.0,2014-04,3,Ex-post best fixed,rolling_user_norm,0.0276737280209502
Persistence,UCI Electricity,persistence_qi__c90__h1,0.9,1.0,2014-04,3,Month-wise oracle,rolling_group_norm,0.0221403463304424
Persistence,UCI Electricity,persistence_qi__c90__h1,0.9,1.0,2014-05,4,CSGR,rolling_user_norm,0.0197890717791862
Persistence,UCI Electricity,persistence_qi__c90__h1,0.9,1.0,2014-05,4,Mean-fold minimum,rolling_user_norm,0.0197890717791862
Persistence,UCI Electricity,persistence_qi__c90__h1,0.9,1.0,2014-05,4,Latest-fold minimum,rolling_group_norm,0.0219158689153735
Persistence,UCI Electricity,persistence_qi__c90__h1,0.9,1.0,2014-05,4,Previous-window winner,rolling_group_norm,0.0219158689153735
Persistence,UCI Electricity,persistence_qi__c90__h1,0.9,1.0,2014-05,4,Follow-the-leader,rolling_group_norm,0.0219158689153735
Persistence,UCI Electricity,persistence_qi__c90__h1,0.9,1.0,2014-05,4,Global-CQR,rolling_global_norm,0.0432425224904846
Persistence,UCI Electricity,persistence_qi__c90__h1,0.9,1.0,2014-05,4,Segment-CQR,rolling_group_norm,0.0219158689153735
Persistence,UCI Electricity,persistence_qi__c90__h1,0.9,1.0,2014-05,4,User-CQR,rolling_user_norm,0.0197890717791862
Persistence,UCI Electricity,persistence_qi__c90__h1,0.9,1.0,2014-05,4,Ex-post best fixed,rolling_user_norm,0.0197890717791862
Persistence,UCI Electricity,persistence_qi__c90__h1,0.9,1.0,2014-05,4,Month-wise oracle,rolling_user_norm,0.0197890717791862
Persistence,UCI Electricity,persistence_qi__c90__h1,0.9,1.0,2014-06,5,CSGR,rolling_user_norm,0.0190112369211831
Persistence,UCI Electricity,persistence_qi__c90__h1,0.9,1.0,2014-06,5,Mean-fold minimum,rolling_user_norm,0.0190112369211831
Persistence,UCI Electricity,persistence_qi__c90__h1,0.9,1.0,2014-06,5,Latest-fold minimum,rolling_user_norm,0.0190112369211831
Persistence,UCI Electricity,persistence_qi__c90__h1,0.9,1.0,2014-06,5,Previous-window winner,rolling_user_norm,0.0190112369211831
Persistence,UCI Electricity,persistence_qi__c90__h1,0.9,1.0,2014-06,5,Follow-the-leader,rolling_group_norm,0.0240056121486512
Persistence,UCI Electricity,persistence_qi__c90__h1,0.9,1.0,2014-06,5,Global-CQR,rolling_global_norm,0.0383418828367305
Persistence,UCI Electricity,persistence_qi__c90__h1,0.9,1.0,2014-06,5,Segment-CQR,rolling_group_norm,0.0240056121486512
Persistence,UCI Electricity,persistence_qi__c90__h1,0.9,1.0,2014-06,5,User-CQR,rolling_user_norm,0.0190112369211831
Persistence,UCI Electricity,persistence_qi__c90__h1,0.9,1.0,2014-06,5,Ex-post best fixed,rolling_user_norm,0.0190112369211831
Persistence,UCI Electricity,persistence_qi__c90__h1,0.9,1.0,2014-06,5,Month-wise oracle,rolling_user_norm,0.0190112369211831
Persistence,UCI Electricity,persistence_qi__c90__h1,0.9,1.0,2014-07,6,CSGR,rolling_user_norm,0.0213102100334081
Persistence,UCI Electricity,persistence_qi__c90__h1,0.9,1.0,2014-07,6,Mean-fold minimum,rolling_user_norm,0.0213102100334081
Persistence,UCI Electricity,persistence_qi__c90__h1,0.9,1.0,2014-07,6,Latest-fold minimum,rolling_user_norm,0.0213102100334081
Persistence,UCI Electricity,persistence_qi__c90__h1,0.9,1.0,2014-07,6,Previous-window winner,rolling_user_norm,0.0213102100334081
Persistence,UCI Electricity,persistence_qi__c90__h1,0.9,1.0,2014-07,6,Follow-the-leader,rolling_user_norm,0.0213102100334081
Persistence,UCI Electricity,persistence_qi__c90__h1,0.9,1.0,2014-07,6,Global-CQR,rolling_global_norm,0.0510889622318689
Persistence,UCI Electricity,persistence_qi__c90__h1,0.9,1.0,2014-07,6,Segment-CQR,rolling_group_norm,0.0268083409537624
Persistence,UCI Electricity,persistence_qi__c90__h1,0.9,1.0,2014-07,6,User-CQR,rolling_user_norm,0.0213102100334081
Persistence,UCI Electricity,persistence_qi__c90__h1,0.9,1.0,2014-07,6,Ex-post best fixed,rolling_user_norm,0.0213102100334081
Persistence,UCI Electricity,persistence_qi__c90__h1,0.9,1.0,2014-07,6,Month-wise oracle,rolling_user_norm,0.0213102100334081
Persistence,UCI Electricity,persistence_qi__c90__h1,0.9,1.0,2014-08,7,CSGR,rolling_user_norm,0.0215952193048533
Persistence,UCI Electricity,persistence_qi__c90__h1,0.9,1.0,2014-08,7,Mean-fold minimum,rolling_user_norm,0.0215952193048533
Persistence,UCI Electricity,persistence_qi__c90__h1,0.9,1.0,2014-08,7,Latest-fold minimum,rolling_user_norm,0.0215952193048533
Persistence,UCI Electricity,persistence_qi__c90__h1,0.9,1.0,2014-08,7,Previous-window winner,rolling_user_norm,0.0215952193048533
Persistence,UCI Electricity,persistence_qi__c90__h1,0.9,1.0,2014-08,7,Follow-the-leader,rolling_user_norm,0.0215952193048533
Persistence,UCI Electricity,persistence_qi__c90__h1,0.9,1.0,2014-08,7,Global-CQR,rolling_global_norm,0.0357494582488078
Persistence,UCI Electricity,persistence_qi__c90__h1,0.9,1.0,2014-08,7,Segment-CQR,rolling_group_norm,0.0204178989120028
Persistence,UCI Electricity,persistence_qi__c90__h1,0.9,1.0,2014-08,7,User-CQR,rolling_user_norm,0.0215952193048533
Persistence,UCI Electricity,persistence_qi__c90__h1,0.9,1.0,2014-08,7,Ex-post best fixed,rolling_user_norm,0.0215952193048533
Persistence,UCI Electricity,persistence_qi__c90__h1,0.9,1.0,2014-08,7,Month-wise oracle,rolling_group_norm,0.0204178989120028
Persistence,UCI Electricity,persistence_qi__c90__h1,0.9,1.0,2014-09,8,CSGR,rolling_user_norm,0.0171355128344375
Persistence,UCI Electricity,persistence_qi__c90__h1,0.9,1.0,2014-09,8,Mean-fold minimum,rolling_user_norm,0.0171355128344375
Persistence,UCI Electricity,persistence_qi__c90__h1,0.9,1.0,2014-09,8,Latest-fold minimum,rolling_group_norm,0.0217348677779492
Persistence,UCI Electricity,persistence_qi__c90__h1,0.9,1.0,2014-09,8,Previous-window winner,rolling_group_norm,0.0217348677779492
Persistence,UCI Electricity,persistence_qi__c90__h1,0.9,1.0,2014-09,8,Follow-the-leader,rolling_user_norm,0.0171355128344375
Persistence,UCI Electricity,persistence_qi__c90__h1,0.9,1.0,2014-09,8,Global-CQR,rolling_global_norm,0.0352786376307881
Persistence,UCI Electricity,persistence_qi__c90__h1,0.9,1.0,2014-09,8,Segment-CQR,rolling_group_norm,0.0217348677779492
Persistence,UCI Electricity,persistence_qi__c90__h1,0.9,1.0,2014-09,8,User-CQR,rolling_user_norm,0.0171355128344375
Persistence,UCI Electricity,persistence_qi__c90__h1,0.9,1.0,2014-09,8,Ex-post best fixed,rolling_user_norm,0.0171355128344375
Persistence,UCI Electricity,persistence_qi__c90__h1,0.9,1.0,2014-09,8,Month-wise oracle,rolling_user_norm,0.0171355128344375
Persistence,UCI Electricity,persistence_qi__c90__h1,0.9,1.0,2014-10,9,CSGR,rolling_user_norm,0.020155372734409
Persistence,UCI Electricity,persistence_qi__c90__h1,0.9,1.0,2014-10,9,Mean-fold minimum,rolling_user_norm,0.020155372734409
Persistence,UCI Electricity,persistence_qi__c90__h1,0.9,1.0,2014-10,9,Latest-fold minimum,rolling_user_norm,0.020155372734409
Persistence,UCI Electricity,persistence_qi__c90__h1,0.9,1.0,2014-10,9,Previous-window winner,rolling_user_norm,0.020155372734409
Persistence,UCI Electricity,persistence_qi__c90__h1,0.9,1.0,2014-10,9,Follow-the-leader,rolling_user_norm,0.020155372734409
Persistence,UCI Electricity,persistence_qi__c90__h1,0.9,1.0,2014-10,9,Global-CQR,rolling_global_norm,0.0364211800920524
Persistence,UCI Electricity,persistence_qi__c90__h1,0.9,1.0,2014-10,9,Segment-CQR,rolling_group_norm,0.0222708716083558
Persistence,UCI Electricity,persistence_qi__c90__h1,0.9,1.0,2014-10,9,User-CQR,rolling_user_norm,0.020155372734409
Persistence,UCI Electricity,persistence_qi__c90__h1,0.9,1.0,2014-10,9,Ex-post best fixed,rolling_user_norm,0.020155372734409
Persistence,UCI Electricity,persistence_qi__c90__h1,0.9,1.0,2014-10,9,Month-wise oracle,rolling_user_norm,0.020155372734409
Persistence,UCI Electricity,persistence_qi__c90__h1,0.9,1.0,2014-11,10,CSGR,rolling_user_norm,0.021484250398724
Persistence,UCI Electricity,persistence_qi__c90__h1,0.9,1.0,2014-11,10,Mean-fold minimum,rolling_user_norm,0.021484250398724
Persistence,UCI Electricity,persistence_qi__c90__h1,0.9,1.0,2014-11,10,Latest-fold minimum,rolling_user_norm,0.021484250398724
Persistence,UCI Electricity,persistence_qi__c90__h1,0.9,1.0,2014-11,10,Previous-window winner,rolling_user_norm,0.021484250398724
Persistence,UCI Electricity,persistence_qi__c90__h1,0.9,1.0,2014-11,10,Follow-the-leader,rolling_user_norm,0.021484250398724
Persistence,UCI Electricity,persistence_qi__c90__h1,0.9,1.0,2014-11,10,Global-CQR,rolling_global_norm,0.0385156070863956
Persistence,UCI Electricity,persistence_qi__c90__h1,0.9,1.0,2014-11,10,Segment-CQR,rolling_group_norm,0.0242896441066008
Persistence,UCI Electricity,persistence_qi__c90__h1,0.9,1.0,2014-11,10,User-CQR,rolling_user_norm,0.021484250398724
Persistence,UCI Electricity,persistence_qi__c90__h1,0.9,1.0,2014-11,10,Ex-post best fixed,rolling_user_norm,0.021484250398724
Persistence,UCI Electricity,persistence_qi__c90__h1,0.9,1.0,2014-11,10,Month-wise oracle,rolling_user_norm,0.021484250398724
Persistence,UCI Electricity,persistence_qi__c90__h1,0.9,1.0,2014-12,11,CSGR,rolling_user_norm,0.0185437948613615
Persistence,UCI Electricity,persistence_qi__c90__h1,0.9,1.0,2014-12,11,Mean-fold minimum,rolling_user_norm,0.0185437948613615
Persistence,UCI Electricity,persistence_qi__c90__h1,0.9,1.0,2014-12,11,Latest-fold minimum,rolling_user_norm,0.0185437948613615
Persistence,UCI Electricity,persistence_qi__c90__h1,0.9,1.0,2014-12,11,Previous-window winner,rolling_user_norm,0.0185437948613615
Persistence,UCI Electricity,persistence_qi__c90__h1,0.9,1.0,2014-12,11,Follow-the-leader,rolling_user_norm,0.0185437948613615
Persistence,UCI Electricity,persistence_qi__c90__h1,0.9,1.0,2014-12,11,Global-CQR,rolling_global_norm,0.048303428988696
Persistence,UCI Electricity,persistence_qi__c90__h1,0.9,1.0,2014-12,11,Segment-CQR,rolling_group_norm,0.021510434732339
Persistence,UCI Electricity,persistence_qi__c90__h1,0.9,1.0,2014-12,11,User-CQR,rolling_user_norm,0.0185437948613615
Persistence,UCI Electricity,persistence_qi__c90__h1,0.9,1.0,2014-12,11,Ex-post best fixed,rolling_user_norm,0.0185437948613615
Persistence,UCI Electricity,persistence_qi__c90__h1,0.9,1.0,2014-12,11,Month-wise oracle,rolling_user_norm,0.0185437948613615
Persistence,UCI Electricity,persistence_qi__c90__h6,0.9,6.0,2014-01,0,CSGR,rolling_user_norm,0.0270003263230917
Persistence,UCI Electricity,persistence_qi__c90__h6,0.9,6.0,2014-01,0,Mean-fold minimum,rolling_user_norm,0.0270003263230917
Persistence,UCI Electricity,persistence_qi__c90__h6,0.9,6.0,2014-01,0,Latest-fold minimum,rolling_user_norm,0.0270003263230917
Persistence,UCI Electricity,persistence_qi__c90__h6,0.9,6.0,2014-01,0,Previous-window winner,rolling_global_norm,0.0670588413911341
Persistence,UCI Electricity,persistence_qi__c90__h6,0.9,6.0,2014-01,0,Follow-the-leader,rolling_global_norm,0.0670588413911341
Persistence,UCI Electricity,persistence_qi__c90__h6,0.9,6.0,2014-01,0,Global-CQR,rolling_global_norm,0.0670588413911341
Persistence,UCI Electricity,persistence_qi__c90__h6,0.9,6.0,2014-01,0,Segment-CQR,rolling_group_norm,0.0402609308900384
Persistence,UCI Electricity,persistence_qi__c90__h6,0.9,6.0,2014-01,0,User-CQR,rolling_user_norm,0.0270003263230917
Persistence,UCI Electricity,persistence_qi__c90__h6,0.9,6.0,2014-01,0,Ex-post best fixed,rolling_user_norm,0.0270003263230917
Persistence,UCI Electricity,persistence_qi__c90__h6,0.9,6.0,2014-01,0,Month-wise oracle,rolling_user_norm,0.0270003263230917
Persistence,UCI Electricity,persistence_qi__c90__h6,0.9,6.0,2014-02,1,CSGR,rolling_user_norm,0.0261726817501966
Persistence,UCI Electricity,persistence_qi__c90__h6,0.9,6.0,2014-02,1,Mean-fold minimum,rolling_user_norm,0.0261726817501966
Persistence,UCI Electricity,persistence_qi__c90__h6,0.9,6.0,2014-02,1,Latest-fold minimum,rolling_user_norm,0.0261726817501966
Persistence,UCI Electricity,persistence_qi__c90__h6,0.9,6.0,2014-02,1,Previous-window winner,rolling_user_norm,0.0261726817501966
Persistence,UCI Electricity,persistence_qi__c90__h6,0.9,6.0,2014-02,1,Follow-the-leader,rolling_user_norm,0.0261726817501966
Persistence,UCI Electricity,persistence_qi__c90__h6,0.9,6.0,2014-02,1,Global-CQR,rolling_global_norm,0.0735100016098
Persistence,UCI Electricity,persistence_qi__c90__h6,0.9,6.0,2014-02,1,Segment-CQR,rolling_group_norm,0.0449101986546277
Persistence,UCI Electricity,persistence_qi__c90__h6,0.9,6.0,2014-02,1,User-CQR,rolling_user_norm,0.0261726817501966
Persistence,UCI Electricity,persistence_qi__c90__h6,0.9,6.0,2014-02,1,Ex-post best fixed,rolling_user_norm,0.0261726817501966
Persistence,UCI Electricity,persistence_qi__c90__h6,0.9,6.0,2014-02,1,Month-wise oracle,rolling_user_norm,0.0261726817501966
Persistence,UCI Electricity,persistence_qi__c90__h6,0.9,6.0,2014-03,2,CSGR,rolling_user_norm,0.0389090994942223
Persistence,UCI Electricity,persistence_qi__c90__h6,0.9,6.0,2014-03,2,Mean-fold minimum,rolling_user_norm,0.0389090994942223
Persistence,UCI Electricity,persistence_qi__c90__h6,0.9,6.0,2014-03,2,Latest-fold minimum,rolling_user_norm,0.0389090994942223
Persistence,UCI Electricity,persistence_qi__c90__h6,0.9,6.0,2014-03,2,Previous-window winner,rolling_user_norm,0.0389090994942223
Persistence,UCI Electricity,persistence_qi__c90__h6,0.9,6.0,2014-03,2,Follow-the-leader,rolling_user_norm,0.0389090994942223
Persistence,UCI Electricity,persistence_qi__c90__h6,0.9,6.0,2014-03,2,Global-CQR,rolling_global_norm,0.0677188511850527
Persistence,UCI Electricity,persistence_qi__c90__h6,0.9,6.0,2014-03,2,Segment-CQR,rolling_group_norm,0.0514726488150646
Persistence,UCI Electricity,persistence_qi__c90__h6,0.9,6.0,2014-03,2,User-CQR,rolling_user_norm,0.0389090994942223
Persistence,UCI Electricity,persistence_qi__c90__h6,0.9,6.0,2014-03,2,Ex-post best fixed,rolling_user_norm,0.0389090994942223
Persistence,UCI Electricity,persistence_qi__c90__h6,0.9,6.0,2014-03,2,Month-wise oracle,rolling_user_norm,0.0389090994942223
Persistence,UCI Electricity,persistence_qi__c90__h6,0.9,6.0,2014-04,3,CSGR,rolling_user_norm,0.046741119377768
Persistence,UCI Electricity,persistence_qi__c90__h6,0.9,6.0,2014-04,3,Mean-fold minimum,rolling_user_norm,0.046741119377768
Persistence,UCI Electricity,persistence_qi__c90__h6,0.9,6.0,2014-04,3,Latest-fold minimum,rolling_user_norm,0.046741119377768
Persistence,UCI Electricity,persistence_qi__c90__h6,0.9,6.0,2014-04,3,Previous-window winner,rolling_user_norm,0.046741119377768
Persistence,UCI Electricity,persistence_qi__c90__h6,0.9,6.0,2014-04,3,Follow-the-leader,rolling_user_norm,0.046741119377768
Persistence,UCI Electricity,persistence_qi__c90__h6,0.9,6.0,2014-04,3,Global-CQR,rolling_global_norm,0.0758746175916874
Persistence,UCI Electricity,persistence_qi__c90__h6,0.9,6.0,2014-04,3,Segment-CQR,rolling_group_norm,0.0558191304152141
Persistence,UCI Electricity,persistence_qi__c90__h6,0.9,6.0,2014-04,3,User-CQR,rolling_user_norm,0.046741119377768
Persistence,UCI Electricity,persistence_qi__c90__h6,0.9,6.0,2014-04,3,Ex-post best fixed,rolling_user_norm,0.046741119377768
Persistence,UCI Electricity,persistence_qi__c90__h6,0.9,6.0,2014-04,3,Month-wise oracle,rolling_user_norm,0.046741119377768
Persistence,UCI Electricity,persistence_qi__c90__h6,0.9,6.0,2014-05,4,CSGR,rolling_group_norm,0.0515593130079479
Persistence,UCI Electricity,persistence_qi__c90__h6,0.9,6.0,2014-05,4,Mean-fold minimum,rolling_user_norm,0.0595440998793455
Persistence,UCI Electricity,persistence_qi__c90__h6,0.9,6.0,2014-05,4,Latest-fold minimum,rolling_user_norm,0.0595440998793455
Persistence,UCI Electricity,persistence_qi__c90__h6,0.9,6.0,2014-05,4,Previous-window winner,rolling_user_norm,0.0595440998793455
Persistence,UCI Electricity,persistence_qi__c90__h6,0.9,6.0,2014-05,4,Follow-the-leader,rolling_user_norm,0.0595440998793455
Persistence,UCI Electricity,persistence_qi__c90__h6,0.9,6.0,2014-05,4,Global-CQR,rolling_global_norm,0.1131392839249239
Persistence,UCI Electricity,persistence_qi__c90__h6,0.9,6.0,2014-05,4,Segment-CQR,rolling_group_norm,0.0515593130079479
Persistence,UCI Electricity,persistence_qi__c90__h6,0.9,6.0,2014-05,4,User-CQR,rolling_user_norm,0.0595440998793455
Persistence,UCI Electricity,persistence_qi__c90__h6,0.9,6.0,2014-05,4,Ex-post best fixed,rolling_user_norm,0.0595440998793455
Persistence,UCI Electricity,persistence_qi__c90__h6,0.9,6.0,2014-05,4,Month-wise oracle,rolling_group_norm,0.0515593130079479
Persistence,UCI Electricity,persistence_qi__c90__h6,0.9,6.0,2014-06,5,CSGR,rolling_user_norm,0.0683148762669136
Persistence,UCI Electricity,persistence_qi__c90__h6,0.9,6.0,2014-06,5,Mean-fold minimum,rolling_user_norm,0.0683148762669136
Persistence,UCI Electricity,persistence_qi__c90__h6,0.9,6.0,2014-06,5,Latest-fold minimum,rolling_user_norm,0.0683148762669136
Persistence,UCI Electricity,persistence_qi__c90__h6,0.9,6.0,2014-06,5,Previous-window winner,rolling_group_norm,0.0683720374371902
Persistence,UCI Electricity,persistence_qi__c90__h6,0.9,6.0,2014-06,5,Follow-the-leader,rolling_user_norm,0.0683148762669136
Persistence,UCI Electricity,persistence_qi__c90__h6,0.9,6.0,2014-06,5,Global-CQR,rolling_global_norm,0.116418798951281
Persistence,UCI Electricity,persistence_qi__c90__h6,0.9,6.0,2014-06,5,Segment-CQR,rolling_group_norm,0.0683720374371902
Persistence,UCI Electricity,persistence_qi__c90__h6,0.9,6.0,2014-06,5,User-CQR,rolling_user_norm,0.0683148762669136
Persistence,UCI Electricity,persistence_qi__c90__h6,0.9,6.0,2014-06,5,Ex-post best fixed,rolling_user_norm,0.0683148762669136
Persistence,UCI Electricity,persistence_qi__c90__h6,0.9,6.0,2014-06,5,Month-wise oracle,rolling_user_norm,0.0683148762669136
Persistence,UCI Electricity,persistence_qi__c90__h6,0.9,6.0,2014-07,6,CSGR,rolling_user_norm,0.0819360305088234
Persistence,UCI Electricity,persistence_qi__c90__h6,0.9,6.0,2014-07,6,Mean-fold minimum,rolling_user_norm,0.0819360305088234
Persistence,UCI Electricity,persistence_qi__c90__h6,0.9,6.0,2014-07,6,Latest-fold minimum,rolling_user_norm,0.0819360305088234
Persistence,UCI Electricity,persistence_qi__c90__h6,0.9,6.0,2014-07,6,Previous-window winner,rolling_user_norm,0.0819360305088234
Persistence,UCI Electricity,persistence_qi__c90__h6,0.9,6.0,2014-07,6,Follow-the-leader,rolling_user_norm,0.0819360305088234
Persistence,UCI Electricity,persistence_qi__c90__h6,0.9,6.0,2014-07,6,Global-CQR,rolling_global_norm,0.1181049314102991
Persistence,UCI Electricity,persistence_qi__c90__h6,0.9,6.0,2014-07,6,Segment-CQR,rolling_group_norm,0.0852108943368733
Persistence,UCI Electricity,persistence_qi__c90__h6,0.9,6.0,2014-07,6,User-CQR,rolling_user_norm,0.0819360305088234
Persistence,UCI Electricity,persistence_qi__c90__h6,0.9,6.0,2014-07,6,Ex-post best fixed,rolling_user_norm,0.0819360305088234
Persistence,UCI Electricity,persistence_qi__c90__h6,0.9,6.0,2014-07,6,Month-wise oracle,rolling_user_norm,0.0819360305088234
Persistence,UCI Electricity,persistence_qi__c90__h6,0.9,6.0,2014-08,7,CSGR,rolling_user_norm,0.0306980409826951
Persistence,UCI Electricity,persistence_qi__c90__h6,0.9,6.0,2014-08,7,Mean-fold minimum,rolling_user_norm,0.0306980409826951
Persistence,UCI Electricity,persistence_qi__c90__h6,0.9,6.0,2014-08,7,Latest-fold minimum,rolling_user_norm,0.0306980409826951
Persistence,UCI Electricity,persistence_qi__c90__h6,0.9,6.0,2014-08,7,Previous-window winner,rolling_user_norm,0.0306980409826951
Persistence,UCI Electricity,persistence_qi__c90__h6,0.9,6.0,2014-08,7,Follow-the-leader,rolling_user_norm,0.0306980409826951
Persistence,UCI Electricity,persistence_qi__c90__h6,0.9,6.0,2014-08,7,Global-CQR,rolling_global_norm,0.0652132997508908
Persistence,UCI Electricity,persistence_qi__c90__h6,0.9,6.0,2014-08,7,Segment-CQR,rolling_group_norm,0.0529422860374377
Persistence,UCI Electricity,persistence_qi__c90__h6,0.9,6.0,2014-08,7,User-CQR,rolling_user_norm,0.0306980409826951
Persistence,UCI Electricity,persistence_qi__c90__h6,0.9,6.0,2014-08,7,Ex-post best fixed,rolling_user_norm,0.0306980409826951
Persistence,UCI Electricity,persistence_qi__c90__h6,0.9,6.0,2014-08,7,Month-wise oracle,rolling_user_norm,0.0306980409826951
Persistence,UCI Electricity,persistence_qi__c90__h6,0.9,6.0,2014-09,8,CSGR,rolling_user_norm,0.0349761087101918
Persistence,UCI Electricity,persistence_qi__c90__h6,0.9,6.0,2014-09,8,Mean-fold minimum,rolling_user_norm,0.0349761087101918
Persistence,UCI Electricity,persistence_qi__c90__h6,0.9,6.0,2014-09,8,Latest-fold minimum,rolling_user_norm,0.0349761087101918
Persistence,UCI Electricity,persistence_qi__c90__h6,0.9,6.0,2014-09,8,Previous-window winner,rolling_user_norm,0.0349761087101918
Persistence,UCI Electricity,persistence_qi__c90__h6,0.9,6.0,2014-09,8,Follow-the-leader,rolling_user_norm,0.0349761087101918
Persistence,UCI Electricity,persistence_qi__c90__h6,0.9,6.0,2014-09,8,Global-CQR,rolling_global_norm,0.0538884589623837
Persistence,UCI Electricity,persistence_qi__c90__h6,0.9,6.0,2014-09,8,Segment-CQR,rolling_group_norm,0.0509350454888442
Persistence,UCI Electricity,persistence_qi__c90__h6,0.9,6.0,2014-09,8,User-CQR,rolling_user_norm,0.0349761087101918
Persistence,UCI Electricity,persistence_qi__c90__h6,0.9,6.0,2014-09,8,Ex-post best fixed,rolling_user_norm,0.0349761087101918
Persistence,UCI Electricity,persistence_qi__c90__h6,0.9,6.0,2014-09,8,Month-wise oracle,rolling_user_norm,0.0349761087101918
Persistence,UCI Electricity,persistence_qi__c90__h6,0.9,6.0,2014-10,9,CSGR,rolling_user_norm,0.0552225386567354
Persistence,UCI Electricity,persistence_qi__c90__h6,0.9,6.0,2014-10,9,Mean-fold minimum,rolling_user_norm,0.0552225386567354
Persistence,UCI Electricity,persistence_qi__c90__h6,0.9,6.0,2014-10,9,Latest-fold minimum,rolling_user_norm,0.0552225386567354
Persistence,UCI Electricity,persistence_qi__c90__h6,0.9,6.0,2014-10,9,Previous-window winner,rolling_user_norm,0.0552225386567354
Persistence,UCI Electricity,persistence_qi__c90__h6,0.9,6.0,2014-10,9,Follow-the-leader,rolling_user_norm,0.0552225386567354
Persistence,UCI Electricity,persistence_qi__c90__h6,0.9,6.0,2014-10,9,Global-CQR,rolling_global_norm,0.0553346069084882
Persistence,UCI Electricity,persistence_qi__c90__h6,0.9,6.0,2014-10,9,Segment-CQR,rolling_group_norm,0.0618248763167022
Persistence,UCI Electricity,persistence_qi__c90__h6,0.9,6.0,2014-10,9,User-CQR,rolling_user_norm,0.0552225386567354
Persistence,UCI Electricity,persistence_qi__c90__h6,0.9,6.0,2014-10,9,Ex-post best fixed,rolling_user_norm,0.0552225386567354
Persistence,UCI Electricity,persistence_qi__c90__h6,0.9,6.0,2014-10,9,Month-wise oracle,rolling_user_norm,0.0552225386567354
Persistence,UCI Electricity,persistence_qi__c90__h6,0.9,6.0,2014-11,10,CSGR,rolling_user_norm,0.060956969954211
Persistence,UCI Electricity,persistence_qi__c90__h6,0.9,6.0,2014-11,10,Mean-fold minimum,rolling_user_norm,0.060956969954211
Persistence,UCI Electricity,persistence_qi__c90__h6,0.9,6.0,2014-11,10,Latest-fold minimum,rolling_user_norm,0.060956969954211
Persistence,UCI Electricity,persistence_qi__c90__h6,0.9,6.0,2014-11,10,Previous-window winner,rolling_user_norm,0.060956969954211
Persistence,UCI Electricity,persistence_qi__c90__h6,0.9,6.0,2014-11,10,Follow-the-leader,rolling_user_norm,0.060956969954211
Persistence,UCI Electricity,persistence_qi__c90__h6,0.9,6.0,2014-11,10,Global-CQR,rolling_global_norm,0.0880232658122442
Persistence,UCI Electricity,persistence_qi__c90__h6,0.9,6.0,2014-11,10,Segment-CQR,rolling_group_norm,0.0630551911303184
Persistence,UCI Electricity,persistence_qi__c90__h6,0.9,6.0,2014-11,10,User-CQR,rolling_user_norm,0.060956969954211
Persistence,UCI Electricity,persistence_qi__c90__h6,0.9,6.0,2014-11,10,Ex-post best fixed,rolling_user_norm,0.060956969954211
Persistence,UCI Electricity,persistence_qi__c90__h6,0.9,6.0,2014-11,10,Month-wise oracle,rolling_user_norm,0.060956969954211
Persistence,UCI Electricity,persistence_qi__c90__h6,0.9,6.0,2014-12,11,CSGR,rolling_user_norm,0.0633948141234447
Persistence,UCI Electricity,persistence_qi__c90__h6,0.9,6.0,2014-12,11,Mean-fold minimum,rolling_user_norm,0.0633948141234447
Persistence,UCI Electricity,persistence_qi__c90__h6,0.9,6.0,2014-12,11,Latest-fold minimum,rolling_user_norm,0.0633948141234447
Persistence,UCI Electricity,persistence_qi__c90__h6,0.9,6.0,2014-12,11,Previous-window winner,rolling_user_norm,0.0633948141234447
Persistence,UCI Electricity,persistence_qi__c90__h6,0.9,6.0,2014-12,11,Follow-the-leader,rolling_user_norm,0.0633948141234447
Persistence,UCI Electricity,persistence_qi__c90__h6,0.9,6.0,2014-12,11,Global-CQR,rolling_global_norm,0.1157132918676883
Persistence,UCI Electricity,persistence_qi__c90__h6,0.9,6.0,2014-12,11,Segment-CQR,rolling_group_norm,0.067838527211879
Persistence,UCI Electricity,persistence_qi__c90__h6,0.9,6.0,2014-12,11,User-CQR,rolling_user_norm,0.0633948141234447
Persistence,UCI Electricity,persistence_qi__c90__h6,0.9,6.0,2014-12,11,Ex-post best fixed,rolling_user_norm,0.0633948141234447
Persistence,UCI Electricity,persistence_qi__c90__h6,0.9,6.0,2014-12,11,Month-wise oracle,rolling_user_norm,0.0633948141234447
