dataset,configuration,coverage,horizon_hours,window,window_order,user_weight,efficiency_weight,selected_policy,router_loss,oracle_loss,oracle_policy,router_macro_user_abs_coverage_gap,router_max_abs_cluster_coverage_gap,router_normalized_interval_score,loss__rolling_global_norm,loss__rolling_group_norm,loss__rolling_user_norm,cv_mean_gain_over_global__rolling_global_norm,cv_mean_gain_over_global__rolling_group_norm,cv_mean_gain_over_global__rolling_user_norm,cv_lower_gain__rolling_global_norm,cv_lower_gain__rolling_group_norm,cv_lower_gain__rolling_user_norm,mean_fold_policy,latest_fold_policy,forecaster,previous_window_policy,follow_the_leader_policy,best_fixed_policy
Ausgrid,lightgbm_quantile__c80__h1,0.8,1.0,2012-07,0,0.5,0.0,rolling_user_norm,0.0203599608666228,0.0203599608666228,rolling_user_norm,0.0269491494947315,0.0137707722385141,2.8781213309166893,0.0276807765336129,0.0266371955679897,0.0203599608666228,0.0,-0.0005711197214668,0.0038395473590372,0.0,-0.0017489863353379,0.0029237146713831,rolling_user_norm,rolling_user_norm,LightGBM,rolling_global_norm,rolling_global_norm,rolling_user_norm
Ausgrid,lightgbm_quantile__c80__h1,0.8,1.0,2012-08,1,0.5,0.0,rolling_user_norm,0.018738603466426,0.018738603466426,rolling_user_norm,0.0258478081058726,0.0116293988269794,2.602991938003977,0.0249601658745721,0.0230317101146435,0.018738603466426,0.0,0.0033471773393613,0.0094194455290494,0.0,0.00316264500604,0.0084707680095068,rolling_user_norm,rolling_user_norm,LightGBM,rolling_user_norm,rolling_user_norm,rolling_user_norm
Ausgrid,lightgbm_quantile__c80__h1,0.8,1.0,2012-09,2,0.5,0.0,rolling_user_norm,0.0315763192121887,0.0315763192121887,rolling_user_norm,0.0353748606465997,0.0277777777777776,1.916629482830849,0.0333346265751157,0.0323564475228877,0.0315763192121887,0.0,0.0015004490986799,0.0062746195157279,0.0,0.0009254727330077,0.0052082009564352,rolling_user_norm,rolling_user_norm,LightGBM,rolling_user_norm,rolling_user_norm,rolling_user_norm
Ausgrid,lightgbm_quantile__c80__h1,0.8,1.0,2012-10,3,0.5,0.0,rolling_user_norm,0.0171016466965412,0.0171016466965412,rolling_user_norm,0.02739418132125,0.0068091120718324,1.805136152044788,0.0235009040226523,0.0209702375060199,0.0171016466965412,0.0,0.0002298124580733,0.0049686877132529,0.0,-6.68989213029005e-05,0.0044951722000745,rolling_user_norm,rolling_user_norm,LightGBM,rolling_user_norm,rolling_user_norm,rolling_user_norm
Ausgrid,lightgbm_quantile__c80__h1,0.8,1.0,2012-11,4,0.5,0.0,rolling_user_norm,0.0179451945246782,0.0179451945246782,rolling_user_norm,0.0253553511705685,0.0105350378787879,1.809206055590948,0.0243555516438812,0.0234087715575487,0.0179451945246782,0.0,0.0013305657144012,0.0064777226730173,0.0,0.000731205014836,0.0046826318419555,rolling_user_norm,rolling_user_norm,LightGBM,rolling_user_norm,rolling_user_norm,rolling_user_norm
Ausgrid,lightgbm_quantile__c80__h1,0.8,1.0,2012-12,5,0.5,0.0,rolling_user_norm,0.015906022791858,0.015906022791858,rolling_user_norm,0.0257165461934045,0.0060954993903115,1.9240262909407024,0.024534011526692,0.0216451792714064,0.015906022791858,0.0,0.0010858650947323,0.0079773808195575,0.0,-0.0016338846489372,0.0041643758872008,rolling_user_norm,rolling_user_norm,LightGBM,rolling_user_norm,rolling_user_norm,rolling_user_norm
Ausgrid,lightgbm_quantile__c80__h1,0.8,1.0,2013-01,6,0.5,0.0,rolling_user_norm,0.0190928802693381,0.0190928802693381,rolling_user_norm,0.0279956485776962,0.0101901119609799,2.2622815274318184,0.0278360053381737,0.0262205031440945,0.0190928802693381,0.0,0.0017103836166011,0.0082034481425206,0.0,0.0005742203739341,0.0056768320046352,rolling_user_norm,rolling_user_norm,LightGBM,rolling_user_norm,rolling_user_norm,rolling_user_norm
Ausgrid,lightgbm_quantile__c80__h1,0.8,1.0,2013-02,7,0.5,0.0,rolling_user_norm,0.0172769627338241,0.0172769627338241,rolling_user_norm,0.0295772615066093,0.004976663961039,1.8765827600299303,0.028834121607559,0.0267031129069887,0.0172769627338241,0.0,0.0024053716230637,0.007657359397603,0.0,0.0015449877598762,0.0064025968605792,rolling_user_norm,rolling_user_norm,LightGBM,rolling_user_norm,rolling_user_norm,rolling_user_norm
Ausgrid,lightgbm_quantile__c80__h1,0.8,1.0,2013-03,8,0.5,0.0,rolling_user_norm,0.0166438798136937,0.0166438798136937,rolling_user_norm,0.0244736037688351,0.0088141558585522,1.8555987043687856,0.0273206887490723,0.0249389013891406,0.0166438798136937,0.0,0.0029610890290953,0.0120954878481337,0.0,0.002624059898866,0.0106106124108609,rolling_user_norm,rolling_user_norm,LightGBM,rolling_user_norm,rolling_user_norm,rolling_user_norm
Ausgrid,lightgbm_quantile__c80__h1,0.8,1.0,2013-04,9,0.5,0.0,rolling_user_norm,0.0215304466806183,0.0215304466806183,rolling_user_norm,0.0293060200668896,0.0137548732943469,1.8030993972054743,0.0259388120407857,0.0248197268184396,0.0215304466806183,0.0,0.0001603610870055,0.0070020832795373,0.0,-0.00055605012864,0.0062585910843961,rolling_user_norm,rolling_user_norm,LightGBM,rolling_user_norm,rolling_user_norm,rolling_user_norm
Ausgrid,lightgbm_quantile__c80__h1,0.8,1.0,2013-05,10,0.5,0.0,rolling_user_norm,0.0239018589375795,0.0239018589375795,rolling_user_norm,0.0308941993023339,0.016909518572825,2.19938450849355,0.0291829068188686,0.0274685346356542,0.0239018589375795,0.0,0.0021189462549175,0.0075871642809151,0.0,0.0018987493068108,0.0054812648246277,rolling_user_norm,rolling_user_norm,LightGBM,rolling_user_norm,rolling_user_norm,rolling_user_norm
Ausgrid,lightgbm_quantile__c80__h1,0.8,1.0,2013-06,11,0.5,0.0,rolling_user_norm,0.0232302836488179,0.0232302836488179,rolling_user_norm,0.030309364548495,0.0161512027491409,2.800253798562283,0.0296174565804142,0.0289668608112901,0.0232302836488179,0.0,0.0010760191172377,0.0064266596341545,0.0,-7.975476383867701e-05,0.0055083141065219,rolling_user_norm,rolling_user_norm,LightGBM,rolling_user_norm,rolling_user_norm,rolling_user_norm
Ausgrid,lightgbm_quantile__c80__h6,0.8,6.0,2012-07,0,0.5,0.0,rolling_user_norm,0.0318347402509832,0.0318347402509832,rolling_user_norm,0.0409406804042147,0.0227288000977518,3.080677874443905,0.0441346808420699,0.0396178013343598,0.0318347402509832,0.0,0.0044234270528606,0.0089226302291233,0.0,0.0035341679220908,0.0074846188010039,rolling_user_norm,rolling_user_norm,LightGBM,rolling_global_norm,rolling_global_norm,rolling_user_norm
Ausgrid,lightgbm_quantile__c80__h6,0.8,6.0,2012-08,1,0.5,0.0,rolling_user_norm,0.0207144870528022,0.0207144870528022,rolling_user_norm,0.0358097781134246,0.0056191959921798,2.8001148191102465,0.0372130991880752,0.0305216435037612,0.0207144870528022,0.0,0.0070485914549232,0.0180573874358302,0.0,0.0059480341430582,0.0163385790755294,rolling_user_norm,rolling_user_norm,LightGBM,rolling_user_norm,rolling_user_norm,rolling_user_norm
Ausgrid,lightgbm_quantile__c80__h6,0.8,6.0,2012-09,2,0.5,0.0,rolling_user_norm,0.0400746992289111,0.0400746992289111,rolling_user_norm,0.0500278706800445,0.0301215277777777,2.079049500617845,0.0508955303452585,0.0458715499476368,0.0400746992289111,0.0,0.0052000553555902,0.0151813550972973,0.0,0.0046037453686045,0.0130434951545574,rolling_user_norm,rolling_user_norm,LightGBM,rolling_user_norm,rolling_user_norm,rolling_user_norm
Ausgrid,lightgbm_quantile__c80__h6,0.8,6.0,2012-10,3,0.5,0.0,rolling_user_norm,0.0254262226663865,0.0254262226663865,rolling_user_norm,0.0385222246197,0.0123302207130731,1.9440050721859847,0.0360370889823905,0.0315221214601826,0.0254262226663865,0.0,0.005348900532682,0.0146591533122568,0.0,0.0048006215524475,0.0131991813528007,rolling_user_norm,rolling_user_norm,LightGBM,rolling_user_norm,rolling_user_norm,rolling_user_norm
Ausgrid,lightgbm_quantile__c80__h6,0.8,6.0,2012-11,4,0.5,0.0,rolling_user_norm,0.0283356136617006,0.0283356136617006,rolling_user_norm,0.0391838535860275,0.0174873737373737,1.9582514332831131,0.0355044348608421,0.0336348566137968,0.0283356136617006,0.0,0.0051436778200538,0.0127106121137222,0.0,0.003704006925197,0.0107000669098779,rolling_user_norm,rolling_user_norm,LightGBM,rolling_user_norm,rolling_user_norm,rolling_user_norm
Ausgrid,lightgbm_quantile__c80__h6,0.8,6.0,2012-12,5,0.5,0.0,rolling_user_norm,0.0222490609981392,0.0222490609981392,rolling_user_norm,0.0377652209875211,0.0067329010087573,2.19201506930334,0.0375651737667428,0.0294288022636549,0.0222490609981392,0.0,0.0039419073171933,0.0112560585708469,0.0,0.0020743549599335,0.0082498284714702,rolling_user_norm,rolling_user_norm,LightGBM,rolling_user_norm,rolling_user_norm,rolling_user_norm
Ausgrid,lightgbm_quantile__c80__h6,0.8,6.0,2013-01,6,0.5,0.0,rolling_user_norm,0.03060078091662,0.03060078091662,rolling_user_norm,0.0419215485309454,0.0192800133022946,2.737271934465692,0.0408250375867745,0.0374261964557615,0.03060078091662,0.0,0.0058803653702241,0.0134240807609967,0.0,0.003723630824633,0.0093806347154737,rolling_user_norm,rolling_user_norm,LightGBM,rolling_user_norm,rolling_user_norm,rolling_user_norm
Ausgrid,lightgbm_quantile__c80__h6,0.8,6.0,2013-02,7,0.5,0.0,rolling_user_norm,0.0323119565422624,0.0323119565422624,rolling_user_norm,0.042366917502787,0.0222569955817377,2.0482421896305105,0.0466585299890326,0.0425747290304943,0.0323119565422624,0.0,0.0037027951072573,0.0140102244160785,0.0,0.00227575939098,0.0112389679117754,rolling_user_norm,rolling_user_norm,LightGBM,rolling_user_norm,rolling_user_norm,rolling_user_norm
Ausgrid,lightgbm_quantile__c80__h6,0.8,6.0,2013-03,8,0.5,0.0,rolling_user_norm,0.025122190534505,0.025122190534505,rolling_user_norm,0.0339891933685762,0.0162551877004338,2.020244072968376,0.0418596976889403,0.0365111271363577,0.025122190534505,0.0,0.004659013740803,0.0136659104421046,0.0,0.0027071350930052,0.0111997593990392,rolling_user_norm,rolling_user_norm,LightGBM,rolling_user_norm,rolling_user_norm,rolling_user_norm
Ausgrid,lightgbm_quantile__c80__h6,0.8,6.0,2013-04,9,0.5,0.0,rolling_user_norm,0.0299251240326755,0.0299251240326755,rolling_user_norm,0.0435247120029728,0.0163255360623781,1.9217700690702,0.0368133177844276,0.0356216322928279,0.0299251240326755,0.0,0.0021194780243413,0.0148876751314699,0.0,0.0014798318640258,0.0135023160108222,rolling_user_norm,rolling_user_norm,LightGBM,rolling_user_norm,rolling_user_norm,rolling_user_norm
Ausgrid,lightgbm_quantile__c80__h6,0.8,6.0,2013-05,10,0.5,0.0,rolling_user_norm,0.0387434313838684,0.0387434313838684,rolling_user_norm,0.049758603948646,0.0277282588190908,2.364153867597784,0.0485873315219757,0.0456715863858589,0.0387434313838684,0.0,0.0025307356185871,0.0109972862649522,0.0,0.001687077979142,0.007857209718755,rolling_user_norm,rolling_user_norm,LightGBM,rolling_user_norm,rolling_user_norm,rolling_user_norm
Ausgrid,lightgbm_quantile__c80__h6,0.8,6.0,2013-06,11,0.5,0.0,rolling_user_norm,0.036036932960958,0.036036932960958,rolling_user_norm,0.0432436826458565,0.0288301832760595,3.042039131087703,0.0505032307985683,0.0470273913888044,0.036036932960958,0.0,0.0050204137866915,0.0154703319599246,0.0,0.0049446190965432,0.0122869269538923,rolling_user_norm,rolling_user_norm,LightGBM,rolling_user_norm,rolling_user_norm,rolling_user_norm
Ausgrid,lightgbm_quantile__c90__h1,0.9,1.0,2012-07,0,0.5,0.0,rolling_user_norm,0.0151547486816596,0.0151547486816596,rolling_user_norm,0.0189489157406408,0.0113605816226783,3.565418019302726,0.0215616874994874,0.020169570816047,0.0151547486816596,0.0,0.0018780436525716,0.0046043285547306,0.0,0.0007085988595582,0.0036302586443394,rolling_user_norm,rolling_user_norm,LightGBM,rolling_global_norm,rolling_global_norm,rolling_user_norm
Ausgrid,lightgbm_quantile__c90__h1,0.9,1.0,2012-08,1,0.5,0.0,rolling_user_norm,0.0114868323296619,0.0114868323296619,rolling_user_norm,0.017258244326968,0.0057154203323558,3.2532495111098747,0.017622657871136,0.0156801400190157,0.0114868323296619,0.0,0.0023696974444994,0.0064200711581406,0.0,0.0017090947406577,0.0050222840217323,rolling_user_norm,rolling_user_norm,LightGBM,rolling_user_norm,rolling_user_norm,rolling_user_norm
Ausgrid,lightgbm_quantile__c90__h1,0.9,1.0,2012-09,2,0.5,0.0,rolling_user_norm,0.0216104660737812,0.0216104660737812,rolling_user_norm,0.0244867149758454,0.0187342171717171,2.452285282381658,0.0246949269028073,0.0231688356178844,0.0216104660737812,0.0,0.0023428610833362,0.0063061987815461,0.0,0.0021796949349383,0.0060310460431905,rolling_user_norm,rolling_user_norm,LightGBM,rolling_user_norm,rolling_user_norm,rolling_user_norm
Ausgrid,lightgbm_quantile__c90__h1,0.9,1.0,2012-10,3,0.5,0.0,rolling_user_norm,0.0120015439633793,0.0120015439633793,rolling_user_norm,0.0196632142985579,0.0043398736282008,2.3249881799629493,0.0181242385641883,0.0156447733994147,0.0120015439633793,0.0,0.0007332755147636,0.0044647267326278,0.0,0.0002845391421214,0.0035925436887934,rolling_user_norm,rolling_user_norm,LightGBM,rolling_user_norm,rolling_user_norm,rolling_user_norm
Ausgrid,lightgbm_quantile__c90__h1,0.9,1.0,2012-11,4,0.5,0.0,rolling_user_norm,0.013476067637073,0.013476067637073,rolling_user_norm,0.0183110367892976,0.0086410984848485,2.341257775878169,0.0186768903981432,0.017420420109797,0.013476067637073,0.0,0.0012875737390425,0.0052416017483237,0.0,0.0012414502287022,0.0037239108964185,rolling_user_norm,rolling_user_norm,LightGBM,rolling_user_norm,rolling_user_norm,rolling_user_norm
Ausgrid,lightgbm_quantile__c90__h1,0.9,1.0,2012-12,5,0.5,0.0,rolling_user_norm,0.0128527165710332,0.0128527165710332,rolling_user_norm,0.0210468587046427,0.0046585744374237,2.504720914255885,0.0191284481793335,0.0170485756938246,0.0128527165710332,0.0,0.0014709557050103,0.0057061729891613,0.0,-0.0001879731011812,0.003321099315618,rolling_user_norm,rolling_user_norm,LightGBM,rolling_user_norm,rolling_user_norm,rolling_user_norm
Ausgrid,lightgbm_quantile__c90__h1,0.9,1.0,2013-01,6,0.5,0.0,rolling_user_norm,0.0170725743109158,0.0170725743109158,rolling_user_norm,0.0225401877225159,0.0116049608993157,2.9583328363192494,0.0214070403198992,0.0206915770485737,0.0170725743109158,0.0,0.0014554508629475,0.0055699775042683,0.0,0.0004779349542488,0.0026860304471041,rolling_user_norm,rolling_user_norm,LightGBM,rolling_user_norm,rolling_user_norm,rolling_user_norm
Ausgrid,lightgbm_quantile__c90__h1,0.9,1.0,2013-02,7,0.5,0.0,rolling_user_norm,0.0118954571407226,0.0118954571407226,rolling_user_norm,0.0217520703933747,0.0020388438880706,2.4473703415087504,0.0194151721240715,0.0191882821602501,0.0118954571407226,0.0,0.0016884877475921,0.0063062914515753,0.0,0.0013480486870548,0.0060161541079204,rolling_user_norm,rolling_user_norm,LightGBM,rolling_user_norm,rolling_user_norm,rolling_user_norm
Ausgrid,lightgbm_quantile__c90__h1,0.9,1.0,2013-03,8,0.5,0.0,rolling_user_norm,0.0126562987180784,0.0126562987180784,rolling_user_norm,0.018283166109253,0.0070294313269039,2.41431135068149,0.0209407652013717,0.0196601487091249,0.0126562987180784,0.0,0.0008657614898694,0.0074835935445778,0.0,0.000263645717527,0.0069637712150545,rolling_user_norm,rolling_user_norm,LightGBM,rolling_user_norm,rolling_user_norm,rolling_user_norm
Ausgrid,lightgbm_quantile__c90__h1,0.9,1.0,2013-04,9,0.5,0.0,rolling_user_norm,0.0186653387347037,0.0186653387347037,rolling_user_norm,0.0233625975473801,0.0139680799220273,2.3094580677574443,0.021402675503791,0.0207262614334982,0.0186653387347037,0.0,-6.126543938904498e-05,0.0063846313244004,0.0,-0.000682180820288,0.0053821809210707,rolling_user_norm,rolling_user_norm,LightGBM,rolling_user_norm,rolling_user_norm,rolling_user_norm
Ausgrid,lightgbm_quantile__c90__h1,0.9,1.0,2013-05,10,0.5,0.0,rolling_user_norm,0.0215022713631033,0.0215022713631033,rolling_user_norm,0.0252930916675657,0.017711451058641,2.7995528288915565,0.0232910911931175,0.022190265634367,0.0215022713631033,0.0,0.0014285148331201,0.0064449782609638,0.0,0.0008550508881657,0.0050474794512465,rolling_user_norm,rolling_user_norm,LightGBM,rolling_user_norm,rolling_user_norm,rolling_user_norm
Ausgrid,lightgbm_quantile__c90__h1,0.9,1.0,2013-06,11,0.5,0.0,rolling_user_norm,0.017210899159857,0.017210899159857,rolling_user_norm,0.0224730583426235,0.0119487399770905,3.5163263246806893,0.0238088136543514,0.022677641274788,0.017210899159857,0.0,0.0017079121778306,0.0040150936346735,0.0,0.0007620447331178,0.0024931493763248,rolling_user_norm,rolling_user_norm,LightGBM,rolling_user_norm,rolling_user_norm,rolling_user_norm
Ausgrid,lightgbm_quantile__c90__h6,0.9,6.0,2012-07,0,0.5,0.0,rolling_user_norm,0.0218276745023326,0.0218276745023326,rolling_user_norm,0.0280257668932283,0.0156295821114369,3.7866165429948953,0.0312365713637674,0.0274333948981126,0.0218276745023326,0.0,0.0044728537470242,0.0066288057732809,0.0,0.0041640875304453,0.0062348173730319,rolling_user_norm,rolling_user_norm,LightGBM,rolling_global_norm,rolling_global_norm,rolling_user_norm
Ausgrid,lightgbm_quantile__c90__h6,0.9,6.0,2012-08,1,0.5,0.0,rolling_user_norm,0.0126389827375285,0.0126389827375285,rolling_user_norm,0.0233160714927895,0.0019618939822675,3.480437785587897,0.0261180941596808,0.0199459029896003,0.0126389827375285,0.0,0.0043968020098325,0.0107653567569465,0.0,0.0032770791984129,0.0087655377657688,rolling_user_norm,rolling_user_norm,LightGBM,rolling_user_norm,rolling_user_norm,rolling_user_norm
Ausgrid,lightgbm_quantile__c90__h6,0.9,6.0,2012-09,2,0.5,0.0,rolling_user_norm,0.0238911111533393,0.0238911111533393,rolling_user_norm,0.0315101263470828,0.0162720959595958,2.6606547188995497,0.0330248555792033,0.0287582661903314,0.0238911111533393,0.0,0.0048682702108045,0.0120892480041153,0.0,0.004497551696099,0.0115133813752329,rolling_user_norm,rolling_user_norm,LightGBM,rolling_user_norm,rolling_user_norm,rolling_user_norm
Ausgrid,lightgbm_quantile__c90__h6,0.9,6.0,2012-10,3,0.5,0.0,rolling_user_norm,0.018055577954672,0.018055577954672,rolling_user_norm,0.0269976984212608,0.0091134574880833,2.5106269751313186,0.024107059767861,0.0223678056663771,0.018055577954672,0.0,0.0039672745944199,0.0081359662751835,0.0,0.0031011119175783,0.0068684632207236,rolling_user_norm,rolling_user_norm,LightGBM,rolling_user_norm,rolling_user_norm,rolling_user_norm
Ausgrid,lightgbm_quantile__c90__h6,0.9,6.0,2012-11,4,0.5,0.0,rolling_user_norm,0.021941839485997,0.021941839485997,rolling_user_norm,0.0270670754366406,0.0168166035353535,2.5496071633198403,0.0235506528060315,0.0238355281493868,0.021941839485997,0.0,0.0018309368691948,0.0069108512472356,0.0,0.0009350846308997,0.003641394877962,rolling_user_norm,rolling_user_norm,LightGBM,rolling_user_norm,rolling_user_norm,rolling_user_norm
Ausgrid,lightgbm_quantile__c90__h6,0.9,6.0,2012-12,5,0.5,0.0,rolling_user_norm,0.0174589651274488,0.0174589651274488,rolling_user_norm,0.0270377063329377,0.0078802239219598,2.855319337332412,0.0236054647783258,0.0197623975866048,0.0174589651274488,0.0,0.0014543181990257,0.0064137595929452,0.0,0.0003522619327566,0.0031157771232268,rolling_user_norm,rolling_user_norm,LightGBM,rolling_user_norm,rolling_user_norm,rolling_user_norm
Ausgrid,lightgbm_quantile__c90__h6,0.9,6.0,2013-01,6,0.5,0.0,rolling_user_norm,0.0215055853347541,0.0215055853347541,rolling_user_norm,0.0277852698960693,0.0152259007734389,3.5811167601487326,0.0301207938459267,0.0271984379012226,0.0215055853347541,0.0,0.0038617956181511,0.0065306230216716,0.0,0.0030442267795619,0.0041326336865002,rolling_user_norm,rolling_user_norm,LightGBM,rolling_user_norm,rolling_user_norm,rolling_user_norm
Ausgrid,lightgbm_quantile__c90__h6,0.9,6.0,2013-02,7,0.5,0.0,rolling_user_norm,0.0223394018763247,0.0223394018763247,rolling_user_norm,0.0303516682592769,0.0143271354933726,2.6825519590504623,0.0305944989114146,0.0281793739933307,0.0223394018763247,0.0,0.0039482653094638,0.0103116499160431,0.0,0.0024554849953086,0.0083842644885285,rolling_user_norm,rolling_user_norm,LightGBM,rolling_user_norm,rolling_user_norm,rolling_user_norm
Ausgrid,lightgbm_quantile__c90__h6,0.9,6.0,2013-03,8,0.5,0.0,rolling_user_norm,0.0173692597755582,0.0173692597755582,rolling_user_norm,0.0229353220412126,0.0118031975099037,2.63129051492277,0.0281678659845297,0.0258048041192624,0.0173692597755582,0.0,0.002028975669469,0.0096327291601271,0.0,0.0005010160524007,0.0076441936497179,rolling_user_norm,rolling_user_norm,LightGBM,rolling_user_norm,rolling_user_norm,rolling_user_norm
Ausgrid,lightgbm_quantile__c90__h6,0.9,6.0,2013-04,9,0.5,0.0,rolling_user_norm,0.022019212433257,0.022019212433257,rolling_user_norm,0.0317028985507246,0.0123355263157894,2.463448884678395,0.0249798915488274,0.023379537949761,0.022019212433257,0.0,-0.0005071206710156,0.0091077169276996,0.0,-0.0011491088912904,0.0085030546802041,rolling_user_norm,rolling_user_norm,LightGBM,rolling_user_norm,rolling_user_norm,rolling_user_norm
Ausgrid,lightgbm_quantile__c90__h6,0.9,6.0,2013-05,10,0.5,0.0,rolling_user_norm,0.028416713512122,0.028416713512122,rolling_user_norm,0.034450857697702,0.0223825693265421,3.0069644400464,0.0348602605585239,0.0324415524079194,0.028416713512122,0.0,0.0015696066048161,0.0064051166585137,0.0,0.0011832207885714,0.0032602725631723,rolling_user_norm,rolling_user_norm,LightGBM,rolling_user_norm,rolling_user_norm,rolling_user_norm
Ausgrid,lightgbm_quantile__c90__h6,0.9,6.0,2013-06,11,0.5,0.0,rolling_user_norm,0.0273100220475276,0.0273100220475276,rolling_user_norm,0.0320327015979189,0.0225873424971363,3.796300999704875,0.0352881111176305,0.0330141733422213,0.0273100220475276,0.0,0.0042347542490563,0.0081765753104425,0.0,0.0038778719182874,0.0054137027902978,rolling_user_norm,rolling_user_norm,LightGBM,rolling_user_norm,rolling_user_norm,rolling_user_norm
London,lightgbm_quantile__c80__h1,0.8,1.0,2013-03,0,0.5,0.0,rolling_global_norm,0.0218051828354504,0.0208459963401321,rolling_user_norm,0.0354694288808543,0.0081409367900465,2.6924721747398723,0.0218051828354504,0.0255491071221768,0.0208459963401321,0.0,-0.0007090537096041,0.0017522521802245,0.0,-0.0031929984123997,-0.0010732567238832,rolling_user_norm,rolling_global_norm,LightGBM,rolling_global_norm,rolling_global_norm,rolling_user_norm
London,lightgbm_quantile__c80__h1,0.8,1.0,2013-04,1,0.5,0.0,rolling_user_norm,0.0191072505905039,0.0191072505905039,rolling_user_norm,0.0319511595742441,0.0062633416067636,2.3585652364795884,0.0192297183190767,0.0196336819297229,0.0191072505905039,0.0,-0.0019855142121333,0.0048490190394094,0.0,-0.0024553109053687,0.00401499753613,rolling_user_norm,rolling_user_norm,LightGBM,rolling_user_norm,rolling_user_norm,rolling_user_norm
London,lightgbm_quantile__c80__h1,0.8,1.0,2013-05,2,0.5,0.0,rolling_global_norm,0.0246967233275299,0.0239346732528451,rolling_group_norm,0.0394865205883957,0.0099069260666642,2.128331565705464,0.0246967233275299,0.0239346732528451,0.0271957136945108,0.0,0.0003244633492328,0.0006414972507353,0.0,-0.0002172109733611,-0.0005478484263385,rolling_user_norm,rolling_group_norm,LightGBM,rolling_user_norm,rolling_user_norm,rolling_user_norm
London,lightgbm_quantile__c80__h1,0.8,1.0,2013-06,3,0.5,0.0,rolling_user_norm,0.0187508089687999,0.0187508089687999,rolling_user_norm,0.0279995854172746,0.0095020325203252,2.0303636160508125,0.0271481214895693,0.0223543732451109,0.0187508089687999,0.0,0.001372756442049,0.0052470883762603,0.0,0.00083145766711,0.00304880966435,rolling_user_norm,rolling_user_norm,LightGBM,rolling_group_norm,rolling_global_norm,rolling_user_norm
London,lightgbm_quantile__c80__h1,0.8,1.0,2013-07,4,0.5,0.0,rolling_user_norm,0.0289396679851093,0.0289396679851093,rolling_user_norm,0.0381437438232902,0.0197355921469284,1.8477302541514813,0.0388258234925946,0.0336327573024592,0.0289396679851093,0.0,0.0054306048087057,0.01178876511316,0.0,0.0027322333806086,0.0073435179510864,rolling_user_norm,rolling_user_norm,LightGBM,rolling_user_norm,rolling_user_norm,rolling_user_norm
London,lightgbm_quantile__c80__h1,0.8,1.0,2013-08,5,0.5,0.0,rolling_user_norm,0.0170932203466867,0.0170932203466867,rolling_user_norm,0.0295702833516979,0.0046161573416755,1.8414206966299336,0.028852105864272,0.0251760664275911,0.0170932203466867,0.0,0.0025379469597362,0.0096436293555071,0.0,0.0015891088392968,0.0086862229743365,rolling_user_norm,rolling_user_norm,LightGBM,rolling_user_norm,rolling_user_norm,rolling_user_norm
London,lightgbm_quantile__c80__h1,0.8,1.0,2013-09,6,0.5,0.0,rolling_user_norm,0.0272257988425667,0.0272257988425667,rolling_user_norm,0.0353012708877478,0.0191503267973857,2.079921770030949,0.0299836116080624,0.0297995796699414,0.0272257988425667,0.0,0.0009522029199403,0.0076182252041725,0.0,0.0002437376167909,0.00620962053431,rolling_user_norm,rolling_user_norm,LightGBM,rolling_user_norm,rolling_user_norm,rolling_user_norm
London,lightgbm_quantile__c80__h1,0.8,1.0,2013-10,7,0.5,0.0,rolling_user_norm,0.020952034837811,0.020952034837811,rolling_user_norm,0.0288005368099611,0.0131035328656609,2.2495227964061577,0.0246120890260856,0.0256369518050403,0.020952034837811,0.0,2.061453832639485e-05,0.0040786051282517,0.0,-0.000853890106325,0.0012040687464577,rolling_user_norm,rolling_user_norm,LightGBM,rolling_user_norm,rolling_user_norm,rolling_user_norm
London,lightgbm_quantile__c80__h1,0.8,1.0,2013-11,8,0.5,0.0,rolling_user_norm,0.0287934649329976,0.0275886508310935,rolling_global_norm,0.0330712052105148,0.0245157246554805,2.5886539229948218,0.0275886508310935,0.0321048516876494,0.0287934649329976,0.0,0.0007675544822019,0.0069013457876739,0.0,-0.0018675136242879,0.0038164954314577,rolling_user_norm,rolling_user_norm,LightGBM,rolling_user_norm,rolling_user_norm,rolling_user_norm
London,lightgbm_quantile__c80__h1,0.8,1.0,2013-12,9,0.5,0.0,rolling_user_norm,0.0190093357465685,0.0190093357465685,rolling_user_norm,0.0317092786159303,0.0063093928772066,2.646936572058419,0.0263712451622024,0.0255449280802244,0.0190093357465685,0.0,-0.0018396038745907,0.0032207845614076,0.0,-0.0027598043978619,0.0021826521995757,rolling_user_norm,rolling_user_norm,LightGBM,rolling_global_norm,rolling_user_norm,rolling_user_norm
London,lightgbm_quantile__c80__h1,0.8,1.0,2014-01,10,0.5,0.0,rolling_user_norm,0.0175786201401932,0.0175786201401932,rolling_user_norm,0.0304529769428744,0.0047042633375119,2.6235498273071958,0.0250710663477099,0.0236053427105517,0.0175786201401932,0.0,-0.0010853537167642,0.0081125772469678,0.0,-0.0016917557605296,0.0071494306904594,rolling_user_norm,rolling_user_norm,LightGBM,rolling_user_norm,rolling_user_norm,rolling_user_norm
London,lightgbm_quantile__c80__h6,0.8,6.0,2013-03,0,0.5,0.0,rolling_user_norm,0.0352055557234591,0.0351656493246852,rolling_global_norm,0.0394178947503132,0.0309932166966051,2.884371629304431,0.0351656493246852,0.0397536442104024,0.0352055557234591,0.0,-0.0008917933277088,0.0054928404134435,0.0,-0.0037717718529294,0.0037383986589832,rolling_user_norm,rolling_user_norm,LightGBM,rolling_global_norm,rolling_global_norm,rolling_user_norm
London,lightgbm_quantile__c80__h6,0.8,6.0,2013-04,1,0.5,0.0,rolling_user_norm,0.0252296593212562,0.0252296593212562,rolling_user_norm,0.0420565317209849,0.0084027869215275,2.500932152696914,0.0279104811667078,0.0257395054066363,0.0252296593212562,0.0,-0.0033062908581946,0.0041451644452264,0.0,-0.0044919261000465,0.0027452934275792,rolling_user_norm,rolling_user_norm,LightGBM,rolling_global_norm,rolling_global_norm,rolling_user_norm
London,lightgbm_quantile__c80__h6,0.8,6.0,2013-05,2,0.5,0.0,rolling_user_norm,0.0348765730849102,0.0333790471579658,rolling_group_norm,0.0506605344538379,0.0190926117159824,2.253379577737667,0.0370945807872213,0.0333790471579658,0.0348765730849102,0.0,0.0021158779413286,0.0094214460380755,0.0,0.001297467904635,0.0081146958488408,rolling_user_norm,rolling_user_norm,LightGBM,rolling_user_norm,rolling_user_norm,rolling_user_norm
London,lightgbm_quantile__c80__h6,0.8,6.0,2013-06,3,0.5,0.0,rolling_user_norm,0.0244933647003622,0.0244933647003622,rolling_user_norm,0.0387902524359548,0.0101964769647696,2.126565165642438,0.038786608266923,0.0316827465803472,0.0244933647003622,0.0,0.0024704347461742,0.00971129634094,0.0,0.001364512091678,0.0063067764531065,rolling_user_norm,rolling_user_norm,LightGBM,rolling_group_norm,rolling_user_norm,rolling_user_norm
London,lightgbm_quantile__c80__h6,0.8,6.0,2013-07,4,0.5,0.0,rolling_user_norm,0.0347722904581467,0.0347722904581467,rolling_user_norm,0.0492586155456548,0.0202859653706386,1.9590562410635024,0.0512166817992998,0.0415065194950306,0.0347722904581467,0.0,0.0077769957534181,0.0175734583455907,0.0,0.0047681375772598,0.0125569337202264,rolling_user_norm,rolling_user_norm,LightGBM,rolling_user_norm,rolling_user_norm,rolling_user_norm
London,lightgbm_quantile__c80__h6,0.8,6.0,2013-08,5,0.5,0.0,rolling_user_norm,0.0227382367709213,0.0227382367709213,rolling_user_norm,0.0379922452156996,0.007484228326143,1.955916716185267,0.041666095130196,0.0354912162579919,0.0227382367709213,0.0,0.0068510094507055,0.0165372986067513,0.0,0.0058829146548622,0.0162210414742153,rolling_user_norm,rolling_user_norm,LightGBM,rolling_user_norm,rolling_user_norm,rolling_user_norm
London,lightgbm_quantile__c80__h6,0.8,6.0,2013-09,6,0.5,0.0,rolling_user_norm,0.0411327992058717,0.0411327992058717,rolling_user_norm,0.0491263497400634,0.03313924867168,2.206574355851497,0.0463664855664146,0.042358951851077,0.0411327992058717,0.0,0.0062231513822138,0.0142481080153077,0.0,0.0049520171422778,0.0124384105968373,rolling_user_norm,rolling_user_norm,LightGBM,rolling_user_norm,rolling_user_norm,rolling_user_norm
London,lightgbm_quantile__c80__h6,0.8,6.0,2013-10,7,0.5,0.0,rolling_user_norm,0.0281471771413437,0.0281471771413437,rolling_user_norm,0.0404383216146383,0.015856032668049,2.40788764333108,0.0434233313423459,0.0363554498808861,0.0281471771413437,0.0,0.0037957699953297,0.0083263923057926,0.0,0.0031214684772187,0.0042173264945724,rolling_user_norm,rolling_user_norm,LightGBM,rolling_user_norm,rolling_user_norm,rolling_user_norm
London,lightgbm_quantile__c80__h6,0.8,6.0,2013-11,8,0.5,0.0,rolling_user_norm,0.0401380912541258,0.0401380912541258,rolling_user_norm,0.0464095181002661,0.0338666644079855,2.7868576710917794,0.0408301303925347,0.0434995261086913,0.0401380912541258,0.0,0.0075565660470286,0.0161354727509306,0.0,0.0051766656904868,0.0131820299379318,rolling_user_norm,rolling_user_norm,LightGBM,rolling_user_norm,rolling_user_norm,rolling_user_norm
London,lightgbm_quantile__c80__h6,0.8,6.0,2013-12,9,0.5,0.0,rolling_user_norm,0.0272095550040372,0.0272095550040372,rolling_user_norm,0.0427639760429021,0.0116551339651723,2.901613524649844,0.0399421569600275,0.0334382244587071,0.0272095550040372,0.0,-0.0013299817846079,0.0055464529769702,0.0,-0.004298916863828,0.0019573487916267,rolling_user_norm,rolling_user_norm,LightGBM,rolling_user_norm,rolling_user_norm,rolling_user_norm
London,lightgbm_quantile__c80__h6,0.8,6.0,2014-01,10,0.5,0.0,rolling_user_norm,0.0235682549707504,0.0235682549707504,rolling_user_norm,0.0390650089740265,0.0080715009674743,2.834969527789358,0.0436921775992062,0.0407791474521118,0.0235682549707504,0.0,0.0024375915054041,0.0144475979434574,0.0,0.0004835327573483,0.0131991315011328,rolling_user_norm,rolling_user_norm,LightGBM,rolling_user_norm,rolling_user_norm,rolling_user_norm
London,lightgbm_quantile__c90__h1,0.9,1.0,2013-03,0,0.5,0.0,rolling_user_norm,0.0188787763784945,0.0188787763784945,rolling_user_norm,0.0220079648888385,0.0157495878681506,3.512145125601631,0.0197974043584243,0.0223922403992991,0.0188787763784945,0.0,-0.0003116544612382,0.0022398641968746,0.0,-0.0014816539321169,0.0014536798126393,rolling_user_norm,rolling_user_norm,LightGBM,rolling_global_norm,rolling_global_norm,rolling_user_norm
London,lightgbm_quantile__c90__h1,0.9,1.0,2013-04,1,0.5,0.0,rolling_user_norm,0.0210728842127942,0.0142557018306264,rolling_group_norm,0.0266585142129977,0.0154872542125907,3.1107489380196958,0.0156720679073932,0.0142557018306264,0.0210728842127942,0.0,-0.0018651378147937,0.0019331586847183,0.0,-0.0022670266544262,0.0010196623210626,rolling_user_norm,rolling_user_norm,LightGBM,rolling_user_norm,rolling_user_norm,rolling_user_norm
London,lightgbm_quantile__c90__h1,0.9,1.0,2013-05,2,0.5,0.0,rolling_user_norm,0.0191076809088651,0.0181576950168324,rolling_group_norm,0.0282694064953866,0.0099459553223437,2.8180982391471527,0.0193738576373253,0.0181576950168324,0.0191076809088651,0.0,-0.0003723130748393,0.0012712898201867,0.0,-0.0006474889930459,0.0002441172521949,rolling_user_norm,rolling_group_norm,LightGBM,rolling_group_norm,rolling_global_norm,rolling_user_norm
London,lightgbm_quantile__c90__h1,0.9,1.0,2013-06,3,0.5,0.0,rolling_user_norm,0.0123331116291465,0.0123331116291465,rolling_user_norm,0.0204780702606696,0.0041881529976234,2.698512922888752,0.0226346789319243,0.0180118814943367,0.0123331116291465,0.0,0.0024545183141444,0.0068253933152301,0.0,0.0015993708881401,0.0055048727013472,rolling_user_norm,rolling_user_norm,LightGBM,rolling_group_norm,rolling_group_norm,rolling_user_norm
London,lightgbm_quantile__c90__h1,0.9,1.0,2013-07,4,0.5,0.0,rolling_user_norm,0.01896481651242,0.01896481651242,rolling_user_norm,0.0259006589906412,0.0120289740341988,2.470133014021946,0.0282000452772239,0.022870985539881,0.01896481651242,0.0,0.0058825824001219,0.011640264956628,0.0,0.0053742466150442,0.0090894268707034,rolling_user_norm,rolling_user_norm,LightGBM,rolling_user_norm,rolling_user_norm,rolling_user_norm
London,lightgbm_quantile__c90__h1,0.9,1.0,2013-08,5,0.5,0.0,rolling_user_norm,0.011916261342931,0.011916261342931,rolling_user_norm,0.0209659647686046,0.0028665579172575,2.448183721587914,0.0245316750139602,0.0197886642865512,0.011916261342931,0.0,0.0051943303275579,0.0101352458143608,0.0,0.004755145576907,0.0097457206333757,rolling_user_norm,rolling_user_norm,LightGBM,rolling_user_norm,rolling_user_norm,rolling_user_norm
London,lightgbm_quantile__c90__h1,0.9,1.0,2013-09,6,0.5,0.0,rolling_user_norm,0.0223038762455891,0.0223038762455891,rolling_user_norm,0.0277204975892174,0.0168872549019608,2.751365618872773,0.0251439091389375,0.0224886837857172,0.0223038762455891,0.0,0.0036680475721632,0.0070519314012203,0.0,0.0035015773398281,0.0063101571782622,rolling_user_norm,rolling_user_norm,LightGBM,rolling_user_norm,rolling_user_norm,rolling_user_norm
London,lightgbm_quantile__c90__h1,0.9,1.0,2013-10,7,0.5,0.0,rolling_user_norm,0.0164026748881013,0.0164026748881013,rolling_user_norm,0.0220595665435652,0.0107457832326374,2.955514214040825,0.0211308564135396,0.0193305294209762,0.0164026748881013,0.0,0.0027068271036292,0.0054007359778789,0.0,0.0020043756955441,0.0028756020795863,rolling_user_norm,rolling_user_norm,LightGBM,rolling_user_norm,rolling_user_norm,rolling_user_norm
London,lightgbm_quantile__c90__h1,0.9,1.0,2013-11,8,0.5,0.0,rolling_user_norm,0.0237020136407834,0.0203224647078865,rolling_global_norm,0.0262060228263183,0.0211980044552484,3.3830544807380645,0.0203224647078865,0.0240660554288232,0.0237020136407834,0.0,0.0021113302940439,0.0056375193156824,0.0,0.000697403591609,0.002987369735932,rolling_user_norm,rolling_user_norm,LightGBM,rolling_user_norm,rolling_user_norm,rolling_user_norm
London,lightgbm_quantile__c90__h1,0.9,1.0,2013-12,9,0.5,0.0,rolling_user_norm,0.0140666168349227,0.0140666168349227,rolling_user_norm,0.0220786218945276,0.0060546117753178,3.432373658236002,0.0204205425819155,0.020050101839683,0.0140666168349227,0.0,-0.000476493057281,0.0026628621502998,0.0,-0.0018587447199041,0.0006014725171885,rolling_user_norm,rolling_user_norm,LightGBM,rolling_global_norm,rolling_user_norm,rolling_user_norm
London,lightgbm_quantile__c90__h1,0.9,1.0,2014-01,10,0.5,0.0,rolling_user_norm,0.011372238663535,0.011372238663535,rolling_user_norm,0.0200309492527726,0.0027135280742974,3.396190991844559,0.0219969037796081,0.0195698816634323,0.011372238663535,0.0,-8.589293288862807e-05,0.0068775169056309,0.0,-0.0015609141535306,0.0054411376549153,rolling_user_norm,rolling_user_norm,LightGBM,rolling_user_norm,rolling_user_norm,rolling_user_norm
London,lightgbm_quantile__c90__h6,0.9,6.0,2013-03,0,0.5,0.0,rolling_user_norm,0.0292223310452323,0.0292223310452323,rolling_user_norm,0.0319405650408324,0.0265040970496321,3.73423423133411,0.029519438976565,0.032025027884302,0.0292223310452323,0.0,-0.000939150467781,0.0025498514951527,0.0,-0.0018308222309864,0.0023536794053369,rolling_user_norm,rolling_user_norm,LightGBM,rolling_global_norm,rolling_global_norm,rolling_user_norm
London,lightgbm_quantile__c90__h6,0.9,6.0,2013-04,1,0.5,0.0,rolling_user_norm,0.0202507002885919,0.0180696619645786,rolling_group_norm,0.0315963066292412,0.0089050939479427,3.2625297656449925,0.021588507605987,0.0180696619645786,0.0202507002885919,0.0,-0.0015932821554388,0.0044549631507376,0.0,-0.0026317622585329,0.003352217459401,rolling_user_norm,rolling_user_norm,LightGBM,rolling_user_norm,rolling_user_norm,rolling_user_norm
London,lightgbm_quantile__c90__h6,0.9,6.0,2013-05,2,0.5,0.0,rolling_user_norm,0.022048673986251,0.022048673986251,rolling_user_norm,0.0338033467376019,0.0102940012349002,2.983366228832037,0.0276102048503957,0.0235045236174899,0.022048673986251,0.0,0.0016668503861892,0.0090533718288159,0.0,0.0012207111012149,0.0077693463263896,rolling_user_norm,rolling_user_norm,LightGBM,rolling_group_norm,rolling_user_norm,rolling_user_norm
London,lightgbm_quantile__c90__h6,0.9,6.0,2013-06,3,0.5,0.0,rolling_user_norm,0.0196004742424401,0.0196004742424401,rolling_user_norm,0.0306864399911122,0.0085145084937681,2.827117284706851,0.0318976844711137,0.0269870628871516,0.0196004742424401,0.0,0.0027655743481991,0.0092063030049795,0.0,0.0013036043915915,0.0072139144938025,rolling_user_norm,rolling_user_norm,LightGBM,rolling_user_norm,rolling_user_norm,rolling_user_norm
London,lightgbm_quantile__c90__h6,0.9,6.0,2013-07,4,0.5,0.0,rolling_user_norm,0.0231244402804092,0.0231244402804092,rolling_user_norm,0.036052457503079,0.0101964230577393,2.605385125487668,0.0354522275251138,0.0302558664763546,0.0231244402804092,0.0,0.0048831755002173,0.0137606990268858,0.0,0.0030014897400713,0.0098177284499396,rolling_user_norm,rolling_user_norm,LightGBM,rolling_user_norm,rolling_user_norm,rolling_user_norm
London,lightgbm_quantile__c90__h6,0.9,6.0,2013-08,5,0.5,0.0,rolling_user_norm,0.0194516780647684,0.0194516780647684,rolling_user_norm,0.0288430877400904,0.0100602683894465,2.5967894804541323,0.0344262914983156,0.0283096327703043,0.0194516780647684,0.0,0.0047331164755244,0.0135656872734787,0.0,0.0045230179733574,0.0127948364793563,rolling_user_norm,rolling_user_norm,LightGBM,rolling_user_norm,rolling_user_norm,rolling_user_norm
London,lightgbm_quantile__c90__h6,0.9,6.0,2013-09,6,0.5,0.0,rolling_user_norm,0.0331240420395634,0.0325751299345598,rolling_group_norm,0.039499718066055,0.0267483660130719,2.913406452358825,0.0361717843094324,0.0325751299345598,0.0331240420395634,0.0,0.0078301239381718,0.0144617152584418,0.0,0.007478228145212,0.0130117069702693,rolling_user_norm,rolling_user_norm,LightGBM,rolling_user_norm,rolling_user_norm,rolling_user_norm
London,lightgbm_quantile__c90__h6,0.9,6.0,2013-10,7,0.5,0.0,rolling_group_norm,0.0260886178063387,0.022485884431274,rolling_user_norm,0.0438679491488789,0.0083092864637985,3.1651097120229585,0.0313947284166321,0.0260886178063387,0.022485884431274,0.0,0.0039545283443462,0.0067027287999123,0.0,0.0032704705036186,0.0028270946603308,rolling_user_norm,rolling_user_norm,LightGBM,rolling_group_norm,rolling_user_norm,rolling_user_norm
London,lightgbm_quantile__c90__h6,0.9,6.0,2013-11,8,0.5,0.0,rolling_user_norm,0.0327729714063178,0.0304786287740326,rolling_global_norm,0.0340822327595285,0.0314637100531072,3.6150898847325097,0.0304786287740326,0.0318071475775073,0.0327729714063178,0.0,0.0059910763663879,0.0099520908785212,0.0,0.0036099221916426,0.0055560939867901,rolling_user_norm,rolling_user_norm,LightGBM,rolling_user_norm,rolling_user_norm,rolling_user_norm
London,lightgbm_quantile__c90__h6,0.9,6.0,2013-12,9,0.5,0.0,rolling_user_norm,0.0206043411093669,0.0206043411093669,rolling_user_norm,0.0316425522872742,0.0095661299314596,3.743464789545964,0.0306281050398377,0.0252278598114359,0.0206043411093669,0.0,0.0032845223593906,0.005108007760356,0.0,0.0008918229793136,0.0025190417061823,rolling_user_norm,rolling_user_norm,LightGBM,rolling_global_norm,rolling_user_norm,rolling_user_norm
London,lightgbm_quantile__c90__h6,0.9,6.0,2014-01,10,0.5,0.0,rolling_user_norm,0.0162888969418946,0.0162888969418946,rolling_user_norm,0.0276319726199765,0.0049458212638128,3.646500907078913,0.032145860219051,0.0263125299618914,0.0162888969418946,0.0,0.0026684234501778,0.0108926846765637,0.0,0.0009517270882789,0.0105421175354023,rolling_user_norm,rolling_user_norm,LightGBM,rolling_user_norm,rolling_user_norm,rolling_user_norm
UCI Electricity,lightgbm_quantile__c80__h1,0.8,1.0,2014-01,0,0.5,0.0,rolling_user_norm,0.0262165168961938,0.0247572017386499,rolling_group_norm,0.0278355560993515,0.0245974776930362,1.2171980944259957,0.0292038238458363,0.0247572017386499,0.0262165168961938,0.0,0.0298360507796227,0.0309566461908001,0.0,0.0159292162531442,0.0185426736679135,rolling_user_norm,rolling_user_norm,LightGBM,rolling_global_norm,rolling_global_norm,rolling_user_norm
UCI Electricity,lightgbm_quantile__c80__h1,0.8,1.0,2014-02,1,0.5,0.0,rolling_user_norm,0.0241020245238792,0.0241020245238792,rolling_user_norm,0.0272899904287818,0.0209140586189766,1.229525051307324,0.0302483099703754,0.0272022370105963,0.0241020245238792,0.0,0.0053377283946987,0.0094217060903771,0.0,0.0032463798610586,0.0089095186716237,rolling_user_norm,rolling_user_norm,LightGBM,rolling_group_norm,rolling_group_norm,rolling_user_norm
UCI Electricity,lightgbm_quantile__c80__h1,0.8,1.0,2014-03,2,0.5,0.0,rolling_user_norm,0.0225114283210201,0.0225114283210201,rolling_user_norm,0.0324682372722141,0.0125546193698261,1.2184443941136944,0.057428812064552,0.0273300367114543,0.0225114283210201,0.0,0.0445935556710646,0.0489848939557721,0.0,0.0424315654133081,0.0461450963375364,rolling_user_norm,rolling_user_norm,LightGBM,rolling_user_norm,rolling_user_norm,rolling_user_norm
UCI Electricity,lightgbm_quantile__c80__h1,0.8,1.0,2014-04,3,0.5,0.0,rolling_user_norm,0.0215468920004974,0.0215468920004974,rolling_user_norm,0.0335815873300731,0.0095121966709217,1.1874350370546365,0.0555358005254815,0.0272710641508568,0.0215468920004974,0.0,0.0332491059429211,0.041087630041882,0.0,0.0321998477728331,0.0405587920738178,rolling_user_norm,rolling_user_norm,LightGBM,rolling_user_norm,rolling_user_norm,rolling_user_norm
UCI Electricity,lightgbm_quantile__c80__h1,0.8,1.0,2014-05,4,0.5,0.0,rolling_user_norm,0.0187365540484561,0.0187365540484561,rolling_user_norm,0.0287733410166441,0.0086997670802682,1.198317977943594,0.0305845762798829,0.0264559917764016,0.0187365540484561,0.0,0.014615988976369,0.0232539505601191,0.0,0.0080401597051828,0.0186884145417443,rolling_user_norm,rolling_user_norm,LightGBM,rolling_user_norm,rolling_user_norm,rolling_user_norm
UCI Electricity,lightgbm_quantile__c80__h1,0.8,1.0,2014-06,5,0.5,0.0,rolling_user_norm,0.0173909447564613,0.0173909447564613,rolling_user_norm,0.0265605945044232,0.0082212950084994,1.2453187083363475,0.0311557227469253,0.0259695637337074,0.0173909447564613,0.0,0.0047951674462842,0.0129995821687974,0.0,0.0025611716720482,0.0093186620272718,rolling_user_norm,rolling_user_norm,LightGBM,rolling_user_norm,rolling_user_norm,rolling_user_norm
UCI Electricity,lightgbm_quantile__c80__h1,0.8,1.0,2014-07,6,0.5,0.0,rolling_user_norm,0.0181502169655893,0.0181502169655893,rolling_user_norm,0.0295532496852342,0.0067471842459445,1.3360655320281711,0.0340677885297504,0.0247421164183612,0.0181502169655893,0.0,0.0046411455239881,0.0097739883564492,0.0,0.0027155591786541,0.0073171871412512,rolling_user_norm,rolling_user_norm,LightGBM,rolling_user_norm,rolling_user_norm,rolling_user_norm
UCI Electricity,lightgbm_quantile__c80__h1,0.8,1.0,2014-08,7,0.5,0.0,rolling_user_norm,0.0234069847960786,0.0234069847960786,rolling_user_norm,0.0265283407600951,0.0202856288320621,1.304905189322193,0.0340478722332446,0.0265051417224386,0.0234069847960786,0.0,0.0035278048822436,0.0158193663491271,0.0,0.002655272064746,0.014139761617868,rolling_user_norm,rolling_user_norm,LightGBM,rolling_user_norm,rolling_user_norm,rolling_user_norm
UCI Electricity,lightgbm_quantile__c80__h1,0.8,1.0,2014-09,8,0.5,0.0,rolling_user_norm,0.022607979687705,0.022607979687705,rolling_user_norm,0.0289716900713356,0.0162442693040745,1.2649366300654452,0.0317006414862095,0.025629534463135,0.022607979687705,0.0,0.0061590340505875,0.0061568197674592,0.0,0.0044042982719695,0.0045950935766091,rolling_group_norm,rolling_user_norm,LightGBM,rolling_user_norm,rolling_user_norm,rolling_user_norm
UCI Electricity,lightgbm_quantile__c80__h1,0.8,1.0,2014-10,9,0.5,0.0,rolling_user_norm,0.0305126906537468,0.0305126906537468,rolling_user_norm,0.0341393573647296,0.026886023942764,1.2695134298760993,0.0673666249025516,0.0329785670528472,0.0305126906537468,0.0,0.0133860815857201,0.0205538461111282,0.0,0.0064143885669979,0.0158671245928577,rolling_user_norm,rolling_user_norm,LightGBM,rolling_user_norm,rolling_user_norm,rolling_user_norm
UCI Electricity,lightgbm_quantile__c80__h1,0.8,1.0,2014-11,10,0.5,0.0,rolling_user_norm,0.0247247022696795,0.0247247022696795,rolling_user_norm,0.0362443357710081,0.013205068768351,1.1914034593466611,0.031188545168181,0.0272139867580857,0.0247247022696795,0.0,0.0105616287765785,0.0148215953361111,0.0,0.0047605029561165,0.0088387883033251,rolling_user_norm,rolling_user_norm,LightGBM,rolling_user_norm,rolling_user_norm,rolling_user_norm
UCI Electricity,lightgbm_quantile__c80__h1,0.8,1.0,2014-12,11,0.5,0.0,rolling_user_norm,0.0292228572817408,0.0292228572817408,rolling_user_norm,0.0407896969960096,0.0176560175674719,1.2971235345488243,0.0434486071148685,0.031620005579679,0.0292228572817408,0.0,0.004789267278656,0.0112512889909988,0.0,0.0039966951963087,0.0089402601789985,rolling_user_norm,rolling_user_norm,LightGBM,rolling_user_norm,rolling_user_norm,rolling_user_norm
UCI Electricity,lightgbm_quantile__c80__h6,0.8,6.0,2014-01,0,0.5,0.0,rolling_user_norm,0.039015899188163,0.039015899188163,rolling_user_norm,0.0588262642157213,0.0192055341606047,1.897700737629002,0.0689268401590282,0.0511310148986657,0.039015899188163,0.0,0.0119334086200395,0.0167319001265264,0.0,0.0081571090212909,0.0107952319713477,rolling_user_norm,rolling_group_norm,LightGBM,rolling_global_norm,rolling_global_norm,rolling_user_norm
UCI Electricity,lightgbm_quantile__c80__h6,0.8,6.0,2014-02,1,0.5,0.0,rolling_user_norm,0.0363778448234922,0.0363778448234922,rolling_user_norm,0.0554219175186917,0.0173337721282926,1.8594063179333813,0.0653671918904893,0.0528058463597571,0.0363778448234922,0.0,0.0211788137648517,0.0373202620693159,0.0,0.0197873770869286,0.0355592012392229,rolling_user_norm,rolling_user_norm,LightGBM,rolling_user_norm,rolling_user_norm,rolling_user_norm
UCI Electricity,lightgbm_quantile__c80__h6,0.8,6.0,2014-03,2,0.5,0.0,rolling_user_norm,0.0522396593644829,0.0522396593644829,rolling_user_norm,0.0669420403881458,0.0375372783408199,2.010227353005144,0.0609905072521997,0.0554915929972513,0.0522396593644829,0.0,0.0136289912031452,0.0326618140219799,0.0,0.0072782583765175,0.0269863308533197,rolling_user_norm,rolling_user_norm,LightGBM,rolling_user_norm,rolling_user_norm,rolling_user_norm
UCI Electricity,lightgbm_quantile__c80__h6,0.8,6.0,2014-04,3,0.5,0.0,rolling_user_norm,0.037273352001705,0.037273352001705,rolling_user_norm,0.0605189876537125,0.0140277163496976,1.7797203479807926,0.0683781962877471,0.0484779689001699,0.037273352001705,0.0,0.0152905817161381,0.028892550097865,0.0,0.0097385934117886,0.0231519338433543,rolling_user_norm,rolling_user_norm,LightGBM,rolling_user_norm,rolling_user_norm,rolling_user_norm
UCI Electricity,lightgbm_quantile__c80__h6,0.8,6.0,2014-05,4,0.5,0.0,rolling_user_norm,0.0311145306246779,0.0311145306246779,rolling_user_norm,0.0537286714509373,0.0085003897984186,1.7497782609964645,0.0652033123730824,0.0432219154148633,0.0311145306246779,0.0,0.0195422402537708,0.0300727648891231,0.0,0.0157577625256698,0.0259395230452712,rolling_user_norm,rolling_user_norm,LightGBM,rolling_user_norm,rolling_user_norm,rolling_user_norm
UCI Electricity,lightgbm_quantile__c80__h6,0.8,6.0,2014-06,5,0.5,0.0,rolling_user_norm,0.0310411174204681,0.0310411174204681,rolling_user_norm,0.0501819496126896,0.0119002852282465,1.8914049462500968,0.0691871958949757,0.0516887383822867,0.0310411174204681,0.0,0.0102614295119246,0.0189801198490596,0.0,0.0063191118315589,0.0126498421298349,rolling_user_norm,rolling_user_norm,LightGBM,rolling_user_norm,rolling_user_norm,rolling_user_norm
UCI Electricity,lightgbm_quantile__c80__h6,0.8,6.0,2014-07,6,0.5,0.0,rolling_user_norm,0.0421751418278189,0.0421751418278189,rolling_user_norm,0.0548430806888714,0.0295072029667664,2.0775493677739254,0.0671085571019315,0.0546186376163807,0.0421751418278189,0.0,0.0165278433924679,0.0308749957779008,0.0,0.0148929446749766,0.0286501503603051,rolling_user_norm,rolling_user_norm,LightGBM,rolling_user_norm,rolling_user_norm,rolling_user_norm
UCI Electricity,lightgbm_quantile__c80__h6,0.8,6.0,2014-08,7,0.5,0.0,rolling_user_norm,0.0301179001911951,0.0301179001911951,rolling_user_norm,0.0486112104522804,0.0116245899301097,2.041282779437596,0.0684499068842105,0.0459628742181849,0.0301179001911951,0.0,0.0188751380460491,0.0303856600109665,0.0,0.0179572320246328,0.0252925456223419,rolling_user_norm,rolling_user_norm,LightGBM,rolling_user_norm,rolling_user_norm,rolling_user_norm
UCI Electricity,lightgbm_quantile__c80__h6,0.8,6.0,2014-09,8,0.5,0.0,rolling_user_norm,0.0345330811807724,0.0345330811807724,rolling_user_norm,0.0493623549126395,0.0197038074489054,1.924027535575342,0.0719661571991043,0.045156905490555,0.0345330811807724,0.0,0.0226861369481704,0.0355356581044807,0.0,0.0221258864562676,0.032686082165245,rolling_user_norm,rolling_user_norm,LightGBM,rolling_user_norm,rolling_user_norm,rolling_user_norm
UCI Electricity,lightgbm_quantile__c80__h6,0.8,6.0,2014-10,9,0.5,0.0,rolling_user_norm,0.0579309911404408,0.0579309911404408,rolling_user_norm,0.0655838479205906,0.050278134360291,1.8449977929743169,0.068864258901631,0.06273679797687,0.0579309911404408,0.0,0.024368684312805,0.0381455576586438,0.0,0.0227749561921726,0.0352518711973608,rolling_user_norm,rolling_user_norm,LightGBM,rolling_user_norm,rolling_user_norm,rolling_user_norm
UCI Electricity,lightgbm_quantile__c80__h6,0.8,6.0,2014-11,10,0.5,0.0,rolling_user_norm,0.0522592869529352,0.0522592869529352,rolling_user_norm,0.0732234242670675,0.0312951496388029,1.7841424531933667,0.0683562607186895,0.0583700172459785,0.0522592869529352,0.0,0.01343651246205,0.0297403683815493,0.0,0.0098789763518868,0.0253994541187667,rolling_user_norm,rolling_user_norm,LightGBM,rolling_user_norm,rolling_user_norm,rolling_user_norm
UCI Electricity,lightgbm_quantile__c80__h6,0.8,6.0,2014-12,11,0.5,0.0,rolling_user_norm,0.0780876594844047,0.0724794954383079,rolling_global_norm,0.084791065652592,0.0713842533162174,2.153980502193893,0.0724794954383079,0.083638650574652,0.0780876594844047,0.0,0.0168364451145807,0.0336485281933187,0.0,0.0125823072950466,0.031279128031919,rolling_user_norm,rolling_user_norm,LightGBM,rolling_user_norm,rolling_user_norm,rolling_user_norm
UCI Electricity,lightgbm_quantile__c90__h1,0.9,1.0,2014-01,0,0.5,0.0,rolling_user_norm,0.0130904334156189,0.0130904334156189,rolling_user_norm,0.0194464069339248,0.0067344598973131,1.591955967856746,0.0236800351150014,0.0192440402812477,0.0130904334156189,0.0,0.0354224177347172,0.0384452564560091,0.0,0.0242957133499138,0.0260042022569007,rolling_user_norm,rolling_user_norm,LightGBM,rolling_global_norm,rolling_global_norm,rolling_user_norm
UCI Electricity,lightgbm_quantile__c90__h1,0.9,1.0,2014-02,1,0.5,0.0,rolling_user_norm,0.0176026398712428,0.0176026398712428,rolling_user_norm,0.0219493381000039,0.0132559416424817,1.6133509306088707,0.0261351013902763,0.0222886609012402,0.0176026398712428,0.0,0.0009109559088336,0.0056212745941099,0.0,0.0004416765954771,0.0047425115837684,rolling_user_norm,rolling_user_norm,LightGBM,rolling_user_norm,rolling_user_norm,rolling_user_norm
UCI Electricity,lightgbm_quantile__c90__h1,0.9,1.0,2014-03,2,0.5,0.0,rolling_user_norm,0.0184837605625022,0.0184837605625022,rolling_user_norm,0.024442400824114,0.0125251203008904,1.6176848309556506,0.0512926446771365,0.0206590253841398,0.0184837605625022,0.0,0.0506569039947176,0.0567022471256342,0.0,0.0504312624951164,0.0564079845657767,rolling_user_norm,rolling_user_norm,LightGBM,rolling_user_norm,rolling_user_norm,rolling_user_norm
UCI Electricity,lightgbm_quantile__c90__h1,0.9,1.0,2014-04,3,0.5,0.0,rolling_user_norm,0.018189723254825,0.018189723254825,rolling_user_norm,0.0264021388454965,0.0099773076641535,1.564131310815975,0.0438958996397643,0.0201480454344742,0.018189723254825,0.0,0.0304503947087538,0.0338153021711289,0.0,0.0283293165262102,0.0334835050117768,rolling_user_norm,rolling_user_norm,LightGBM,rolling_user_norm,rolling_user_norm,rolling_user_norm
UCI Electricity,lightgbm_quantile__c90__h1,0.9,1.0,2014-05,4,0.5,0.0,rolling_user_norm,0.0127498695763764,0.0127498695763764,rolling_user_norm,0.0196165185919017,0.0058832205608511,1.5711153923233645,0.024909672973892,0.0167193988656375,0.0127498695763764,0.0,0.0026889791695007,0.0082322460066272,0.0,0.0008500829913637,0.0065227903169885,rolling_user_norm,rolling_user_norm,LightGBM,rolling_user_norm,rolling_user_norm,rolling_user_norm
UCI Electricity,lightgbm_quantile__c90__h1,0.9,1.0,2014-06,5,0.5,0.0,rolling_user_norm,0.0105788445434388,0.0105788445434388,rolling_user_norm,0.0184053283519387,0.0027523607349388,1.624591066923771,0.0238467716712236,0.0163286179098793,0.0105788445434388,0.0,0.0066486384337048,0.0110941587163765,0.0,0.0051337039629315,0.0086495019938882,rolling_user_norm,rolling_user_norm,LightGBM,rolling_user_norm,rolling_user_norm,rolling_user_norm
UCI Electricity,lightgbm_quantile__c90__h1,0.9,1.0,2014-07,6,0.5,0.0,rolling_user_norm,0.0122880173796822,0.0122880173796822,rolling_user_norm,0.0202797961817629,0.0042962385776015,1.7275112531612793,0.0228904565261782,0.0193001302040506,0.0122880173796822,0.0,0.0047062019987456,0.0086010009734823,0.0,0.0016964520750436,0.0044743649787451,rolling_user_norm,rolling_user_norm,LightGBM,rolling_user_norm,rolling_user_norm,rolling_user_norm
UCI Electricity,lightgbm_quantile__c90__h1,0.9,1.0,2014-08,7,0.5,0.0,rolling_user_norm,0.0123069798405186,0.0123069798405186,rolling_user_norm,0.0180415056657838,0.0065724540152534,1.6857891796432154,0.0240716253380577,0.0176941304095821,0.0123069798405186,0.0,0.001401929238545,0.0089267911947643,0.0,-0.000215540609197,0.0058402768999667,rolling_user_norm,rolling_user_norm,LightGBM,rolling_user_norm,rolling_user_norm,rolling_user_norm
UCI Electricity,lightgbm_quantile__c90__h1,0.9,1.0,2014-09,8,0.5,0.0,rolling_user_norm,0.0141621926112033,0.0141621926112033,rolling_user_norm,0.0203889811117591,0.0079354041106475,1.645904392656808,0.0246748884434809,0.0182754116221973,0.0141621926112033,0.0,0.0045043478210569,0.0107208939699271,0.0,0.0030472695930448,0.0102041247831866,rolling_user_norm,rolling_user_norm,LightGBM,rolling_user_norm,rolling_user_norm,rolling_user_norm
UCI Electricity,lightgbm_quantile__c90__h1,0.9,1.0,2014-10,9,0.5,0.0,rolling_user_norm,0.020949617326669,0.020949617326669,rolling_user_norm,0.0229433658426842,0.0189558688106538,1.6772492155570906,0.0231921561524739,0.0249261201475644,0.020949617326669,0.0,0.0084387535127961,0.0140112237502349,0.0,0.0081695502034853,0.0122615369135928,rolling_user_norm,rolling_user_norm,LightGBM,rolling_user_norm,rolling_user_norm,rolling_user_norm
UCI Electricity,lightgbm_quantile__c90__h1,0.9,1.0,2014-11,10,0.5,0.0,rolling_user_norm,0.0174096536876383,0.0174096536876383,rolling_user_norm,0.024939330040501,0.0098799773347756,1.561197399162805,0.0265062571899671,0.0208267923569623,0.0174096536876383,0.0,0.0023836572147032,0.0077812129792177,0.0,-1.5123834525655744e-05,0.0067192941021296,rolling_user_norm,rolling_user_norm,LightGBM,rolling_user_norm,rolling_user_norm,rolling_user_norm
UCI Electricity,lightgbm_quantile__c90__h1,0.9,1.0,2014-12,11,0.5,0.0,rolling_user_norm,0.0263399590809691,0.0263399590809691,rolling_user_norm,0.0320098041150444,0.0206701140468937,1.7031779601539838,0.0479319161601105,0.0281204136690087,0.0263399590809691,0.0,0.0059073943411804,0.0110662954837402,0.0,0.0047672875625831,0.0094130017488851,rolling_user_norm,rolling_user_norm,LightGBM,rolling_user_norm,rolling_user_norm,rolling_user_norm
UCI Electricity,lightgbm_quantile__c90__h6,0.9,6.0,2014-01,0,0.5,0.0,rolling_global_norm,0.0367305916053621,0.022502860572065,rolling_user_norm,0.0540092109132235,0.0194519722975007,2.4510209242375742,0.0367305916053621,0.031457493537562,0.022502860572065,0.0,0.0004598777029121,0.0035422483333093,0.0,-0.0018507818618203,-0.0004933791603012,rolling_user_norm,rolling_global_norm,LightGBM,rolling_global_norm,rolling_global_norm,rolling_user_norm
UCI Electricity,lightgbm_quantile__c90__h6,0.9,6.0,2014-02,1,0.5,0.0,rolling_user_norm,0.0265581641218313,0.0265581641218313,rolling_user_norm,0.0371806557290428,0.0159356725146199,2.3153486102470806,0.0394264009855407,0.0375234182322467,0.0265581641218313,0.0,0.002344545868763,0.0124987106741728,0.0,-5.745020182272966e-05,0.0103546669562459,rolling_user_norm,rolling_user_norm,LightGBM,rolling_user_norm,rolling_user_norm,rolling_user_norm
UCI Electricity,lightgbm_quantile__c90__h6,0.9,6.0,2014-03,2,0.5,0.0,rolling_user_norm,0.0374918404157327,0.0363814996296162,rolling_group_norm,0.0459464829252398,0.0290371979062256,2.4628942749736407,0.0404883434069815,0.0363814996296162,0.0374918404157327,0.0,0.0040847967159525,0.017198032328513,0.0,0.0029941160083676,0.0167676360098927,rolling_user_norm,rolling_user_norm,LightGBM,rolling_user_norm,rolling_user_norm,rolling_user_norm
UCI Electricity,lightgbm_quantile__c90__h6,0.9,6.0,2014-04,3,0.5,0.0,rolling_user_norm,0.0299552302785599,0.027191274719488,rolling_group_norm,0.0430889951288433,0.0168214654282765,2.2435461786985766,0.0406357633745362,0.027191274719488,0.0299552302785599,0.0,0.0095520387369641,0.0187754903411179,0.0,0.0083658402152953,0.0170892369129562,rolling_user_norm,rolling_user_norm,LightGBM,rolling_group_norm,rolling_user_norm,rolling_user_norm
UCI Electricity,lightgbm_quantile__c90__h6,0.9,6.0,2014-05,4,0.5,0.0,rolling_user_norm,0.0227409523742245,0.0227409523742245,rolling_user_norm,0.0387996805187993,0.0066822242296497,2.1926682615584427,0.0397573257121731,0.0309747164214338,0.0227409523742245,0.0,0.0066974853469728,0.0129759566269913,0.0,0.0046878838915177,0.010638653043557,rolling_user_norm,rolling_user_norm,LightGBM,rolling_group_norm,rolling_user_norm,rolling_user_norm
UCI Electricity,lightgbm_quantile__c90__h6,0.9,6.0,2014-06,5,0.5,0.0,rolling_user_norm,0.0211500752484972,0.0211500752484972,rolling_user_norm,0.0353489489637497,0.0069512015332448,2.347044426159632,0.0423188329198016,0.0333895265159621,0.0211500752484972,0.0,0.0072974657371291,0.013689577355219,0.0,0.0058564144358946,0.0111698031224117,rolling_user_norm,rolling_user_norm,LightGBM,rolling_user_norm,rolling_user_norm,rolling_user_norm
UCI Electricity,lightgbm_quantile__c90__h6,0.9,6.0,2014-07,6,0.5,0.0,rolling_user_norm,0.0312773353784368,0.0312773353784368,rolling_user_norm,0.0417326292031248,0.0208220415537488,2.506513286188446,0.0510828867163498,0.0398947476631278,0.0312773353784368,0.0,0.0079801730325313,0.0155939502664274,0.0,0.0056354401348262,0.0094600854409628,rolling_user_norm,rolling_user_norm,LightGBM,rolling_user_norm,rolling_user_norm,rolling_user_norm
UCI Electricity,lightgbm_quantile__c90__h6,0.9,6.0,2014-08,7,0.5,0.0,rolling_user_norm,0.0231745511257922,0.0231745511257922,rolling_user_norm,0.0376989803622376,0.0086501218893467,2.4629381097656973,0.0502908604869348,0.032888494033883,0.0231745511257922,0.0,0.0099913574434729,0.0220161807527398,0.0,0.0066324869013515,0.0179163877729196,rolling_user_norm,rolling_user_norm,LightGBM,rolling_user_norm,rolling_user_norm,rolling_user_norm
UCI Electricity,lightgbm_quantile__c90__h6,0.9,6.0,2014-09,8,0.5,0.0,rolling_user_norm,0.0214830632905286,0.0214830632905286,rolling_user_norm,0.0332031346262845,0.0097629919547727,2.337818041665253,0.0516913402187545,0.0354369629183774,0.0214830632905286,0.0,0.0139649602469117,0.0237503461075664,0.0,0.0114822224107858,0.0223882592823972,rolling_user_norm,rolling_user_norm,LightGBM,rolling_user_norm,rolling_user_norm,rolling_user_norm
UCI Electricity,lightgbm_quantile__c90__h6,0.9,6.0,2014-10,9,0.5,0.0,rolling_user_norm,0.0513326879294414,0.0435795434813304,rolling_global_norm,0.0506506846593392,0.0520146911995436,2.3327640431241576,0.0435795434813304,0.0528704421748647,0.0513326879294414,0.0,0.0167570450274039,0.0289366457667443,0.0,0.0149801967850734,0.0276639777463647,rolling_user_norm,rolling_user_norm,LightGBM,rolling_user_norm,rolling_user_norm,rolling_user_norm
UCI Electricity,lightgbm_quantile__c90__h6,0.9,6.0,2014-11,10,0.5,0.0,rolling_user_norm,0.0369290160886086,0.0341831376785936,rolling_group_norm,0.0553153519472305,0.0185426802299867,2.2542064521379346,0.0437859786606415,0.0341831376785936,0.0369290160886086,0.0,0.0030375561100572,0.0140459121699495,0.0,-0.0020548538272639,0.0085362315130862,rolling_user_norm,rolling_user_norm,LightGBM,rolling_global_norm,rolling_user_norm,rolling_user_norm
UCI Electricity,lightgbm_quantile__c90__h6,0.9,6.0,2014-12,11,0.5,0.0,rolling_user_norm,0.0641256937415716,0.0566000965805305,rolling_group_norm,0.0732879542871675,0.0549634331959758,2.7339668323830817,0.0628136831238423,0.0566000965805305,0.0641256937415716,0.0,0.0093043288628154,0.014518636795094,0.0,0.0081677406732005,0.0132349353408552,rolling_user_norm,rolling_user_norm,LightGBM,rolling_group_norm,rolling_user_norm,rolling_user_norm
Ausgrid,persistence_qi__c80__h1,0.8,1.0,2012-07,0,0.5,0.0,rolling_user_norm,0.033106352272049,0.033106352272049,rolling_user_norm,0.0408912324234905,0.0253214721206075,4.526192506958829,0.0453774719903752,0.0377726451360797,0.033106352272049,0.0,0.0046542263593894,0.0106092815247902,0.0,0.0013651132363086,0.0069724813215136,rolling_user_norm,rolling_user_norm,Persistence,rolling_global_norm,rolling_global_norm,rolling_user_norm
Ausgrid,persistence_qi__c80__h1,0.8,1.0,2012-08,1,0.5,0.0,rolling_user_norm,0.0308421461077491,0.0308421461077491,rolling_user_norm,0.0420667457834358,0.0196175464320624,4.153173523099914,0.042177430001533,0.0359243998608917,0.0308421461077491,0.0,0.0060572388422405,0.0134207146139413,0.0,0.00300813506705,0.0110488196141256,rolling_user_norm,rolling_user_norm,Persistence,rolling_user_norm,rolling_user_norm,rolling_user_norm
Ausgrid,persistence_qi__c80__h1,0.8,1.0,2012-09,2,0.5,0.0,rolling_user_norm,0.072706954165661,0.0681897370770073,rolling_global_norm,0.0773225566703827,0.0680913516609392,3.1576328615153,0.0681897370770073,0.0751443548148711,0.072706954165661,0.0,0.0029305614849808,0.0068124814602932,0.0,-0.0009827215820057,0.0015816741613563,rolling_user_norm,rolling_global_norm,Persistence,rolling_user_norm,rolling_user_norm,rolling_user_norm
Ausgrid,persistence_qi__c80__h1,0.8,1.0,2012-10,3,0.5,0.0,rolling_global_norm,0.0472236511313808,0.0468158373679548,rolling_user_norm,0.0485183586866616,0.0459289435761001,2.798523040258606,0.0472236511313808,0.0475739601835775,0.0468158373679548,0.0,-0.0032567366410794,-0.0019414306480784,0.0,-0.0040094357934781,-0.002266877365887,rolling_global_norm,rolling_global_norm,Persistence,rolling_global_norm,rolling_user_norm,rolling_user_norm
Ausgrid,persistence_qi__c80__h1,0.8,1.0,2012-11,4,0.5,0.0,rolling_user_norm,0.0211547120192714,0.0211547120192714,rolling_user_norm,0.0370889074693422,0.0052205165692007,2.74909087329544,0.0301260501787171,0.0254990197755143,0.0211547120192714,0.0,0.0041525578985179,0.0060515162180135,0.0,0.0032192186596152,0.0041689241688068,rolling_user_norm,rolling_user_norm,Persistence,rolling_user_norm,rolling_user_norm,rolling_user_norm
Ausgrid,persistence_qi__c80__h1,0.8,1.0,2012-12,5,0.5,0.0,rolling_user_norm,0.0269843151320599,0.0269843151320599,rolling_user_norm,0.0374127917430862,0.0165558385210337,2.7496375389908296,0.0330400935261559,0.0327160991111035,0.0269843151320599,0.0,0.0043027019187549,0.0102933355178741,0.0,0.0022165989240315,0.0069609601077213,rolling_user_norm,rolling_user_norm,Persistence,rolling_user_norm,rolling_user_norm,rolling_user_norm
Ausgrid,persistence_qi__c80__h1,0.8,1.0,2013-01,6,0.5,0.0,rolling_user_norm,0.022000713496824,0.022000713496824,rolling_user_norm,0.0350999748264825,0.0089014521671655,3.0135168309938365,0.0307059834895795,0.0284173049951451,0.022000713496824,0.0,0.0004043770754142,0.0068330425955635,0.0,-0.0026892772208615,0.0037264447129269,rolling_user_norm,rolling_user_norm,Persistence,rolling_user_norm,rolling_user_norm,rolling_user_norm
Ausgrid,persistence_qi__c80__h1,0.8,1.0,2013-02,7,0.5,0.0,rolling_user_norm,0.022917854454301,0.022917854454301,rolling_user_norm,0.0384366539257843,0.0073990549828177,2.7950737626085687,0.0288558305955213,0.0274006804304316,0.022917854454301,0.0,0.0028319659380156,0.0059333408428802,0.0,0.002380442993925,0.0057199525401603,rolling_user_norm,rolling_user_norm,Persistence,rolling_user_norm,rolling_user_norm,rolling_user_norm
Ausgrid,persistence_qi__c80__h1,0.8,1.0,2013-03,8,0.5,0.0,rolling_user_norm,0.0176594009184811,0.0176594009184811,rolling_user_norm,0.0332389326428597,0.0020798691941026,2.7678914572620075,0.0302004895963083,0.0272060363520303,0.0176594009184811,0.0,0.0021173151440216,0.0102974340577993,0.0,0.0017600152344904,0.0099642729127679,rolling_user_norm,rolling_user_norm,Persistence,rolling_user_norm,rolling_user_norm,rolling_user_norm
Ausgrid,persistence_qi__c80__h1,0.8,1.0,2013-04,9,0.5,0.0,rolling_user_norm,0.0369918879429749,0.032325818806797,rolling_group_norm,0.045006503158677,0.0289772727272727,2.803369619790467,0.0357091560073539,0.032325818806797,0.0369918879429749,0.0,0.0041854632218951,0.0127749989041022,0.0,0.0034384492266718,0.0119137237565277,rolling_user_norm,rolling_user_norm,Persistence,rolling_user_norm,rolling_user_norm,rolling_user_norm
Ausgrid,persistence_qi__c80__h1,0.8,1.0,2013-05,10,0.5,0.0,rolling_user_norm,0.058037743725419,0.058037743725419,rolling_user_norm,0.0626389038731255,0.0534365835777126,3.488320652560648,0.0596368810800512,0.0589782821199371,0.058037743725419,0.0,0.0012875236622848,0.0036000406157979,0.0,-0.0007308625126311,0.0004249299444477,rolling_user_norm,rolling_user_norm,Persistence,rolling_group_norm,rolling_user_norm,rolling_user_norm
Ausgrid,persistence_qi__c80__h1,0.8,1.0,2013-06,11,0.5,0.0,rolling_user_norm,0.0722387968311881,0.0722387968311881,rolling_user_norm,0.0738967855815682,0.0705808080808081,4.374922937077717,0.0761462740912469,0.0757884947932502,0.0722387968311881,0.0,0.0013310844010214,0.0085894972896169,0.0,-3.618507055939079e-05,0.0059396949186033,rolling_user_norm,rolling_user_norm,Persistence,rolling_user_norm,rolling_user_norm,rolling_user_norm
Ausgrid,persistence_qi__c80__h6,0.8,6.0,2012-07,0,0.5,0.0,rolling_user_norm,0.0508038911621675,0.0508038911621675,rolling_user_norm,0.0607877512856475,0.0408200310386875,6.752647019337963,0.0809124945443757,0.0614977237245387,0.0508038911621675,0.0,0.0113879927346422,0.0196256979299897,0.0,0.0081510203967802,0.0156733920534117,rolling_user_norm,rolling_user_norm,Persistence,rolling_global_norm,rolling_global_norm,rolling_user_norm
Ausgrid,persistence_qi__c80__h6,0.8,6.0,2012-08,1,0.5,0.0,rolling_user_norm,0.0400308784249878,0.0400308784249878,rolling_user_norm,0.0576033013270039,0.0224584555229716,6.270812597438977,0.0712784834564563,0.0573150676170486,0.0400308784249878,0.0,0.0154583765366854,0.0276434662350119,0.0,0.0100578177297396,0.0225982725466787,rolling_user_norm,rolling_user_norm,Persistence,rolling_user_norm,rolling_user_norm,rolling_user_norm
Ausgrid,persistence_qi__c80__h6,0.8,6.0,2012-09,2,0.5,0.0,rolling_user_norm,0.105232218717273,0.1049716839637278,rolling_global_norm,0.1089650687476774,0.1014993686868686,4.916924311704209,0.1049716839637278,0.1128916807075774,0.105232218717273,0.0,0.0087633486285517,0.0204102843851842,0.0,0.0033681473328418,0.0110226414518727,rolling_user_norm,rolling_user_norm,Persistence,rolling_user_norm,rolling_user_norm,rolling_user_norm
Ausgrid,persistence_qi__c80__h6,0.8,6.0,2012-10,3,0.5,0.0,rolling_user_norm,0.0757189884694908,0.0757189884694908,rolling_user_norm,0.0786411694896968,0.0727968074492849,4.102114529875916,0.0833626429635198,0.0841961403510723,0.0757189884694908,0.0,-0.00641221246226,0.0015752258240912,0.0,-0.0081963649179944,0.0006176356710001,rolling_user_norm,rolling_user_norm,Persistence,rolling_global_norm,rolling_user_norm,rolling_user_norm
Ausgrid,persistence_qi__c80__h6,0.8,6.0,2012-11,4,0.5,0.0,rolling_user_norm,0.0353626492661678,0.0353626492661678,rolling_user_norm,0.0525408769973987,0.0181844215349369,3.8637470256315214,0.0540722319913265,0.0451455931761847,0.0353626492661678,0.0,0.0078393058823565,0.0130714008772916,0.0,0.0073840168772289,0.0102540374929209,rolling_user_norm,rolling_user_norm,Persistence,rolling_user_norm,rolling_user_norm,rolling_user_norm
Ausgrid,persistence_qi__c80__h6,0.8,6.0,2012-12,5,0.5,0.0,rolling_user_norm,0.0370853483269621,0.0370853483269621,rolling_user_norm,0.0532001834070557,0.0209705132468684,4.154316603162093,0.0481523332191376,0.0493727150583977,0.0370853483269621,0.0,0.009562655431535,0.0245772291014902,0.0,0.00541925025398,0.0182482947953459,rolling_user_norm,rolling_user_norm,Persistence,rolling_user_norm,rolling_user_norm,rolling_user_norm
Ausgrid,persistence_qi__c80__h6,0.8,6.0,2013-01,6,0.5,0.0,rolling_user_norm,0.0446258479378662,0.0446258479378662,rolling_user_norm,0.0582074657460351,0.0310442301296973,5.0122758328280455,0.0615058195620312,0.0578381676496943,0.0446258479378662,0.0,0.0006737638263874,0.0147435715565492,0.0,-0.002368986308844,0.0108778209655172,rolling_user_norm,rolling_user_norm,Persistence,rolling_user_norm,rolling_user_norm,rolling_user_norm
Ausgrid,persistence_qi__c80__h6,0.8,6.0,2013-02,7,0.5,0.0,rolling_user_norm,0.041149730200324,0.041149730200324,rolling_user_norm,0.0555014731645166,0.0267979872361314,3.982965426577091,0.0549971944609999,0.0520613528485558,0.041149730200324,0.0,0.0075397814957311,0.0163591026684561,0.0,0.0072899762359671,0.0157359427069186,rolling_user_norm,rolling_user_norm,Persistence,rolling_user_norm,rolling_user_norm,rolling_user_norm
Ausgrid,persistence_qi__c80__h6,0.8,6.0,2013-03,8,0.5,0.0,rolling_user_norm,0.0305976828870872,0.0305976828870872,rolling_user_norm,0.0500602366310641,0.0111351291431104,3.9424793564256553,0.0518385990324541,0.0463566987323149,0.0305976828870872,0.0,0.0033653050063372,0.0190428182028855,0.0,0.0020929126391921,0.0177453619550524,rolling_user_norm,rolling_user_norm,Persistence,rolling_user_norm,rolling_user_norm,rolling_user_norm
Ausgrid,persistence_qi__c80__h6,0.8,6.0,2013-04,9,0.5,0.0,rolling_user_norm,0.0484685378027769,0.0481165385037667,rolling_group_norm,0.063003994797473,0.0339330808080808,3.880897692428184,0.0571324900415289,0.0481165385037667,0.0484685378027769,0.0,0.0062789794819146,0.0246382580329771,0.0,0.0048961223553501,0.0225492218945732,rolling_user_norm,rolling_user_norm,Persistence,rolling_user_norm,rolling_user_norm,rolling_user_norm
Ausgrid,persistence_qi__c80__h6,0.8,6.0,2013-05,10,0.5,0.0,rolling_user_norm,0.0955417766986403,0.0924890100841187,rolling_group_norm,0.0999743769554429,0.0911091764418378,5.164561505688661,0.0946716291303654,0.0924890100841187,0.0955417766986403,0.0,0.0060542503412042,0.0143140825221339,0.0,0.0032039577447604,0.0075454152586403,rolling_user_norm,rolling_user_norm,Persistence,rolling_group_norm,rolling_user_norm,rolling_user_norm
Ausgrid,persistence_qi__c80__h6,0.8,6.0,2013-06,11,0.5,0.0,rolling_user_norm,0.1278700466200466,0.1278700466200466,rolling_user_norm,0.1239850427350427,0.1317550505050505,6.788767551894331,0.1319289915247795,0.1314661165374481,0.1278700466200466,0.0,0.0002573642907257,0.0077669978400415,0.0,-0.002016038593966,0.0032598193902816,rolling_user_norm,rolling_user_norm,Persistence,rolling_group_norm,rolling_user_norm,rolling_user_norm
Ausgrid,persistence_qi__c90__h1,0.9,1.0,2012-07,0,0.5,0.0,rolling_user_norm,0.0242984944271615,0.0242984944271615,rolling_user_norm,0.0285714927895853,0.0200254960647378,6.271651272472172,0.0365240026015359,0.0281926503524477,0.0242984944271615,0.0,0.0059537962069057,0.0100505765090032,0.0,0.0035043817861885,0.0076604891232318,rolling_user_norm,rolling_user_norm,Persistence,rolling_global_norm,rolling_global_norm,rolling_user_norm
Ausgrid,persistence_qi__c90__h1,0.9,1.0,2012-08,1,0.5,0.0,rolling_user_norm,0.019623669715249,0.019623669715249,rolling_user_norm,0.0280572337900528,0.0111901056404452,5.833473594649757,0.0294753971453609,0.0247568799100619,0.019623669715249,0.0,0.007122698996125,0.0111661794381847,0.0,0.0037952231372254,0.0091220694320971,rolling_user_norm,rolling_user_norm,Persistence,rolling_user_norm,rolling_user_norm,rolling_user_norm
Ausgrid,persistence_qi__c90__h1,0.9,1.0,2012-09,2,0.5,0.0,rolling_user_norm,0.0486297633961237,0.0486297633961237,rolling_user_norm,0.0519416573764399,0.0453178694158075,4.6859998267078815,0.0498937729621839,0.0520129836196412,0.0486297633961237,0.0,0.003126700774012,0.0076401771034923,0.0,0.0003708573034445,0.003571959367447,rolling_user_norm,rolling_user_norm,Persistence,rolling_user_norm,rolling_user_norm,rolling_user_norm
Ausgrid,persistence_qi__c90__h1,0.9,1.0,2012-10,3,0.5,0.0,rolling_global_norm,0.0362027713855333,0.0332391190944398,rolling_user_norm,0.0362080591218038,0.0361974836492627,4.01309502645345,0.0362027713855333,0.0376210377251313,0.0332391190944398,0.0,-0.0026560501851851,-0.0003815539026066,0.0,-0.0036720777004779,-0.0013421994444738,rolling_global_norm,rolling_global_norm,Persistence,rolling_user_norm,rolling_user_norm,rolling_user_norm
Ausgrid,persistence_qi__c90__h1,0.9,1.0,2012-11,4,0.5,0.0,rolling_group_norm,0.0198312425044761,0.0154633907603427,rolling_user_norm,0.0288275733927907,0.0108349116161615,3.922265080048851,0.0234998527287929,0.0198312425044761,0.0154633907603427,0.0,0.002628689926102,0.0032161670158482,0.0,0.0020767541582736,0.0012401594237629,rolling_user_norm,rolling_user_norm,Persistence,rolling_user_norm,rolling_user_norm,rolling_user_norm
Ausgrid,persistence_qi__c90__h1,0.9,1.0,2012-12,5,0.5,0.0,rolling_user_norm,0.0173555984893365,0.0173555984893365,rolling_user_norm,0.0260500952997446,0.0086611016789285,3.9384415932354777,0.0250806952222625,0.0220553214860072,0.0173555984893365,0.0,0.0027404441166708,0.0079950155761392,0.0,0.0011846442810072,0.0054676863555474,rolling_user_norm,rolling_user_norm,Persistence,rolling_user_norm,rolling_user_norm,rolling_user_norm
Ausgrid,persistence_qi__c90__h1,0.9,1.0,2013-01,6,0.5,0.0,rolling_user_norm,0.0176373667969478,0.0176373667969478,rolling_user_norm,0.0255713489409141,0.0097033846529814,4.383256184921851,0.0258730723173957,0.0235331977151789,0.0176373667969478,0.0,0.0023750149198378,0.0084259343131043,0.0,0.0007604427592818,0.0064419979793956,rolling_user_norm,rolling_user_norm,Persistence,rolling_user_norm,rolling_user_norm,rolling_user_norm
Ausgrid,persistence_qi__c90__h1,0.9,1.0,2013-02,7,0.5,0.0,rolling_user_norm,0.0154842381863616,0.0154842381863616,rolling_user_norm,0.0263676540850453,0.0046008222876778,3.9870446108172937,0.0240906823022991,0.0208974430806008,0.0154842381863616,0.0,0.0033085720692985,0.0063570076048622,0.0,0.002718559321349,0.0052816284883063,rolling_user_norm,rolling_user_norm,Persistence,rolling_user_norm,rolling_user_norm,rolling_user_norm
Ausgrid,persistence_qi__c90__h1,0.9,1.0,2013-03,8,0.5,0.0,rolling_user_norm,0.012862077856981,0.012862077856981,rolling_user_norm,0.0226507713884992,0.0030733843254627,3.929436070240564,0.0262199041608227,0.0211727339543345,0.012862077856981,0.0,0.0041593083223871,0.0108187829558829,0.0,0.0038900995600537,0.0099909464237866,rolling_user_norm,rolling_user_norm,Persistence,rolling_user_norm,rolling_user_norm,rolling_user_norm
Ausgrid,persistence_qi__c90__h1,0.9,1.0,2013-04,9,0.5,0.0,rolling_user_norm,0.0256044585698118,0.0214071631870545,rolling_group_norm,0.0321511519881085,0.0190577651515151,3.958070966673063,0.0242732231219073,0.0214071631870545,0.0256044585698118,0.0,0.0040460149258274,0.0113105947247948,0.0,0.0033149476270149,0.0097261397685331,rolling_user_norm,rolling_user_norm,Persistence,rolling_user_norm,rolling_user_norm,rolling_user_norm
Ausgrid,persistence_qi__c90__h1,0.9,1.0,2013-05,10,0.5,0.0,rolling_global_norm,0.0457759929974719,0.0457759929974719,rolling_global_norm,0.0490847628295033,0.0424672231654404,5.021367686344882,0.0457759929974719,0.0480236336828202,0.0488606480300905,0.0,0.0011176814951452,0.0032458080811943,0.0,-0.0003005742070686,-0.0006749251175082,rolling_user_norm,rolling_user_norm,Persistence,rolling_group_norm,rolling_user_norm,rolling_user_norm
Ausgrid,persistence_qi__c90__h1,0.9,1.0,2013-06,11,0.5,0.0,rolling_user_norm,0.0639867265886288,0.0639867265886288,rolling_user_norm,0.0607859531772575,0.0671875,6.256244127104107,0.0640358565800142,0.0651010523293132,0.0639867265886288,0.0,-0.0006419429027409,0.0032944854467869,0.0,-0.0018940949390255,0.0014168193806634,rolling_user_norm,rolling_user_norm,Persistence,rolling_global_norm,rolling_user_norm,rolling_user_norm
Ausgrid,persistence_qi__c90__h6,0.9,6.0,2012-07,0,0.5,0.0,rolling_user_norm,0.035291067868767,0.035291067868767,rolling_user_norm,0.0386400007192433,0.0319421350182906,8.501411292938888,0.052188936443407,0.0426766289286351,0.035291067868767,0.0,0.0064838761548476,0.0131116355350162,0.0,0.0039442655052182,0.0095159172322137,rolling_user_norm,rolling_user_norm,Persistence,rolling_global_norm,rolling_global_norm,rolling_user_norm
Ausgrid,persistence_qi__c90__h6,0.9,6.0,2012-08,1,0.5,0.0,rolling_user_norm,0.0275936372830519,0.0275936372830519,rolling_user_norm,0.0372590534757435,0.0179282210903602,8.067239205558282,0.0404106445808483,0.0365317225752192,0.0275936372830519,0.0,0.0084711715055451,0.0173151960719195,0.0,0.0072435450025224,0.014223379900485,rolling_user_norm,rolling_user_norm,Persistence,rolling_user_norm,rolling_user_norm,rolling_user_norm
Ausgrid,persistence_qi__c90__h6,0.9,6.0,2012-09,2,0.5,0.0,rolling_user_norm,0.0613671909419332,0.0613671909419332,rolling_user_norm,0.0666132478632478,0.0561211340206185,6.681229062481787,0.0651975537971167,0.0648580812303638,0.0613671909419332,0.0,0.0048041685116604,0.0124520448856324,0.0,0.0026038880985507,0.0071972171483867,rolling_user_norm,rolling_user_norm,Persistence,rolling_user_norm,rolling_user_norm,rolling_user_norm
Ausgrid,persistence_qi__c90__h6,0.9,6.0,2012-10,3,0.5,0.0,rolling_user_norm,0.0473161818818149,0.0473161818818149,rolling_user_norm,0.0488599992807566,0.0457723644828732,5.653146548048903,0.0547467952888818,0.0552298595513882,0.0473161818818149,0.0,-0.0012748482545518,0.0032011257285097,0.0,-0.0023655655929487,0.0028042378148675,rolling_user_norm,rolling_user_norm,Persistence,rolling_user_norm,rolling_user_norm,rolling_user_norm
Ausgrid,persistence_qi__c90__h6,0.9,6.0,2012-11,4,0.5,0.0,rolling_user_norm,0.0230153394093331,0.0230153394093331,rolling_user_norm,0.0353562801932367,0.0106743986254295,5.225522972326848,0.0376986841660754,0.0296975983327395,0.0230153394093331,0.0,0.0054991357097482,0.0086893837243463,0.0,0.004047673360188,0.0064271291524817,rolling_user_norm,rolling_user_norm,Persistence,rolling_user_norm,rolling_user_norm,rolling_user_norm
Ausgrid,persistence_qi__c90__h6,0.9,6.0,2012-12,5,0.5,0.0,rolling_user_norm,0.0291250228470989,0.0291250228470989,rolling_user_norm,0.0384462545402236,0.0198037911539741,5.733571023228089,0.0394645517126509,0.0381772311095737,0.0291250228470989,0.0,0.0073283340308504,0.0169175887953349,0.0,0.004772698406558,0.012714532725396,rolling_user_norm,rolling_user_norm,Persistence,rolling_user_norm,rolling_user_norm,rolling_user_norm
Ausgrid,persistence_qi__c90__h6,0.9,6.0,2013-01,6,0.5,0.0,rolling_user_norm,0.0390469131113244,0.0390469131113244,rolling_user_norm,0.0471562915812565,0.0309375346413923,7.057574836763204,0.0535589710939881,0.0481187522684898,0.0390469131113244,0.0,0.0032470559665299,0.0143155141484049,0.0,-0.000429688528536,0.010151122173711,rolling_user_norm,rolling_user_norm,Persistence,rolling_user_norm,rolling_user_norm,rolling_user_norm
Ausgrid,persistence_qi__c90__h6,0.9,6.0,2013-02,7,0.5,0.0,rolling_user_norm,0.0279221268982026,0.0279221268982026,rolling_user_norm,0.0394613991081382,0.016382854688267,5.516195388633648,0.0413135522765278,0.0376595483554246,0.0279221268982026,0.0,0.0044250522289304,0.0102062815431665,0.0,0.0034345533948498,0.0090873645140604,rolling_user_norm,rolling_user_norm,Persistence,rolling_user_norm,rolling_user_norm,rolling_user_norm
Ausgrid,persistence_qi__c90__h6,0.9,6.0,2013-03,8,0.5,0.0,rolling_user_norm,0.0236082462272416,0.0236082462272416,rolling_user_norm,0.0365447549178264,0.0106717375366568,5.39422004117294,0.0435770316785832,0.0367401331867057,0.0236082462272416,0.0,0.0043712172784758,0.0148662865192728,0.0,0.0036483106976624,0.0135517614865067,rolling_user_norm,rolling_user_norm,Persistence,rolling_user_norm,rolling_user_norm,rolling_user_norm
Ausgrid,persistence_qi__c90__h6,0.9,6.0,2013-04,9,0.5,0.0,rolling_user_norm,0.0325538120544914,0.0309267695487439,rolling_group_norm,0.0447556670382757,0.0203519570707071,5.254980519544601,0.0386535670395796,0.0309267695487439,0.0325538120544914,0.0,0.0056591285661253,0.0195896224424778,0.0,0.0037463937828667,0.0169371818387369,rolling_user_norm,rolling_user_norm,Persistence,rolling_user_norm,rolling_user_norm,rolling_user_norm
Ausgrid,persistence_qi__c90__h6,0.9,6.0,2013-05,10,0.5,0.0,rolling_user_norm,0.0786380151376207,0.0723780387010138,rolling_group_norm,0.0778176358470888,0.0794583944281525,7.018715827401716,0.0724895863498967,0.0723780387010138,0.0786380151376207,0.0,0.008073842104026,0.0129882864487692,0.0,0.0053125385482369,0.006494120952041,rolling_user_norm,rolling_user_norm,Persistence,rolling_group_norm,rolling_user_norm,rolling_user_norm
Ausgrid,persistence_qi__c90__h6,0.9,6.0,2013-06,11,0.5,0.0,rolling_global_norm,0.099916348370832,0.099916348370832,rolling_global_norm,0.0990198810850985,0.1008128156565656,9.242412425101236,0.099916348370832,0.1056274492415797,0.1079847518876051,0.0,-0.0023203526990807,0.0005046253135933,0.0,-0.0050750995517353,-0.0055037620221815,rolling_user_norm,rolling_user_norm,Persistence,rolling_group_norm,rolling_user_norm,rolling_user_norm
London,persistence_qi__c80__h1,0.8,1.0,2013-03,0,0.5,0.0,rolling_user_norm,0.0176261716176171,0.0176261716176171,rolling_user_norm,0.0289708551691943,0.0062814880660398,4.150847856539094,0.0362006357494274,0.0236091994756864,0.0176261716176171,0.0,0.0105035880791966,0.0163412910003931,0.0,0.0060823937312738,0.0116278958562808,rolling_user_norm,rolling_user_norm,Persistence,rolling_global_norm,rolling_global_norm,rolling_user_norm
London,persistence_qi__c80__h1,0.8,1.0,2013-04,1,0.5,0.0,rolling_user_norm,0.0343952968659415,0.0343952968659415,rolling_user_norm,0.0375817243419501,0.0312088693899329,3.7828679651827177,0.0346069619811071,0.0391355305829933,0.0343952968659415,0.0,0.0175909861498952,0.0215829958167481,0.0,0.0175029900863575,0.0210188500593331,rolling_user_norm,rolling_user_norm,Persistence,rolling_user_norm,rolling_user_norm,rolling_user_norm
London,persistence_qi__c80__h1,0.8,1.0,2013-05,2,0.5,0.0,rolling_global_norm,0.0399045417221374,0.0399045417221374,rolling_global_norm,0.0466701577607178,0.033138925683557,3.454223789469513,0.0399045417221374,0.0513635011592422,0.0469664651462515,0.0,-0.0074468745834231,-0.0022395700493531,0.0,-0.0106331065905752,-0.0048117796020681,rolling_global_norm,rolling_global_norm,Persistence,rolling_user_norm,rolling_user_norm,rolling_user_norm
London,persistence_qi__c80__h1,0.8,1.0,2013-06,3,0.5,0.0,rolling_user_norm,0.0406519992348336,0.0406519992348336,rolling_user_norm,0.0383416000956836,0.0429623983739837,3.2867195146742483,0.0421744974397919,0.0445519698697462,0.0406519992348336,0.0,-0.0019616399184919,0.0022856007249567,0.0,-0.0029741104679623,0.0007085684762983,rolling_user_norm,rolling_global_norm,Persistence,rolling_global_norm,rolling_user_norm,rolling_user_norm
London,persistence_qi__c80__h1,0.8,1.0,2013-07,4,0.5,0.0,rolling_user_norm,0.0431629990379876,0.0431629990379876,rolling_user_norm,0.0453789091696023,0.0409470889063728,2.9177460603632244,0.0557210349867034,0.0511301893758183,0.0431629990379876,0.0,0.002745102593883,0.0097177942493922,0.0,0.002173630517542,0.0081339572194666,rolling_user_norm,rolling_user_norm,Persistence,rolling_user_norm,rolling_user_norm,rolling_user_norm
London,persistence_qi__c80__h1,0.8,1.0,2013-08,5,0.5,0.0,rolling_user_norm,0.0234200751152744,0.0234200751152744,rolling_user_norm,0.035119491412973,0.0117206588175757,2.915650400178877,0.0461981430232411,0.0363496821888153,0.0234200751152744,0.0,0.01003467843776,0.0218391460907918,0.0,0.0098652754711879,0.0213763630264718,rolling_user_norm,rolling_user_norm,Persistence,rolling_user_norm,rolling_user_norm,rolling_user_norm
London,persistence_qi__c80__h1,0.8,1.0,2013-09,6,0.5,0.0,rolling_user_norm,0.0498978999774995,0.0479827309340945,rolling_group_norm,0.0531385103890005,0.0466572895659984,3.328234555943267,0.0516939863579718,0.0479827309340945,0.0498978999774995,0.0,0.0021404425178698,0.0105658396847018,0.0,0.000921115089948,0.0088582934908015,rolling_user_norm,rolling_user_norm,Persistence,rolling_user_norm,rolling_user_norm,rolling_user_norm
London,persistence_qi__c80__h1,0.8,1.0,2013-10,7,0.5,0.0,rolling_user_norm,0.0433584684530771,0.0433584684530771,rolling_user_norm,0.0473227988168486,0.0393941380893057,3.5718434589517254,0.0497645003761279,0.0443226648851678,0.0433584684530771,0.0,0.001950273176217,0.0029194906599692,0.0,0.0003304109384681,0.0019483909634179,rolling_user_norm,rolling_user_norm,Persistence,rolling_group_norm,rolling_user_norm,rolling_user_norm
London,persistence_qi__c80__h1,0.8,1.0,2013-11,8,0.5,0.0,rolling_user_norm,0.0661206538852417,0.052736925538865,rolling_global_norm,0.0516315258522112,0.0806097819182722,4.025733626430526,0.052736925538865,0.0642307151879764,0.0661206538852417,0.0,0.0015045345194433,0.0041259841866944,0.0,-0.0007635412241447,0.0018017762946054,rolling_user_norm,rolling_user_norm,Persistence,rolling_user_norm,rolling_user_norm,rolling_user_norm
London,persistence_qi__c80__h1,0.8,1.0,2013-12,9,0.5,0.0,rolling_global_norm,0.0350733733725644,0.0292634989721133,rolling_user_norm,0.0501621560759703,0.0199845906691584,4.083435952464268,0.0350733733725644,0.0349652645594013,0.0292634989721133,0.0,-0.0048840281879442,0.000203228739189,0.0,-0.0063634455352232,-0.0016311839815977,rolling_user_norm,rolling_user_norm,Persistence,rolling_global_norm,rolling_user_norm,rolling_user_norm
London,persistence_qi__c80__h1,0.8,1.0,2014-01,10,0.5,0.0,rolling_user_norm,0.0177743290540158,0.0177743290540158,rolling_user_norm,0.029389835689327,0.0061588224187046,4.058898603164854,0.0361030436023296,0.0291981816330282,0.0177743290540158,0.0,-0.0026013434075498,0.0064875189722832,0.0,-0.0056378619857344,0.0031874156504177,rolling_user_norm,rolling_user_norm,Persistence,rolling_user_norm,rolling_user_norm,rolling_user_norm
London,persistence_qi__c80__h6,0.8,6.0,2013-03,0,0.5,0.0,rolling_user_norm,0.0246074663045632,0.0246074663045632,rolling_user_norm,0.0399140062565921,0.0093009263525343,5.828005089777575,0.0631962607478211,0.0357001359428341,0.0246074663045632,0.0,0.0262010398508148,0.0349369870305846,0.0,0.018997212610821,0.0264448020659084,rolling_user_norm,rolling_user_norm,Persistence,rolling_global_norm,rolling_global_norm,rolling_user_norm
London,persistence_qi__c80__h6,0.8,6.0,2013-04,1,0.5,0.0,rolling_user_norm,0.0596506470912085,0.0596506470912085,rolling_user_norm,0.0570763615199178,0.0622249326624992,5.207768726221863,0.0612015403694142,0.0641711504072729,0.0596506470912085,0.0,0.0361480911378928,0.0445625276640255,0.0,0.0348442733364645,0.0427691352430007,rolling_user_norm,rolling_user_norm,Persistence,rolling_user_norm,rolling_user_norm,rolling_user_norm
London,persistence_qi__c80__h6,0.8,6.0,2013-05,2,0.5,0.0,rolling_global_norm,0.0731130335158639,0.0731130335158639,rolling_global_norm,0.0713817843147071,0.0748442827170207,4.604484136332951,0.0731130335158639,0.0896693604503164,0.0814015408027401,0.0,-0.0125966029317709,-0.0059180088037874,0.0,-0.0160959183228029,-0.0087828729507421,rolling_global_norm,rolling_global_norm,Persistence,rolling_user_norm,rolling_user_norm,rolling_user_norm
London,persistence_qi__c80__h6,0.8,6.0,2013-06,3,0.5,0.0,rolling_user_norm,0.0628327048149484,0.0628327048149484,rolling_user_norm,0.0523422388981896,0.0733231707317072,4.201024170957905,0.0759528746332851,0.072009593996229,0.0628327048149484,0.0,0.0009205683841025,0.0107084729139378,0.0,-0.0004646735256955,0.0090656394656159,rolling_user_norm,rolling_user_norm,Persistence,rolling_global_norm,rolling_user_norm,rolling_user_norm
London,persistence_qi__c80__h6,0.8,6.0,2013-07,4,0.5,0.0,rolling_user_norm,0.0613243763992574,0.0613243763992574,rolling_user_norm,0.0579670717075105,0.0646816810910043,3.726368244788656,0.0913783743580716,0.0726416134662122,0.0613243763992574,0.0,0.0187500719587941,0.0277467816324126,0.0,0.0175389083538646,0.0265255543791994,rolling_user_norm,rolling_user_norm,Persistence,rolling_user_norm,rolling_user_norm,rolling_user_norm
London,persistence_qi__c80__h6,0.8,6.0,2013-08,5,0.5,0.0,rolling_user_norm,0.0268461280893803,0.0268461280893803,rolling_user_norm,0.0423008263895734,0.0113914297891871,3.750720340713651,0.0833728397563831,0.0461343891380731,0.0268461280893803,0.0,0.0315699949551284,0.0484176584032011,0.0,0.0309787074489918,0.0472256758035427,rolling_user_norm,rolling_user_norm,Persistence,rolling_user_norm,rolling_user_norm,rolling_user_norm
London,persistence_qi__c80__h6,0.8,6.0,2013-09,6,0.5,0.0,rolling_user_norm,0.0797644435098637,0.0767171923645274,rolling_group_norm,0.0780712599010834,0.0814576271186441,4.46113851296534,0.078568668742791,0.0767171923645274,0.0797644435098637,0.0,0.0280645424767928,0.0410708577912834,0.0,0.0274352982765358,0.0405421593872843,rolling_user_norm,rolling_user_norm,Persistence,rolling_user_norm,rolling_user_norm,rolling_user_norm
London,persistence_qi__c80__h6,0.8,6.0,2013-10,7,0.5,0.0,rolling_global_norm,0.0754501900525506,0.0735039980155001,rolling_group_norm,0.0839566382892559,0.0669437418158453,4.913673397989911,0.0754501900525506,0.0735039980155001,0.0750800471393484,0.0,-0.0027336842523398,-0.003440118909095,0.0,-0.0039795174587473,-0.0067310693626461,rolling_global_norm,rolling_user_norm,Persistence,rolling_group_norm,rolling_user_norm,rolling_user_norm
London,persistence_qi__c80__h6,0.8,6.0,2013-11,8,0.5,0.0,rolling_user_norm,0.1222100190954271,0.0815599674433749,rolling_global_norm,0.0852131001689358,0.1592069380219185,5.767208870803055,0.0815599674433749,0.1160583103105104,0.1222100190954271,0.0,0.0057484427829298,0.0101680691288615,0.0,0.0001977471877006,0.0035363186853951,rolling_user_norm,rolling_user_norm,Persistence,rolling_group_norm,rolling_user_norm,rolling_user_norm
London,persistence_qi__c80__h6,0.8,6.0,2013-12,9,0.5,0.0,rolling_global_norm,0.0637655399698956,0.0637655399698956,rolling_global_norm,0.074096653710283,0.0534344262295082,5.931427193349175,0.0637655399698956,0.0689426619877952,0.0671826619066277,0.0,-0.017363230703363,-0.0169671039067112,0.0,-0.0210732225502932,-0.0205468471948622,rolling_global_norm,rolling_global_norm,Persistence,rolling_global_norm,rolling_user_norm,rolling_user_norm
London,persistence_qi__c80__h6,0.8,6.0,2014-01,10,0.5,0.0,rolling_user_norm,0.0264022143475566,0.0264022143475566,rolling_user_norm,0.0417849322839639,0.0110194964111492,5.690759541773519,0.056463021860297,0.0403280723517193,0.0264022143475566,0.0,0.0027730951627372,0.0139439391196643,0.0,-0.0012985650334446,0.0093003183438099,rolling_user_norm,rolling_user_norm,Persistence,rolling_global_norm,rolling_user_norm,rolling_user_norm
London,persistence_qi__c90__h1,0.9,1.0,2013-03,0,0.5,0.0,rolling_user_norm,0.0110509289624354,0.0110509289624354,rolling_user_norm,0.0205167158203637,0.0015851421045071,5.978890646214145,0.0208039780308193,0.0153062379437633,0.0110509289624354,0.0,0.003995830315161,0.0069816673349793,0.0,0.0011174401010262,0.0043029918627882,rolling_user_norm,rolling_user_norm,Persistence,rolling_global_norm,rolling_global_norm,rolling_user_norm
London,persistence_qi__c90__h1,0.9,1.0,2013-04,1,0.5,0.0,rolling_user_norm,0.0204011796487757,0.0204011796487757,rolling_user_norm,0.0235675220413707,0.0172348372561806,5.509740368716211,0.0214878245704912,0.0227802103641939,0.0204011796487757,0.0,0.0079251949346308,0.0103596893528349,0.0,0.0076311730452989,0.0100611727315009,rolling_user_norm,rolling_user_norm,Persistence,rolling_user_norm,rolling_user_norm,rolling_user_norm
London,persistence_qi__c90__h1,0.9,1.0,2013-05,2,0.5,0.0,rolling_global_norm,0.0258928207016042,0.0258928207016042,rolling_global_norm,0.0284641098007957,0.0233215316024127,5.0802579744341045,0.0258928207016042,0.0304156972744369,0.0277166287163767,0.0,-0.0027161547661994,0.0001064436783531,0.0,-0.0041360805934269,-0.0015234655495922,rolling_user_norm,rolling_global_norm,Persistence,rolling_user_norm,rolling_user_norm,rolling_user_norm
London,persistence_qi__c90__h1,0.9,1.0,2013-06,3,0.5,0.0,rolling_user_norm,0.0248675625137441,0.0248675625137441,rolling_user_norm,0.023532550501743,0.0262025745257452,4.835856892059212,0.0286092566770807,0.028150355450032,0.0248675625137441,0.0,-0.0002274438637243,0.002335670294596,0.0,-0.0004070497129963,0.0020375980759973,rolling_user_norm,rolling_user_norm,Persistence,rolling_global_norm,rolling_user_norm,rolling_user_norm
London,persistence_qi__c90__h1,0.9,1.0,2013-07,4,0.5,0.0,rolling_user_norm,0.0274973096318196,0.0274973096318196,rolling_user_norm,0.0279932423950319,0.0270013768686073,4.306434201518388,0.0376731146383563,0.0323607107982171,0.0274973096318196,0.0,0.0051383250563416,0.0091640090210959,0.0,0.0048238784059202,0.0087042087060811,rolling_user_norm,rolling_user_norm,Persistence,rolling_user_norm,rolling_user_norm,rolling_user_norm
London,persistence_qi__c90__h1,0.9,1.0,2013-08,5,0.5,0.0,rolling_user_norm,0.0160157356900076,0.0160157356900076,rolling_user_norm,0.0218698426343592,0.0101616287456559,4.290494088855467,0.0334644557320797,0.0237281203165488,0.0160157356900076,0.0,0.0089538844116894,0.0164093219727455,0.0,0.0084013710669695,0.0160883798921104,rolling_user_norm,rolling_user_norm,Persistence,rolling_user_norm,rolling_user_norm,rolling_user_norm
London,persistence_qi__c90__h1,0.9,1.0,2013-09,6,0.5,0.0,rolling_user_norm,0.0337558990807302,0.0304550945947104,rolling_global_norm,0.0356081902372455,0.0319036079242149,4.872760783176873,0.0304550945947104,0.0311148540860641,0.0337558990807302,0.0,0.0048790053720056,0.0097520752630359,0.0,0.0038272744199398,0.0085418306922876,rolling_user_norm,rolling_user_norm,Persistence,rolling_user_norm,rolling_user_norm,rolling_user_norm
London,persistence_qi__c90__h1,0.9,1.0,2013-10,7,0.5,0.0,rolling_global_norm,0.0318207717962414,0.0298994223780407,rolling_group_norm,0.0368976886052949,0.026743854987188,5.234361830895366,0.0318207717962414,0.0298994223780407,0.0305216191123585,0.0,-0.0005022566326726,-0.0015452606821205,0.0,-0.0014122533311974,-0.0025150980276925,rolling_global_norm,rolling_global_norm,Persistence,rolling_global_norm,rolling_user_norm,rolling_user_norm
London,persistence_qi__c90__h1,0.9,1.0,2013-11,8,0.5,0.0,rolling_user_norm,0.046544457407741,0.0312311638067488,rolling_global_norm,0.0356550803882112,0.0574338344272707,5.832310102938587,0.0312311638067488,0.0422794958042713,0.046544457407741,0.0,0.0017990973967224,0.0036965516364384,0.0,0.0003846590768619,0.0014002683284567,rolling_user_norm,rolling_user_norm,Persistence,rolling_group_norm,rolling_user_norm,rolling_user_norm
London,persistence_qi__c90__h1,0.9,1.0,2013-12,9,0.5,0.0,rolling_global_norm,0.0219812571946572,0.0205590079697943,rolling_user_norm,0.0312039163105628,0.0127585980787515,5.938089311783712,0.0219812571946572,0.0229851383422927,0.0205590079697943,0.0,-0.0051147914992705,-0.0035817360738044,0.0,-0.0058829867521469,-0.0052081353478659,rolling_global_norm,rolling_global_norm,Persistence,rolling_global_norm,rolling_user_norm,rolling_user_norm
London,persistence_qi__c90__h1,0.9,1.0,2014-01,10,0.5,0.0,rolling_user_norm,0.0110690335605027,0.0110690335605027,rolling_user_norm,0.0191045054040561,0.0030335617169493,5.819654575859046,0.0218240204863959,0.0183059632647492,0.0110690335605027,0.0,-0.0017516208703219,0.0027142044629134,0.0,-0.0023599611273192,0.0016862927875134,rolling_user_norm,rolling_user_norm,Persistence,rolling_user_norm,rolling_user_norm,rolling_user_norm
London,persistence_qi__c90__h6,0.9,6.0,2013-03,0,0.5,0.0,rolling_user_norm,0.0154029357565185,0.0154029357565185,rolling_user_norm,0.0270104821360078,0.0037953893770292,7.754114370329266,0.0329295244818813,0.0210190675705643,0.0154029357565185,0.0,0.0093782849421484,0.0146921007983747,0.0,0.005805873444774,0.0108526830084481,rolling_user_norm,rolling_user_norm,Persistence,rolling_global_norm,rolling_global_norm,rolling_user_norm
London,persistence_qi__c90__h6,0.9,6.0,2013-04,1,0.5,0.0,rolling_user_norm,0.0340528305631173,0.0329146831108746,rolling_global_norm,0.0322075736806553,0.0358980874455794,7.025232819283627,0.0329146831108746,0.0361309342428812,0.0340528305631173,0.0,0.0140923161745205,0.0205927489719116,0.0,0.0136537343920199,0.0198089535403237,rolling_user_norm,rolling_user_norm,Persistence,rolling_user_norm,rolling_user_norm,rolling_user_norm
London,persistence_qi__c90__h6,0.9,6.0,2013-05,2,0.5,0.0,rolling_global_norm,0.0439324783207074,0.0439324783207074,rolling_global_norm,0.0405629634601927,0.047301993181222,6.398857132174652,0.0439324783207074,0.0496160421909927,0.0452846143028186,0.0,-0.0073098971280235,-0.0025196474864551,0.0,-0.0082134379391591,-0.0034072837892034,rolling_global_norm,rolling_global_norm,Persistence,rolling_global_norm,rolling_user_norm,rolling_user_norm
London,persistence_qi__c90__h6,0.9,6.0,2013-06,3,0.5,0.0,rolling_user_norm,0.036540949911296,0.036540949911296,rolling_user_norm,0.0297638103916977,0.0433180894308943,5.87719200909147,0.0443491292855228,0.0422163116387342,0.036540949911296,0.0,0.0009303813395276,0.007057422137557,0.0,0.0003961313817337,0.0058369283654595,rolling_user_norm,rolling_user_norm,Persistence,rolling_global_norm,rolling_user_norm,rolling_user_norm
London,persistence_qi__c90__h6,0.9,6.0,2013-07,4,0.5,0.0,rolling_user_norm,0.0364381895935467,0.0364381895935467,rolling_user_norm,0.0345650101863066,0.0383113690007868,5.208935510195979,0.0523489358874022,0.041746826329971,0.0364381895935467,0.0,0.0114902391204883,0.0163972198121191,0.0,0.0114280238540986,0.0159143375308321,rolling_user_norm,rolling_user_norm,Persistence,rolling_user_norm,rolling_user_norm,rolling_user_norm
London,persistence_qi__c90__h6,0.9,6.0,2013-08,5,0.5,0.0,rolling_user_norm,0.0194323216323199,0.0194323216323199,rolling_user_norm,0.0267388113247036,0.0121258319399363,5.222041444095872,0.0467971806914476,0.0286016156848985,0.0194323216323199,0.0,0.0151486368218051,0.0228186611115155,0.0,0.0144432003711639,0.0217411190756707,rolling_user_norm,rolling_user_norm,Persistence,rolling_user_norm,rolling_user_norm,rolling_user_norm
London,persistence_qi__c90__h6,0.9,6.0,2013-09,6,0.5,0.0,rolling_user_norm,0.0557685628127141,0.047232716045209,rolling_global_norm,0.0530540747779706,0.0584830508474576,6.1600399092102895,0.047232716045209,0.0502659087472294,0.0557685628127141,0.0,0.0125142205265253,0.01945050967831,0.0,0.0119638717691457,0.018860489566559,rolling_user_norm,rolling_user_norm,Persistence,rolling_user_norm,rolling_user_norm,rolling_user_norm
London,persistence_qi__c90__h6,0.9,6.0,2013-10,7,0.5,0.0,rolling_global_norm,0.0469380191346974,0.0463900786862375,rolling_group_norm,0.0538229547916951,0.0400530834776997,6.732952283179853,0.0469380191346974,0.0463900786862375,0.0502158037363945,0.0,-0.0026688226518377,-0.0044929559325414,0.0,-0.0038576910920427,-0.0088049685274501,rolling_global_norm,rolling_user_norm,Persistence,rolling_global_norm,rolling_user_norm,rolling_user_norm
London,persistence_qi__c90__h6,0.9,6.0,2013-11,8,0.5,0.0,rolling_global_norm,0.0526956458381855,0.0526956458381855,rolling_global_norm,0.0528682976217951,0.0525229940545759,7.776653531824457,0.0526956458381855,0.0835440574997168,0.0942707211132639,0.0,0.0019843219913896,0.0030237702033743,0.0,-0.0016247846216637,-0.0019992301277606,rolling_user_norm,rolling_user_norm,Persistence,rolling_group_norm,rolling_user_norm,rolling_user_norm
London,persistence_qi__c90__h6,0.9,6.0,2013-12,9,0.5,0.0,rolling_global_norm,0.0367353333497676,0.0367353333497676,rolling_global_norm,0.0442001748962567,0.0292704918032786,7.962974740996272,0.0367353333497676,0.0425552034976244,0.0453781444841098,0.0,-0.0162866199996908,-0.0206979950919894,0.0,-0.0187362251984816,-0.0232013701340453,rolling_global_norm,rolling_global_norm,Persistence,rolling_global_norm,rolling_user_norm,rolling_user_norm
London,persistence_qi__c90__h6,0.9,6.0,2014-01,10,0.5,0.0,rolling_user_norm,0.018975107306116,0.018975107306116,rolling_user_norm,0.0268190285668664,0.0111311860453656,7.535076112216041,0.0323022594605206,0.0283497755938832,0.018975107306116,0.0,0.0006340707994046,0.0066955239130884,0.0,-0.0003743351574715,0.0063459745650025,rolling_user_norm,rolling_user_norm,Persistence,rolling_global_norm,rolling_user_norm,rolling_user_norm
UCI Electricity,persistence_qi__c80__h1,0.8,1.0,2014-01,0,0.5,0.0,rolling_group_norm,0.030526781866532,0.030526781866532,rolling_group_norm,0.0513537429445337,0.0096998207885303,1.8102828895739105,0.0673598738862787,0.030526781866532,0.0326775859239872,0.0,0.0297585469003597,0.0270199380302427,0.0,0.0171089886491508,0.0109212881358253,rolling_group_norm,rolling_group_norm,Persistence,rolling_global_norm,rolling_global_norm,rolling_user_norm
UCI Electricity,persistence_qi__c80__h1,0.8,1.0,2014-02,1,0.5,0.0,rolling_user_norm,0.0275277052074766,0.0275277052074766,rolling_user_norm,0.0235684174696271,0.0314869929453262,1.813442069806842,0.0699380194675893,0.0280171627953886,0.0275277052074766,0.0,0.0393194026370549,0.0408504258750674,0.0,0.037401769222091,0.0379156029499137,rolling_user_norm,rolling_group_norm,Persistence,rolling_group_norm,rolling_group_norm,rolling_user_norm
UCI Electricity,persistence_qi__c80__h1,0.8,1.0,2014-03,2,0.5,0.0,rolling_group_norm,0.0297228375499707,0.0297228375499707,rolling_group_norm,0.0446681960079462,0.0147774790919952,1.8072847166864712,0.0570759333419756,0.0297228375499707,0.0398938110729213,0.0,0.0377314572627537,0.036636090164316,0.0,0.0352158157148691,0.0328282070889779,rolling_group_norm,rolling_user_norm,Persistence,rolling_user_norm,rolling_group_norm,rolling_user_norm
UCI Electricity,persistence_qi__c80__h1,0.8,1.0,2014-04,3,0.5,0.0,rolling_group_norm,0.0317940647080615,0.0317940647080615,rolling_group_norm,0.0483484033887259,0.0152397260273972,1.732804086550745,0.0620776914907739,0.0317940647080615,0.0395317044398585,0.0,0.0384600251333202,0.0375760075580864,0.0,0.0343112927180913,0.0281424070936028,rolling_group_norm,rolling_user_norm,Persistence,rolling_group_norm,rolling_group_norm,rolling_user_norm
UCI Electricity,persistence_qi__c80__h1,0.8,1.0,2014-05,4,0.5,0.0,rolling_user_norm,0.029586928949572,0.029586928949572,rolling_user_norm,0.0318142402169457,0.0273596176821983,1.704181176513044,0.0658041019806108,0.0331759493450303,0.029586928949572,0.0,0.0267357840941948,0.0294738647785243,0.0,0.0201040568943215,0.0220082238763953,rolling_user_norm,rolling_user_norm,Persistence,rolling_group_norm,rolling_group_norm,rolling_user_norm
UCI Electricity,persistence_qi__c80__h1,0.8,1.0,2014-06,5,0.5,0.0,rolling_user_norm,0.0261851805405498,0.0261851805405498,rolling_user_norm,0.0282329341805148,0.0241374269005848,1.7440750323336074,0.065437303138916,0.0365453880914407,0.0261851805405498,0.0,0.0382160934156648,0.0478408828336908,0.0,0.0339325247101907,0.0427634925439551,rolling_user_norm,rolling_user_norm,Persistence,rolling_user_norm,rolling_group_norm,rolling_user_norm
UCI Electricity,persistence_qi__c80__h1,0.8,1.0,2014-07,6,0.5,0.0,rolling_user_norm,0.0282491085757625,0.0282491085757625,rolling_user_norm,0.0327397281871787,0.0237584889643464,1.8621330619055017,0.0743936612920744,0.0367239090892495,0.0282491085757625,0.0,0.0294248990361752,0.0372985725419228,0.0,0.0232738248463122,0.0304099938304744,rolling_user_norm,rolling_user_norm,Persistence,rolling_user_norm,rolling_group_norm,rolling_user_norm
UCI Electricity,persistence_qi__c80__h1,0.8,1.0,2014-08,7,0.5,0.0,rolling_user_norm,0.0378768535744775,0.0355403125076641,rolling_group_norm,0.0297884542616592,0.0459652528872958,1.806029241738404,0.050130507146853,0.0355403125076641,0.0378768535744775,0.0,0.0317985762394836,0.044792506413666,0.0,0.0303759870039992,0.0392183925696209,rolling_user_norm,rolling_user_norm,Persistence,rolling_user_norm,rolling_user_norm,rolling_user_norm
UCI Electricity,persistence_qi__c80__h1,0.8,1.0,2014-09,8,0.5,0.0,rolling_user_norm,0.0254409009449331,0.0254409009449331,rolling_user_norm,0.0283123574454219,0.0225694444444444,1.7892844185378842,0.0507241810277204,0.0328622708408361,0.0254409009449331,0.0,0.0049485864756891,0.0061070660055844,0.0,-0.0012860923851016,0.0009525681059477,rolling_user_norm,rolling_user_norm,Persistence,rolling_group_norm,rolling_user_norm,rolling_user_norm
UCI Electricity,persistence_qi__c80__h1,0.8,1.0,2014-10,9,0.5,0.0,rolling_user_norm,0.0293651677794429,0.0293651677794429,rolling_user_norm,0.0358419654400403,0.0228883701188454,1.793236708616589,0.0573307286648424,0.0352493042036554,0.0293651677794429,0.0,0.0180682386993696,0.0268738350415157,0.0,0.015196677606431,0.0202997365911581,rolling_user_norm,rolling_user_norm,Persistence,rolling_user_norm,rolling_user_norm,rolling_user_norm
UCI Electricity,persistence_qi__c80__h1,0.8,1.0,2014-11,10,0.5,0.0,rolling_user_norm,0.0362972428888647,0.0362972428888647,rolling_user_norm,0.0407400619094167,0.0318544238683127,1.726078727613919,0.0621058818471453,0.0384328107046697,0.0362972428888647,0.0,0.0325150119568593,0.0399480234110492,0.0,0.0292636122064144,0.0356983628474864,rolling_user_norm,rolling_user_norm,Persistence,rolling_user_norm,rolling_user_norm,rolling_user_norm
UCI Electricity,persistence_qi__c80__h1,0.8,1.0,2014-12,11,0.5,0.0,rolling_user_norm,0.0333451873340877,0.0333451873340877,rolling_user_norm,0.0393805379497367,0.0273098367184387,1.794832418078569,0.0715859309945331,0.0333825376554305,0.0333451873340877,0.0,0.0347422772360284,0.0396609679315772,0.0,0.0317928647935405,0.0351007058779551,rolling_user_norm,rolling_user_norm,Persistence,rolling_user_norm,rolling_user_norm,rolling_user_norm
UCI Electricity,persistence_qi__c80__h6,0.8,6.0,2014-01,0,0.5,0.0,rolling_user_norm,0.0441681710444717,0.0441681710444717,rolling_user_norm,0.0504107148488001,0.0379256272401433,4.2477354438496615,0.1006500211386614,0.0588915677947114,0.0441681710444717,0.0,0.0360672817744354,0.0537255042837715,0.0,0.0241831320621825,0.0343804268170311,rolling_user_norm,rolling_user_norm,Persistence,rolling_global_norm,rolling_global_norm,rolling_user_norm
UCI Electricity,persistence_qi__c80__h6,0.8,6.0,2014-02,1,0.5,0.0,rolling_user_norm,0.0347967150280393,0.0347967150280393,rolling_user_norm,0.0464143887026951,0.0231790413533834,4.287370606865466,0.1098528406828138,0.0622941726856377,0.0347967150280393,0.0,0.0443615158692502,0.0730154791575986,0.0,0.0423167209025584,0.0683703595583485,rolling_user_norm,rolling_user_norm,Persistence,rolling_user_norm,rolling_user_norm,rolling_user_norm
UCI Electricity,persistence_qi__c80__h6,0.8,6.0,2014-03,2,0.5,0.0,rolling_user_norm,0.0602284990032128,0.0602284990032128,rolling_user_norm,0.0709572966922082,0.0494997013142174,4.072383317307433,0.0998443482417139,0.0687323554850602,0.0602284990032128,0.0,0.0428169785267535,0.0712383668046515,0.0,0.0397969382009821,0.0680480238390005,rolling_user_norm,rolling_user_norm,Persistence,rolling_user_norm,rolling_user_norm,rolling_user_norm
UCI Electricity,persistence_qi__c80__h6,0.8,6.0,2014-04,3,0.5,0.0,rolling_user_norm,0.07095292078491,0.07095292078491,rolling_user_norm,0.0776311502117953,0.0642746913580246,3.90518979166322,0.1147794590166902,0.071027892900131,0.07095292078491,0.0,0.0437621091735606,0.0494791548991228,0.0,0.0290402099938401,0.0291697068042455,rolling_user_norm,rolling_user_norm,Persistence,rolling_user_norm,rolling_user_norm,rolling_user_norm
UCI Electricity,persistence_qi__c80__h6,0.8,6.0,2014-05,4,0.5,0.0,rolling_user_norm,0.0607799007795242,0.0607799007795242,rolling_user_norm,0.0670677245924384,0.05449207696661,3.871368427386464,0.1229239768771073,0.0683785144561337,0.0607799007795242,0.0,0.0534539951183522,0.0595985527089328,0.0,0.0527581775858642,0.0575483939788413,rolling_user_norm,rolling_user_norm,Persistence,rolling_user_norm,rolling_user_norm,rolling_user_norm
UCI Electricity,persistence_qi__c80__h6,0.8,6.0,2014-06,5,0.5,0.0,rolling_user_norm,0.0699046331309701,0.0699046331309701,rolling_user_norm,0.0677551726946888,0.0720540935672514,4.063447174604187,0.1290029174661791,0.0854319350122618,0.0699046331309701,0.0,0.0610435926307931,0.0775782699889001,0.0,0.0549603567698485,0.0699479339559278,rolling_user_norm,rolling_user_norm,Persistence,rolling_user_norm,rolling_user_norm,rolling_user_norm
UCI Electricity,persistence_qi__c80__h6,0.8,6.0,2014-07,6,0.5,0.0,rolling_user_norm,0.0876527266752635,0.0876527266752635,rolling_user_norm,0.0810107448049695,0.0942947085455574,4.387000127327323,0.1438787589737122,0.1015359071574499,0.0876527266752635,0.0,0.0405907037061535,0.0563865171191619,0.0,0.0236501392702508,0.038004109395485,rolling_user_norm,rolling_user_norm,Persistence,rolling_user_norm,rolling_user_norm,rolling_user_norm
UCI Electricity,persistence_qi__c80__h6,0.8,6.0,2014-08,7,0.5,0.0,rolling_user_norm,0.0482498451096699,0.0482498451096699,rolling_user_norm,0.0574415460536688,0.0390581441656709,4.226782028309112,0.0934502959704572,0.0746707466388514,0.0482498451096699,0.0,0.0307933932120406,0.0496964977475729,0.0,0.0255084020658355,0.0393826627334868,rolling_user_norm,rolling_user_norm,Persistence,rolling_user_norm,rolling_user_norm,rolling_user_norm
UCI Electricity,persistence_qi__c80__h6,0.8,6.0,2014-09,8,0.5,0.0,rolling_user_norm,0.0513797728987669,0.0513797728987669,rolling_user_norm,0.0578618849788204,0.0448976608187133,4.184967495022175,0.0840302856823914,0.0724950320265472,0.0513797728987669,0.0,0.0112353499800831,0.0249363860641408,0.0,0.0050342892773494,0.0175833400035617,rolling_user_norm,rolling_user_norm,Persistence,rolling_user_norm,rolling_user_norm,rolling_user_norm
UCI Electricity,persistence_qi__c80__h6,0.8,6.0,2014-10,9,0.5,0.0,rolling_user_norm,0.0839125205170716,0.0839125205170716,rolling_user_norm,0.0842688723867183,0.0835561686474249,4.1623595075254505,0.0860218484416368,0.0854570940109235,0.0839125205170716,0.0,0.0036439211783486,0.0159192713940639,0.0,-0.0051266841380928,0.0020386034304676,rolling_user_norm,rolling_user_norm,Persistence,rolling_user_norm,rolling_user_norm,rolling_user_norm
UCI Electricity,persistence_qi__c80__h6,0.8,6.0,2014-11,10,0.5,0.0,rolling_user_norm,0.0944322951501431,0.0944322951501431,rolling_user_norm,0.0959259938090583,0.092938596491228,4.106577421789306,0.1264059728105427,0.0973473433400215,0.0944322951501431,0.0,0.0441197986095175,0.0568564300218705,0.0,0.022648524166303,0.0304489656586571,rolling_user_norm,rolling_user_norm,Persistence,rolling_user_norm,rolling_user_norm,rolling_user_norm
UCI Electricity,persistence_qi__c80__h6,0.8,6.0,2014-12,11,0.5,0.0,rolling_user_norm,0.0651971949801782,0.0651971949801782,rolling_user_norm,0.0854101630246271,0.0449842269357294,4.385512539896435,0.1469707736107753,0.0795127302561055,0.0651971949801782,0.0,0.0647092162790852,0.0778252021136618,0.0,0.055089681761358,0.0658190653541414,rolling_user_norm,rolling_user_norm,Persistence,rolling_user_norm,rolling_user_norm,rolling_user_norm
UCI Electricity,persistence_qi__c90__h1,0.9,1.0,2014-01,0,0.5,0.0,rolling_group_norm,0.0185153652375296,0.0185153652375296,rolling_group_norm,0.0327221880616781,0.004308542413381,2.3831875512872585,0.04260549768701,0.0185153652375296,0.0197970754194739,0.0,0.0186278773118003,0.0173742513460255,0.0,0.0110199566561142,0.0086304015097539,rolling_group_norm,rolling_group_norm,Persistence,rolling_global_norm,rolling_global_norm,rolling_user_norm
UCI Electricity,persistence_qi__c90__h1,0.9,1.0,2014-02,1,0.5,0.0,rolling_user_norm,0.0141728545374378,0.0141728545374378,rolling_user_norm,0.0155370670995671,0.0128086419753086,2.3661192372640447,0.0441399199043688,0.0196483474070609,0.0141728545374378,0.0,0.0247657083575787,0.0289601295425668,0.0,0.0242128114261044,0.0272298670201661,rolling_user_norm,rolling_user_norm,Persistence,rolling_group_norm,rolling_group_norm,rolling_user_norm
UCI Electricity,persistence_qi__c90__h1,0.9,1.0,2014-03,2,0.5,0.0,rolling_user_norm,0.021555018621876,0.0180650990900552,rolling_group_norm,0.0202456405890328,0.0228643966547191,2.377402051284472,0.0325986261621884,0.0180650990900552,0.021555018621876,0.0,0.0226788032183047,0.0257483199463486,0.0,0.0217651238050292,0.0241472458792289,rolling_user_norm,rolling_user_norm,Persistence,rolling_user_norm,rolling_user_norm,rolling_user_norm
UCI Electricity,persistence_qi__c90__h1,0.9,1.0,2014-04,3,0.5,0.0,rolling_group_norm,0.0221403463304424,0.0221403463304424,rolling_group_norm,0.031706174649723,0.0125745180111618,2.297657341684825,0.0328547761063442,0.0221403463304424,0.0276737280209502,0.0,0.0180815052445631,0.0205571405728215,0.0,0.01514771807981,0.0148759629049674,rolling_user_norm,rolling_user_norm,Persistence,rolling_group_norm,rolling_user_norm,rolling_user_norm
UCI Electricity,persistence_qi__c90__h1,0.9,1.0,2014-05,4,0.5,0.0,rolling_user_norm,0.0197890717791862,0.0197890717791862,rolling_user_norm,0.0226874625547882,0.0168906810035842,2.223009904764717,0.0432425224904846,0.0219158689153735,0.0197890717791862,0.0,0.0153034885695255,0.0153470939985277,0.0,0.0108949601991314,0.011020922063084,rolling_user_norm,rolling_group_norm,Persistence,rolling_group_norm,rolling_group_norm,rolling_user_norm
UCI Electricity,persistence_qi__c90__h1,0.9,1.0,2014-06,5,0.5,0.0,rolling_user_norm,0.0190112369211831,0.0190112369211831,rolling_user_norm,0.0189638318670576,0.0190586419753086,2.2692167193809984,0.0383418828367305,0.0240056121486512,0.0190112369211831,0.0,0.0241017126493632,0.0319891891674597,0.0,0.0230341491605789,0.0300685028469808,rolling_user_norm,rolling_user_norm,Persistence,rolling_user_norm,rolling_group_norm,rolling_user_norm
UCI Electricity,persistence_qi__c90__h1,0.9,1.0,2014-07,6,0.5,0.0,rolling_user_norm,0.0213102100334081,0.0213102100334081,rolling_user_norm,0.0249067811307665,0.0177136389360498,2.431988108769656,0.0510889622318689,0.0268083409537624,0.0213102100334081,0.0,0.0143946485656776,0.0172128525351974,0.0,0.0084233445051401,0.0111546317074154,rolling_user_norm,rolling_user_norm,Persistence,rolling_user_norm,rolling_user_norm,rolling_user_norm
UCI Electricity,persistence_qi__c90__h1,0.9,1.0,2014-08,7,0.5,0.0,rolling_user_norm,0.0215952193048533,0.0204178989120028,rolling_group_norm,0.0187330511146848,0.0244573874950219,2.3547692674180305,0.0357494582488078,0.0204178989120028,0.0215952193048533,0.0,0.0220430269153387,0.0315828215685812,0.0,0.0213595344473109,0.0277308708380873,rolling_user_norm,rolling_user_norm,Persistence,rolling_user_norm,rolling_user_norm,rolling_user_norm
UCI Electricity,persistence_qi__c90__h1,0.9,1.0,2014-09,8,0.5,0.0,rolling_user_norm,0.0171355128344375,0.0171355128344375,rolling_user_norm,0.0189546676441837,0.0153163580246913,2.354335175449916,0.0352786376307881,0.0217348677779492,0.0171355128344375,0.0,0.0060270422133362,0.0061687482891207,0.0,0.0008519426487152,0.0018321445834932,rolling_user_norm,rolling_group_norm,Persistence,rolling_group_norm,rolling_user_norm,rolling_user_norm
UCI Electricity,persistence_qi__c90__h1,0.9,1.0,2014-10,9,0.5,0.0,rolling_user_norm,0.020155372734409,0.020155372734409,rolling_user_norm,0.0252534449594803,0.0150573005093378,2.371769481305912,0.0364211800920524,0.0222708716083558,0.020155372734409,0.0,0.0129442497327094,0.0182942849933747,0.0,0.0096306506659901,0.0142775989301737,rolling_user_norm,rolling_user_norm,Persistence,rolling_user_norm,rolling_user_norm,rolling_user_norm
UCI Electricity,persistence_qi__c90__h1,0.9,1.0,2014-11,10,0.5,0.0,rolling_user_norm,0.021484250398724,0.021484250398724,rolling_user_norm,0.0272411616161616,0.0157273391812865,2.261111742912615,0.0385156070863956,0.0242896441066008,0.021484250398724,0.0,0.0192495727104811,0.0262766280744117,0.0,0.0163550758511954,0.0223516869737544,rolling_user_norm,rolling_user_norm,Persistence,rolling_user_norm,rolling_user_norm,rolling_user_norm
UCI Electricity,persistence_qi__c90__h1,0.9,1.0,2014-12,11,0.5,0.0,rolling_user_norm,0.0185437948613615,0.0185437948613615,rolling_user_norm,0.0270612603664112,0.0100263293563117,2.351216980980469,0.048303428988696,0.021510434732339,0.0185437948613615,0.0,0.0203575579253517,0.0289731566389272,0.0,0.0184164205488096,0.0245139999775831,rolling_user_norm,rolling_user_norm,Persistence,rolling_user_norm,rolling_user_norm,rolling_user_norm
UCI Electricity,persistence_qi__c90__h6,0.9,6.0,2014-01,0,0.5,0.0,rolling_user_norm,0.0270003263230917,0.0270003263230917,rolling_user_norm,0.0385189039195282,0.0154817487266553,4.737217701852405,0.0670588413911341,0.0402609308900384,0.0270003263230917,0.0,0.0238787181015062,0.0359363371456511,0.0,0.0174177913661891,0.0248214778012248,rolling_user_norm,rolling_user_norm,Persistence,rolling_global_norm,rolling_global_norm,rolling_user_norm
UCI Electricity,persistence_qi__c90__h6,0.9,6.0,2014-02,1,0.5,0.0,rolling_user_norm,0.0261726817501966,0.0261726817501966,rolling_user_norm,0.0358196742773355,0.0165256892230576,4.77179154969165,0.0735100016098,0.0449101986546277,0.0261726817501966,0.0,0.0265535333432916,0.0444053583349235,0.0,0.0247065165098207,0.0409800144848785,rolling_user_norm,rolling_user_norm,Persistence,rolling_user_norm,rolling_user_norm,rolling_user_norm
UCI Electricity,persistence_qi__c90__h6,0.9,6.0,2014-03,2,0.5,0.0,rolling_user_norm,0.0389090994942223,0.0389090994942223,rolling_user_norm,0.0513194510137798,0.0264987479746648,4.639038586890007,0.0677188511850527,0.0514726488150646,0.0389090994942223,0.0,0.0242629217850195,0.045737496335487,0.0,0.0239118913308794,0.0433280252939596,rolling_user_norm,rolling_user_norm,Persistence,rolling_user_norm,rolling_user_norm,rolling_user_norm
UCI Electricity,persistence_qi__c90__h6,0.9,6.0,2014-04,3,0.5,0.0,rolling_user_norm,0.046741119377768,0.046741119377768,rolling_user_norm,0.0569210247637666,0.0365612139917694,4.459541563076789,0.0758746175916874,0.0558191304152141,0.046741119377768,0.0,0.0252069432645903,0.0333349827743574,0.0,0.0141653159809937,0.0204813201513352,rolling_user_norm,rolling_user_norm,Persistence,rolling_user_norm,rolling_user_norm,rolling_user_norm
UCI Electricity,persistence_qi__c90__h6,0.9,6.0,2014-05,4,0.5,0.0,rolling_group_norm,0.0515593130079479,0.0515593130079479,rolling_group_norm,0.0699975167912212,0.0331211092246745,4.568173619334661,0.1131392839249239,0.0515593130079479,0.0595440998793455,0.0,0.042805758710712,0.0474311604923753,0.0,0.0424329626447608,0.0406526935543838,rolling_user_norm,rolling_user_norm,Persistence,rolling_user_norm,rolling_user_norm,rolling_user_norm
UCI Electricity,persistence_qi__c90__h6,0.9,6.0,2014-06,5,0.5,0.0,rolling_user_norm,0.0683148762669136,0.0683148762669136,rolling_user_norm,0.0604309221244705,0.0761988304093567,4.653142405113782,0.116418798951281,0.0683720374371902,0.0683148762669136,0.0,0.0667778435852856,0.0761582180919334,0.0,0.0621495745660921,0.0672942802830574,rolling_user_norm,rolling_user_norm,Persistence,rolling_group_norm,rolling_user_norm,rolling_user_norm
UCI Electricity,persistence_qi__c90__h6,0.9,6.0,2014-07,6,0.5,0.0,rolling_user_norm,0.0819360305088234,0.0819360305088234,rolling_user_norm,0.0720002443792766,0.0918718166383701,5.00794409839192,0.1181049314102991,0.0852108943368733,0.0819360305088234,0.0,0.0365581272090656,0.0439101990884673,0.0,0.0242987577331588,0.0276324688221266,rolling_user_norm,rolling_user_norm,Persistence,rolling_user_norm,rolling_user_norm,rolling_user_norm
UCI Electricity,persistence_qi__c90__h6,0.9,6.0,2014-08,7,0.5,0.0,rolling_user_norm,0.0306980409826951,0.0306980409826951,rolling_user_norm,0.0414116450666918,0.0199844368986983,4.725207409839712,0.0652132997508908,0.0529422860374377,0.0306980409826951,0.0,0.0205146872444316,0.0334342240008623,0.0,0.0159949724311738,0.0246386678164414,rolling_user_norm,rolling_user_norm,Persistence,rolling_user_norm,rolling_user_norm,rolling_user_norm
UCI Electricity,persistence_qi__c90__h6,0.9,6.0,2014-09,8,0.5,0.0,rolling_user_norm,0.0349761087101918,0.0349761087101918,rolling_user_norm,0.0443528022157054,0.0255994152046783,4.705616943625127,0.0538884589623837,0.0509350454888442,0.0349761087101918,0.0,0.00465829041391,0.0183770943432874,0.0,0.001481228636994,0.0143930152658224,rolling_user_norm,rolling_user_norm,Persistence,rolling_user_norm,rolling_user_norm,rolling_user_norm
UCI Electricity,persistence_qi__c90__h6,0.9,6.0,2014-10,9,0.5,0.0,rolling_user_norm,0.0552225386567354,0.0552225386567354,rolling_user_norm,0.0600524627124523,0.0503926146010186,4.728900662864255,0.0553346069084882,0.0618248763167022,0.0552225386567354,0.0,-0.0036173155250019,0.0103856935862414,0.0,-0.0065595484937176,0.0056542506898498,rolling_user_norm,rolling_user_norm,Persistence,rolling_user_norm,rolling_user_norm,rolling_user_norm
UCI Electricity,persistence_qi__c90__h6,0.9,6.0,2014-11,10,0.5,0.0,rolling_user_norm,0.060956969954211,0.060956969954211,rolling_user_norm,0.0699841153470185,0.0519298245614034,4.663962199538103,0.0880232658122442,0.0630551911303184,0.060956969954211,0.0,0.0259743999834313,0.0391667849659266,0.0,0.0170386502235945,0.0276531866168801,rolling_user_norm,rolling_user_norm,Persistence,rolling_user_norm,rolling_user_norm,rolling_user_norm
UCI Electricity,persistence_qi__c90__h6,0.9,6.0,2014-12,11,0.5,0.0,rolling_user_norm,0.0633948141234447,0.0633948141234447,rolling_user_norm,0.0769363116072273,0.0498533166396621,5.070787022316442,0.1157132918676883,0.067838527211879,0.0633948141234447,0.0,0.0602067492801552,0.0683491651316118,0.0,0.0527756333862924,0.0599964914247081,rolling_user_norm,rolling_user_norm,Persistence,rolling_user_norm,rolling_user_norm,rolling_user_norm
