dataset,configuration,coverage,horizon_hours,window,window_order,user_weight,efficiency_weight,selected_policy,router_loss,oracle_loss,oracle_policy,router_macro_user_abs_coverage_gap,router_max_abs_cluster_coverage_gap,router_normalized_interval_score,loss__rolling_global_norm,loss__rolling_group_norm,loss__rolling_user_norm,cv_mean_gain_over_global__rolling_global_norm,cv_mean_gain_over_global__rolling_group_norm,cv_mean_gain_over_global__rolling_user_norm,cv_lower_gain__rolling_global_norm,cv_lower_gain__rolling_group_norm,cv_lower_gain__rolling_user_norm
London,lightgbm_quantile__c80__h1,0.8,1.0,2013-03,0,0.0,0.0,rolling_global_norm,0.0081409367900465,0.0081409367900465,rolling_global_norm,0.0354694288808543,0.0081409367900465,2.6924721747398723,0.0081409367900465,0.0156126206664644,0.0151369261935421,0.0,-0.0013193713815834,-0.0019411583804778,0.0,-0.0061536381424566,-0.0077562375647649
London,lightgbm_quantile__c80__h1,0.8,1.0,2013-03,0,0.0,0.01,rolling_global_norm,0.0350656585374452,0.0350656585374452,rolling_global_norm,0.0354694288808543,0.0081409367900465,2.6924721747398723,0.0350656585374452,0.0425375740826178,0.0420329285194234,0.0,-0.0013193236040999,-0.0019133023436527,0.0,-0.0061537731828993,-0.0077255898563952
London,lightgbm_quantile__c80__h1,0.8,1.0,2013-03,0,0.25,0.0,rolling_global_norm,0.0149730598127485,0.0149730598127485,rolling_global_norm,0.0354694288808543,0.0081409367900465,2.6924721747398723,0.0149730598127485,0.0205808638943206,0.0179914612668371,0.0,-0.0010142125455938,-9.445310012667098e-05,0.0,-0.0046730929171494,-0.0043875763094999
London,lightgbm_quantile__c80__h1,0.8,1.0,2013-03,0,0.25,0.01,rolling_global_norm,0.0418977815601472,0.0418977815601472,rolling_global_norm,0.0354694288808543,0.0081409367900465,2.6924721747398723,0.0418977815601472,0.047505817310474,0.0448874635927184,0.0,-0.0010141647681103,-6.659706330149756e-05,0.0,-0.0046732281376317,-0.0043573753747522
London,lightgbm_quantile__c80__h1,0.8,1.0,2013-03,0,0.5,0.0,rolling_global_norm,0.0218051828354504,0.0208459963401321,rolling_user_norm,0.0354694288808543,0.0081409367900465,2.6924721747398723,0.0218051828354504,0.0255491071221768,0.0208459963401321,0.0,-0.0007090537096041,0.0017522521802245,0.0,-0.0031929984123997,-0.0010732567238832
London,lightgbm_quantile__c80__h1,0.8,1.0,2013-03,0,0.5,0.01,rolling_global_norm,0.0487299045828491,0.0477419986660134,rolling_user_norm,0.0354694288808543,0.0081409367900465,2.6924721747398723,0.0487299045828491,0.0524740605383302,0.0477419986660134,0.0,-0.0007090059321206,0.0017801082170497,0.0,-0.0031931339500605,-0.0010440206061895
London,lightgbm_quantile__c80__h1,0.8,1.0,2013-03,0,0.75,0.0,rolling_user_norm,0.0237005314134271,0.0237005314134271,rolling_user_norm,0.0265550664867221,0.0151369261935421,2.689600232588129,0.0286373058581523,0.030517350350033,0.0237005314134271,0.0,-0.0004038948736145,0.0035989574605757,0.0,-0.0017145673173841,0.0020264031853511
London,lightgbm_quantile__c80__h1,0.8,1.0,2013-03,0,0.75,0.01,rolling_user_norm,0.0505965337393084,0.0505965337393084,rolling_user_norm,0.0265550664867221,0.0151369261935421,2.689600232588129,0.0555620276055511,0.0574423037661864,0.0505965337393084,0.0,-0.000403847096131,0.0036268134974009,0.0,-0.0017147035077847,0.0020528181328946
London,lightgbm_quantile__c80__h1,0.8,1.0,2013-03,0,1.0,0.0,rolling_user_norm,0.0265550664867221,0.0265550664867221,rolling_user_norm,0.0265550664867221,0.0151369261935421,2.689600232588129,0.0354694288808543,0.0354855935778892,0.0265550664867221,0.0,-9.873603762492604e-05,0.0054456627409269,0.0,-0.0002749418215462,0.0040675531535342
London,lightgbm_quantile__c80__h1,0.8,1.0,2013-03,0,1.0,0.01,rolling_user_norm,0.0534510688126034,0.0534510688126034,rolling_user_norm,0.0265550664867221,0.0151369261935421,2.689600232588129,0.062394150628253,0.0624105469940426,0.0534510688126034,0.0,-9.86882601414311e-05,0.0054735187777521,0.0,-0.0002750467290416,0.0040893035091882
London,lightgbm_quantile__c80__h1,0.8,1.0,2013-04,1,0.0,0.0,rolling_global_norm,0.0043023705338883,0.0043023705338883,rolling_global_norm,0.034157066104265,0.0043023705338883,2.3583055990223287,0.0043023705338883,0.0053174869332636,0.0062633416067636,0.0,-0.0040529423151374,-0.0016816686024003,0.0,-0.0049769415332525,-0.0031143383240853
London,lightgbm_quantile__c80__h1,0.8,1.0,2013-04,1,0.0,0.01,rolling_global_norm,0.0278854265241116,0.0278854265241116,rolling_global_norm,0.034157066104265,0.0043023705338883,2.3583055990223287,0.0278854265241116,0.0289004210763353,0.0298489939715595,0.0,-0.0040531208160591,-0.0016203118946431,0.0,-0.0049772088337199,-0.0030488046960983
London,lightgbm_quantile__c80__h1,0.8,1.0,2013-04,1,0.25,0.0,rolling_user_norm,0.0126852960986337,0.0117660444264825,rolling_global_norm,0.0319511595742441,0.0062633416067636,2.3585652364795884,0.0117660444264825,0.0124755844314932,0.0126852960986337,0.0,-0.0030192282636353,0.0015836752185045,0.0,-0.0037161205355022,0.0004506968940949
London,lightgbm_quantile__c80__h1,0.8,1.0,2013-04,1,0.25,0.01,rolling_user_norm,0.0362709484634296,0.0353491004167058,rolling_global_norm,0.0319511595742441,0.0062633416067636,2.3585652364795884,0.0353491004167058,0.036058518574565,0.0362709484634296,0.0,-0.0030194067645571,0.0016450319262617,0.0,-0.0037163877225244,0.0005160357153612
London,lightgbm_quantile__c80__h1,0.8,1.0,2013-04,1,0.5,0.0,rolling_user_norm,0.0191072505905039,0.0191072505905039,rolling_user_norm,0.0319511595742441,0.0062633416067636,2.3585652364795884,0.0192297183190767,0.0196336819297229,0.0191072505905039,0.0,-0.0019855142121333,0.0048490190394094,0.0,-0.0024553109053687,0.00401499753613
London,lightgbm_quantile__c80__h1,0.8,1.0,2013-04,1,0.5,0.01,rolling_user_norm,0.0426929029552997,0.0426929029552997,rolling_user_norm,0.0319511595742441,0.0062633416067636,2.3585652364795884,0.0428127743093,0.0432166160727947,0.0426929029552997,0.0,-0.001985692713055,0.0049103757471666,0.0,-0.0024555778671412,0.0040799976183316
London,lightgbm_quantile__c80__h1,0.8,1.0,2013-04,1,0.75,0.0,rolling_user_norm,0.025529205082374,0.025529205082374,rolling_user_norm,0.0319511595742441,0.0062633416067636,2.3585652364795884,0.0266933922116708,0.0267917794279526,0.025529205082374,0.0,-0.0009518001606312,0.0081143628603143,0.0,-0.0011945445493173,0.0075773354080514
London,lightgbm_quantile__c80__h1,0.8,1.0,2013-04,1,0.75,0.01,rolling_user_norm,0.0491148574471699,0.0491148574471699,rolling_user_norm,0.0319511595742441,0.0062633416067636,2.3585652364795884,0.0502764482018941,0.0503747135710243,0.0491148574471699,0.0,-0.0009519786615529,0.0081757195680715,0.0,-0.0011948108488112,0.0076416054775736
London,lightgbm_quantile__c80__h1,0.8,1.0,2013-04,1,1.0,0.0,rolling_user_norm,0.0319511595742441,0.0319511595742441,rolling_user_norm,0.0319511595742441,0.0062633416067636,2.3585652364795884,0.034157066104265,0.0339498769261822,0.0319511595742441,0.0,8.191389087084065e-05,0.0113797066812192,0.0,6.440519649346096e-05,0.0111305887709098
London,lightgbm_quantile__c80__h1,0.8,1.0,2013-04,1,1.0,0.01,rolling_user_norm,0.05553681193904,0.05553681193904,rolling_user_norm,0.0319511595742441,0.0062633416067636,2.3585652364795884,0.0577401220944883,0.057532811069254,0.05553681193904,0.0,8.173538994910486e-05,0.0114410633889764,0.0,6.416566646626627e-05,0.0111923014170222
London,lightgbm_quantile__c80__h1,0.8,1.0,2013-05,2,0.0,0.0,rolling_global_norm,0.0099069260666642,0.0085815575925454,rolling_group_norm,0.0394865205883957,0.0099069260666642,2.128331565705464,0.0099069260666642,0.0085815575925454,0.0150864335391404,0.0,0.0006661301037828,0.0014161940355137,0.0,-0.0003844967034864,-0.000765804085997
London,lightgbm_quantile__c80__h1,0.8,1.0,2013-05,2,0.0,0.01,rolling_global_norm,0.0311902417237188,0.0298644465714055,rolling_group_norm,0.0394865205883957,0.0099069260666642,2.128331565705464,0.0311902417237188,0.0298644465714055,0.0363865234949694,0.0,0.0006661891926455,0.001401792825149,0.0,-0.0003844934191948,-0.0007749169540449
London,lightgbm_quantile__c80__h1,0.8,1.0,2013-05,2,0.25,0.0,rolling_global_norm,0.017301824697097,0.0162581154226952,rolling_group_norm,0.0394865205883957,0.0099069260666642,2.128331565705464,0.017301824697097,0.0162581154226952,0.0211410736168256,0.0,0.0004952967265078,0.0010288456431245,0.0,-0.0003008516566793,-0.0006180650866663
London,lightgbm_quantile__c80__h1,0.8,1.0,2013-05,2,0.25,0.01,rolling_global_norm,0.0385851403541517,0.0375410044015553,rolling_group_norm,0.0394865205883957,0.0099069260666642,2.128331565705464,0.0385851403541517,0.0375410044015553,0.0424411635726546,0.0,0.0004953558153704,0.0010144444327598,0.0,-0.000300848349913,-0.0006297402410184
London,lightgbm_quantile__c80__h1,0.8,1.0,2013-05,2,0.5,0.0,rolling_global_norm,0.0246967233275299,0.0239346732528451,rolling_group_norm,0.0394865205883957,0.0099069260666642,2.128331565705464,0.0246967233275299,0.0239346732528451,0.0271957136945108,0.0,0.0003244633492328,0.0006414972507353,0.0,-0.0002172109733611,-0.0005478484263385
London,lightgbm_quantile__c80__h1,0.8,1.0,2013-05,2,0.5,0.01,rolling_global_norm,0.0459800389845846,0.0452175622317052,rolling_group_norm,0.0394865205883957,0.0099069260666642,2.128331565705464,0.0459800389845846,0.0452175622317052,0.0484958036503398,0.0,0.0003245224380954,0.0006270960403706,0.0,-0.0002172076225558,-0.00056439464704
London,lightgbm_quantile__c80__h1,0.8,1.0,2013-05,2,0.75,0.0,rolling_global_norm,0.0320916219579628,0.031611231082995,rolling_group_norm,0.0394865205883957,0.0099069260666642,2.128331565705464,0.0320916219579628,0.031611231082995,0.033250353772196,0.0,0.0001536299719577,0.0002541488583461,0.0,-0.0001335862519416,-0.0006774091727494
London,lightgbm_quantile__c80__h1,0.8,1.0,2013-05,2,0.75,0.01,rolling_global_norm,0.0533749376150175,0.0528941200618551,rolling_group_norm,0.0394865205883957,0.0099069260666642,2.128331565705464,0.0533749376150175,0.0528941200618551,0.054550443728025,0.0,0.0001536890608204,0.0002397476479814,0.0,-0.0001335827759806,-0.0007020516474821
London,lightgbm_quantile__c80__h1,0.8,1.0,2013-05,2,1.0,0.0,rolling_global_norm,0.0394865205883957,0.0392877889131448,rolling_group_norm,0.0394865205883957,0.0099069260666642,2.128331565705464,0.0394865205883957,0.0392877889131448,0.0393049938498812,0.0,-1.7203405317268532e-05,-0.000133199534043,0.0,-5.0347191941421806e-05,-0.001168615696305
London,lightgbm_quantile__c80__h1,0.8,1.0,2013-05,2,1.0,0.01,rolling_global_norm,0.0607698362454503,0.0605706778920049,rolling_group_norm,0.0394865205883957,0.0099069260666642,2.128331565705464,0.0607698362454503,0.0605706778920049,0.0606050838057102,0.0,-1.7144316454636988e-05,-0.0001476007444077,0.0,-5.034102762029429e-05,-0.0011989573945199
London,lightgbm_quantile__c80__h1,0.8,1.0,2013-06,3,0.0,0.0,rolling_group_norm,0.0030149051490515,0.0030149051490515,rolling_group_norm,0.0416938413411703,0.0030149051490515,2.0348315135477897,0.0118817750677506,0.0030149051490515,0.0095020325203252,0.0,0.0023819168458258,-0.0009577229327359,0.0,0.0015115485435063,-0.0041367185373649
London,lightgbm_quantile__c80__h1,0.8,1.0,2013-06,3,0.0,0.01,rolling_group_norm,0.0233632202845294,0.0233632202845294,rolling_group_norm,0.0416938413411703,0.0030149051490515,2.0348315135477897,0.0322308403096823,0.0233632202845294,0.0298056686808333,0.0,0.0023830385058857,-0.0009141252847932,0.0,0.0015124068922707,-0.0040916701238114
London,lightgbm_quantile__c80__h1,0.8,1.0,2013-06,3,0.25,0.0,rolling_group_norm,0.0126846391970812,0.0126846391970812,rolling_group_norm,0.0416938413411703,0.0030149051490515,2.0348315135477897,0.01951494827866,0.0126846391970812,0.0141264207445625,0.0,0.0018773366439374,0.0021446827217621,0.0,0.0011715828899619,-0.0005398478101269
London,lightgbm_quantile__c80__h1,0.8,1.0,2013-06,3,0.25,0.01,rolling_group_norm,0.0330329543325591,0.0330329543325591,rolling_group_norm,0.0416938413411703,0.0030149051490515,2.0348315135477897,0.0398640135205916,0.0330329543325591,0.0344300569050706,0.0,0.0018784583039973,0.0021882803697049,0.0,0.0011724406655338,-0.0004948980394934
London,lightgbm_quantile__c80__h1,0.8,1.0,2013-06,3,0.5,0.0,rolling_user_norm,0.0187508089687999,0.0187508089687999,rolling_user_norm,0.0279995854172746,0.0095020325203252,2.0303636160508125,0.0271481214895693,0.0223543732451109,0.0187508089687999,0.0,0.001372756442049,0.0052470883762603,0.0,0.00083145766711,0.00304880966435
London,lightgbm_quantile__c80__h1,0.8,1.0,2013-06,3,0.5,0.01,rolling_user_norm,0.039054445129308,0.039054445129308,rolling_user_norm,0.0279995854172746,0.0095020325203252,2.0303636160508125,0.047497186731501,0.0427026883805888,0.039054445129308,0.0,0.0013738781021089,0.0052906860242031,0.0,0.000832314598954,0.0030936117097104
London,lightgbm_quantile__c80__h1,0.8,1.0,2013-06,3,0.75,0.0,rolling_user_norm,0.0233751971930372,0.0233751971930372,rolling_user_norm,0.0279995854172746,0.0095020325203252,2.0303636160508125,0.0347812947004787,0.0320241072931406,0.0233751971930372,0.0,0.0008681762401606,0.0083494940307585,0.0,0.0004909641125952,0.0066223031293149
London,lightgbm_quantile__c80__h1,0.8,1.0,2013-06,3,0.75,0.01,rolling_user_norm,0.0436788333535453,0.0436788333535453,rolling_user_norm,0.0279995854172746,0.0095020325203252,2.0303636160508125,0.0551303599424104,0.0523724224286185,0.0436788333535453,0.0,0.0008692979002205,0.0083930916787012,0.0,0.0004918197246801,0.0066668649533209
London,lightgbm_quantile__c80__h1,0.8,1.0,2013-06,3,1.0,0.0,rolling_user_norm,0.0279995854172746,0.0279995854172746,rolling_user_norm,0.0279995854172746,0.0095020325203252,2.0303636160508125,0.0424144679113881,0.0416938413411703,0.0279995854172746,0.0,0.0003635960382722,0.0114518996852566,0.0,0.0001492546340908,0.0101638851197258
London,lightgbm_quantile__c80__h1,0.8,1.0,2013-06,3,1.0,0.01,rolling_user_norm,0.0483032215777827,0.0483032215777827,rolling_user_norm,0.0279995854172746,0.0095020325203252,2.0303636160508125,0.0627635331533197,0.0620421564766482,0.0483032215777827,0.0,0.0003647176983321,0.0114954973331994,0.0,0.0001501084231336,0.0102080130157689
London,lightgbm_quantile__c80__h1,0.8,1.0,2013-07,4,0.0,0.0,rolling_group_norm,0.0197355921469284,0.0197355921469284,rolling_group_norm,0.0475299224579899,0.0197355921469284,1.8514147315618896,0.0291863362182008,0.0197355921469284,0.0197355921469284,0.0,0.0105473286875725,0.0080591832318438,0.0,0.0054754612341851,-0.0002788634592034
London,lightgbm_quantile__c80__h1,0.8,1.0,2013-07,4,0.0,0.01,rolling_group_norm,0.0382497394625473,0.0382128946884432,rolling_user_norm,0.0475299224579899,0.0197355921469284,1.8514147315618896,0.0477003328025396,0.0382497394625473,0.0382128946884432,0.0,0.010548042115199,0.0081135318972442,0.0,0.0054761184163234,-0.0002260058756218
London,lightgbm_quantile__c80__h1,0.8,1.0,2013-07,4,0.25,0.0,rolling_group_norm,0.0266841747246938,0.0243376300660188,rolling_user_norm,0.0475299224579899,0.0197355921469284,1.8514147315618896,0.0340060798553977,0.0266841747246938,0.0243376300660188,0.0,0.0079889667481391,0.0099239741725019,0.0,0.0041046766800177,0.0035323828922219
London,lightgbm_quantile__c80__h1,0.8,1.0,2013-07,4,0.25,0.01,rolling_group_norm,0.0451983220403127,0.0428149326075337,rolling_user_norm,0.0475299224579899,0.0197355921469284,1.8514147315618896,0.0525200764397365,0.0451983220403127,0.0428149326075337,0.0,0.0079896801757655,0.0099783228379023,0.0,0.0041053334132923,0.0035852343616215
London,lightgbm_quantile__c80__h1,0.8,1.0,2013-07,4,0.5,0.0,rolling_user_norm,0.0289396679851093,0.0289396679851093,rolling_user_norm,0.0381437438232902,0.0197355921469284,1.8477302541514813,0.0388258234925946,0.0336327573024592,0.0289396679851093,0.0,0.0054306048087057,0.01178876511316,0.0,0.0027322333806086,0.0073435179510864
London,lightgbm_quantile__c80__h1,0.8,1.0,2013-07,4,0.5,0.01,rolling_user_norm,0.0474169705266241,0.0474169705266241,rolling_user_norm,0.0381437438232902,0.0197355921469284,1.8477302541514813,0.0573398200769334,0.0521469046180781,0.0474169705266241,0.0,0.0054313182363321,0.0118431137785604,0.0,0.0027328893050564,0.0073963579912754
London,lightgbm_quantile__c80__h1,0.8,1.0,2013-07,4,0.75,0.0,rolling_user_norm,0.0335417059041998,0.0335417059041998,rolling_user_norm,0.0381437438232902,0.0197355921469284,1.8477302541514813,0.0436455671297914,0.0405813398802246,0.0335417059041998,0.0,0.0028722428692723,0.0136535560538181,0.0,0.001354238733335,0.0111542816920483
London,lightgbm_quantile__c80__h1,0.8,1.0,2013-07,4,0.75,0.01,rolling_user_norm,0.0520190084457146,0.0520190084457146,rolling_user_norm,0.0381437438232902,0.0197355921469284,1.8477302541514813,0.0621595637141302,0.0590954871958435,0.0520190084457146,0.0,0.0028729562968987,0.0137079047192185,0.0,0.0013548927984762,0.0112070927383501
London,lightgbm_quantile__c80__h1,0.8,1.0,2013-07,4,1.0,0.0,rolling_user_norm,0.0381437438232902,0.0381437438232902,rolling_user_norm,0.0381437438232902,0.0197355921469284,1.8477302541514813,0.0484653107669883,0.0475299224579899,0.0381437438232902,0.0,0.0003138809298389,0.0155183469944762,0.0,-8.246981326896221e-05,0.0149607726903866
London,lightgbm_quantile__c80__h1,0.8,1.0,2013-07,4,1.0,0.01,rolling_user_norm,0.056621046364805,0.056621046364805,rolling_user_norm,0.0381437438232902,0.0197355921469284,1.8477302541514813,0.0669793073513271,0.0660440697736089,0.056621046364805,0.0,0.0003145943574653,0.0155726956598766,0.0,-8.181961230324073e-05,0.0150133649336848
London,lightgbm_quantile__c80__h1,0.8,1.0,2013-08,5,0.0,0.0,rolling_user_norm,0.0046161573416755,0.0046161573416755,rolling_user_norm,0.0295702833516979,0.0046161573416755,1.8414206966299336,0.0115711557220495,0.0047071200034802,0.0046161573416755,0.0,0.0047703614007683,0.0053670181345912,0.0,0.0027713228187697,0.002808400946121
London,lightgbm_quantile__c80__h1,0.8,1.0,2013-08,5,0.0,0.01,rolling_user_norm,0.0230303643079748,0.0230303643079748,rolling_user_norm,0.0295702833516979,0.0046161573416755,1.8414206966299336,0.0300409669181813,0.0231763842366255,0.0230303643079748,0.0,0.0047702302572161,0.0054407942577681,0.0,0.0027713894539636,0.0028820512384328
London,lightgbm_quantile__c80__h1,0.8,1.0,2013-08,5,0.25,0.0,rolling_user_norm,0.0108546888441811,0.0108546888441811,rolling_user_norm,0.0295702833516979,0.0046161573416755,1.8414206966299336,0.0202116307931608,0.0149415932155356,0.0108546888441811,0.0,0.0036541541802522,0.0075053237450491,0.0,0.0021804464253987,0.0057502794380816
London,lightgbm_quantile__c80__h1,0.8,1.0,2013-08,5,0.25,0.01,rolling_user_norm,0.0292688958104804,0.0292688958104804,rolling_user_norm,0.0295702833516979,0.0046161573416755,1.8414206966299336,0.0386814419892926,0.0334108574486809,0.0292688958104804,0.0,0.0036540230367001,0.0075790998682261,0.0,0.0021805122602404,0.005824043085442
London,lightgbm_quantile__c80__h1,0.8,1.0,2013-08,5,0.5,0.0,rolling_user_norm,0.0170932203466867,0.0170932203466867,rolling_user_norm,0.0295702833516979,0.0046161573416755,1.8414206966299336,0.028852105864272,0.0251760664275911,0.0170932203466867,0.0,0.0025379469597362,0.0096436293555071,0.0,0.0015891088392968,0.0086862229743365
London,lightgbm_quantile__c80__h1,0.8,1.0,2013-08,5,0.5,0.01,rolling_user_norm,0.035507427312986,0.035507427312986,rolling_user_norm,0.0295702833516979,0.0046161573416755,1.8414206966299336,0.0473219170604038,0.0436453306607363,0.035507427312986,0.0,0.0025378158161841,0.009717405478684,0.0,0.0015891728919892,0.0087602896865257
London,lightgbm_quantile__c80__h1,0.8,1.0,2013-08,5,0.75,0.0,rolling_user_norm,0.0233317518491923,0.0233317518491923,rolling_user_norm,0.0295702833516979,0.0046161573416755,1.8414206966299336,0.0374925809353833,0.0354105396396465,0.0233317518491923,0.0,0.0014217397392202,0.011781934965965,0.0,0.0009956024977484,0.0115455850241485
London,lightgbm_quantile__c80__h1,0.8,1.0,2013-08,5,0.75,0.01,rolling_user_norm,0.0417459588154916,0.0417459588154916,rolling_user_norm,0.0295702833516979,0.0046161573416755,1.8414206966299336,0.0559623921315151,0.0538798038727917,0.0417459588154916,0.0,0.001421608595668,0.011855711089142,0.0,0.0009956593914265,0.0116218204621291
London,lightgbm_quantile__c80__h1,0.8,1.0,2013-08,5,1.0,0.0,rolling_user_norm,0.0295702833516979,0.0295702833516979,rolling_user_norm,0.0295702833516979,0.0046161573416755,1.8414206966299336,0.0461330560064945,0.0456450128517019,0.0295702833516979,0.0,0.0003055325187041,0.013920240576423,0.0,0.0001801847782934,0.0132146319963374
London,lightgbm_quantile__c80__h1,0.8,1.0,2013-08,5,1.0,0.01,rolling_user_norm,0.0479844903179972,0.0479844903179972,rolling_user_norm,0.0295702833516979,0.0046161573416755,1.8414206966299336,0.0646028672026263,0.0641142770848471,0.0479844903179972,0.0,0.000305401375152,0.0139940166995999,0.0,0.0001798546139445,0.0132896539605134
London,lightgbm_quantile__c80__h1,0.8,1.0,2013-09,6,0.0,0.0,rolling_group_norm,0.0161928104575164,0.0161928104575164,rolling_group_norm,0.0434063488823664,0.0161928104575164,2.0821209078125307,0.0164779507751264,0.0161928104575164,0.0191503267973857,0.0,0.0015384257983375,-0.000597743564847,0.0,0.0003490654755931,-0.0029161384986577
London,lightgbm_quantile__c80__h1,0.8,1.0,2013-09,6,0.0,0.01,rolling_group_norm,0.0370140195356417,0.0370140195356417,rolling_group_norm,0.0434063488823664,0.0161928104575164,2.0821209078125307,0.0373001490799406,0.0370140195356417,0.0399495444976951,0.0,0.0015389395674286,-0.0005369942433217,0.0,0.0003493495709731,-0.0028567870760378
London,lightgbm_quantile__c80__h1,0.8,1.0,2013-09,6,0.25,0.0,rolling_user_norm,0.0231880628199762,0.0229961950637289,rolling_group_norm,0.0353012708877478,0.0191503267973857,2.079921770030949,0.0232307811915944,0.0229961950637289,0.0231880628199762,0.0,0.0012453143591389,0.0035102408196627,0.0,0.0002970803348769,0.0016848798793919
London,lightgbm_quantile__c80__h1,0.8,1.0,2013-09,6,0.25,0.01,rolling_user_norm,0.0439872805202857,0.0438174041418542,rolling_group_norm,0.0353012708877478,0.0191503267973857,2.079921770030949,0.0440529794964086,0.0438174041418542,0.0439872805202857,0.0,0.00124582812823,0.003570990141188,0.0,0.0002973647426118,0.0017443979487303
London,lightgbm_quantile__c80__h1,0.8,1.0,2013-09,6,0.5,0.0,rolling_user_norm,0.0272257988425667,0.0272257988425667,rolling_user_norm,0.0353012708877478,0.0191503267973857,2.079921770030949,0.0299836116080624,0.0297995796699414,0.0272257988425667,0.0,0.0009522029199403,0.0076182252041725,0.0,0.0002437376167909,0.00620962053431
London,lightgbm_quantile__c80__h1,0.8,1.0,2013-09,6,0.5,0.01,rolling_user_norm,0.0480250165428762,0.0480250165428762,rolling_user_norm,0.0353012708877478,0.0191503267973857,2.079921770030949,0.0508058099128766,0.0506207887480667,0.0480250165428762,0.0,0.0009527166890314,0.0076789745256978,0.0,0.0002440229881997,0.0062694794569165
London,lightgbm_quantile__c80__h1,0.8,1.0,2013-09,6,0.75,0.0,rolling_user_norm,0.0312635348651573,0.0312635348651573,rolling_user_norm,0.0353012708877478,0.0191503267973857,2.079921770030949,0.0367364420245304,0.0366029642761539,0.0312635348651573,0.0,0.0006590914807417,0.0117262095886824,0.0,0.0001869644424202,0.0105722474011757
London,lightgbm_quantile__c80__h1,0.8,1.0,2013-09,6,0.75,0.01,rolling_user_norm,0.0520627525654667,0.0520627525654667,rolling_user_norm,0.0353012708877478,0.0191503267973857,2.079921770030949,0.0575586403293446,0.0574241733542792,0.0520627525654667,0.0,0.0006596052498328,0.0117869589102077,0.0,0.0001872534075712,0.0106327705716621
London,lightgbm_quantile__c80__h1,0.8,1.0,2013-09,6,1.0,0.0,rolling_user_norm,0.0353012708877478,0.0353012708877478,rolling_user_norm,0.0353012708877478,0.0191503267973857,2.079921770030949,0.0434892724409984,0.0434063488823664,0.0353012708877478,0.0,0.0003659800415431,0.0158341939731922,0.0,0.0001168007317863,0.0146618768637989
London,lightgbm_quantile__c80__h1,0.8,1.0,2013-09,6,1.0,0.01,rolling_user_norm,0.0561004885880573,0.0561004885880573,rolling_user_norm,0.0353012708877478,0.0191503267973857,2.079921770030949,0.0643114707458126,0.0642275579604917,0.0561004885880573,0.0,0.0003664938106342,0.0158949432947175,0.0,0.0001171119794468,0.0147232512902662
London,lightgbm_quantile__c80__h1,0.8,1.0,2013-10,7,0.0,0.0,rolling_global_norm,0.0081054539141003,0.0081054539141003,rolling_global_norm,0.0411187241380709,0.0081054539141003,2.2534285701320185,0.0081054539141003,0.010365552086919,0.0131035328656609,0.0,-0.0004010279090816,-0.0023113053007883,0.0,-0.0021537593029384,-0.0051075867990233
London,lightgbm_quantile__c80__h1,0.8,1.0,2013-10,7,0.0,0.01,rolling_global_norm,0.0306397396154205,0.0306397396154205,rolling_global_norm,0.0411187241380709,0.0081054539141003,2.2534285701320185,0.0306397396154205,0.0328993691092326,0.0355987608297224,0.0,-0.0003996709993517,-0.0022748895139288,0.0,-0.0021522932084771,-0.0050782424477297
London,lightgbm_quantile__c80__h1,0.8,1.0,2013-10,7,0.25,0.0,rolling_global_norm,0.0163587714700929,0.0163587714700929,rolling_global_norm,0.0411187241380709,0.0081054539141003,2.2534285701320185,0.0163587714700929,0.0180012519459796,0.0170277838517359,0.0,-0.0001902066853776,0.0008836499137317,0.0,-0.0015030351995989,-0.0019517270298998
London,lightgbm_quantile__c80__h1,0.8,1.0,2013-10,7,0.25,0.01,rolling_global_norm,0.0388930571714131,0.0388930571714131,rolling_global_norm,0.0411187241380709,0.0081054539141003,2.2534285701320185,0.0388930571714131,0.0405350689682933,0.0395230118157975,0.0,-0.0001888497756477,0.0009200657005911,0.0,-0.0015015781365913,-0.0019223857191704
London,lightgbm_quantile__c80__h1,0.8,1.0,2013-10,7,0.5,0.0,rolling_user_norm,0.020952034837811,0.020952034837811,rolling_user_norm,0.0288005368099611,0.0131035328656609,2.2495227964061577,0.0246120890260856,0.0256369518050403,0.020952034837811,0.0,2.061453832639485e-05,0.0040786051282517,0.0,-0.000853890106325,0.0012040687464577
London,lightgbm_quantile__c80__h1,0.8,1.0,2013-10,7,0.5,0.01,rolling_user_norm,0.0434472628018726,0.0434472628018726,rolling_user_norm,0.0288005368099611,0.0131035328656609,2.2495227964061577,0.0471463747274058,0.0481707688273539,0.0434472628018726,0.0,2.197144805632147e-05,0.0041150209151111,0.0,-0.000852451326324,0.0012334072563024
London,lightgbm_quantile__c80__h1,0.8,1.0,2013-10,7,0.75,0.0,rolling_user_norm,0.0248762858238861,0.0248762858238861,rolling_user_norm,0.0288005368099611,0.0131035328656609,2.2495227964061577,0.0328654065820782,0.0332726516641009,0.0248762858238861,0.0,0.0002314357620304,0.0072735603427717,0.0,-0.0002110417360466,0.0043598031101404
London,lightgbm_quantile__c80__h1,0.8,1.0,2013-10,7,0.75,0.01,rolling_user_norm,0.0473715137879476,0.0473715137879476,rolling_user_norm,0.0288005368099611,0.0131035328656609,2.2495227964061577,0.0553996922833984,0.0558064686864146,0.0473715137879476,0.0,0.0002327926717603,0.0073099761296311,0.0,-0.0002096583697203,0.0043891390430692
London,lightgbm_quantile__c80__h1,0.8,1.0,2013-10,7,1.0,0.0,rolling_user_norm,0.0288005368099611,0.0288005368099611,rolling_user_norm,0.0288005368099611,0.0131035328656609,2.2495227964061577,0.0411187241380709,0.0409083515231616,0.0288005368099611,0.0,0.0004422569857344,0.0104685155572917,0.0,0.0003134059239797,0.0075154785081101
London,lightgbm_quantile__c80__h1,0.8,1.0,2013-10,7,1.0,0.01,rolling_user_norm,0.0512957647740227,0.0512957647740227,rolling_user_norm,0.0288005368099611,0.0131035328656609,2.2495227964061577,0.0636530098393911,0.0634421685454752,0.0512957647740227,0.0,0.0004436138954644,0.0105049313441511,0.0,0.0003143894516351,0.0075448120734947
London,lightgbm_quantile__c80__h1,0.8,1.0,2013-11,8,0.0,0.0,rolling_global_norm,0.0136062949442247,0.0136062949442247,rolling_global_norm,0.0415710067179623,0.0136062949442247,2.592199514114077,0.0136062949442247,0.0226184325317839,0.0245157246554805,0.0,0.0014958655018997,-0.0001220651882786,0.0,-0.0037705481295782,-0.0053709127090256
London,lightgbm_quantile__c80__h1,0.8,1.0,2013-11,8,0.0,0.01,rolling_global_norm,0.0395282900853654,0.0395282900853654,rolling_global_norm,0.0415710067179623,0.0136062949442247,2.592199514114077,0.0395282900853654,0.0485405692516647,0.0504022638854287,0.0,0.0014958732371331,-6.397652613325418e-05,0.0,-0.0037703500421014,-0.0053117093505251
London,lightgbm_quantile__c80__h1,0.8,1.0,2013-11,8,0.25,0.0,rolling_global_norm,0.0205974728876591,0.0205974728876591,rolling_global_norm,0.0415710067179623,0.0136062949442247,2.592199514114077,0.0205974728876591,0.0273616421097166,0.0266545947942391,0.0,0.0011317099920508,0.0033896402996976,0.0,-0.0028187463449548,-0.0007760289885268
London,lightgbm_quantile__c80__h1,0.8,1.0,2013-11,8,0.25,0.01,rolling_global_norm,0.0465194680287998,0.0465194680287998,rolling_global_norm,0.0415710067179623,0.0136062949442247,2.592199514114077,0.0465194680287998,0.0532837788295975,0.0525411340241873,0.0,0.0011317177272843,0.003447728961843,0.0,-0.0028185497108572,-0.0007168421659004
London,lightgbm_quantile__c80__h1,0.8,1.0,2013-11,8,0.5,0.0,rolling_user_norm,0.0287934649329976,0.0275886508310935,rolling_global_norm,0.0330712052105148,0.0245157246554805,2.5886539229948218,0.0275886508310935,0.0321048516876494,0.0287934649329976,0.0,0.0007675544822019,0.0069013457876739,0.0,-0.0018675136242879,0.0038164954314577
London,lightgbm_quantile__c80__h1,0.8,1.0,2013-11,8,0.5,0.01,rolling_user_norm,0.0546800041629459,0.0535106459722342,rolling_global_norm,0.0330712052105148,0.0245157246554805,2.5886539229948218,0.0535106459722342,0.0580269884075302,0.0546800041629459,0.0,0.0007675622174354,0.0069594344498193,0.0,-0.0018673199357946,0.0038756532743052
London,lightgbm_quantile__c80__h1,0.8,1.0,2013-11,8,0.75,0.0,rolling_user_norm,0.0309323350717562,0.0309323350717562,rolling_user_norm,0.0330712052105148,0.0245157246554805,2.5886539229948218,0.0345798287745279,0.0368480612655821,0.0309323350717562,0.0,0.0004033989723531,0.0104130512756502,0.0,-0.0009185497798961,0.0084028513850364
London,lightgbm_quantile__c80__h1,0.8,1.0,2013-11,8,0.75,0.01,rolling_user_norm,0.0568188743017044,0.0568188743017044,rolling_user_norm,0.0330712052105148,0.0245157246554805,2.5886539229948218,0.0605018239156687,0.0627701979854629,0.0568188743017044,0.0,0.0004034067075865,0.0104711399377956,0.0,-0.0009183652139114,0.0084619458761227
London,lightgbm_quantile__c80__h1,0.8,1.0,2013-11,8,1.0,0.0,rolling_user_norm,0.0330712052105148,0.0330712052105148,rolling_user_norm,0.0330712052105148,0.0245157246554805,2.5886539229948218,0.0415710067179623,0.0415912708435148,0.0330712052105148,0.0,3.924346250424917e-05,0.0139247567636265,0.0,-9.491690342879211e-05,0.0129621528685659
London,lightgbm_quantile__c80__h1,0.8,1.0,2013-11,8,1.0,0.01,rolling_user_norm,0.058957744440463,0.058957744440463,rolling_user_norm,0.0330712052105148,0.0245157246554805,2.5886539229948218,0.0674930018591031,0.0675134075633956,0.058957744440463,0.0,3.9251197737714495e-05,0.013982845425772,0.0,-9.507670700160564e-05,0.0130210159216219
London,lightgbm_quantile__c80__h1,0.8,1.0,2013-12,9,0.0,0.0,rolling_global_norm,0.0075573482873398,0.0063093928772066,rolling_user_norm,0.0451851420370649,0.0075573482873398,2.6531464607855506,0.0075573482873398,0.0063685703510584,0.0063093928772066,0.0,-0.0039265889155264,-0.0052453588264845,0.0,-0.0056672787148484,-0.0066478641368364
London,lightgbm_quantile__c80__h1,0.8,1.0,2013-12,9,0.0,0.01,rolling_global_norm,0.0340888128951954,0.0327787585977908,rolling_user_norm,0.0451851420370649,0.0075573482873398,2.6531464607855506,0.0340888128951954,0.0328996653329511,0.0327787585977908,0.0,-0.0039265848369365,-0.0051853275736006,0.0,-0.0056673616353501,-0.0065933321245444
London,lightgbm_quantile__c80__h1,0.8,1.0,2013-12,9,0.25,0.0,rolling_global_norm,0.0169642967247711,0.0126593643118875,rolling_user_norm,0.0451851420370649,0.0075573482873398,2.6531464607855506,0.0169642967247711,0.0159567492156414,0.0126593643118875,0.0,-0.0028830963950586,-0.0010122871325384,0.0,-0.004213504524225,-0.0022288802641353
London,lightgbm_quantile__c80__h1,0.8,1.0,2013-12,9,0.25,0.01,rolling_global_norm,0.0434957613326266,0.0391287300324717,rolling_user_norm,0.0451851420370649,0.0075573482873398,2.6531464607855506,0.0434957613326266,0.0424878441975341,0.0391287300324717,0.0,-0.0028830923164686,-0.0009522558796545,0.0,-0.0042135876754983,-0.0021739765887839
London,lightgbm_quantile__c80__h1,0.8,1.0,2013-12,9,0.5,0.0,rolling_user_norm,0.0190093357465685,0.0190093357465685,rolling_user_norm,0.0317092786159303,0.0063093928772066,2.646936572058419,0.0263712451622024,0.0255449280802244,0.0190093357465685,0.0,-0.0018396038745907,0.0032207845614076,0.0,-0.0027598043978619,0.0021826521995757
London,lightgbm_quantile__c80__h1,0.8,1.0,2013-12,9,0.5,0.01,rolling_user_norm,0.0454787014671527,0.0454787014671527,rolling_user_norm,0.0317092786159303,0.0063093928772066,2.646936572058419,0.0529027097700579,0.0520760230621171,0.0454787014671527,0.0,-0.0018395997960008,0.0032808158142915,0.0,-0.0027598879786328,0.0022380941748771
London,lightgbm_quantile__c80__h1,0.8,1.0,2013-12,9,0.75,0.0,rolling_user_norm,0.0253593071812494,0.0253593071812494,rolling_user_norm,0.0317092786159303,0.0063093928772066,2.646936572058419,0.0357781935996337,0.0351331069448074,0.0253593071812494,0.0,-0.0007961113541228,0.0074538562553537,0.0,-0.0013063569970178,0.0065821447181655
London,lightgbm_quantile__c80__h1,0.8,1.0,2013-12,9,0.75,0.01,rolling_user_norm,0.0518286729018336,0.0518286729018336,rolling_user_norm,0.0317092786159303,0.0063093928772066,2.646936572058419,0.0623096582074892,0.0616642019267001,0.0518286729018336,0.0,-0.0007961072755329,0.0075138875082376,0.0,-0.001306441654125,0.0066384004472019
London,lightgbm_quantile__c80__h1,0.8,1.0,2013-12,9,1.0,0.0,rolling_user_norm,0.0317092786159303,0.0317092786159303,rolling_user_norm,0.0317092786159303,0.0063093928772066,2.646936572058419,0.0451851420370649,0.0447212858093904,0.0317092786159303,0.0,0.0002473811663449,0.0116869279492998,0.0,0.0001437924152854,0.0109612658667838
London,lightgbm_quantile__c80__h1,0.8,1.0,2013-12,9,1.0,0.01,rolling_user_norm,0.0581786443365145,0.0581786443365145,rolling_user_norm,0.0317092786159303,0.0063093928772066,2.646936572058419,0.0717166066449205,0.0712523807912832,0.0581786443365145,0.0,0.0002473852449349,0.0117469592021837,0.0,0.0001437010270336,0.0110187909377496
London,lightgbm_quantile__c80__h1,0.8,1.0,2014-01,10,0.0,0.0,rolling_global_norm,0.0074874346025932,0.0046528894938744,rolling_group_norm,0.0426546980928266,0.0074874346025932,2.632086791274816,0.0074874346025932,0.0046528894938744,0.0047042633375119,0.0,-0.0023119355776713,0.0006950834427885,0.0,-0.0034073265748139,-0.0025718485212909
London,lightgbm_quantile__c80__h1,0.8,1.0,2014-01,10,0.0,0.01,rolling_global_norm,0.0338083025153414,0.0309397616105839,rolling_user_norm,0.0426546980928266,0.0074874346025932,2.632086791274816,0.0338083025153414,0.0309736598907811,0.0309397616105839,0.0,-0.0023117547305243,0.0007776749361555,0.0,-0.0034073698540921,-0.0024938927158476
London,lightgbm_quantile__c80__h1,0.8,1.0,2014-01,10,0.25,0.0,rolling_user_norm,0.0111414417388525,0.0111414417388525,rolling_user_norm,0.0304529769428744,0.0047042633375119,2.6235498273071958,0.0162792504751516,0.014129116102213,0.0111414417388525,0.0,-0.0016986446472178,0.0044038303448782,0.0,-0.0025495223852488,0.0022902215873878
London,lightgbm_quantile__c80__h1,0.8,1.0,2014-01,10,0.25,0.01,rolling_user_norm,0.0373769400119245,0.0373769400119245,rolling_user_norm,0.0304529769428744,0.0047042633375119,2.6235498273071958,0.0426001183878997,0.0404498864991197,0.0373769400119245,0.0,-0.0016984638000708,0.0044864218382451,0.0,-0.002549566006689,0.0023684135318294
London,lightgbm_quantile__c80__h1,0.8,1.0,2014-01,10,0.5,0.0,rolling_user_norm,0.0175786201401932,0.0175786201401932,rolling_user_norm,0.0304529769428744,0.0047042633375119,2.6235498273071958,0.0250710663477099,0.0236053427105517,0.0175786201401932,0.0,-0.0010853537167642,0.0081125772469678,0.0,-0.0016917557605296,0.0071494306904594
London,lightgbm_quantile__c80__h1,0.8,1.0,2014-01,10,0.5,0.01,rolling_user_norm,0.0438141184132651,0.0438141184132651,rolling_user_norm,0.0304529769428744,0.0047042633375119,2.6235498273071958,0.051391934260458,0.0499261131074584,0.0438141184132651,0.0,-0.0010851728696172,0.0081951687403348,0.0,-0.0016917999860412,0.00722843441374
London,lightgbm_quantile__c80__h1,0.8,1.0,2014-01,10,0.75,0.0,rolling_user_norm,0.0240157985415338,0.0240157985415338,rolling_user_norm,0.0304529769428744,0.0047042633375119,2.6235498273071958,0.0338628822202682,0.0330815693188904,0.0240157985415338,0.0,-0.0004720627863106,0.0118213241490574,0.0,-0.0008341028081857,0.0115894354114127
London,lightgbm_quantile__c80__h1,0.8,1.0,2014-01,10,0.75,0.01,rolling_user_norm,0.0502512968146058,0.0502512968146058,rolling_user_norm,0.0304529769428744,0.0047042633375119,2.6235498273071958,0.0601837501330164,0.0594023397157971,0.0502512968146058,0.0,-0.0004718819391636,0.0119039156424244,0.0,-0.0008341483822708,0.0116825491631515
London,lightgbm_quantile__c80__h1,0.8,1.0,2014-01,10,1.0,0.0,rolling_user_norm,0.0304529769428744,0.0304529769428744,rolling_user_norm,0.0304529769428744,0.0047042633375119,2.6235498273071958,0.0426546980928266,0.042557795927229,0.0304529769428744,0.0,0.0001412281441428,0.015530071051147,0.0,2.2731134282034327e-05,0.0141715036911175
London,lightgbm_quantile__c80__h1,0.8,1.0,2014-01,10,1.0,0.01,rolling_user_norm,0.0566884752159464,0.0566884752159464,rolling_user_norm,0.0304529769428744,0.0047042633375119,2.6235498273071958,0.0689755660055747,0.0688785663241357,0.0566884752159464,0.0,0.0001414089912898,0.015612662544514,0.0,2.2680231621353207e-05,0.0142601675294278
London,lightgbm_quantile__c90__h1,0.9,1.0,2013-03,0,0.0,0.0,rolling_global_norm,0.0125591542480336,0.0125591542480336,rolling_global_norm,0.027035654468815,0.0125591542480336,3.516237318294801,0.0125591542480336,0.0177179787905877,0.0157495878681506,0.0,-0.0005792613034289,-0.0006744773439792,0.0,-0.0028773304638443,-0.0021030794996039
London,lightgbm_quantile__c90__h1,0.9,1.0,2013-03,0,0.0,0.01,rolling_global_norm,0.0477215274309816,0.0477215274309816,rolling_global_norm,0.027035654468815,0.0125591542480336,3.516237318294801,0.0477215274309816,0.0528801208192052,0.0508710391241669,0.0,-0.0005786967895385,-0.0006095222121272,0.0,-0.0028765861007736,-0.0020334353874894
London,lightgbm_quantile__c90__h1,0.9,1.0,2013-03,0,0.25,0.0,rolling_global_norm,0.016178279303229,0.016178279303229,rolling_global_norm,0.027035654468815,0.0125591542480336,3.516237318294801,0.016178279303229,0.0200551095949434,0.0173141821233225,0.0,-0.0004454578823336,0.0007826934264476,0.0,-0.0021794580847287,-0.0003062576638799
London,lightgbm_quantile__c90__h1,0.9,1.0,2013-03,0,0.25,0.01,rolling_global_norm,0.051340652486177,0.051340652486177,rolling_global_norm,0.027035654468815,0.0125591542480336,3.516237318294801,0.051340652486177,0.0552172516235609,0.0524356333793388,0.0,-0.0004448933684432,0.0008476485582996,0.0,-0.0021787139391341,-0.000237758090488
London,lightgbm_quantile__c90__h1,0.9,1.0,2013-03,0,0.5,0.0,rolling_user_norm,0.0188787763784945,0.0188787763784945,rolling_user_norm,0.0220079648888385,0.0157495878681506,3.512145125601631,0.0197974043584243,0.0223922403992991,0.0188787763784945,0.0,-0.0003116544612382,0.0022398641968746,0.0,-0.0014816539321169,0.0014536798126393
London,lightgbm_quantile__c90__h1,0.9,1.0,2013-03,0,0.5,0.01,rolling_user_norm,0.0540002276345108,0.0540002276345108,rolling_user_norm,0.0220079648888385,0.0157495878681506,3.512145125601631,0.0549597775413723,0.0575543824279165,0.0540002276345108,0.0,-0.0003110899473479,0.0023048193287266,0.0,-0.0014809102241893,0.0015199323901713
London,lightgbm_quantile__c90__h1,0.9,1.0,2013-03,0,0.75,0.0,rolling_user_norm,0.0204433706336665,0.0204433706336665,rolling_user_norm,0.0220079648888385,0.0157495878681506,3.512145125601631,0.0234165294136197,0.0247293712036548,0.0204433706336665,0.0,-0.0001778510401429,0.0036970349673015,0.0,-0.0007841084490891,0.0031158995736759
London,lightgbm_quantile__c90__h1,0.9,1.0,2013-03,0,0.75,0.01,rolling_user_norm,0.0555648218896828,0.0555648218896828,rolling_user_norm,0.0220079648888385,0.0157495878681506,3.512145125601631,0.0585789025965677,0.0598915132322722,0.0555648218896828,0.0,-0.0001772865262525,0.0037619900991535,0.0,-0.000783366069682,0.0031777397502309
London,lightgbm_quantile__c90__h1,0.9,1.0,2013-03,0,1.0,0.0,rolling_user_norm,0.0220079648888385,0.0220079648888385,rolling_user_norm,0.0220079648888385,0.0157495878681506,3.512145125601631,0.027035654468815,0.0270665020080104,0.0220079648888385,0.0,-4.404761904761833e-05,0.0051542057377285,0.0,-9.605294611936836e-05,0.0045670840669881
London,lightgbm_quantile__c90__h1,0.9,1.0,2013-03,0,1.0,0.01,rolling_user_norm,0.0571294161448548,0.0571294161448548,rolling_user_norm,0.0220079648888385,0.0157495878681506,3.512145125601631,0.0621980276517631,0.0622286440366279,0.0571294161448548,0.0,-4.348310515724559e-05,0.0052191608695805,0.0,-9.537308409211472e-05,0.0046241730672373
London,lightgbm_quantile__c90__h1,0.9,1.0,2013-04,1,0.0,0.0,rolling_global_norm,0.0060072948123911,0.0033739908002442,rolling_group_norm,0.0253368410023953,0.0060072948123911,3.103314939875917,0.0060072948123911,0.0033739908002442,0.0154872542125907,0.0,-0.003617402245451,-0.0027996971146182,0.0,-0.0043265752463101,-0.004715029364174
London,lightgbm_quantile__c90__h1,0.9,1.0,2013-04,1,0.0,0.01,rolling_global_norm,0.0370404442111503,0.0344059335241158,rolling_group_norm,0.0253368410023953,0.0060072948123911,3.103314939875917,0.0370404442111503,0.0344059335241158,0.0465947435927877,0.0,-0.0036170778175743,-0.0027047253458222,0.0,-0.004326509499296,-0.0046164501874062
London,lightgbm_quantile__c90__h1,0.9,1.0,2013-04,1,0.25,0.0,rolling_global_norm,0.0108396813598921,0.0088148463154353,rolling_group_norm,0.0253368410023953,0.0060072948123911,3.103314939875917,0.0108396813598921,0.0088148463154353,0.0182800692126925,0.0,-0.0027412700301224,-0.0004332692149499,0.0,-0.003295801646813,-0.0018474257717353
London,lightgbm_quantile__c90__h1,0.9,1.0,2013-04,1,0.25,0.01,rolling_global_norm,0.0418728307586513,0.0398467890393069,rolling_group_norm,0.0253368410023953,0.0060072948123911,3.103314939875917,0.0418728307586513,0.0398467890393069,0.0493875585928894,0.0,-0.0027409456022456,-0.0003382974461539,0.0,-0.0032957361742781,-0.0017488941369463
London,lightgbm_quantile__c90__h1,0.9,1.0,2013-04,1,0.5,0.0,rolling_user_norm,0.0210728842127942,0.0142557018306264,rolling_group_norm,0.0266585142129977,0.0154872542125907,3.1107489380196958,0.0156720679073932,0.0142557018306264,0.0210728842127942,0.0,-0.0018651378147937,0.0019331586847183,0.0,-0.0022670266544262,0.0010196623210626
London,lightgbm_quantile__c90__h1,0.9,1.0,2013-04,1,0.5,0.01,rolling_user_norm,0.0521803735929912,0.045287644554498,rolling_group_norm,0.0266585142129977,0.0154872542125907,3.1107489380196958,0.0467052173061524,0.045287644554498,0.0521803735929912,0.0,-0.001864813386917,0.0020281304535143,0.0,-0.0022669603791364,0.0011180920605756
London,lightgbm_quantile__c90__h1,0.9,1.0,2013-04,1,0.75,0.0,rolling_user_norm,0.023865699212896,0.0196965573458175,rolling_group_norm,0.0266585142129977,0.0154872542125907,3.1107489380196958,0.0205044544548942,0.0196965573458175,0.023865699212896,0.0,-0.0009890055994651,0.0042995865843866,0.0,-0.0012438669768492,0.0038843659874409
London,lightgbm_quantile__c90__h1,0.9,1.0,2013-04,1,0.75,0.01,rolling_user_norm,0.0549731885930929,0.0507285000696891,rolling_group_norm,0.0266585142129977,0.0154872542125907,3.1107489380196958,0.0515376038536534,0.0507285000696891,0.0549731885930929,0.0,-0.0009886811715884,0.0043945583531825,0.0,-0.001243793273684,0.0039824267873289
London,lightgbm_quantile__c90__h1,0.9,1.0,2013-04,1,1.0,0.0,rolling_user_norm,0.0266585142129977,0.0251374128610086,rolling_group_norm,0.0266585142129977,0.0154872542125907,3.1107489380196958,0.0253368410023953,0.0251374128610086,0.0266585142129977,0.0,-0.0001128733841365,0.0066660144840549,0.0,-0.0002463812891183,0.00654923957131
London,lightgbm_quantile__c90__h1,0.9,1.0,2013-04,1,1.0,0.01,rolling_user_norm,0.0577660035931947,0.0561693555848802,rolling_group_norm,0.0266585142129977,0.0154872542125907,3.1107489380196958,0.0563699904011544,0.0561693555848802,0.0577660035931947,0.0,-0.0001125489562597,0.0067609862528508,0.0,-0.0002462371108198,0.006639204986121
London,lightgbm_quantile__c90__h1,0.9,1.0,2013-05,2,0.0,0.0,rolling_user_norm,0.0099459553223437,0.0067827170207185,rolling_group_norm,0.0282694064953866,0.0099459553223437,2.8180982391471527,0.0088238642215561,0.0067827170207185,0.0099459553223437,0.0,-0.0007866393149233,0.0040940056675748,0.0,-0.0013753640608707,0.0029666683412316
London,lightgbm_quantile__c90__h1,0.9,1.0,2013-05,2,0.0,0.01,rolling_user_norm,0.0381269377138153,0.0349804639905447,rolling_group_norm,0.0282694064953866,0.0099459553223437,2.8180982391471527,0.037024128103756,0.0349804639905447,0.0381269377138153,0.0,-0.0007857066133158,0.0039925477750123,0.0,-0.0013744366098102,0.0028570947036418
London,lightgbm_quantile__c90__h1,0.9,1.0,2013-05,2,0.25,0.0,rolling_user_norm,0.0145268181156044,0.0124702060187754,rolling_group_norm,0.0282694064953866,0.0099459553223437,2.8180982391471527,0.0140988609294407,0.0124702060187754,0.0145268181156044,0.0,-0.0005794761948813,0.0026826477438807,0.0,-0.0010113519132522,0.0016301236728675
London,lightgbm_quantile__c90__h1,0.9,1.0,2013-05,2,0.25,0.01,rolling_user_norm,0.042707800507076,0.0406679529886016,rolling_group_norm,0.0282694064953866,0.0099459553223437,2.8180982391471527,0.0422991248116406,0.0406679529886016,0.042707800507076,0.0,-0.0005785434932737,0.0025811898513182,0.0,-0.0010104250166305,0.0015175262398866
London,lightgbm_quantile__c90__h1,0.9,1.0,2013-05,2,0.5,0.0,rolling_user_norm,0.0191076809088651,0.0181576950168324,rolling_group_norm,0.0282694064953866,0.0099459553223437,2.8180982391471527,0.0193738576373253,0.0181576950168324,0.0191076809088651,0.0,-0.0003723130748393,0.0012712898201867,0.0,-0.0006474889930459,0.0002441172521949
London,lightgbm_quantile__c90__h1,0.9,1.0,2013-05,2,0.5,0.01,rolling_user_norm,0.0472886633003367,0.0463554419866586,rolling_group_norm,0.0282694064953866,0.0099459553223437,2.8180982391471527,0.0475741215195252,0.0463554419866586,0.0472886633003367,0.0,-0.0003713803732317,0.0011698319276242,0.0,-0.0006465632794532,0.0001287430884947
London,lightgbm_quantile__c90__h1,0.9,1.0,2013-05,2,0.75,0.0,rolling_global_norm,0.0246488543452099,0.0236885437021259,rolling_user_norm,0.0299238510530945,0.0088238642215561,2.8200263882199885,0.0246488543452099,0.0238451840148893,0.0236885437021259,0.0,-0.0001651499547973,-0.0001400681035072,0.0,-0.0002843652055761,-0.001194923136431
London,lightgbm_quantile__c90__h1,0.9,1.0,2013-05,2,0.75,0.01,rolling_global_norm,0.0528491182274098,0.0518695260935974,rolling_user_norm,0.0299238510530945,0.0088238642215561,2.8200263882199885,0.0528491182274098,0.0520429309847155,0.0518695260935974,0.0,-0.0001642172531897,-0.0002415259960697,0.0,-0.0002834437341027,-0.0013123718091134
London,lightgbm_quantile__c90__h1,0.9,1.0,2013-05,2,1.0,0.0,rolling_global_norm,0.0299238510530945,0.0282694064953866,rolling_user_norm,0.0299238510530945,0.0088238642215561,2.8200263882199885,0.0299238510530945,0.0295326730129463,0.0282694064953866,0.0,4.201316524466448e-05,-0.0015514260272012,0.0,-2.575020304488981e-06,-0.0026831123301188
London,lightgbm_quantile__c90__h1,0.9,1.0,2013-05,2,1.0,0.01,rolling_global_norm,0.0581241149352944,0.0564503888868581,rolling_user_norm,0.0299238510530945,0.0088238642215561,2.8200263882199885,0.0581241149352944,0.0577304199827725,0.0564503888868581,0.0,4.29458668522222e-05,-0.0016528839197638,0.0,-1.659243171487184e-06,-0.0028017592965315
London,lightgbm_quantile__c90__h1,0.9,1.0,2013-06,3,0.0,0.0,rolling_group_norm,0.0037229272229944,0.0037229272229944,rolling_group_norm,0.032300835765679,0.0037229272229944,2.7076191025023983,0.0117378048780487,0.0037229272229944,0.0041881529976234,0.0,0.0043738200483745,0.0040248707651314,0.0,0.0029440356539872,0.0021926346618649
London,lightgbm_quantile__c90__h1,0.9,1.0,2013-06,3,0.0,0.01,rolling_group_norm,0.0307991182480184,0.0307991182480184,rolling_group_norm,0.032300835765679,0.0037229272229944,2.7076191025023983,0.0388198622096681,0.0307991182480184,0.0311732822265109,0.0,0.0043781437383666,0.0041209151505412,0.0,0.002947791397165,0.0022892904676538
London,lightgbm_quantile__c90__h1,0.9,1.0,2013-06,3,0.25,0.0,rolling_user_norm,0.0082606323133849,0.0082606323133849,rolling_user_norm,0.0204780702606696,0.0041881529976234,2.698512922888752,0.0171862419049865,0.0108674043586656,0.0082606323133849,0.0,0.0034141691812594,0.0054251320401807,0.0,0.0022717062552443,0.0038547649372625
London,lightgbm_quantile__c90__h1,0.9,1.0,2013-06,3,0.25,0.01,rolling_user_norm,0.0352457615422725,0.0352457615422725,rolling_user_norm,0.0204780702606696,0.0041881529976234,2.698512922888752,0.0442682992366059,0.0379435953836896,0.0352457615422725,0.0,0.0034184928712515,0.0055211764255905,0.0,0.0022754612023868,0.0039513466947724
London,lightgbm_quantile__c90__h1,0.9,1.0,2013-06,3,0.5,0.0,rolling_user_norm,0.0123331116291465,0.0123331116291465,rolling_user_norm,0.0204780702606696,0.0041881529976234,2.698512922888752,0.0226346789319243,0.0180118814943367,0.0123331116291465,0.0,0.0024545183141444,0.0068253933152301,0.0,0.0015993708881401,0.0055048727013472
London,lightgbm_quantile__c90__h1,0.9,1.0,2013-06,3,0.5,0.01,rolling_user_norm,0.039318240858034,0.039318240858034,rolling_user_norm,0.0204780702606696,0.0041881529976234,2.698512922888752,0.0497167362635437,0.0450880725193607,0.039318240858034,0.0,0.0024588420041365,0.0069214377006399,0.0,0.0016031245086558,0.0056013468164557
London,lightgbm_quantile__c90__h1,0.9,1.0,2013-06,3,0.75,0.0,rolling_user_norm,0.016405590944908,0.016405590944908,rolling_user_norm,0.0204780702606696,0.0041881529976234,2.698512922888752,0.0280831159588621,0.0251563586300078,0.016405590944908,0.0,0.0014948674470293,0.0082256545902794,0.0,0.0009270204931045,0.0071346666437838
London,lightgbm_quantile__c90__h1,0.9,1.0,2013-06,3,0.75,0.01,rolling_user_norm,0.0433907201737956,0.0433907201737956,rolling_user_norm,0.0204780702606696,0.0041881529976234,2.698512922888752,0.0551651732904815,0.0522325496550318,0.0433907201737956,0.0,0.0014991911370214,0.0083216989756892,0.0,0.0009307714609784,0.0072309778127888
London,lightgbm_quantile__c90__h1,0.9,1.0,2013-06,3,1.0,0.0,rolling_user_norm,0.0204780702606696,0.0204780702606696,rolling_user_norm,0.0204780702606696,0.0041881529976234,2.698512922888752,0.0335315529858,0.032300835765679,0.0204780702606696,0.0,0.0005352165799142,0.0096259158653288,0.0,0.0002546089072485,0.008728423324382
London,lightgbm_quantile__c90__h1,0.9,1.0,2013-06,3,1.0,0.01,rolling_user_norm,0.0474631994895571,0.0474631994895571,rolling_user_norm,0.0204780702606696,0.0041881529976234,2.698512922888752,0.0606136103174194,0.0593770267907029,0.0474631994895571,0.0,0.0005395402699063,0.0097219602507386,0.0,0.0002583519270623,0.0088244840550438
London,lightgbm_quantile__c90__h1,0.9,1.0,2013-07,4,0.0,0.0,rolling_group_norm,0.0109919252691577,0.0109919252691577,rolling_group_norm,0.0347500458106044,0.0109919252691577,2.478587469963748,0.0197974036191974,0.0109919252691577,0.0120289740341988,0.0,0.010554587688734,0.0104940960123887,0.0,0.0096207121816612,0.0056207856474742
London,lightgbm_quantile__c90__h1,0.9,1.0,2013-07,4,0.0,0.01,rolling_group_norm,0.0357777999687951,0.0357777999687951,rolling_group_norm,0.0347500458106044,0.0109919252691577,2.478587469963748,0.0445873856179816,0.0357777999687951,0.0367303041744183,0.0,0.0105608221467612,0.0106119243353839,0.0,0.0096263758338557,0.0057349416654399
London,lightgbm_quantile__c90__h1,0.9,1.0,2013-07,4,0.25,0.0,rolling_group_norm,0.0169314554045193,0.0154968952733094,rolling_user_norm,0.0347500458106044,0.0109919252691577,2.478587469963748,0.0239987244482107,0.0169314554045193,0.0154968952733094,0.0,0.0082185850444279,0.0110671804845083,0.0,0.0075005493929262,0.0073554447933413
London,lightgbm_quantile__c90__h1,0.9,1.0,2013-07,4,0.25,0.01,rolling_group_norm,0.0417173301041568,0.0401982254135289,rolling_user_norm,0.0347500458106044,0.0109919252691577,2.478587469963748,0.0487887064469948,0.0417173301041568,0.0401982254135289,0.0,0.0082248195024551,0.0111850088075036,0.0,0.0075062532203936,0.0074695672419122
London,lightgbm_quantile__c90__h1,0.9,1.0,2013-07,4,0.5,0.0,rolling_user_norm,0.01896481651242,0.01896481651242,rolling_user_norm,0.0259006589906412,0.0120289740341988,2.470133014021946,0.0282000452772239,0.022870985539881,0.01896481651242,0.0,0.0058825824001219,0.011640264956628,0.0,0.0053742466150442,0.0090894268707034
London,lightgbm_quantile__c90__h1,0.9,1.0,2013-07,4,0.5,0.01,rolling_user_norm,0.0436661466526395,0.0436661466526395,rolling_user_norm,0.0259006589906412,0.0120289740341988,2.470133014021946,0.0529900272760081,0.0476568602395185,0.0436661466526395,0.0,0.0058888168581491,0.0117580932796233,0.0,0.0053800306248694,0.0092034862133733
London,lightgbm_quantile__c90__h1,0.9,1.0,2013-07,4,0.75,0.0,rolling_user_norm,0.0224327377515306,0.0224327377515306,rolling_user_norm,0.0259006589906412,0.0120289740341988,2.470133014021946,0.0324013661062372,0.0288105156752427,0.0224327377515306,0.0,0.0035465797558158,0.0122133494287477,0.0,0.0032293831552671,0.0108210372470356
London,lightgbm_quantile__c90__h1,0.9,1.0,2013-07,4,0.75,0.01,rolling_user_norm,0.04713406789175,0.04713406789175,rolling_user_norm,0.0259006589906412,0.0120289740341988,2.470133014021946,0.0571913481050213,0.0535963903748802,0.04713406789175,0.0,0.003552814213843,0.0123311777517429,0.0,0.0032353749281832,0.0109349350544427
London,lightgbm_quantile__c90__h1,0.9,1.0,2013-07,4,1.0,0.0,rolling_user_norm,0.0259006589906412,0.0259006589906412,rolling_user_norm,0.0259006589906412,0.0120289740341988,2.470133014021946,0.0366026869352504,0.0347500458106044,0.0259006589906412,0.0,0.0012105771115097,0.0127864339008674,0.0,0.0010051496648165,0.0125176279238062
London,lightgbm_quantile__c90__h1,0.9,1.0,2013-07,4,1.0,0.01,rolling_user_norm,0.0506019891308606,0.0506019891308606,rolling_user_norm,0.0259006589906412,0.0120289740341988,2.470133014021946,0.0613926689340346,0.0595359205102418,0.0506019891308606,0.0,0.0012168115695369,0.0129042622238626,0.0,0.0010117498509457,0.0126305191914144
London,lightgbm_quantile__c90__h1,0.9,1.0,2013-08,5,0.0,0.0,rolling_group_norm,0.0037733685055625,0.0028665579172575,rolling_user_norm,0.0358039600675399,0.0037733685055625,2.4625263958254875,0.0119211758051691,0.0037733685055625,0.0028665579172575,0.0,0.0089379013533801,0.0075958272604667,0.0,0.0084083216652428,0.0072056413194893
London,lightgbm_quantile__c90__h1,0.9,1.0,2013-08,5,0.0,0.01,rolling_group_norm,0.0283986324638174,0.0273483951331366,rolling_user_norm,0.0358039600675399,0.0037733685055625,2.4625263958254875,0.0365518893149466,0.0283986324638174,0.0273483951331366,0.0,0.0089423094373768,0.0077322143451069,0.0,0.0084132574198122,0.007338880959367
London,lightgbm_quantile__c90__h1,0.9,1.0,2013-08,5,0.25,0.0,rolling_user_norm,0.0073914096300943,0.0073914096300943,rolling_user_norm,0.0209659647686046,0.0028665579172575,2.448183721587914,0.0182264254095646,0.0117810163960568,0.0073914096300943,0.0,0.007066115840469,0.0088655365374137,0.0,0.0065856835941343,0.0085047462003274
London,lightgbm_quantile__c90__h1,0.9,1.0,2013-08,5,0.25,0.01,rolling_user_norm,0.0318732468459734,0.0318732468459734,rolling_user_norm,0.0209659647686046,0.0028665579172575,2.448183721587914,0.0428571389193421,0.0364062803543117,0.0318732468459734,0.0,0.0070705239244657,0.0090019236220539,0.0,0.0065906631426816,0.0086328143474005
London,lightgbm_quantile__c90__h1,0.9,1.0,2013-08,5,0.5,0.0,rolling_user_norm,0.011916261342931,0.011916261342931,rolling_user_norm,0.0209659647686046,0.0028665579172575,2.448183721587914,0.0245316750139602,0.0197886642865512,0.011916261342931,0.0,0.0051943303275579,0.0101352458143608,0.0,0.004755145576907,0.0097457206333757
London,lightgbm_quantile__c90__h1,0.9,1.0,2013-08,5,0.5,0.01,rolling_user_norm,0.0363980985588102,0.0363980985588102,rolling_user_norm,0.0209659647686046,0.0028665579172575,2.448183721587914,0.0491623885237376,0.0444139282448061,0.0363980985588102,0.0,0.0051987384115546,0.010271632899001,0.0,0.0047601676565388,0.0098698770509778
London,lightgbm_quantile__c90__h1,0.9,1.0,2013-08,5,0.75,0.0,rolling_user_norm,0.0164411130557678,0.0164411130557678,rolling_user_norm,0.0209659647686046,0.0028665579172575,2.448183721587914,0.0308369246183557,0.0277963121770456,0.0164411130557678,0.0,0.0033225448146468,0.0114049550913078,0.0,0.0029143059731021,0.0109392022959366
London,lightgbm_quantile__c90__h1,0.9,1.0,2013-08,5,0.75,0.01,rolling_user_norm,0.040922950271647,0.040922950271647,rolling_user_norm,0.0209659647686046,0.0028665579172575,2.448183721587914,0.0554676381281331,0.0524215761353004,0.040922950271647,0.0,0.0033269528986435,0.011541342175948,0.0,0.0029193626030387,0.0110615406891907
London,lightgbm_quantile__c90__h1,0.9,1.0,2013-08,5,1.0,0.0,rolling_user_norm,0.0209659647686046,0.0209659647686046,rolling_user_norm,0.0209659647686046,0.0028665579172575,2.448183721587914,0.0371421742227512,0.0358039600675399,0.0209659647686046,0.0,0.0014507593017357,0.0126746643682549,0.0,0.0010607051222394,0.0121039130505526
London,lightgbm_quantile__c90__h1,0.9,1.0,2013-08,5,1.0,0.01,rolling_user_norm,0.0454478019844837,0.0454478019844837,rolling_user_norm,0.0209659647686046,0.0028665579172575,2.448183721587914,0.0617728877325287,0.0604292240257948,0.0454478019844837,0.0,0.0014551673857324,0.0128110514528951,0.0,0.001065779410003,0.0122256910746183
London,lightgbm_quantile__c90__h1,0.9,1.0,2013-09,6,0.0,0.0,rolling_group_norm,0.0105359188696058,0.0105359188696058,rolling_group_norm,0.0344414487018286,0.0105359188696058,2.7577448298022884,0.0151288329122009,0.0105359188696058,0.0168872549019608,0.0,0.0064578628335278,0.0010023068142173,0.0,0.0058927891471128,1.44618549849805e-05
London,lightgbm_quantile__c90__h1,0.9,1.0,2013-09,6,0.0,0.01,rolling_group_norm,0.0381133671676287,0.0381133671676287,rolling_group_norm,0.0344414487018286,0.0105359188696058,2.7577448298022884,0.0427122232064584,0.0381133671676287,0.0444009110906885,0.0,0.0064635666275746,0.001157447222495,0.0,0.0058976310983596,0.0001644630542134
London,lightgbm_quantile__c90__h1,0.9,1.0,2013-09,6,0.25,0.0,rolling_group_norm,0.0165123013276615,0.0165123013276615,rolling_group_norm,0.0344414487018286,0.0105359188696058,2.7577448298022884,0.0201363710255692,0.0165123013276615,0.019595565573775,0.0,0.0050629552028455,0.0040271191077188,0.0,0.004699601234527,0.0031860653094745
London,lightgbm_quantile__c90__h1,0.9,1.0,2013-09,6,0.25,0.01,rolling_group_norm,0.0440897496256844,0.0440897496256844,rolling_group_norm,0.0344414487018286,0.0105359188696058,2.7577448298022884,0.0477197613198267,0.0440897496256844,0.0471092217625027,0.0,0.0050686589968923,0.0041822595159965,0.0,0.0047044992846285,0.0033362340377254
London,lightgbm_quantile__c90__h1,0.9,1.0,2013-09,6,0.5,0.0,rolling_user_norm,0.0223038762455891,0.0223038762455891,rolling_user_norm,0.0277204975892174,0.0168872549019608,2.751365618872773,0.0251439091389375,0.0224886837857172,0.0223038762455891,0.0,0.0036680475721632,0.0070519314012203,0.0,0.0035015773398281,0.0063101571782622
London,lightgbm_quantile__c90__h1,0.9,1.0,2013-09,6,0.5,0.01,rolling_user_norm,0.0498175324343169,0.0498175324343169,rolling_user_norm,0.0277204975892174,0.0168872549019608,2.751365618872773,0.052727299433195,0.0500661320837401,0.0498175324343169,0.0,0.00367375136621,0.007207071809498,0.0,0.0035066886067719,0.0064608651762164
London,lightgbm_quantile__c90__h1,0.9,1.0,2013-09,6,0.75,0.0,rolling_user_norm,0.0250121869174033,0.0250121869174033,rolling_user_norm,0.0277204975892174,0.0168872549019608,2.751365618872773,0.0301514472523058,0.0284650662437729,0.0250121869174033,0.0,0.0022731399414809,0.0100767436947218,0.0,0.0021933466650644,0.009366525290009
London,lightgbm_quantile__c90__h1,0.9,1.0,2013-09,6,0.75,0.01,rolling_user_norm,0.052525843106131,0.052525843106131,rolling_user_norm,0.0277204975892174,0.0168872549019608,2.751365618872773,0.0577348375465633,0.0560425145417958,0.052525843106131,0.0,0.0022788437355277,0.0102318841029995,0.0,0.002200256001798,0.0095182923096985
London,lightgbm_quantile__c90__h1,0.9,1.0,2013-09,6,1.0,0.0,rolling_user_norm,0.0277204975892174,0.0277204975892174,rolling_user_norm,0.0277204975892174,0.0168872549019608,2.751365618872773,0.0351589853656741,0.0344414487018286,0.0277204975892174,0.0,0.0008782323107985,0.0131015559882233,0.0,0.0006174834039637,0.0123466288094941
London,lightgbm_quantile__c90__h1,0.9,1.0,2013-09,6,1.0,0.01,rolling_user_norm,0.0552341537779452,0.0552341537779452,rolling_user_norm,0.0277204975892174,0.0168872549019608,2.751365618872773,0.0627423756599316,0.0620188969998515,0.0552341537779452,0.0,0.0008839361048454,0.0132566963965011,0.0,0.0006243007934157,0.0124997777525085
London,lightgbm_quantile__c90__h1,0.9,1.0,2013-10,7,0.0,0.0,rolling_group_norm,0.0071343667767876,0.0071343667767876,rolling_group_norm,0.0315266920651647,0.0071343667767876,2.9651385152490124,0.0100277795863445,0.0071343667767876,0.0107457832326374,0.0,0.004548209231722,0.0014506163086453,0.0,0.0035268751459504,-0.0009771994729946
London,lightgbm_quantile__c90__h1,0.9,1.0,2013-10,7,0.0,0.01,rolling_group_norm,0.0367857519292778,0.0367857519292778,rolling_group_norm,0.0315266920651647,0.0071343667767876,2.9651385152490124,0.0396839978502384,0.0367857519292778,0.0403009253730456,0.0,0.0045545913029546,0.0015439246975604,0.0,0.0035336739202633,-0.000893185200944
London,lightgbm_quantile__c90__h1,0.9,1.0,2013-10,7,0.25,0.0,rolling_group_norm,0.0132324480988819,0.0132324480988819,rolling_group_norm,0.0315266920651647,0.0071343667767876,2.9651385152490124,0.0155793179999421,0.0132324480988819,0.0135742290603693,0.0,0.0036275181676756,0.0034256761432621,0.0,0.0027657398503902,0.0009494161301057
London,lightgbm_quantile__c90__h1,0.9,1.0,2013-10,7,0.25,0.01,rolling_group_norm,0.042883833251372,0.042883833251372,rolling_group_norm,0.0315266920651647,0.0071343667767876,2.9651385152490124,0.0452355362638359,0.042883833251372,0.0431293712007776,0.0,0.0036339002389081,0.0035189845321772,0.0,0.0027725537771379,0.001033427691698
London,lightgbm_quantile__c90__h1,0.9,1.0,2013-10,7,0.5,0.0,rolling_user_norm,0.0164026748881013,0.0164026748881013,rolling_user_norm,0.0220595665435652,0.0107457832326374,2.955514214040825,0.0211308564135396,0.0193305294209762,0.0164026748881013,0.0,0.0027068271036292,0.0054007359778789,0.0,0.0020043756955441,0.0028756020795863
London,lightgbm_quantile__c90__h1,0.9,1.0,2013-10,7,0.5,0.01,rolling_user_norm,0.0459578170285095,0.0459578170285095,rolling_user_norm,0.0220595665435652,0.0107457832326374,2.955514214040825,0.0507870746774334,0.0489819145734663,0.0459578170285095,0.0,0.0027132091748617,0.005494044366794,0.0,0.0020112115172301,0.0029596126108596
London,lightgbm_quantile__c90__h1,0.9,1.0,2013-10,7,0.75,0.0,rolling_user_norm,0.0192311207158332,0.0192311207158332,rolling_user_norm,0.0220595665435652,0.0107457832326374,2.955514214040825,0.0266823948271371,0.0254286107430704,0.0192311207158332,0.0,0.0017861360395827,0.0073757958124957,0.0,0.0012425813942239,0.0048013828455794
London,lightgbm_quantile__c90__h1,0.9,1.0,2013-10,7,0.75,0.01,rolling_user_norm,0.0487862628562415,0.0487862628562415,rolling_user_norm,0.0220595665435652,0.0107457832326374,2.955514214040825,0.0563386130910309,0.0550799958955606,0.0487862628562415,0.0,0.0017925181108153,0.0074691042014108,0.0,0.0012494515820828,0.0048853938437863
London,lightgbm_quantile__c90__h1,0.9,1.0,2013-10,7,1.0,0.0,rolling_user_norm,0.0220595665435652,0.0220595665435652,rolling_user_norm,0.0220595665435652,0.0107457832326374,2.955514214040825,0.0322339332407346,0.0315266920651647,0.0220595665435652,0.0,0.0008654449755363,0.0093508556471125,0.0,0.0004798248471005,0.0067267812555376
London,lightgbm_quantile__c90__h1,0.9,1.0,2013-10,7,1.0,0.01,rolling_user_norm,0.0516147086839734,0.0516147086839734,rolling_user_norm,0.0220595665435652,0.0107457832326374,2.955514214040825,0.0618901515046285,0.0611780772176548,0.0516147086839734,0.0,0.0008718270467688,0.0094441640360276,0.0,0.0004867564595618,0.0068107940530827
London,lightgbm_quantile__c90__h1,0.9,1.0,2013-11,8,0.0,0.0,rolling_group_norm,0.0166749955532216,0.0090161634302391,rolling_global_norm,0.0314571153044249,0.0166749955532216,3.3889976679695093,0.0090161634302391,0.0166749955532216,0.0211980044552484,0.0,0.0035939229858952,2.738286378667354e-05,0.0,0.0009356992682563,-0.0034512514959146
London,lightgbm_quantile__c90__h1,0.9,1.0,2013-11,8,0.0,0.01,rolling_group_norm,0.0505649722329167,0.0429092726714028,rolling_global_norm,0.0314571153044249,0.0166749955532216,3.3889976679695093,0.0429092726714028,0.0505649722329167,0.055028549262629,0.0,0.0035982074410499,0.0001534706377797,0.0,0.0009397356474157,-0.0033276232896314
London,lightgbm_quantile__c90__h1,0.9,1.0,2013-11,8,0.25,0.0,rolling_group_norm,0.0203705254910224,0.0146693140690628,rolling_global_norm,0.0314571153044249,0.0166749955532216,3.3889976679695093,0.0146693140690628,0.0203705254910224,0.0224500090480159,0.0,0.0028526266399695,0.0028324510897345,0.0,0.0008168860310416,-0.0002319134278686
London,lightgbm_quantile__c90__h1,0.9,1.0,2013-11,8,0.25,0.01,rolling_group_norm,0.0542605021707175,0.0485624233102265,rolling_global_norm,0.0314571153044249,0.0166749955532216,3.3889976679695093,0.0485624233102265,0.0542605021707175,0.0562805538553965,0.0,0.0028569110951242,0.0029585388637276,0.0,0.0008209315380318,-0.0001082977295114
London,lightgbm_quantile__c90__h1,0.9,1.0,2013-11,8,0.5,0.0,rolling_user_norm,0.0237020136407834,0.0203224647078865,rolling_global_norm,0.0262060228263183,0.0211980044552484,3.3830544807380645,0.0203224647078865,0.0240660554288232,0.0237020136407834,0.0,0.0021113302940439,0.0056375193156824,0.0,0.000697403591609,0.002987369735932
London,lightgbm_quantile__c90__h1,0.9,1.0,2013-11,8,0.5,0.01,rolling_user_norm,0.057532558448164,0.0542155739490502,rolling_global_norm,0.0262060228263183,0.0211980044552484,3.3830544807380645,0.0542155739490502,0.0579560321085183,0.057532558448164,0.0,0.0021156147491985,0.0057636070896755,0.0,0.0007014663710403,0.0031109690710504
London,lightgbm_quantile__c90__h1,0.9,1.0,2013-11,8,0.75,0.0,rolling_user_norm,0.0249540182335508,0.0249540182335508,rolling_user_norm,0.0262060228263183,0.0211980044552484,3.3830544807380645,0.0259756153467102,0.0277615853666241,0.0249540182335508,0.0,0.0013700339481182,0.0084425875416303,0.0,0.0005756788561864,0.0062065674828181
London,lightgbm_quantile__c90__h1,0.9,1.0,2013-11,8,0.75,0.01,rolling_user_norm,0.0587845630409315,0.0587845630409315,rolling_user_norm,0.0262060228263183,0.0211980044552484,3.3830544807380645,0.0598687245878739,0.0616515620463192,0.0587845630409315,0.0,0.0013743184032728,0.0085686753156234,0.0,0.000579786520214,0.0063301444947201
London,lightgbm_quantile__c90__h1,0.9,1.0,2013-11,8,1.0,0.0,rolling_user_norm,0.0262060228263183,0.0262060228263183,rolling_user_norm,0.0262060228263183,0.0211980044552484,3.3830544807380645,0.0316287659855339,0.0314571153044249,0.0262060228263183,0.0,0.0006287376021925,0.0112476557675782,0.0,0.0004295550138533,0.0094256215687159
London,lightgbm_quantile__c90__h1,0.9,1.0,2013-11,8,1.0,0.01,rolling_user_norm,0.060036567633699,0.060036567633699,rolling_user_norm,0.0262060228263183,0.0211980044552484,3.3830544807380645,0.0655218752266976,0.06534709198412,0.060036567633699,0.0,0.0006330220573472,0.0113737435415713,0.0,0.0004340029875418,0.0095491663235652
London,lightgbm_quantile__c90__h1,0.9,1.0,2013-12,9,0.0,0.0,rolling_global_norm,0.007398297997934,0.0060546117753178,rolling_user_norm,0.033442787165897,0.007398297997934,3.45013143974629,0.007398297997934,0.0068408021381605,0.0060546117753178,0.0,-0.0011961563260845,-0.0032168308484656,0.0,-0.0038842582937358,-0.00699446642572
London,lightgbm_quantile__c90__h1,0.9,1.0,2013-12,9,0.0,0.01,rolling_global_norm,0.0418996123953969,0.0403783483576778,rolling_user_norm,0.033442787165897,0.007398297997934,3.45013143974629,0.0418996123953969,0.0413380808656284,0.0403783483576778,0.0,-0.0011924954543066,-0.0030875627916424,0.0,-0.0038812365712325,-0.0068613305128136
London,lightgbm_quantile__c90__h1,0.9,1.0,2013-12,9,0.25,0.0,rolling_global_norm,0.0139094202899247,0.0100606143051203,rolling_user_norm,0.033442787165897,0.007398297997934,3.45013143974629,0.0139094202899247,0.0134454519889217,0.0100606143051203,0.0,-0.0008363246916828,-0.0002769843490829,0.0,-0.0028707624635416,-0.0031950319906947
London,lightgbm_quantile__c90__h1,0.9,1.0,2013-12,9,0.25,0.01,rolling_global_norm,0.0484107346873876,0.0443843508874803,rolling_user_norm,0.033442787165897,0.007398297997934,3.45013143974629,0.0484107346873876,0.0479427307163897,0.0443843508874803,0.0,-0.0008326638199048,-0.0001477162922596,0.0,-0.002867740816278,-0.0030615927512992
London,lightgbm_quantile__c90__h1,0.9,1.0,2013-12,9,0.5,0.0,rolling_user_norm,0.0140666168349227,0.0140666168349227,rolling_user_norm,0.0220786218945276,0.0060546117753178,3.432373658236002,0.0204205425819155,0.020050101839683,0.0140666168349227,0.0,-0.000476493057281,0.0026628621502998,0.0,-0.0018587447199041,0.0006014725171885
London,lightgbm_quantile__c90__h1,0.9,1.0,2013-12,9,0.5,0.01,rolling_user_norm,0.0483903534172827,0.0483903534172827,rolling_user_norm,0.0220786218945276,0.0060546117753178,3.432373658236002,0.0549218569793784,0.0545473805671509,0.0483903534172827,0.0,-0.0004728321855031,0.0027921302071231,0.0,-0.001855722535701,0.000735462290239
London,lightgbm_quantile__c90__h1,0.9,1.0,2013-12,9,0.75,0.0,rolling_user_norm,0.0180726193647252,0.0180726193647252,rolling_user_norm,0.0220786218945276,0.0060546117753178,3.432373658236002,0.0269316648739062,0.0266547516904442,0.0180726193647252,0.0,-0.0001166614228793,0.0056027086496826,0.0,-0.0008521476717423,0.0043888280555197
London,lightgbm_quantile__c90__h1,0.9,1.0,2013-12,9,0.75,0.01,rolling_user_norm,0.0523963559470852,0.0523963559470852,rolling_user_norm,0.0220786218945276,0.0060546117753178,3.432373658236002,0.0614329792713691,0.0611520304179122,0.0523963559470852,0.0,-0.0001130005511014,0.0057319767065058,0.0,-0.0008491192999165,0.0045241093633178
London,lightgbm_quantile__c90__h1,0.9,1.0,2013-12,9,1.0,0.0,rolling_user_norm,0.0220786218945276,0.0220786218945276,rolling_user_norm,0.0220786218945276,0.0060546117753178,3.432373658236002,0.033442787165897,0.0332594015412054,0.0220786218945276,0.0,0.0002431702115224,0.0085425551490654,0.0,7.025943137100704e-05,0.0081094977961936
London,lightgbm_quantile__c90__h1,0.9,1.0,2013-12,9,1.0,0.01,rolling_user_norm,0.0564023584768877,0.0564023584768877,rolling_user_norm,0.0220786218945276,0.0060546117753178,3.432373658236002,0.0679441015633599,0.0677566802686734,0.0564023584768877,0.0,0.0002468310833003,0.0086718232058886,0.0,7.364431640510341e-05,0.0082500912842321
London,lightgbm_quantile__c90__h1,0.9,1.0,2014-01,10,0.0,0.0,rolling_global_norm,0.0096359099483147,0.0027135280742974,rolling_user_norm,0.0343578976109015,0.0096359099483147,3.422610953788739,0.0096359099483147,0.0049375077341913,0.0027135280742974,0.0,-9.041906313789204e-05,0.0012213417464506,0.0,-0.0027509161758441,-0.0017525916350437
London,lightgbm_quantile__c90__h1,0.9,1.0,2014-01,10,0.0,0.01,rolling_global_norm,0.0438620194862021,0.036675437992743,rolling_user_norm,0.0343578976109015,0.0096359099483147,3.422610953788739,0.0438620194862021,0.0391608575678815,0.036675437992743,0.0,-8.666387034691331e-05,0.001477443046757,0.0,-0.0027487022277325,-0.0015154296898133
London,lightgbm_quantile__c90__h1,0.9,1.0,2014-01,10,0.25,0.0,rolling_user_norm,0.0070428833689162,0.0070428833689162,rolling_user_norm,0.0200309492527726,0.0027135280742974,3.396190991844559,0.0158164068639614,0.0122536946988118,0.0070428833689162,0.0,-8.815599801325891e-05,0.0040494293260408,0.0,-0.0021546271447654,0.0018673857841744
London,lightgbm_quantile__c90__h1,0.9,1.0,2014-01,10,0.25,0.01,rolling_user_norm,0.0410047932873618,0.0410047932873618,rolling_user_norm,0.0200309492527726,0.0027135280742974,3.396190991844559,0.0500425164018488,0.046477044532502,0.0410047932873618,0.0,-8.440080522228073e-05,0.0043055306263471,0.0,-0.0021524381311507,0.0021045276565515
London,lightgbm_quantile__c90__h1,0.9,1.0,2014-01,10,0.5,0.0,rolling_user_norm,0.011372238663535,0.011372238663535,rolling_user_norm,0.0200309492527726,0.0027135280742974,3.396190991844559,0.0219969037796081,0.0195698816634323,0.011372238663535,0.0,-8.589293288862807e-05,0.0068775169056309,0.0,-0.0015609141535306,0.0054411376549153
London,lightgbm_quantile__c90__h1,0.9,1.0,2014-01,10,0.5,0.01,rolling_user_norm,0.0453341485819806,0.0453341485819806,rolling_user_norm,0.0200309492527726,0.0027135280742974,3.396190991844559,0.0562230133174955,0.0537932314971225,0.0453341485819806,0.0,-8.213774009765047e-05,0.0071336182059372,0.0,-0.0015587673598796,0.0056788405593387
London,lightgbm_quantile__c90__h1,0.9,1.0,2014-01,10,0.75,0.0,rolling_user_norm,0.0157015939581538,0.0157015939581538,rolling_user_norm,0.0200309492527726,0.0027135280742974,3.396190991844559,0.0281774006952548,0.0268860686280528,0.0157015939581538,0.0,-8.362986776399665e-05,0.009705604485221,0.0,-0.0009749203308977,0.0088396404227895
London,lightgbm_quantile__c90__h1,0.9,1.0,2014-01,10,0.75,0.01,rolling_user_norm,0.0496635038765994,0.0496635038765994,rolling_user_norm,0.0200309492527726,0.0027135280742974,3.396190991844559,0.0624035102331422,0.061109418461743,0.0496635038765994,0.0,-7.987467497301559e-05,0.0099617057855273,0.0,-0.0009728574149774,0.0090823998084704
London,lightgbm_quantile__c90__h1,0.9,1.0,2014-01,10,1.0,0.0,rolling_user_norm,0.0200309492527726,0.0200309492527726,rolling_user_norm,0.0200309492527726,0.0027135280742974,3.396190991844559,0.0343578976109015,0.0342022555926733,0.0200309492527726,0.0,-8.136680263936408e-05,0.0125336920648111,0.0,-0.0004369455778014,0.0116273592146887
London,lightgbm_quantile__c90__h1,0.9,1.0,2014-01,10,1.0,0.01,rolling_user_norm,0.0539928591712182,0.0539928591712182,rolling_user_norm,0.0200309492527726,0.0027135280742974,3.396190991844559,0.0685840071487889,0.0684256054263635,0.0539928591712182,0.0,-7.761160984838071e-05,0.0127897933651175,0.0,-0.0004350018744303,0.01188712118
London,lightgbm_quantile__c80__h6,0.8,6.0,2013-03,0,0.0,0.0,rolling_global_norm,0.0205984690327071,0.0205984690327071,rolling_global_norm,0.0497328296166633,0.0205984690327071,2.889724044678952,0.0205984690327071,0.0298448944773903,0.0309932166966051,0.0,-0.0014065290422489,0.001760979780788,0.0,-0.0070060826282217,-0.0026224760462322
London,lightgbm_quantile__c80__h6,0.8,6.0,2013-03,0,0.0,0.01,rolling_global_norm,0.0494957094794966,0.0494957094794966,rolling_global_norm,0.0497328296166633,0.0205984690327071,2.889724044678952,0.0494957094794966,0.058741717575702,0.0598369329896494,0.0,-0.0014062472222765,0.0018191139551619,0.0,-0.0070057659444333,-0.0025530904413994
London,lightgbm_quantile__c80__h6,0.8,6.0,2013-03,0,0.25,0.0,rolling_user_norm,0.0330993862100321,0.0278820591786961,rolling_global_norm,0.0394178947503132,0.0309932166966051,2.884371629304431,0.0278820591786961,0.0347992693438964,0.0330993862100321,0.0,-0.0011491611849788,0.0036269100971158,0.0,-0.0053888269809849,0.0005683408171179
London,lightgbm_quantile__c80__h6,0.8,6.0,2013-03,0,0.25,0.01,rolling_user_norm,0.0619431025030764,0.0567792996254857,rolling_global_norm,0.0394178947503132,0.0309932166966051,2.884371629304431,0.0567792996254857,0.0636960924422081,0.0619431025030764,0.0,-0.0011488793650065,0.0036850442714897,0.0,-0.0053885104836597,0.0006375582095297
London,lightgbm_quantile__c80__h6,0.8,6.0,2013-03,0,0.5,0.0,rolling_user_norm,0.0352055557234591,0.0351656493246852,rolling_global_norm,0.0394178947503132,0.0309932166966051,2.884371629304431,0.0351656493246852,0.0397536442104024,0.0352055557234591,0.0,-0.0008917933277088,0.0054928404134435,0.0,-0.0037717718529294,0.0037383986589832
London,lightgbm_quantile__c80__h6,0.8,6.0,2013-03,0,0.5,0.01,rolling_user_norm,0.0640492720165034,0.0640492720165034,rolling_user_norm,0.0394178947503132,0.0309932166966051,2.884371629304431,0.0640628897714747,0.0686504673087142,0.0640492720165034,0.0,-0.0008915115077365,0.0055509745878174,0.0,-0.0037714557205621,0.0038070622945789
London,lightgbm_quantile__c80__h6,0.8,6.0,2013-03,0,0.75,0.0,rolling_user_norm,0.0373117252368861,0.0373117252368861,rolling_user_norm,0.0394178947503132,0.0309932166966051,2.884371629304431,0.0424492394706743,0.0447080190769085,0.0373117252368861,0.0,-0.0006344254704387,0.0073587707297713,0.0,-0.0021554550868193,0.0067388155094695
London,lightgbm_quantile__c80__h6,0.8,6.0,2013-03,0,0.75,0.01,rolling_user_norm,0.0661554415299305,0.0661554415299305,rolling_user_norm,0.0394178947503132,0.0309932166966051,2.884371629304431,0.0713464799174638,0.0736048421752202,0.0661554415299305,0.0,-0.0006341436504664,0.0074169049041452,0.0,-0.002155139988394,0.0068018051957112
London,lightgbm_quantile__c80__h6,0.8,6.0,2013-03,0,1.0,0.0,rolling_user_norm,0.0394178947503132,0.0394178947503132,rolling_user_norm,0.0394178947503132,0.0309932166966051,2.884371629304431,0.0497328296166633,0.0496623939434145,0.0394178947503132,0.0,-0.0003770576131687,0.0092247010460991,0.0,-0.0005574195447057,0.0080961259016342
London,lightgbm_quantile__c80__h6,0.8,6.0,2013-03,0,1.0,0.01,rolling_user_norm,0.0682616110433575,0.0682616110433575,rolling_user_norm,0.0394178947503132,0.0309932166966051,2.884371629304431,0.0786300700634528,0.0785592170417263,0.0682616110433575,0.0,-0.0003767757931964,0.0092828352204729,0.0,-0.0005571243314672,0.0081433072514167
London,lightgbm_quantile__c80__h6,0.8,6.0,2013-04,1,0.0,0.0,rolling_global_norm,0.0088930475440744,0.0050045804349592,rolling_group_norm,0.0469279147893411,0.0088930475440744,2.4984597176037817,0.0088930475440744,0.0050045804349592,0.0084027869215275,0.0,-0.006723064513813,-0.0062996227793956,0.0,-0.0090745836255237,-0.009035612077414
London,lightgbm_quantile__c80__h6,0.8,6.0,2013-04,1,0.0,0.01,rolling_global_norm,0.0338776447201123,0.0299879819219534,rolling_group_norm,0.0469279147893411,0.0088930475440744,2.4984597176037817,0.0338776447201123,0.0299879819219534,0.0334121084484966,0.0,-0.0067226809375597,-0.0061701775217733,0.0,-0.0090747360318567,-0.0089205287209227
London,lightgbm_quantile__c80__h6,0.8,6.0,2013-04,1,0.25,0.0,rolling_global_norm,0.0184017643553911,0.0153720429207977,rolling_group_norm,0.0469279147893411,0.0088930475440744,2.4984597176037817,0.0184017643553911,0.0153720429207977,0.0168162231213918,0.0,-0.0050146776860038,-0.0010772291670845,0.0,-0.0067832548088236,-0.0031445819721666
London,lightgbm_quantile__c80__h6,0.8,6.0,2013-04,1,0.25,0.01,rolling_global_norm,0.0433863615314289,0.0403554444077919,rolling_group_norm,0.0469279147893411,0.0088930475440744,2.4984597176037817,0.0433863615314289,0.0403554444077919,0.041825544648361,0.0,-0.0050142941097505,-0.0009477839094622,0.0,-0.0067834071880039,-0.0030295787566568
London,lightgbm_quantile__c80__h6,0.8,6.0,2013-04,1,0.5,0.0,rolling_user_norm,0.0252296593212562,0.0252296593212562,rolling_user_norm,0.0420565317209849,0.0084027869215275,2.500932152696914,0.0279104811667078,0.0257395054066363,0.0252296593212562,0.0,-0.0033062908581946,0.0041451644452264,0.0,-0.0044919261000465,0.0027452934275792
London,lightgbm_quantile__c80__h6,0.8,6.0,2013-04,1,0.5,0.01,rolling_user_norm,0.0502389808482253,0.0502389808482253,rolling_user_norm,0.0420565317209849,0.0084027869215275,2.500932152696914,0.0528950783427456,0.0507229068936305,0.0502389808482253,0.0,-0.0033059072819413,0.0042746097028487,0.0,-0.004492078425337,0.0028601525926796
London,lightgbm_quantile__c80__h6,0.8,6.0,2013-04,1,0.75,0.0,rolling_user_norm,0.0336430955211206,0.0336430955211206,rolling_user_norm,0.0420565317209849,0.0084027869215275,2.500932152696914,0.0374191979780244,0.0361069678924748,0.0336430955211206,0.0,-0.0015979040303854,0.0093675580575375,0.0,-0.0022005978123502,0.0086308687234384
London,lightgbm_quantile__c80__h6,0.8,6.0,2013-04,1,0.75,0.01,rolling_user_norm,0.0586524170480897,0.0586524170480897,rolling_user_norm,0.0420565317209849,0.0084027869215275,2.500932152696914,0.0624037951540622,0.061090369379469,0.0586524170480897,0.0,-0.0015975204541321,0.0094970033151598,0.0,-0.0022007499792222,0.0087454122622804
London,lightgbm_quantile__c80__h6,0.8,6.0,2013-04,1,1.0,0.0,rolling_user_norm,0.0420565317209849,0.0420565317209849,rolling_user_norm,0.0420565317209849,0.0084027869215275,2.500932152696914,0.0469279147893411,0.0464744303783134,0.0420565317209849,0.0,0.0001104827974237,0.0145899516698485,0.0,9.069280865789476e-05,0.0144377526308879
London,lightgbm_quantile__c80__h6,0.8,6.0,2013-04,1,1.0,0.01,rolling_user_norm,0.0670658532479541,0.0670658532479541,rolling_user_norm,0.0420565317209849,0.0084027869215275,2.500932152696914,0.0719125119653789,0.0714578318653076,0.0670658532479541,0.0,0.000110866373677,0.0147193969274708,0.0,9.055088218369596e-05,0.0145566997591259
London,lightgbm_quantile__c80__h6,0.8,6.0,2013-05,2,0.0,0.0,rolling_user_norm,0.0190926117159824,0.0126472764528431,rolling_group_norm,0.0506605344538379,0.0190926117159824,2.253379577737667,0.0193013126475475,0.0126472764528431,0.0190926117159824,0.0,0.0036555736346717,0.0146577323414388,0.0,0.0021479480566379,0.0103799165313958
London,lightgbm_quantile__c80__h6,0.8,6.0,2013-05,2,0.0,0.01,rolling_user_norm,0.041626407493359,0.0352011567170989,rolling_group_norm,0.0506605344538379,0.0190926117159824,2.253379577737667,0.0418585384207839,0.0352011567170989,0.041626407493359,0.0,0.003656970598196,0.0146103513898686,0.0,0.0021490485950701,0.0103534807169598
London,lightgbm_quantile__c80__h6,0.8,6.0,2013-05,2,0.25,0.0,rolling_user_norm,0.0269845924004463,0.0230131618054044,rolling_group_norm,0.0506605344538379,0.0190926117159824,2.253379577737667,0.0281979467173844,0.0230131618054044,0.0269845924004463,0.0,0.0028857257880002,0.0120395891897572,0.0,0.0017228082504881,0.0092938000191955
London,lightgbm_quantile__c80__h6,0.8,6.0,2013-05,2,0.25,0.01,rolling_user_norm,0.0495183881778229,0.0455670420696602,rolling_group_norm,0.0506605344538379,0.0190926117159824,2.253379577737667,0.0507551724906208,0.0455670420696602,0.0495183881778229,0.0,0.0028871227515245,0.011992208238187,0.0,0.0017239108374342,0.0092669122470252
London,lightgbm_quantile__c80__h6,0.8,6.0,2013-05,2,0.5,0.0,rolling_user_norm,0.0348765730849102,0.0333790471579658,rolling_group_norm,0.0506605344538379,0.0190926117159824,2.253379577737667,0.0370945807872213,0.0333790471579658,0.0348765730849102,0.0,0.0021158779413286,0.0094214460380755,0.0,0.001297467904635,0.0081146958488408
London,lightgbm_quantile__c80__h6,0.8,6.0,2013-05,2,0.5,0.01,rolling_user_norm,0.0574103688622868,0.0559329274222216,rolling_group_norm,0.0506605344538379,0.0190926117159824,2.253379577737667,0.0596518065604577,0.0559329274222216,0.0574103688622868,0.0,0.0021172749048529,0.0093740650865054,0.0,0.001298574336728,0.0080848341621221
London,lightgbm_quantile__c80__h6,0.8,6.0,2013-05,2,0.75,0.0,rolling_user_norm,0.042768553769374,0.042768553769374,rolling_user_norm,0.0506605344538379,0.0190926117159824,2.253379577737667,0.0459912148570583,0.0437449325105272,0.042768553769374,0.0,0.0013460300946571,0.0068033028863939,0.0,0.0008714900532859,0.0059064072579465
London,lightgbm_quantile__c80__h6,0.8,6.0,2013-05,2,0.75,0.01,rolling_user_norm,0.0653023495467507,0.0653023495467507,rolling_user_norm,0.0506605344538379,0.0190926117159824,2.253379577737667,0.0685484406302947,0.066298812774783,0.0653023495467507,0.0,0.0013474270581814,0.0067559219348237,0.0,0.0008726062951447,0.00584730631934
London,lightgbm_quantile__c80__h6,0.8,6.0,2013-05,2,1.0,0.0,rolling_user_norm,0.0506605344538379,0.0506605344538379,rolling_user_norm,0.0506605344538379,0.0190926117159824,2.253379577737667,0.0548878489268952,0.0541108178630885,0.0506605344538379,0.0,0.0005761822479856,0.0041851597347122,0.0,0.000439958214994,0.0019874711073215
London,lightgbm_quantile__c80__h6,0.8,6.0,2013-05,2,1.0,0.01,rolling_user_norm,0.0731943302312146,0.0731943302312146,rolling_user_norm,0.0506605344538379,0.0190926117159824,2.253379577737667,0.0774450747001316,0.0766646981273443,0.0731943302312146,0.0,0.0005775792115099,0.0041377787831421,0.0,0.0004411447313754,0.0019202044054972
London,lightgbm_quantile__c80__h6,0.8,6.0,2013-06,3,0.0,0.0,rolling_group_norm,0.0055096681250368,0.0055096681250368,rolling_group_norm,0.0578558250356575,0.0055096681250368,2.136450145032927,0.0185044037940379,0.0055096681250368,0.0101964769647696,0.0,0.0045998958828421,0.0022236163079698,0.0,0.0020315951896164,-0.0019562351807196
London,lightgbm_quantile__c80__h6,0.8,6.0,2013-06,3,0.0,0.01,rolling_group_norm,0.0268741695753661,0.0268741695753661,rolling_group_norm,0.0578558250356575,0.0055096681250368,2.136450145032927,0.0398740820278474,0.0268741695753661,0.031462128621194,0.0,0.0046048417846066,0.0023448641986194,0.0,0.0020356802797405,-0.0018376572571424
London,lightgbm_quantile__c80__h6,0.8,6.0,2013-06,3,0.25,0.0,rolling_user_norm,0.0173449208325659,0.0173449208325659,rolling_user_norm,0.0387902524359548,0.0101964769647696,2.126565165642438,0.0286455060304805,0.018596207352692,0.0173449208325659,0.0,0.0035351653145081,0.0059674563244549,0.0,0.001698288859414,0.0021844766968085
London,lightgbm_quantile__c80__h6,0.8,6.0,2013-06,3,0.25,0.01,rolling_user_norm,0.0386105724889903,0.0386105724889903,rolling_user_norm,0.0387902524359548,0.0101964769647696,2.126565165642438,0.05001518426429,0.0399607088030212,0.0386105724889903,0.0,0.0035401112162727,0.0060887042151045,0.0,0.0017023725982678,0.0023029074822385
London,lightgbm_quantile__c80__h6,0.8,6.0,2013-06,3,0.5,0.0,rolling_user_norm,0.0244933647003622,0.0244933647003622,rolling_user_norm,0.0387902524359548,0.0101964769647696,2.126565165642438,0.038786608266923,0.0316827465803472,0.0244933647003622,0.0,0.0024704347461742,0.00971129634094,0.0,0.001364512091678,0.0063067764531065
London,lightgbm_quantile__c80__h6,0.8,6.0,2013-06,3,0.5,0.01,rolling_user_norm,0.0457590163567866,0.0457590163567866,rolling_user_norm,0.0387902524359548,0.0101964769647696,2.126565165642438,0.0601562865007325,0.0530472480306764,0.0457590163567866,0.0,0.0024753806479387,0.0098325442315896,0.0,0.0013685930603141,0.0064250418493414
London,lightgbm_quantile__c80__h6,0.8,6.0,2013-06,3,0.75,0.0,rolling_user_norm,0.0316418085681585,0.0316418085681585,rolling_user_norm,0.0387902524359548,0.0101964769647696,2.126565165642438,0.0489277105033656,0.0447692858080023,0.0316418085681585,0.0,0.0014057041778403,0.0134551363574251,0.0,0.001027527142354,0.0104038053563868
London,lightgbm_quantile__c80__h6,0.8,6.0,2013-06,3,0.75,0.01,rolling_user_norm,0.0529074602245829,0.0529074602245829,rolling_user_norm,0.0387902524359548,0.0101964769647696,2.126565165642438,0.0702973887371751,0.0661337872583316,0.0529074602245829,0.0,0.0014106500796048,0.0135763842480747,0.0,0.0010316020006938,0.0105218904315393
London,lightgbm_quantile__c80__h6,0.8,6.0,2013-06,3,1.0,0.0,rolling_user_norm,0.0387902524359548,0.0387902524359548,rolling_user_norm,0.0387902524359548,0.0101964769647696,2.126565165642438,0.0590688127398081,0.0578558250356575,0.0387902524359548,0.0,0.0003409736095063,0.0171989763739102,0.0,-2.5050936942681303e-05,0.0144657492525538
London,lightgbm_quantile__c80__h6,0.8,6.0,2013-06,3,1.0,0.01,rolling_user_norm,0.0600559040923791,0.0600559040923791,rolling_user_norm,0.0387902524359548,0.0101964769647696,2.126565165642438,0.0804384909736176,0.0792203264859868,0.0600559040923791,0.0,0.0003459195112709,0.0173202242645598,0.0,-1.929176200110886e-05,0.0145836503347607
London,lightgbm_quantile__c80__h6,0.8,6.0,2013-07,4,0.0,0.0,rolling_group_norm,0.0217268761529264,0.0202859653706386,rolling_user_norm,0.0612861628371348,0.0217268761529264,1.9691047175535328,0.0397669158143193,0.0217268761529264,0.0202859653706386,0.0,0.0147044986386777,0.012071975304055,0.0,0.0088664178889423,0.0015442631298669
London,lightgbm_quantile__c80__h6,0.8,6.0,2013-07,4,0.0,0.01,rolling_group_norm,0.0414179233284617,0.0398765277812736,rolling_user_norm,0.0612861628371348,0.0217268761529264,1.9691047175535328,0.0594608474262005,0.0414179233284617,0.0398765277812736,0.0,0.0147099051079262,0.0122002196213342,0.0,0.0088714764913885,0.0016771033366583
London,lightgbm_quantile__c80__h6,0.8,6.0,2013-07,4,0.25,0.0,rolling_user_norm,0.0275291279143926,0.0275291279143926,rolling_user_norm,0.0492586155456548,0.0202859653706386,1.9590562410635024,0.0454917988068096,0.0316166978239785,0.0275291279143926,0.0,0.0112407471960479,0.0148227168248229,0.0,0.0068172807303466,0.0070570487216418
London,lightgbm_quantile__c80__h6,0.8,6.0,2013-07,4,0.25,0.01,rolling_user_norm,0.0471196903250277,0.0471196903250277,rolling_user_norm,0.0492586155456548,0.0202859653706386,1.9590562410635024,0.0651857304186907,0.0513077449995138,0.0471196903250277,0.0,0.0112461536652964,0.014950961142102,0.0,0.0068223390356096,0.0071896614181175
London,lightgbm_quantile__c80__h6,0.8,6.0,2013-07,4,0.5,0.0,rolling_user_norm,0.0347722904581467,0.0347722904581467,rolling_user_norm,0.0492586155456548,0.0202859653706386,1.9590562410635024,0.0512166817992998,0.0415065194950306,0.0347722904581467,0.0,0.0077769957534181,0.0175734583455907,0.0,0.0047681375772598,0.0125569337202264
London,lightgbm_quantile__c80__h6,0.8,6.0,2013-07,4,0.5,0.01,rolling_user_norm,0.0543628528687817,0.0543628528687817,rolling_user_norm,0.0492586155456548,0.0202859653706386,1.9590562410635024,0.070910613411181,0.0611975666705659,0.0543628528687817,0.0,0.0077824022226665,0.0177017026628698,0.0,0.0047731953066249,0.0126890575295954
London,lightgbm_quantile__c80__h6,0.8,6.0,2013-07,4,0.75,0.0,rolling_user_norm,0.0420154530019007,0.0420154530019007,rolling_user_norm,0.0492586155456548,0.0202859653706386,1.9590562410635024,0.0569415647917901,0.0513963411660827,0.0420154530019007,0.0,0.0043132443107882,0.0203241998663585,0.0,0.0027189724727436,0.0179977265037528
London,lightgbm_quantile__c80__h6,0.8,6.0,2013-07,4,0.75,0.01,rolling_user_norm,0.0616060154125358,0.0616060154125358,rolling_user_norm,0.0492586155456548,0.0202859653706386,1.9590562410635024,0.0766354964036713,0.071087388341618,0.0616060154125358,0.0,0.0043186507800367,0.0204524441836377,0.0,0.0027240286092476,0.0181281185135425
London,lightgbm_quantile__c80__h6,0.8,6.0,2013-07,4,1.0,0.0,rolling_user_norm,0.0492586155456548,0.0492586155456548,rolling_user_norm,0.0492586155456548,0.0202859653706386,1.9590562410635024,0.0626664477842804,0.0612861628371348,0.0492586155456548,0.0,0.0008494928681584,0.0230749413871264,0.0,0.0006692677832564,0.0220519662853529
London,lightgbm_quantile__c80__h6,0.8,6.0,2013-07,4,1.0,0.01,rolling_user_norm,0.0688491779562898,0.0688491779562898,rolling_user_norm,0.0492586155456548,0.0202859653706386,1.9590562410635024,0.0823603793961615,0.0809772100126701,0.0688491779562898,0.0,0.0008548993374069,0.0232031857044055,0.0,0.0006742984240938,0.0221709991073731
London,lightgbm_quantile__c80__h6,0.8,6.0,2013-08,5,0.0,0.0,rolling_user_norm,0.007484228326143,0.007484228326143,rolling_user_norm,0.0379922452156996,0.007484228326143,1.955916716185267,0.0209022520705284,0.0099899538827846,0.007484228326143,0.0,0.0127289070488894,0.0148451728834389,0.0,0.0106696691701567,0.0139542569089552
London,lightgbm_quantile__c80__h6,0.8,6.0,2013-08,5,0.0,0.01,rolling_user_norm,0.0270433954879957,0.0270433954879957,rolling_user_norm,0.0379922452156996,0.007484228326143,1.955916716185267,0.040609693656863,0.0296907287104398,0.0270433954879957,0.0,0.0127320279860467,0.0150197624470912,0.0,0.0106734778596861,0.0141225732836929
London,lightgbm_quantile__c80__h6,0.8,6.0,2013-08,5,0.25,0.0,rolling_user_norm,0.0151112325485321,0.0151112325485321,rolling_user_norm,0.0379922452156996,0.007484228326143,1.955916716185267,0.0312841736003622,0.0227405850703883,0.0151112325485321,0.0,0.0097899582497975,0.0156912357450951,0.0,0.0082774043825808,0.0150878202964695
London,lightgbm_quantile__c80__h6,0.8,6.0,2013-08,5,0.25,0.01,rolling_user_norm,0.0346703997103848,0.0346703997103848,rolling_user_norm,0.0379922452156996,0.007484228326143,1.955916716185267,0.0509916151866968,0.0424413598980435,0.0346703997103848,0.0,0.0097930791869548,0.0158658253087474,0.0,0.0082812182456432,0.0152561884545446
London,lightgbm_quantile__c80__h6,0.8,6.0,2013-08,5,0.5,0.0,rolling_user_norm,0.0227382367709213,0.0227382367709213,rolling_user_norm,0.0379922452156996,0.007484228326143,1.955916716185267,0.041666095130196,0.0354912162579919,0.0227382367709213,0.0,0.0068510094507055,0.0165372986067513,0.0,0.0058829146548622,0.0162210414742153
London,lightgbm_quantile__c80__h6,0.8,6.0,2013-08,5,0.5,0.01,rolling_user_norm,0.0422974039327739,0.0422974039327739,rolling_user_norm,0.0379922452156996,0.007484228326143,1.955916716185267,0.0613735367165306,0.0551919910856471,0.0422974039327739,0.0,0.0068541303878628,0.0167118881704036,0.0,0.005886737933132,0.0163895603353112
London,lightgbm_quantile__c80__h6,0.8,6.0,2013-08,5,0.75,0.0,rolling_user_norm,0.0303652409933104,0.0303652409933104,rolling_user_norm,0.0379922452156996,0.007484228326143,1.955916716185267,0.0520480166600298,0.0482418474455956,0.0303652409933104,0.0,0.0039120606516136,0.0173833614684075,0.0,0.0034777501190126,0.0173451988648564
London,lightgbm_quantile__c80__h6,0.8,6.0,2013-08,5,0.75,0.01,rolling_user_norm,0.0499244081551631,0.0499244081551631,rolling_user_norm,0.0379922452156996,0.007484228326143,1.955916716185267,0.0717554582463644,0.0679426222732508,0.0499244081551631,0.0,0.0039151815887709,0.0175579510320598,0.0,0.0034815889348211,0.0175171734311197
London,lightgbm_quantile__c80__h6,0.8,6.0,2013-08,5,1.0,0.0,rolling_user_norm,0.0379922452156996,0.0379922452156996,rolling_user_norm,0.0379922452156996,0.007484228326143,1.955916716185267,0.0624299381898636,0.0609924786331992,0.0379922452156996,0.0,0.0009731118525216,0.0182294243300637,0.0,0.0007679935544598,0.0179678452121476
London,lightgbm_quantile__c80__h6,0.8,6.0,2013-08,5,1.0,0.01,rolling_user_norm,0.0575514123775522,0.0575514123775522,rolling_user_norm,0.0379922452156996,0.007484228326143,1.955916716185267,0.0821373797761982,0.0806932534608544,0.0575514123775522,0.0,0.0009762327896789,0.018404013893716,0.0,0.0007708385586728,0.0181491417053714
London,lightgbm_quantile__c80__h6,0.8,6.0,2013-09,6,0.0,0.0,rolling_group_norm,0.02376037617342,0.02376037617342,rolling_group_norm,0.060957527528734,0.02376037617342,2.21629058046088,0.0307909960639296,0.02376037617342,0.03313924867168,0.0,0.0118194881545589,0.0053627632436781,0.0,0.0093473966302148,0.001157031861057
London,lightgbm_quantile__c80__h6,0.8,6.0,2013-09,6,0.0,0.01,rolling_group_norm,0.0459232819780288,0.0459232819780288,rolling_group_norm,0.060957527528734,0.02376037617342,2.21629058046088,0.0529627645538699,0.0459232819780288,0.055204992230195,0.0,0.011827324147225,0.0055199616564351,0.0,0.0093534188318692,0.001314154864895
London,lightgbm_quantile__c80__h6,0.8,6.0,2013-09,6,0.25,0.0,rolling_group_norm,0.0330596640122485,0.0330596640122485,rolling_group_norm,0.060957527528734,0.02376037617342,2.21629058046088,0.0385787408151721,0.0330596640122485,0.0371360239387759,0.0,0.0090213197683864,0.0098054356294929,0.0,0.0071593548893999,0.0068959155027755
London,lightgbm_quantile__c80__h6,0.8,6.0,2013-09,6,0.25,0.01,rolling_group_norm,0.0552225698168573,0.0552225698168573,rolling_group_norm,0.060957527528734,0.02376037617342,2.21629058046088,0.0607505093051124,0.0552225698168573,0.0592017674972908,0.0,0.0090291557610524,0.0099626340422499,0.0,0.0071653852997347,0.0070510684243652
London,lightgbm_quantile__c80__h6,0.8,6.0,2013-09,6,0.5,0.0,rolling_user_norm,0.0411327992058717,0.0411327992058717,rolling_user_norm,0.0491263497400634,0.03313924867168,2.206574355851497,0.0463664855664146,0.042358951851077,0.0411327992058717,0.0,0.0062231513822138,0.0142481080153077,0.0,0.0049520171422778,0.0124384105968373
London,lightgbm_quantile__c80__h6,0.8,6.0,2013-09,6,0.5,0.01,rolling_user_norm,0.0631985427643867,0.0631985427643867,rolling_user_norm,0.0491263497400634,0.03313924867168,2.206574355851497,0.0685382540563549,0.0645218576556858,0.0631985427643867,0.0,0.0062309873748799,0.0144053064280647,0.0,0.0049580908766801,0.012589216011712
London,lightgbm_quantile__c80__h6,0.8,6.0,2013-09,6,0.75,0.0,rolling_user_norm,0.0451295744729676,0.0451295744729676,rolling_user_norm,0.0491263497400634,0.03313924867168,2.206574355851497,0.0541542303176571,0.0516582396899055,0.0451295744729676,0.0,0.0034249829960413,0.0186907804011226,0.0,0.0026780936864312,0.0172356966926372
London,lightgbm_quantile__c80__h6,0.8,6.0,2013-09,6,0.75,0.01,rolling_user_norm,0.0671953180314826,0.0671953180314826,rolling_user_norm,0.0491263497400634,0.03313924867168,2.206574355851497,0.0763259988075974,0.0738211454945143,0.0671953180314826,0.0,0.0034328189887073,0.0188479788138796,0.0,0.0026844320585091,0.017381104270122
London,lightgbm_quantile__c80__h6,0.8,6.0,2013-09,6,1.0,0.0,rolling_user_norm,0.0491263497400634,0.0491263497400634,rolling_user_norm,0.0491263497400634,0.03313924867168,2.206574355851497,0.0619419750688996,0.060957527528734,0.0491263497400634,0.0,0.0006268146098687,0.0231334527869374,0.0,8.542993591173379e-05,0.0208991522421098
London,lightgbm_quantile__c80__h6,0.8,6.0,2013-09,6,1.0,0.01,rolling_user_norm,0.0711920932985784,0.0711920932985784,rolling_user_norm,0.0491263497400634,0.03313924867168,2.206574355851497,0.0841137435588399,0.0831204333333428,0.0711920932985784,0.0,0.0006346506025348,0.0232906511996944,0.0,9.327010882689704e-05,0.0210461414698167
London,lightgbm_quantile__c80__h6,0.8,6.0,2013-10,7,0.0,0.0,rolling_group_norm,0.0118160522942024,0.0118160522942024,rolling_group_norm,0.0608948474675698,0.0118160522942024,2.420150125174092,0.0241508881117553,0.0118160522942024,0.015856032668049,0.0,0.0059048649160691,-0.0023106236418808,0.0,0.0046352388142523,-0.0067869527773375
London,lightgbm_quantile__c80__h6,0.8,6.0,2013-10,7,0.0,0.01,rolling_group_norm,0.0360175535459433,0.0360175535459433,rolling_group_norm,0.0608948474675698,0.0118160522942024,2.420150125174092,0.0483616960150686,0.0360175535459433,0.0399349091013598,0.0,0.0059142036721374,-0.0021685654725498,0.0,0.0046463663978979,-0.0066480182129973
London,lightgbm_quantile__c80__h6,0.8,6.0,2013-10,7,0.25,0.0,rolling_group_norm,0.0240857510875443,0.0220016049046963,rolling_user_norm,0.0608948474675698,0.0118160522942024,2.420150125174092,0.0337871097270506,0.0240857510875443,0.0220016049046963,0.0,0.0048503174556994,0.0030078843319559,0.0,0.0038988962939418,-0.0012780063231776
London,lightgbm_quantile__c80__h6,0.8,6.0,2013-10,7,0.25,0.01,rolling_group_norm,0.0482872523392852,0.0460804813380071,rolling_user_norm,0.0608948474675698,0.0118160522942024,2.420150125174092,0.0579979176303639,0.0482872523392852,0.0460804813380071,0.0,0.0048596562117678,0.0031499425012869,0.0,0.0039099567875686,-0.0011391012269285
London,lightgbm_quantile__c80__h6,0.8,6.0,2013-10,7,0.5,0.0,rolling_user_norm,0.0281471771413437,0.0281471771413437,rolling_user_norm,0.0404383216146383,0.015856032668049,2.40788764333108,0.0434233313423459,0.0363554498808861,0.0281471771413437,0.0,0.0037957699953297,0.0083263923057926,0.0,0.0031214684772187,0.0042173264945724
London,lightgbm_quantile__c80__h6,0.8,6.0,2013-10,7,0.5,0.01,rolling_user_norm,0.0522260535746545,0.0522260535746545,rolling_user_norm,0.0404383216146383,0.015856032668049,2.40788764333108,0.0676341392456592,0.060556951132627,0.0522260535746545,0.0,0.0038051087513981,0.0084684504751237,0.0,0.0031322973659725,0.0043562099294427
London,lightgbm_quantile__c80__h6,0.8,6.0,2013-10,7,0.75,0.0,rolling_user_norm,0.034292749377991,0.034292749377991,rolling_user_norm,0.0404383216146383,0.015856032668049,2.40788764333108,0.0530595529576412,0.048625148674228,0.034292749377991,0.0,0.0027412225349601,0.0136449002796294,0.0,0.0022309369587632,0.0096972159041414
London,lightgbm_quantile__c80__h6,0.8,6.0,2013-10,7,0.75,0.01,rolling_user_norm,0.0583716258113018,0.0583716258113018,rolling_user_norm,0.0404383216146383,0.015856032668049,2.40788764333108,0.0772703608609545,0.0728266499259689,0.0583716258113018,0.0,0.0027505612910284,0.0137869584489604,0.0,0.0022410028095433,0.0098360882330592
London,lightgbm_quantile__c80__h6,0.8,6.0,2013-10,7,1.0,0.0,rolling_user_norm,0.0404383216146383,0.0404383216146383,rolling_user_norm,0.0404383216146383,0.015856032668049,2.40788764333108,0.0626957745729365,0.0608948474675698,0.0404383216146383,0.0,0.0016866750745904,0.0189634082534662,0.0,0.0011189350611307,0.0151596957287922
London,lightgbm_quantile__c80__h6,0.8,6.0,2013-10,7,1.0,0.01,rolling_user_norm,0.0645171980479492,0.0645171980479492,rolling_user_norm,0.0404383216146383,0.015856032668049,2.40788764333108,0.0869065824762498,0.0850963487193107,0.0645171980479492,0.0,0.0016960138306588,0.0191054664227972,0.0,0.0011278122349117,0.0152985706303432
London,lightgbm_quantile__c80__h6,0.8,6.0,2013-11,8,0.0,0.0,rolling_group_norm,0.0262436156967043,0.02005932985886,rolling_global_norm,0.0607554365206783,0.0262436156967043,2.7973240091634213,0.02005932985886,0.0262436156967043,0.0338666644079855,0.0,0.012826090806692,0.00740603660615,0.0,0.0084709668284651,0.0024077244372892
London,lightgbm_quantile__c80__h6,0.8,6.0,2013-11,8,0.0,0.01,rolling_group_norm,0.0542168557883385,0.0480388091172895,rolling_global_norm,0.0607554365206783,0.0262436156967043,2.7973240091634213,0.0480388091172895,0.0542168557883385,0.0617352411189033,0.0,0.0128355246382614,0.0075711702004313,0.0,0.0084807624818268,0.0025818848216693
London,lightgbm_quantile__c80__h6,0.8,6.0,2013-11,8,0.25,0.0,rolling_user_norm,0.0370023778310557,0.0304447301256973,rolling_global_norm,0.0464095181002661,0.0338666644079855,2.7868576710917794,0.0304447301256973,0.0348715709026978,0.0370023778310557,0.0,0.0101913284268603,0.0117707546785403,0.0,0.0068255778180779,0.0078040185987021
London,lightgbm_quantile__c80__h6,0.8,6.0,2013-11,8,0.25,0.01,rolling_user_norm,0.0648709545419735,0.0584242093841268,rolling_global_norm,0.0464095181002661,0.0338666644079855,2.7868576710917794,0.0584242093841268,0.062844810994332,0.0648709545419735,0.0,0.0102007622584297,0.0119358882728215,0.0,0.0068353605855984,0.0079776826269313
London,lightgbm_quantile__c80__h6,0.8,6.0,2013-11,8,0.5,0.0,rolling_user_norm,0.0401380912541258,0.0401380912541258,rolling_user_norm,0.0464095181002661,0.0338666644079855,2.7868576710917794,0.0408301303925347,0.0434995261086913,0.0401380912541258,0.0,0.0075565660470286,0.0161354727509306,0.0,0.0051766656904868,0.0131820299379318
London,lightgbm_quantile__c80__h6,0.8,6.0,2013-11,8,0.5,0.01,rolling_user_norm,0.0680066679650436,0.0680066679650436,rolling_user_norm,0.0464095181002661,0.0338666644079855,2.7868576710917794,0.0688096096509642,0.0714727662003255,0.0680066679650436,0.0,0.0075659998785979,0.0163006063452118,0.0,0.0051864243593861,0.0133548001716079
London,lightgbm_quantile__c80__h6,0.8,6.0,2013-11,8,0.75,0.0,rolling_user_norm,0.0432738046771959,0.0432738046771959,rolling_user_norm,0.0464095181002661,0.0338666644079855,2.7868576710917794,0.051215530659372,0.0521274813146848,0.0432738046771959,0.0,0.0049218036671968,0.0205001908233208,0.0,0.0035167945905811,0.0185135825315144
London,lightgbm_quantile__c80__h6,0.8,6.0,2013-11,8,0.75,0.01,rolling_user_norm,0.0711423813881138,0.0711423813881138,rolling_user_norm,0.0464095181002661,0.0338666644079855,2.7868576710917794,0.0791950099178015,0.080100721406319,0.0711423813881138,0.0,0.0049312374987662,0.020665324417602,0.0,0.0035264929897804,0.0186843865532097
London,lightgbm_quantile__c80__h6,0.8,6.0,2013-11,8,1.0,0.0,rolling_user_norm,0.0464095181002661,0.0464095181002661,rolling_user_norm,0.0464095181002661,0.0338666644079855,2.7868576710917794,0.0616009309262094,0.0607554365206783,0.0464095181002661,0.0,0.0022870412873651,0.0248649088957111,0.0,0.0017784633135656,0.0236790086919211
London,lightgbm_quantile__c80__h6,0.8,6.0,2013-11,8,1.0,0.01,rolling_user_norm,0.0742780948111839,0.0742780948111839,rolling_user_norm,0.0464095181002661,0.0338666644079855,2.7868576710917794,0.0895804101846389,0.0887286766123125,0.0742780948111839,0.0,0.0022964751189345,0.0250300424899923,0.0,0.00178783883319,0.0238441190668405
London,lightgbm_quantile__c80__h6,0.8,6.0,2013-12,9,0.0,0.0,rolling_global_norm,0.016475177641678,0.0044633194503655,rolling_group_norm,0.063409136278377,0.016475177641678,2.917818469890237,0.016475177641678,0.0044633194503655,0.0116551339651723,0.0,-0.0036975517488447,-0.0100383832725805,0.0,-0.009313263822006,-0.0157798548226522
London,lightgbm_quantile__c80__h6,0.8,6.0,2013-12,9,0.0,0.01,rolling_global_norm,0.0456533623405804,0.033634380374351,rolling_group_norm,0.063409136278377,0.016475177641678,2.917818469890237,0.0456533623405804,0.033634380374351,0.0406712692116708,0.0,-0.0036919296232189,-0.0098557248979641,0.0,-0.0093088479177152,-0.0156057687707287
London,lightgbm_quantile__c80__h6,0.8,6.0,2013-12,9,0.25,0.0,rolling_global_norm,0.0282086673008528,0.0189507719545363,rolling_group_norm,0.063409136278377,0.016475177641678,2.917818469890237,0.0282086673008528,0.0189507719545363,0.0194323444846048,0.0,-0.0025137667667263,-0.0022459651478051,0.0,-0.0068052308501664,-0.0068915724333856
London,lightgbm_quantile__c80__h6,0.8,6.0,2013-12,9,0.25,0.01,rolling_global_norm,0.0573868519997551,0.0481218328785217,rolling_group_norm,0.063409136278377,0.016475177641678,2.917818469890237,0.0573868519997551,0.0481218328785217,0.0484484797311032,0.0,-0.0025081446411005,-0.0020633067731887,0.0,-0.0068008183718267,-0.0067178583634857
London,lightgbm_quantile__c80__h6,0.8,6.0,2013-12,9,0.5,0.0,rolling_user_norm,0.0272095550040372,0.0272095550040372,rolling_user_norm,0.0427639760429021,0.0116551339651723,2.901613524649844,0.0399421569600275,0.0334382244587071,0.0272095550040372,0.0,-0.0013299817846079,0.0055464529769702,0.0,-0.004298916863828,0.0019573487916267
London,lightgbm_quantile__c80__h6,0.8,6.0,2013-12,9,0.5,0.01,rolling_user_norm,0.0562256902505357,0.0562256902505357,rolling_user_norm,0.0427639760429021,0.0116551339651723,2.901613524649844,0.0691203416589299,0.0626092853826925,0.0562256902505357,0.0,-0.0013243596589821,0.0057291113515866,0.0,-0.0042945101643012,0.0021305662588289
London,lightgbm_quantile__c80__h6,0.8,6.0,2013-12,9,0.75,0.0,rolling_user_norm,0.0349867655234697,0.0349867655234697,rolling_user_norm,0.0427639760429021,0.0116551339651723,2.901613524649844,0.0516756466192023,0.0479256769628778,0.0349867655234697,0.0,-0.0001461968024895,0.0133388711017457,0.0,-0.0017984548525989,0.0107188518337787
London,lightgbm_quantile__c80__h6,0.8,6.0,2013-12,9,0.75,0.01,rolling_user_norm,0.0640029007699681,0.0640029007699681,rolling_user_norm,0.0427639760429021,0.0116551339651723,2.901613524649844,0.0808538313181046,0.0770967378868633,0.0640029007699681,0.0,-0.0001405746768637,0.013521529476362,0.0,-0.0017940588541052,0.010891504120526
London,lightgbm_quantile__c80__h6,0.8,6.0,2013-12,9,1.0,0.0,rolling_user_norm,0.0427639760429021,0.0427639760429021,rolling_user_norm,0.0427639760429021,0.0116551339651723,2.901613524649844,0.063409136278377,0.0624131294670486,0.0427639760429021,0.0,0.0010375881796288,0.0211312892265211,0.0,0.0006340941176653,0.0192524163235174
London,lightgbm_quantile__c80__h6,0.8,6.0,2013-12,9,1.0,0.01,rolling_user_norm,0.0717801112894006,0.0717801112894006,rolling_user_norm,0.0427639760429021,0.0116551339651723,2.901613524649844,0.0925873209772794,0.091584190391034,0.0717801112894006,0.0,0.0010432103052546,0.0213139476011374,0.0,0.000638617350682,0.0194251992669419
London,lightgbm_quantile__c80__h6,0.8,6.0,2014-01,10,0.0,0.0,rolling_global_norm,0.0211484998161102,0.0080715009674743,rolling_user_norm,0.0662358553823023,0.0211484998161102,2.8595092373989908,0.0211484998161102,0.0159408449076938,0.0080715009674743,0.0,0.00384674280215,0.0036409539955936,0.0,-0.0003804216876762,-0.0011241520050584
London,lightgbm_quantile__c80__h6,0.8,6.0,2014-01,10,0.0,0.01,rolling_global_norm,0.0497435921901001,0.0364211962453679,rolling_user_norm,0.0662358553823023,0.0211484998161102,2.8595092373989908,0.0497435921901001,0.0445336290152547,0.0364211962453679,0.0,0.0038547177270671,0.0038881344716295,0.0,-0.0003748559146258,-0.0008743249562193
London,lightgbm_quantile__c80__h6,0.8,6.0,2014-01,10,0.25,0.0,rolling_user_norm,0.0158198779691123,0.0158198779691123,rolling_user_norm,0.0390650089740265,0.0080715009674743,2.834969527789358,0.0324203387076582,0.0283599961799028,0.0158198779691123,0.0,0.003142167153777,0.0090442759695255,0.0,5.725279686076166e-05,0.0060464947285532
London,lightgbm_quantile__c80__h6,0.8,6.0,2014-01,10,0.25,0.01,rolling_user_norm,0.0441695732470059,0.0441695732470059,rolling_user_norm,0.0390650089740265,0.0080715009674743,2.834969527789358,0.0610154310816481,0.0569527802874637,0.0441695732470059,0.0,0.0031501420786942,0.0092914564455614,0.0,6.277788832721905e-05,0.0062962260813786
London,lightgbm_quantile__c80__h6,0.8,6.0,2014-01,10,0.5,0.0,rolling_user_norm,0.0235682549707504,0.0235682549707504,rolling_user_norm,0.0390650089740265,0.0080715009674743,2.834969527789358,0.0436921775992062,0.0407791474521118,0.0235682549707504,0.0,0.0024375915054041,0.0144475979434574,0.0,0.0004835327573483,0.0131991315011328
London,lightgbm_quantile__c80__h6,0.8,6.0,2014-01,10,0.5,0.01,rolling_user_norm,0.051917950248644,0.051917950248644,rolling_user_norm,0.0390650089740265,0.0080715009674743,2.834969527789358,0.0722872699731961,0.0693719315596727,0.051917950248644,0.0,0.0024455664303212,0.0146947784194933,0.0,0.0004889841720704,0.0134484602479378
London,lightgbm_quantile__c80__h6,0.8,6.0,2014-01,10,0.75,0.0,rolling_user_norm,0.0313166319723884,0.0313166319723884,rolling_user_norm,0.0390650089740265,0.0080715009674743,2.834969527789358,0.0549640164907543,0.0531982987243208,0.0313166319723884,0.0,0.0017330158570311,0.0198509199173893,0.0,0.0008533189614569,0.0192011788427244
London,lightgbm_quantile__c80__h6,0.8,6.0,2014-01,10,0.75,0.01,rolling_user_norm,0.059666327250282,0.059666327250282,rolling_user_norm,0.0390650089740265,0.0080715009674743,2.834969527789358,0.0835591088647442,0.0817910828318817,0.059666327250282,0.0,0.0017409907819483,0.0200981003934251,0.0,0.0008586741389407,0.0194448531564719
London,lightgbm_quantile__c80__h6,0.8,6.0,2014-01,10,1.0,0.0,rolling_user_norm,0.0390650089740265,0.0390650089740265,rolling_user_norm,0.0390650089740265,0.0080715009674743,2.834969527789358,0.0662358553823023,0.0656174499965298,0.0390650089740265,0.0,0.0010284402086582,0.0252542418913212,0.0,0.000409360487461,0.0228926370581169
London,lightgbm_quantile__c80__h6,0.8,6.0,2014-01,10,1.0,0.01,rolling_user_norm,0.06741470425192,0.06741470425192,rolling_user_norm,0.0390650089740265,0.0080715009674743,2.834969527789358,0.0948309477562922,0.0942102341040907,0.06741470425192,0.0,0.0010364151335754,0.025501422367357,0.0,0.00041784968058,0.0231367503313158
London,lightgbm_quantile__c90__h6,0.9,6.0,2013-03,0,0.0,0.0,rolling_global_norm,0.0206230468269396,0.0206230468269396,rolling_global_norm,0.0384158311261905,0.0206230468269396,3.739355335970383,0.0206230468269396,0.0254788093539046,0.0265040970496321,0.0,-0.0018814277284478,-0.0012644126297254,0.0,-0.003626445066921,-0.0013096806613361
London,lightgbm_quantile__c90__h6,0.9,6.0,2013-03,0,0.0,0.01,rolling_global_norm,0.0580166001866434,0.0580166001866434,rolling_global_norm,0.0384158311261905,0.0206230468269396,3.739355335970383,0.0580166001866434,0.0628693678210882,0.0638464393629733,0.0,-0.001880307643833,-0.0012076904061477,0.0,-0.0036247828032049,-0.0012463540634417
London,lightgbm_quantile__c90__h6,0.9,6.0,2013-03,0,0.25,0.0,rolling_user_norm,0.0278632140474322,0.0250712429017523,rolling_global_norm,0.0319405650408324,0.0265040970496321,3.73423423133411,0.0250712429017523,0.0287519186191033,0.0278632140474322,0.0,-0.0014102890981144,0.0006427194327136,0.0,-0.0027284347112749,0.0005630415328692
London,lightgbm_quantile__c90__h6,0.9,6.0,2013-03,0,0.25,0.01,rolling_user_norm,0.0652055563607733,0.0624647962614561,rolling_global_norm,0.0319405650408324,0.0265040970496321,3.73423423133411,0.0624647962614561,0.0661424770862869,0.0652055563607733,0.0,-0.0014091690134996,0.0006994416562913,0.0,-0.0027267722673746,0.0006143246738899
London,lightgbm_quantile__c90__h6,0.9,6.0,2013-03,0,0.5,0.0,rolling_user_norm,0.0292223310452323,0.0292223310452323,rolling_user_norm,0.0319405650408324,0.0265040970496321,3.73423423133411,0.029519438976565,0.032025027884302,0.0292223310452323,0.0,-0.000939150467781,0.0025498514951527,0.0,-0.0018308222309864,0.0023536794053369
London,lightgbm_quantile__c90__h6,0.9,6.0,2013-03,0,0.5,0.01,rolling_user_norm,0.0665646733585734,0.0665646733585734,rolling_user_norm,0.0319405650408324,0.0265040970496321,3.73423423133411,0.0669129923362689,0.0694155863514857,0.0665646733585734,0.0,-0.0009380303831662,0.0026065737187304,0.0,-0.0018291596765125,0.0024045082069471
London,lightgbm_quantile__c90__h6,0.9,6.0,2013-03,0,0.75,0.0,rolling_user_norm,0.0305814480430323,0.0305814480430323,rolling_user_norm,0.0319405650408324,0.0265040970496321,3.73423423133411,0.0339676350513778,0.0352981371495007,0.0305814480430323,0.0,-0.0004680118374475,0.0044569835575918,0.0,-0.0009346996763535,0.004143209820668
London,lightgbm_quantile__c90__h6,0.9,6.0,2013-03,0,0.75,0.01,rolling_user_norm,0.0679237903563734,0.0679237903563734,rolling_user_norm,0.0319405650408324,0.0265040970496321,3.73423423133411,0.0713611884110816,0.0726886956166844,0.0679237903563734,0.0,-0.0004668917528328,0.0045137057811694,0.0,-0.0009330385432101,0.0041939377567006
London,lightgbm_quantile__c90__h6,0.9,6.0,2013-03,0,1.0,0.0,rolling_user_norm,0.0319405650408324,0.0319405650408324,rolling_user_norm,0.0319405650408324,0.0265040970496321,3.73423423133411,0.0384158311261905,0.0385712464146995,0.0319405650408324,0.0,3.126792885825569e-06,0.0063641156200308,0.0,-7.213856799735072e-05,0.0059325371506827
London,lightgbm_quantile__c90__h6,0.9,6.0,2013-03,0,1.0,0.01,rolling_user_norm,0.0692829073541735,0.0692829073541735,rolling_user_norm,0.0319405650408324,0.0265040970496321,3.73423423133411,0.0758093844858943,0.0759618048818831,0.0692829073541735,0.0,4.246877500576248e-06,0.0064208378436085,0.0,-7.073693928429225e-05,0.0059832212809026
London,lightgbm_quantile__c90__h6,0.9,6.0,2013-04,1,0.0,0.0,rolling_global_norm,0.0081374858874978,0.0022039316100439,rolling_group_norm,0.0350395293244762,0.0081374858874978,3.2559678591758936,0.0081374858874978,0.0022039316100439,0.0089050939479427,0.0,-0.0031499876355208,-0.0010959749735454,0.0,-0.0050481495902648,-0.0034412494866241
London,lightgbm_quantile__c90__h6,0.9,6.0,2013-04,1,0.0,0.01,rolling_global_norm,0.0406971644792567,0.0347597453682948,rolling_group_norm,0.0350395293244762,0.0081374858874978,3.2559678591758936,0.0406971644792567,0.0347597453682948,0.0415303916043926,0.0,-0.0031454387825174,-0.0008995793436565,0.0,-0.0050442095662638,-0.0032510617993444
London,lightgbm_quantile__c90__h6,0.9,6.0,2013-04,1,0.25,0.0,rolling_global_norm,0.0148629967467424,0.0101367967873112,rolling_group_norm,0.0350395293244762,0.0081374858874978,3.2559678591758936,0.0148629967467424,0.0101367967873112,0.0145778971182673,0.0,-0.0023716348954798,0.001679494088596,0.0,-0.0038395824999187,-4.451337053006121e-05
London,lightgbm_quantile__c90__h6,0.9,6.0,2013-04,1,0.25,0.01,rolling_user_norm,0.0472031947747172,0.0426926105455622,rolling_group_norm,0.0315963066292412,0.0089050939479427,3.2625297656449925,0.0474226753385013,0.0426926105455622,0.0472031947747172,0.0,-0.0023670860424764,0.0018758897184849,0.0,-0.0038356585300862,0.0001456625291104
London,lightgbm_quantile__c90__h6,0.9,6.0,2013-04,1,0.5,0.0,rolling_user_norm,0.0202507002885919,0.0180696619645786,rolling_group_norm,0.0315963066292412,0.0089050939479427,3.2625297656449925,0.021588507605987,0.0180696619645786,0.0202507002885919,0.0,-0.0015932821554388,0.0044549631507376,0.0,-0.0026317622585329,0.003352217459401
London,lightgbm_quantile__c90__h6,0.9,6.0,2013-04,1,0.5,0.01,rolling_user_norm,0.0528759979450419,0.0506254757228295,rolling_group_norm,0.0315963066292412,0.0089050939479427,3.2625297656449925,0.0541481861977459,0.0506254757228295,0.0528759979450419,0.0,-0.0015887333024354,0.0046513587806265,0.0,-0.0026278671752946,0.0035423683940556
London,lightgbm_quantile__c90__h6,0.9,6.0,2013-04,1,0.75,0.0,rolling_user_norm,0.0259235034589166,0.0259235034589166,rolling_user_norm,0.0315963066292412,0.0089050939479427,3.2625297656449925,0.0283140184652316,0.0260025271418459,0.0259235034589166,0.0,-0.0008149294153977,0.0072304322128792,0.0,-0.001426264897658,0.0067489225415191
London,lightgbm_quantile__c90__h6,0.9,6.0,2013-04,1,0.75,0.01,rolling_user_norm,0.0585488011153665,0.0585488011153665,rolling_user_norm,0.0315963066292412,0.0089050939479427,3.2625297656449925,0.0608736970569906,0.0585583409000969,0.0585488011153665,0.0,-0.0008103805623944,0.0074268278427681,0.0,-0.0014224366482937,0.0069389852540415
London,lightgbm_quantile__c90__h6,0.9,6.0,2013-04,1,1.0,0.0,rolling_user_norm,0.0315963066292412,0.0315963066292412,rolling_user_norm,0.0315963066292412,0.0089050939479427,3.2625297656449925,0.0350395293244762,0.0339353923191133,0.0315963066292412,0.0,-3.6576675356778575e-05,0.0100059012750208,0.0,-0.0002384197119528,0.0098658576008402
London,lightgbm_quantile__c90__h6,0.9,6.0,2013-04,1,1.0,0.01,rolling_user_norm,0.0642216042856911,0.0642216042856911,rolling_user_norm,0.0315963066292412,0.0089050939479427,3.2625297656449925,0.0675992079162352,0.0664912060773642,0.0642216042856911,0.0,-3.2027822353393e-05,0.0102022969049097,0.0,-0.0002348713360609,0.0100678414533394
London,lightgbm_quantile__c90__h6,0.9,6.0,2013-05,2,0.0,0.0,rolling_user_norm,0.0102940012349002,0.0068386145510626,rolling_group_norm,0.0338033467376019,0.0102940012349002,2.983366228832037,0.0142542736258941,0.0068386145510626,0.0102940012349002,0.0,0.0026411998506921,0.0147311127305757,0.0,0.0018937116263426,0.0120391926222122
London,lightgbm_quantile__c90__h6,0.9,6.0,2013-05,2,0.0,0.01,rolling_user_norm,0.0401276635232205,0.0367344276511373,rolling_group_norm,0.0338033467376019,0.0102940012349002,2.983366228832037,0.0441585440136751,0.0367344276511373,0.0401276635232205,0.0,0.0026443548664956,0.0146609467861859,0.0,0.0018967541236499,0.0119830310972512
London,lightgbm_quantile__c90__h6,0.9,6.0,2013-05,2,0.25,0.0,rolling_user_norm,0.0161713376105756,0.0151715690842762,rolling_group_norm,0.0338033467376019,0.0102940012349002,2.983366228832037,0.0209322392381449,0.0151715690842762,0.0161713376105756,0.0,0.0021540251184407,0.0118922422796958,0.0,0.0015573067714277,0.0099366953767727
London,lightgbm_quantile__c90__h6,0.9,6.0,2013-05,2,0.25,0.01,rolling_user_norm,0.046004999898896,0.045067382184351,rolling_group_norm,0.0338033467376019,0.0102940012349002,2.983366228832037,0.0508365096259258,0.045067382184351,0.046004999898896,0.0,0.0021571801342442,0.011822076335306,0.0,0.0015603459454919,0.009882119447472
London,lightgbm_quantile__c90__h6,0.9,6.0,2013-05,2,0.5,0.0,rolling_user_norm,0.022048673986251,0.022048673986251,rolling_user_norm,0.0338033467376019,0.0102940012349002,2.983366228832037,0.0276102048503957,0.0235045236174899,0.022048673986251,0.0,0.0016668503861892,0.0090533718288159,0.0,0.0012207111012149,0.0077693463263896
London,lightgbm_quantile__c90__h6,0.9,6.0,2013-05,2,0.5,0.01,rolling_user_norm,0.0518823362745714,0.0518823362745714,rolling_user_norm,0.0338033467376019,0.0102940012349002,2.983366228832037,0.0575144752381766,0.0534003367175647,0.0518823362745714,0.0,0.0016700054019927,0.0089832058844262,0.0,0.0012237447574828,0.0077173223993079
London,lightgbm_quantile__c90__h6,0.9,6.0,2013-05,2,0.75,0.0,rolling_user_norm,0.0279260103619265,0.0279260103619265,rolling_user_norm,0.0338033467376019,0.0102940012349002,2.983366228832037,0.0342881704626464,0.0318374781507035,0.0279260103619265,0.0,0.0011796756539378,0.006214501377936,0.0,0.0008836333033395,0.0053659100311393
London,lightgbm_quantile__c90__h6,0.9,6.0,2013-05,2,0.75,0.01,rolling_user_norm,0.0577596726502468,0.0577596726502468,rolling_user_norm,0.0338033467376019,0.0102940012349002,2.983366228832037,0.0641924408504274,0.0617332912507783,0.0577596726502468,0.0,0.0011828306697413,0.0061443354335463,0.0,0.0008866560377617,0.0053146865615747
London,lightgbm_quantile__c90__h6,0.9,6.0,2013-05,2,1.0,0.0,rolling_user_norm,0.0338033467376019,0.0338033467376019,rolling_user_norm,0.0338033467376019,0.0102940012349002,2.983366228832037,0.0409661360748972,0.0401704326839172,0.0338033467376019,0.0,0.0006925009216863,0.0033756309270562,0.0,0.0005445981802887,0.0023566505354569
London,lightgbm_quantile__c90__h6,0.9,6.0,2013-05,2,1.0,0.01,rolling_user_norm,0.0636370090259223,0.0636370090259223,rolling_user_norm,0.0338033467376019,0.0102940012349002,2.983366228832037,0.0708704064626781,0.070066245783992,0.0636370090259223,0.0,0.0006956559374898,0.0033054649826664,0.0,0.0005475897420473,0.0022950188013877
London,lightgbm_quantile__c90__h6,0.9,6.0,2013-06,3,0.0,0.0,rolling_group_norm,0.0086210134224238,0.0085145084937681,rolling_user_norm,0.0453531123518795,0.0086210134224238,2.850440907774676,0.0179429974410789,0.0086210134224238,0.0085145084937681,0.0,0.005073554498822,0.0045489101361972,0.0,0.0024925738579254,0.0020715464508755
London,lightgbm_quantile__c90__h6,0.9,6.0,2013-06,3,0.0,0.01,rolling_group_norm,0.0371254225001705,0.0367856813408366,rolling_user_norm,0.0453531123518795,0.0086210134224238,2.850440907774676,0.046461256287162,0.0371254225001705,0.0367856813408366,0.0,0.0050841866816175,0.004778102408707,0.0,0.0025012927798669,0.002289392739874
London,lightgbm_quantile__c90__h6,0.9,6.0,2013-06,3,0.25,0.0,rolling_user_norm,0.0140574913681041,0.0140574913681041,rolling_user_norm,0.0306864399911122,0.0085145084937681,2.827117284706851,0.0249203409560963,0.0178040381547877,0.0140574913681041,0.0,0.0039195644235106,0.0068776065705884,0.0,0.0018986570929753,0.004672678371474
London,lightgbm_quantile__c90__h6,0.9,6.0,2013-06,3,0.25,0.01,rolling_user_norm,0.0423286642151726,0.0423286642151726,rolling_user_norm,0.0306864399911122,0.0085145084937681,2.827117284706851,0.0534385998021794,0.0463084472325345,0.0423286642151726,0.0,0.003930196606306,0.0071067988430982,0.0,0.0019073989377436,0.0048899806506652
London,lightgbm_quantile__c90__h6,0.9,6.0,2013-06,3,0.5,0.0,rolling_user_norm,0.0196004742424401,0.0196004742424401,rolling_user_norm,0.0306864399911122,0.0085145084937681,2.827117284706851,0.0318976844711137,0.0269870628871516,0.0196004742424401,0.0,0.0027655743481991,0.0092063030049795,0.0,0.0013036043915915,0.0072139144938025
London,lightgbm_quantile__c90__h6,0.9,6.0,2013-06,3,0.5,0.01,rolling_user_norm,0.0478716470895086,0.0478716470895086,rolling_user_norm,0.0306864399911122,0.0085145084937681,2.827117284706851,0.0604159433171967,0.0554914719648984,0.0478716470895086,0.0,0.0027762065309946,0.0094354952774893,0.0,0.0013123881496142,0.0074308965487703
London,lightgbm_quantile__c90__h6,0.9,6.0,2013-06,3,0.75,0.0,rolling_user_norm,0.0251434571167762,0.0251434571167762,rolling_user_norm,0.0306864399911122,0.0085145084937681,2.827117284706851,0.0388750279861311,0.0361700876195156,0.0251434571167762,0.0,0.0016115842728876,0.0115349994393706,0.0,0.0007053115683892,0.0096746119318841
London,lightgbm_quantile__c90__h6,0.9,6.0,2013-06,3,0.75,0.01,rolling_user_norm,0.0534146299638447,0.0534146299638447,rolling_user_norm,0.0306864399911122,0.0085145084937681,2.827117284706851,0.0673932868322141,0.0646744966972623,0.0534146299638447,0.0,0.0016222164556831,0.0117641917118805,0.0,0.0007141952858437,0.0098917400274882
London,lightgbm_quantile__c90__h6,0.9,6.0,2013-06,3,1.0,0.0,rolling_user_norm,0.0306864399911122,0.0306864399911122,rolling_user_norm,0.0306864399911122,0.0085145084937681,2.827117284706851,0.0458523715011484,0.0453531123518795,0.0306864399911122,0.0,0.0004575941975762,0.0138636958737618,0.0,8.882784702519671e-05,0.0120372245603065
London,lightgbm_quantile__c90__h6,0.9,6.0,2013-06,3,1.0,0.01,rolling_user_norm,0.0589576128381807,0.0589576128381807,rolling_user_norm,0.0306864399911122,0.0085145084937681,2.827117284706851,0.0743706303472315,0.0738575214296262,0.0589576128381807,0.0,0.0004682263803717,0.0140928881462716,0.0,9.819262303343396e-05,0.0122551556739279
London,lightgbm_quantile__c90__h6,0.9,6.0,2013-07,4,0.0,0.0,rolling_group_norm,0.013842244020616,0.0101964230577393,rolling_user_norm,0.0466694889320933,0.013842244020616,2.6261150541826126,0.023564433254954,0.013842244020616,0.0101964230577393,0.0,0.0097286090482303,0.0096706634508683,0.0,0.0061628170992886,0.0013804173574564
London,lightgbm_quantile__c90__h6,0.9,6.0,2013-07,4,0.0,0.01,rolling_group_norm,0.0401033945624421,0.036250274312616,rolling_user_norm,0.0466694889320933,0.013842244020616,2.6261150541826126,0.049837245295935,0.0401033945624421,0.036250274312616,0.0,0.0097442186262338,0.009969282751674,0.0,0.0061770352991711,0.0016826706877424
London,lightgbm_quantile__c90__h6,0.9,6.0,2013-07,4,0.25,0.0,rolling_user_norm,0.0166604316690743,0.0166604316690743,rolling_user_norm,0.036052457503079,0.0101964230577393,2.605385125487668,0.0295083303900339,0.0220490552484853,0.0166604316690743,0.0,0.0073058922742238,0.011715681238877,0.0,0.0045828323376197,0.0055999200904735
London,lightgbm_quantile__c90__h6,0.9,6.0,2013-07,4,0.25,0.01,rolling_user_norm,0.0427142829239509,0.0427142829239509,rolling_user_norm,0.036052457503079,0.0101964230577393,2.605385125487668,0.0557811424310149,0.0483102057903115,0.0427142829239509,0.0,0.0073215018522273,0.0120143005396827,0.0,0.0045970715866208,0.0059022673020084
London,lightgbm_quantile__c90__h6,0.9,6.0,2013-07,4,0.5,0.0,rolling_user_norm,0.0231244402804092,0.0231244402804092,rolling_user_norm,0.036052457503079,0.0101964230577393,2.605385125487668,0.0354522275251138,0.0302558664763546,0.0231244402804092,0.0,0.0048831755002173,0.0137606990268858,0.0,0.0030014897400713,0.0098177284499396
London,lightgbm_quantile__c90__h6,0.9,6.0,2013-07,4,0.5,0.01,rolling_user_norm,0.0491782915352859,0.0491782915352859,rolling_user_norm,0.036052457503079,0.0101964230577393,2.605385125487668,0.0617250395660948,0.0565170170181808,0.0491782915352859,0.0,0.0048987850782208,0.0140593183276915,0.0,0.0030157698520933,0.0101202715508525
London,lightgbm_quantile__c90__h6,0.9,6.0,2013-07,4,0.75,0.0,rolling_user_norm,0.0295884488917441,0.0295884488917441,rolling_user_norm,0.036052457503079,0.0101964230577393,2.605385125487668,0.0413961246601937,0.038462677704224,0.0295884488917441,0.0,0.0024604587262108,0.0158057168148945,0.0,0.0014155042449383,0.0140276200997645
London,lightgbm_quantile__c90__h6,0.9,6.0,2013-07,4,0.75,0.01,rolling_user_norm,0.0556423001466208,0.0556423001466208,rolling_user_norm,0.036052457503079,0.0101964230577393,2.605385125487668,0.0676689367011747,0.0647238282460501,0.0556423001466208,0.0,0.0024760683042143,0.0161043361157002,0.0,0.0014298966653804,0.0143308206426447
London,lightgbm_quantile__c90__h6,0.9,6.0,2013-07,4,1.0,0.0,rolling_user_norm,0.036052457503079,0.036052457503079,rolling_user_norm,0.036052457503079,0.0101964230577393,2.605385125487668,0.0473400217952736,0.0466694889320933,0.036052457503079,0.0,3.774195220438333e-05,0.0178507346029033,0.0,-0.00022421438447,0.0173543805987889
London,lightgbm_quantile__c90__h6,0.9,6.0,2013-07,4,1.0,0.01,rolling_user_norm,0.0621063087579557,0.0621063087579557,rolling_user_norm,0.036052457503079,0.0101964230577393,2.605385125487668,0.0736128338362546,0.0729306394739194,0.0621063087579557,0.0,5.335153020786151e-05,0.018149353903709,0.0,-0.0002087677944709,0.0176546285581282
London,lightgbm_quantile__c90__h6,0.9,6.0,2013-08,5,0.0,0.0,rolling_user_norm,0.0100602683894465,0.0066106615407737,rolling_group_norm,0.0288430877400904,0.0100602683894465,2.5967894804541323,0.0178116867193494,0.0066106615407737,0.0100602683894465,0.0,0.0092434541558849,0.0105424824574278,0.0,0.0086486691352259,0.0090576211237219
London,lightgbm_quantile__c90__h6,0.9,6.0,2013-08,5,0.0,0.01,rolling_user_norm,0.0360281631939878,0.0329012930006218,rolling_group_norm,0.0288430877400904,0.0100602683894465,2.5967894804541323,0.0441245549314936,0.0329012930006218,0.0360281631939878,0.0,0.0092544725002708,0.0108950104989345,0.0,0.0086598807200506,0.0094300623663305
London,lightgbm_quantile__c90__h6,0.9,6.0,2013-08,5,0.25,0.0,rolling_user_norm,0.0147559732271075,0.0147559732271075,rolling_user_norm,0.0288430877400904,0.0100602683894465,2.5967894804541323,0.0261189891088325,0.017460147155539,0.0147559732271075,0.0,0.0069882853157046,0.0120540848654532,0.0,0.0065932917650224,0.0109388498162193
London,lightgbm_quantile__c90__h6,0.9,6.0,2013-08,5,0.25,0.01,rolling_user_norm,0.0407238680316488,0.0407238680316488,rolling_user_norm,0.0288430877400904,0.0100602683894465,2.5967894804541323,0.0524318573209767,0.0437507786153871,0.0407238680316488,0.0,0.0069993036600906,0.01240661290696,0.0,0.0066044186941663,0.0113110516821575
London,lightgbm_quantile__c90__h6,0.9,6.0,2013-08,5,0.5,0.0,rolling_user_norm,0.0194516780647684,0.0194516780647684,rolling_user_norm,0.0288430877400904,0.0100602683894465,2.5967894804541323,0.0344262914983156,0.0283096327703043,0.0194516780647684,0.0,0.0047331164755244,0.0135656872734787,0.0,0.0045230179733574,0.0127948364793563
London,lightgbm_quantile__c90__h6,0.9,6.0,2013-08,5,0.5,0.01,rolling_user_norm,0.0454195728693098,0.0454195728693098,rolling_user_norm,0.0288430877400904,0.0100602683894465,2.5967894804541323,0.0607391597104598,0.0546002642301524,0.0454195728693098,0.0,0.0047441348199103,0.0139182153149854,0.0,0.0045338976234569,0.0131659112139627
London,lightgbm_quantile__c90__h6,0.9,6.0,2013-08,5,0.75,0.0,rolling_user_norm,0.0241473829024294,0.0241473829024294,rolling_user_norm,0.0288430877400904,0.0100602683894465,2.5967894804541323,0.0427335938877987,0.0391591183850696,0.0241473829024294,0.0,0.0024779476353442,0.0150772896815041,0.0,0.0023432864033692,0.0145711292567247
London,lightgbm_quantile__c90__h6,0.9,6.0,2013-08,5,0.75,0.01,rolling_user_norm,0.0501152777069708,0.0501152777069708,rolling_user_norm,0.0288430877400904,0.0100602683894465,2.5967894804541323,0.0690464620999428,0.0654497498449178,0.0501152777069708,0.0,0.0024889659797301,0.0154298177230109,0.0,0.0023535554465943,0.0149366704624536
London,lightgbm_quantile__c90__h6,0.9,6.0,2013-08,5,1.0,0.0,rolling_user_norm,0.0288430877400904,0.0288430877400904,rolling_user_norm,0.0288430877400904,0.0100602683894465,2.5967894804541323,0.0510408962772818,0.050008603999835,0.0288430877400904,0.0,0.000222778795164,0.0165888920895296,0.0,-5.650010742838365e-05,0.0161096098120758
London,lightgbm_quantile__c90__h6,0.9,6.0,2013-08,5,1.0,0.01,rolling_user_norm,0.0548109825446317,0.0548109825446317,rolling_user_norm,0.0288430877400904,0.0100602683894465,2.5967894804541323,0.0773537644894259,0.0762992354596831,0.0548109825446317,0.0,0.0002337971395499,0.0169414201310363,0.0,-4.610130175979719e-05,0.0164598054740447
London,lightgbm_quantile__c90__h6,0.9,6.0,2013-09,6,0.0,0.0,rolling_group_norm,0.0169199346405228,0.0169199346405228,rolling_group_norm,0.0482303252285968,0.0169199346405228,2.9304199766894112,0.0236262273956101,0.0169199346405228,0.0267483660130719,0.0,0.0148169993625217,0.007355397574713,0.0,0.0143908138762087,0.0045947384354931
London,lightgbm_quantile__c90__h6,0.9,6.0,2013-09,6,0.0,0.01,rolling_group_norm,0.0462241344074169,0.0462241344074169,rolling_group_norm,0.0482303252285968,0.0169199346405228,2.9304199766894112,0.0529517920949755,0.0462241344074169,0.0558824305366602,0.0,0.0148443008120447,0.0077300973611535,0.0,0.0144151425897383,0.0049587780348097
London,lightgbm_quantile__c90__h6,0.9,6.0,2013-09,6,0.25,0.0,rolling_group_norm,0.0247475322875413,0.0247475322875413,rolling_group_norm,0.0482303252285968,0.0169199346405228,2.9304199766894112,0.0298990058525213,0.0247475322875413,0.0299362040263177,0.0,0.0113235616503468,0.0109085564165774,0.0,0.0109379430424149,0.0088622512319221
London,lightgbm_quantile__c90__h6,0.9,6.0,2013-09,6,0.25,0.01,rolling_group_norm,0.0540517320544354,0.0540517320544354,rolling_group_norm,0.0482303252285968,0.0169199346405228,2.9304199766894112,0.0592245705518867,0.0540517320544354,0.0590702685499059,0.0,0.0113508630998697,0.0112832562030179,0.0,0.0109625608350207,0.0092225236744429
London,lightgbm_quantile__c90__h6,0.9,6.0,2013-09,6,0.5,0.0,rolling_user_norm,0.0331240420395634,0.0325751299345598,rolling_group_norm,0.039499718066055,0.0267483660130719,2.913406452358825,0.0361717843094324,0.0325751299345598,0.0331240420395634,0.0,0.0078301239381718,0.0144617152584418,0.0,0.007478228145212,0.0130117069702693
London,lightgbm_quantile__c90__h6,0.9,6.0,2013-09,6,0.5,0.01,rolling_user_norm,0.0622581065631517,0.0618793297014539,rolling_group_norm,0.039499718066055,0.0267483660130719,2.913406452358825,0.0654973490087978,0.0618793297014539,0.0622581065631517,0.0,0.0078574253876947,0.0148364150448823,0.0,0.0075032477284887,0.0133660207435737
London,lightgbm_quantile__c90__h6,0.9,6.0,2013-09,6,0.75,0.0,rolling_user_norm,0.0363118800528092,0.0363118800528092,rolling_user_norm,0.039499718066055,0.0267483660130719,2.913406452358825,0.0424445627663436,0.0404027275815783,0.0363118800528092,0.0,0.0043366862259968,0.0180148741003062,0.0,0.0040095457612077,0.0168458076932858
London,lightgbm_quantile__c90__h6,0.9,6.0,2013-09,6,0.75,0.01,rolling_user_norm,0.0654459445763975,0.0654459445763975,rolling_user_norm,0.039499718066055,0.0267483660130719,2.913406452358825,0.071770127465709,0.0697069273484724,0.0654459445763975,0.0,0.0043639876755198,0.0183895738867467,0.0,0.004035101257505,0.0171951981713425
London,lightgbm_quantile__c90__h6,0.9,6.0,2013-09,6,1.0,0.0,rolling_user_norm,0.039499718066055,0.039499718066055,rolling_user_norm,0.039499718066055,0.0267483660130719,2.913406452358825,0.0487173412232548,0.0482303252285968,0.039499718066055,0.0,0.0008432485138219,0.0215680329421706,0.0,0.0005297642006862,0.0201609289682187
London,lightgbm_quantile__c90__h6,0.9,6.0,2013-09,6,1.0,0.01,rolling_user_norm,0.0686337825896432,0.0686337825896432,rolling_user_norm,0.039499718066055,0.0267483660130719,2.913406452358825,0.0780429059226202,0.0775345249954909,0.0686337825896432,0.0,0.0008705499633448,0.021942732728611,0.0,0.0005559835412514,0.0205144329004914
London,lightgbm_quantile__c90__h6,0.9,6.0,2013-10,7,0.0,0.0,rolling_group_norm,0.0083092864637985,0.0083092864637985,rolling_group_norm,0.0438679491488789,0.0083092864637985,3.1651097120229585,0.016568228741342,0.0083092864637985,0.0144014814580333,0.0,0.0069238486841284,-0.0004897020504639,0.0,0.0052171937235885,-0.005174603240747
London,lightgbm_quantile__c90__h6,0.9,6.0,2013-10,7,0.0,0.01,rolling_group_norm,0.0399603835840281,0.0399603835840281,rolling_group_norm,0.0438679491488789,0.0083092864637985,3.1651097120229585,0.0482383444932554,0.0399603835840281,0.0458552151616508,0.0,0.006941797431512,-0.0002429757610133,0.0,0.0052381679184071,-0.0049385640306436
London,lightgbm_quantile__c90__h6,0.9,6.0,2013-10,7,0.25,0.0,rolling_group_norm,0.0171989521350686,0.0171989521350686,rolling_group_norm,0.0438679491488789,0.0083092864637985,3.1651097120229585,0.023981478578987,0.0171989521350686,0.0184436829446536,0.0,0.0054391885142373,0.0031065133747242,0.0,0.0042449171374161,-0.0011731145614796
London,lightgbm_quantile__c90__h6,0.9,6.0,2013-10,7,0.25,0.01,rolling_group_norm,0.0488500492552982,0.0488500492552982,rolling_group_norm,0.0438679491488789,0.0083092864637985,3.1651097120229585,0.0556515943309005,0.0488500492552982,0.0498974166482712,0.0,0.0054571372616209,0.0033532396641747,0.0,0.0042658479035775,-0.0009370558851702
London,lightgbm_quantile__c90__h6,0.9,6.0,2013-10,7,0.5,0.0,rolling_group_norm,0.0260886178063387,0.022485884431274,rolling_user_norm,0.0438679491488789,0.0083092864637985,3.1651097120229585,0.0313947284166321,0.0260886178063387,0.022485884431274,0.0,0.0039545283443462,0.0067027287999123,0.0,0.0032704705036186,0.0028270946603308
London,lightgbm_quantile__c90__h6,0.9,6.0,2013-10,7,0.5,0.01,rolling_group_norm,0.0577397149265683,0.0539396181348915,rolling_user_norm,0.0438679491488789,0.0083092864637985,3.1651097120229585,0.0630648441685455,0.0577397149265683,0.0539396181348915,0.0,0.0039724770917298,0.0069494550893629,0.0,0.0032912831457348,0.0030631803685662
London,lightgbm_quantile__c90__h6,0.9,6.0,2013-10,7,0.75,0.0,rolling_user_norm,0.0265280859178943,0.0265280859178943,rolling_user_norm,0.0305702874045147,0.0144014814580333,3.145373370361756,0.0388079782542772,0.0349782834776088,0.0265280859178943,0.0,0.0024698681744551,0.0102989442251005,0.0,0.002275898645315,0.006825577947643
London,lightgbm_quantile__c90__h6,0.9,6.0,2013-10,7,0.75,0.01,rolling_user_norm,0.0579818196215119,0.0579818196215119,rolling_user_norm,0.0305702874045147,0.0144014814580333,3.145373370361756,0.0704780940061906,0.0666293805978384,0.0579818196215119,0.0,0.0024878169218387,0.010545670514551,0.0,0.0022956761132097,0.0070617022150092
London,lightgbm_quantile__c90__h6,0.9,6.0,2013-10,7,1.0,0.0,rolling_user_norm,0.0305702874045147,0.0305702874045147,rolling_user_norm,0.0305702874045147,0.0144014814580333,3.145373370361756,0.0462212280919223,0.0438679491488789,0.0305702874045147,0.0,0.000985208004564,0.0138951596502886,0.0,0.0006173068387381,0.0108216575414881
London,lightgbm_quantile__c90__h6,0.9,6.0,2013-10,7,1.0,0.01,rolling_user_norm,0.0620240211081322,0.0620240211081322,rolling_user_norm,0.0305702874045147,0.0144014814580333,3.145373370361756,0.0778913438438357,0.0755190462691085,0.0620240211081322,0.0,0.0010031567519476,0.0141418859397392,0.0,0.0006318764946913,0.0110578386604558
London,lightgbm_quantile__c90__h6,0.9,6.0,2013-11,8,0.0,0.0,rolling_group_norm,0.0191482513573262,0.0156228672777575,rolling_global_norm,0.0444660437976884,0.0191482513573262,3.629580695824484,0.0156228672777575,0.0191482513573262,0.0314637100531072,0.0,0.01040226981962,0.0029247516830175,0.0,0.0062879127584025,-0.0038132246789929
London,lightgbm_quantile__c90__h6,0.9,6.0,2013-11,8,0.0,0.01,rolling_group_norm,0.055444058315571,0.0519351956143766,rolling_global_norm,0.0444660437976884,0.0191482513573262,3.629580695824484,0.0519351956143766,0.055444058315571,0.0676146089004323,0.0,0.0104218867316177,0.0032046487902444,0.0,0.0063059024673177,-0.0035355043157104
London,lightgbm_quantile__c90__h6,0.9,6.0,2013-11,8,0.25,0.0,rolling_group_norm,0.0254776994674167,0.0230507480258951,rolling_global_norm,0.0444660437976884,0.0191482513573262,3.629580695824484,0.0230507480258951,0.0254776994674167,0.0321183407297125,0.0,0.0081966730930039,0.0064384212807693,0.0,0.0049568971206146,0.000872081663129
London,lightgbm_quantile__c90__h6,0.9,6.0,2013-11,8,0.25,0.01,rolling_group_norm,0.0617735064256616,0.0593630763625142,rolling_global_norm,0.0444660437976884,0.0191482513573262,3.629580695824484,0.0593630763625142,0.0617735064256616,0.0682692395770376,0.0,0.0082162900050016,0.0067183183879962,0.0,0.0049747955296837,0.0011496155928004
London,lightgbm_quantile__c90__h6,0.9,6.0,2013-11,8,0.5,0.0,rolling_user_norm,0.0327729714063178,0.0304786287740326,rolling_global_norm,0.0340822327595285,0.0314637100531072,3.6150898847325097,0.0304786287740326,0.0318071475775073,0.0327729714063178,0.0,0.0059910763663879,0.0099520908785212,0.0,0.0036099221916426,0.0055560939867901
London,lightgbm_quantile__c90__h6,0.9,6.0,2013-11,8,0.5,0.01,rolling_user_norm,0.0689238702536429,0.0667909571106518,rolling_global_norm,0.0340822327595285,0.0314637100531072,3.6150898847325097,0.0667909571106518,0.0681029545357521,0.0689238702536429,0.0,0.0060106932783855,0.0102319879857481,0.0,0.0036276744090472,0.0058333429216371
London,lightgbm_quantile__c90__h6,0.9,6.0,2013-11,8,0.75,0.0,rolling_user_norm,0.0334276020829232,0.0334276020829232,rolling_user_norm,0.0340822327595285,0.0314637100531072,3.6150898847325097,0.0379065095221702,0.0381365956875978,0.0334276020829232,0.0,0.0037854796397718,0.013465760476273,0.0,0.0022204957468525,0.0102374046633858
London,lightgbm_quantile__c90__h6,0.9,6.0,2013-11,8,0.75,0.01,rolling_user_norm,0.0695785009302483,0.0695785009302483,rolling_user_norm,0.0340822327595285,0.0314637100531072,3.6150898847325097,0.0742188378587894,0.0744324026458427,0.0695785009302483,0.0,0.0038050965517694,0.0137456575834999,0.0,0.0022379960577732,0.0105141646424382
London,lightgbm_quantile__c90__h6,0.9,6.0,2013-11,8,1.0,0.0,rolling_user_norm,0.0340822327595285,0.0340822327595285,rolling_user_norm,0.0340822327595285,0.0314637100531072,3.6150898847325097,0.0453343902703078,0.0444660437976884,0.0340822327595285,0.0,0.0015798829131557,0.0169794300740248,0.0,0.000666654302762,0.0149114323742212
London,lightgbm_quantile__c90__h6,0.9,6.0,2013-11,8,1.0,0.01,rolling_user_norm,0.0702331316068536,0.0702331316068536,rolling_user_norm,0.0340822327595285,0.0314637100531072,3.6150898847325097,0.081646718606927,0.0807618507559332,0.0702331316068536,0.0,0.0015994998251534,0.0172593271812517,0.0,0.0006838789901466,0.015187165144747
London,lightgbm_quantile__c90__h6,0.9,6.0,2013-12,9,0.0,0.0,rolling_group_norm,0.0063145639982946,0.0063145639982946,rolling_group_norm,0.0441411556245772,0.0063145639982946,3.7820247637042654,0.0164015888841412,0.0063145639982946,0.0095661299314596,0.0,0.005528323625033,-0.0045635690611911,0.0,0.0008908103978288,-0.0088848190960491
London,lightgbm_quantile__c90__h6,0.9,6.0,2013-12,9,0.0,0.01,rolling_group_norm,0.0441348116353373,0.0441348116353373,rolling_group_norm,0.0441411556245772,0.0063145639982946,3.7820247637042654,0.0542362445376224,0.0441348116353373,0.0470007778269193,0.0,0.0055464424353951,-0.0042573918935938,0.0,0.0009083513032208,-0.0086154047538764
London,lightgbm_quantile__c90__h6,0.9,6.0,2013-12,9,0.25,0.0,rolling_group_norm,0.0157712119048653,0.0150852355204133,rolling_user_norm,0.0441411556245772,0.0063145639982946,3.7820247637042654,0.0235148469619895,0.0157712119048653,0.0150852355204133,0.0,0.0044064229922118,0.0002722193495824,0.0,0.0008914338649963,-0.0031768899331765
London,lightgbm_quantile__c90__h6,0.9,6.0,2013-12,9,0.25,0.01,rolling_group_norm,0.0535914595419079,0.0525198834158729,rolling_user_norm,0.0441411556245772,0.0063145639982946,3.7820247637042654,0.0613495026154707,0.0535914595419079,0.0525198834158729,0.0,0.0044245418025739,0.0005783965171797,0.0,0.000908979801518,-0.0029056306423102
London,lightgbm_quantile__c90__h6,0.9,6.0,2013-12,9,0.5,0.0,rolling_user_norm,0.0206043411093669,0.0206043411093669,rolling_user_norm,0.0316425522872742,0.0095661299314596,3.743464789545964,0.0306281050398377,0.0252278598114359,0.0206043411093669,0.0,0.0032845223593906,0.005108007760356,0.0,0.0008918229793136,0.0025190417061823
London,lightgbm_quantile__c90__h6,0.9,6.0,2013-12,9,0.5,0.01,rolling_user_norm,0.0580389890048265,0.0580389890048265,rolling_user_norm,0.0316425522872742,0.0095661299314596,3.743464789545964,0.0684627606933189,0.0630481074484786,0.0580389890048265,0.0,0.0033026411697526,0.0054141849279533,0.0,0.0009093787221279,0.0027935262683153
London,lightgbm_quantile__c90__h6,0.9,6.0,2013-12,9,0.75,0.0,rolling_user_norm,0.0261234466983205,0.0261234466983205,rolling_user_norm,0.0316425522872742,0.0095661299314596,3.743464789545964,0.037741363117686,0.0346845077180066,0.0261234466983205,0.0,0.0021626217265694,0.0099437961711296,0.0,0.0008913569196046,0.0081852817357298
London,lightgbm_quantile__c90__h6,0.9,6.0,2013-12,9,0.75,0.01,rolling_user_norm,0.0635580945937802,0.0635580945937802,rolling_user_norm,0.0316425522872742,0.0095661299314596,3.743464789545964,0.0755760187711672,0.0725047553550492,0.0635580945937802,0.0,0.0021807405369314,0.0102499733387269,0.0,0.0009089401476474,0.0084665788851067
London,lightgbm_quantile__c90__h6,0.9,6.0,2013-12,9,1.0,0.0,rolling_user_norm,0.0316425522872742,0.0316425522872742,rolling_user_norm,0.0316425522872742,0.0095661299314596,3.743464789545964,0.0448546211955343,0.0441411556245772,0.0316425522872742,0.0,0.0010407210937482,0.0147795845819032,0.0,0.0008720195156209,0.0137474808012925
London,lightgbm_quantile__c90__h6,0.9,6.0,2013-12,9,1.0,0.01,rolling_user_norm,0.0690772001827338,0.0690772001827338,rolling_user_norm,0.0316425522872742,0.0095661299314596,3.743464789545964,0.0826892768490155,0.0819614032616199,0.0690772001827338,0.0,0.0010588399041102,0.0150857617495005,0.0,0.0008900517404729,0.0140482757743343
London,lightgbm_quantile__c90__h6,0.9,6.0,2014-01,10,0.0,0.0,rolling_user_norm,0.0049458212638128,0.0049458212638128,rolling_user_norm,0.0276319726199765,0.0049458212638128,3.646500907078913,0.0174117823853457,0.0060681835062266,0.0049458212638128,0.0,0.0042161219627201,0.0053246903312088,0.0,0.0008260232372674,0.0037635321643334
London,lightgbm_quantile__c90__h6,0.9,6.0,2014-01,10,0.0,0.01,rolling_user_norm,0.0414108303346019,0.0414108303346019,rolling_user_norm,0.0276319726199765,0.0049458212638128,3.646500907078913,0.0544876670258184,0.043135180967824,0.0414108303346019,0.0,0.0042317799308015,0.0059846755549284,0.0,0.0008375970152581,0.0044009034129442
London,lightgbm_quantile__c90__h6,0.9,6.0,2014-01,10,0.25,0.0,rolling_user_norm,0.0106173591028537,0.0106173591028537,rolling_user_norm,0.0276319726199765,0.0049458212638128,3.646500907078913,0.0247788213021984,0.016190356734059,0.0106173591028537,0.0,0.003442272706449,0.0081086875038863,0.0,0.000892104220027,0.0071836777544001
London,lightgbm_quantile__c90__h6,0.9,6.0,2014-01,10,0.25,0.01,rolling_user_norm,0.0470823681736428,0.0470823681736428,rolling_user_norm,0.0276319726199765,0.0049458212638128,3.646500907078913,0.061854705942671,0.0532573541956564,0.0470823681736428,0.0,0.0034579306745303,0.0087686727276059,0.0,0.00090353681684,0.0078267527966316
London,lightgbm_quantile__c90__h6,0.9,6.0,2014-01,10,0.5,0.0,rolling_user_norm,0.0162888969418946,0.0162888969418946,rolling_user_norm,0.0276319726199765,0.0049458212638128,3.646500907078913,0.032145860219051,0.0263125299618914,0.0162888969418946,0.0,0.0026684234501778,0.0108926846765637,0.0,0.0009517270882789,0.0105421175354023
London,lightgbm_quantile__c90__h6,0.9,6.0,2014-01,10,0.5,0.01,rolling_user_norm,0.0527539060126838,0.0527539060126838,rolling_user_norm,0.0276319726199765,0.0049458212638128,3.646500907078913,0.0692217448595237,0.0633795274234887,0.0527539060126838,0.0,0.0026840814182592,0.0115526699002833,0.0,0.0009628971035389,0.0112136740534316
London,lightgbm_quantile__c90__h6,0.9,6.0,2014-01,10,0.75,0.0,rolling_user_norm,0.0219604347809355,0.0219604347809355,rolling_user_norm,0.0276319726199765,0.0049458212638128,3.646500907078913,0.0395128991359036,0.0364347031897237,0.0219604347809355,0.0,0.0018945741939066,0.0136766818492412,0.0,0.0009869230286632,0.0131878284218678
London,lightgbm_quantile__c90__h6,0.9,6.0,2014-01,10,0.75,0.01,rolling_user_norm,0.0584254438517247,0.0584254438517247,rolling_user_norm,0.0276319726199765,0.0049458212638128,3.646500907078913,0.0765887837763763,0.0735017006513212,0.0584254438517247,0.0,0.001910232161988,0.0143366670729608,0.0,0.0009974780553054,0.0138991178972401
London,lightgbm_quantile__c90__h6,0.9,6.0,2014-01,10,1.0,0.0,rolling_user_norm,0.0276319726199765,0.0276319726199765,rolling_user_norm,0.0276319726199765,0.0049458212638128,3.646500907078913,0.0468799380527562,0.0465568764175561,0.0276319726199765,0.0,0.0011207249376355,0.0164606790219187,0.0,0.0007550583879313,0.015363462500159
London,lightgbm_quantile__c90__h6,0.9,6.0,2014-01,10,1.0,0.01,rolling_user_norm,0.0640969816907656,0.0640969816907656,rolling_user_norm,0.0276319726199765,0.0049458212638128,3.646500907078913,0.0839558226932289,0.0836238738791535,0.0640969816907656,0.0,0.0011363829057169,0.0171206642456383,0.0,0.0007664345008189,0.0160638736101101
Ausgrid,lightgbm_quantile__c80__h1,0.8,1.0,2012-07,0,0.0,0.0,rolling_global_norm,0.0161443595548009,0.0137707722385141,rolling_user_norm,0.0392171935124249,0.0161443595548009,2.882471836559592,0.0161443595548009,0.0143282624633431,0.0137707722385141,0.0,-0.001047346413258,-0.0014419171203286,0.0,-0.0033187081496581,-0.0031716406027289
Ausgrid,lightgbm_quantile__c80__h1,0.8,1.0,2012-07,0,0.0,0.01,rolling_global_norm,0.0449690779203969,0.042551985547681,rolling_user_norm,0.0392171935124249,0.0161443595548009,2.882471836559592,0.0449690779203969,0.0431515717433429,0.042551985547681,0.0,-0.0010465374556477,-0.0014058211477156,0.0,-0.0033179575040706,-0.003135936374294
Ausgrid,lightgbm_quantile__c80__h1,0.8,1.0,2012-07,0,0.25,0.0,rolling_global_norm,0.0219125680442069,0.0170653665525685,rolling_user_norm,0.0392171935124249,0.0161443595548009,2.882471836559592,0.0219125680442069,0.0204827290156664,0.0170653665525685,0.0,-0.0008092330673624,0.0011988151193542,0.0,-0.0025331046056145,-0.0001195035545083
Ausgrid,lightgbm_quantile__c80__h1,0.8,1.0,2012-07,0,0.25,0.01,rolling_global_norm,0.0507372864098028,0.0458465798617354,rolling_user_norm,0.0392171935124249,0.0161443595548009,2.882471836559592,0.0507372864098028,0.0493060382956662,0.0458465798617354,0.0,-0.0008084241097521,0.0012349110919673,0.0,-0.0025323574307066,-8.369032182588515e-05
Ausgrid,lightgbm_quantile__c80__h1,0.8,1.0,2012-07,0,0.5,0.0,rolling_user_norm,0.0203599608666228,0.0203599608666228,rolling_user_norm,0.0269491494947315,0.0137707722385141,2.8781213309166893,0.0276807765336129,0.0266371955679897,0.0203599608666228,0.0,-0.0005711197214668,0.0038395473590372,0.0,-0.0017489863353379,0.0029237146713831
Ausgrid,lightgbm_quantile__c80__h1,0.8,1.0,2012-07,0,0.5,0.01,rolling_user_norm,0.0491411741757897,0.0491411741757897,rolling_user_norm,0.0269491494947315,0.0137707722385141,2.8781213309166893,0.0565054948992088,0.0554605048479896,0.0491411741757897,0.0,-0.0005703107638565,0.0038756433316502,0.0,-0.001748245775086,0.0029597365321834
Ausgrid,lightgbm_quantile__c80__h1,0.8,1.0,2012-07,0,0.75,0.0,rolling_user_norm,0.0236545551806772,0.0236545551806772,rolling_user_norm,0.0269491494947315,0.0137707722385141,2.8781213309166893,0.0334489850230189,0.032791662120313,0.0236545551806772,0.0,-0.0003330063755712,0.0064802795987201,0.0,-0.0009701830987902,0.0059377858353186
Ausgrid,lightgbm_quantile__c80__h1,0.8,1.0,2012-07,0,0.75,0.01,rolling_user_norm,0.0524357684898441,0.0524357684898441,rolling_user_norm,0.0269491494947315,0.0137707722385141,2.8781213309166893,0.0622737033886148,0.0616149714003129,0.0524357684898441,0.0,-0.0003321974179609,0.0065163755713332,0.0,-0.0009694598624267,0.0059743189065879
Ausgrid,lightgbm_quantile__c80__h1,0.8,1.0,2012-07,0,1.0,0.0,rolling_user_norm,0.0269491494947315,0.0269491494947315,rolling_user_norm,0.0269491494947315,0.0137707722385141,2.8781213309166893,0.0392171935124249,0.0389461286726363,0.0269491494947315,0.0,-9.48930296756333e-05,0.0091210118384031,0.0,-0.0002610445569491,0.008797570900183
Ausgrid,lightgbm_quantile__c80__h1,0.8,1.0,2012-07,0,1.0,0.01,rolling_user_norm,0.0557303628038984,0.0557303628038984,rolling_user_norm,0.0269491494947315,0.0137707722385141,2.8781213309166893,0.0680419118780208,0.0677694379526362,0.0557303628038984,0.0,-9.408407206537572e-05,0.0091571078110161,0.0,-0.0002604081305662,0.0088353467569509
Ausgrid,lightgbm_quantile__c80__h1,0.8,1.0,2012-08,1,0.0,0.0,rolling_group_norm,0.0081494057724956,0.0081494057724956,rolling_group_norm,0.0379140144567914,0.0081494057724956,2.6061124339032227,0.0119249528877064,0.0081494057724956,0.0116293988269794,0.0,0.0065377480003768,0.0050263147455225,0.0,0.0062251500933662,0.0038908674164062
Ausgrid,lightgbm_quantile__c80__h1,0.8,1.0,2012-08,1,0.0,0.01,rolling_group_norm,0.0342105301115279,0.0342105301115279,rolling_group_norm,0.0379140144567914,0.0081494057724956,2.6061124339032227,0.0379865230633194,0.0342105301115279,0.0376593182070192,0.0,0.006539344959011,0.0050750518278264,0.0,0.0062266306975571,0.003935386425121
Ausgrid,lightgbm_quantile__c80__h1,0.8,1.0,2012-08,1,0.25,0.0,rolling_user_norm,0.0151840011467027,0.0151840011467027,rolling_user_norm,0.0258478081058726,0.0116293988269794,2.602991938003977,0.0184425593811392,0.0155905579435696,0.0151840011467027,0.0,0.004942462669869,0.0072228801372859,0.0,0.0046939815089231,0.0061993270768898
Ausgrid,lightgbm_quantile__c80__h1,0.8,1.0,2012-08,1,0.25,0.01,rolling_user_norm,0.0412139205267425,0.0412139205267425,rolling_user_norm,0.0258478081058726,0.0116293988269794,2.602991938003977,0.0445041295567522,0.0416516822826018,0.0412139205267425,0.0,0.0049440596285033,0.0072716172195898,0.0,0.0046954618246159,0.0062432549307994
Ausgrid,lightgbm_quantile__c80__h1,0.8,1.0,2012-08,1,0.5,0.0,rolling_user_norm,0.018738603466426,0.018738603466426,rolling_user_norm,0.0258478081058726,0.0116293988269794,2.602991938003977,0.0249601658745721,0.0230317101146435,0.018738603466426,0.0,0.0033471773393613,0.0094194455290494,0.0,0.00316264500604,0.0084707680095068
Ausgrid,lightgbm_quantile__c80__h1,0.8,1.0,2012-08,1,0.5,0.01,rolling_user_norm,0.0447685228464658,0.0447685228464658,rolling_user_norm,0.0258478081058726,0.0116293988269794,2.602991938003977,0.051021736050185,0.0490928344536757,0.0447685228464658,0.0,0.0033487742979955,0.0094681826113533,0.0,0.0031641249392182,0.0085141759539976
Ausgrid,lightgbm_quantile__c80__h1,0.8,1.0,2012-08,1,0.75,0.0,rolling_user_norm,0.0222932057861493,0.0222932057861493,rolling_user_norm,0.0258478081058726,0.0116293988269794,2.602991938003977,0.0314777723680049,0.0304728622857175,0.0222932057861493,0.0,0.0017518920088535,0.0116160109208128,0.0,0.0016308740946618,0.0106961059566373
Ausgrid,lightgbm_quantile__c80__h1,0.8,1.0,2012-08,1,0.75,0.01,rolling_user_norm,0.048323125166189,0.048323125166189,rolling_user_norm,0.0258478081058726,0.0116293988269794,2.602991938003977,0.0575393425436178,0.0565339866247497,0.048323125166189,0.0,0.0017534889674877,0.0116647480031167,0.0,0.0016323536625,0.0107392014910808
Ausgrid,lightgbm_quantile__c80__h1,0.8,1.0,2012-08,1,1.0,0.0,rolling_user_norm,0.0258478081058726,0.0258478081058726,rolling_user_norm,0.0258478081058726,0.0116293988269794,2.602991938003977,0.0379953788614377,0.0379140144567914,0.0258478081058726,0.0,0.0001566066783458,0.0138125763125763,0.0,9.725730692563608e-05,0.0128711044922151
Ausgrid,lightgbm_quantile__c80__h1,0.8,1.0,2012-08,1,1.0,0.01,rolling_user_norm,0.0518777274859123,0.0518777274859123,rolling_user_norm,0.0258478081058726,0.0116293988269794,2.602991938003977,0.0640569490370507,0.0639751387958236,0.0518777274859123,0.0,0.00015820363698,0.0138613133948802,0.0,9.873938426964104e-05,0.012914185141688
Ausgrid,lightgbm_quantile__c80__h1,0.8,1.0,2012-09,2,0.0,0.0,rolling_group_norm,0.0250552398989898,0.0250552398989898,rolling_group_norm,0.0396576551467855,0.0250552398989898,1.9172218392915703,0.0259943181818181,0.0250552398989898,0.0277777777777776,0.0,0.0025191335851604,0.0006192607971297,0.0,0.0013712823630163,0.0003359892917888
Ausgrid,lightgbm_quantile__c80__h1,0.8,1.0,2012-09,2,0.0,0.01,rolling_group_norm,0.0442274582919055,0.0442274582919055,rolling_group_norm,0.0396576551467855,0.0250552398989898,1.9172218392915703,0.0451677725082715,0.0442274582919055,0.0469440726060861,0.0,0.0025197264397932,0.0006633633491502,0.0,0.0013715131968323,0.0003887696433074
Ausgrid,lightgbm_quantile__c80__h1,0.8,1.0,2012-09,2,0.25,0.0,rolling_user_norm,0.0296770484949831,0.0287058437109387,rolling_group_norm,0.0353748606465997,0.0277777777777776,1.916629482830849,0.0296644723784669,0.0287058437109387,0.0296770484949831,0.0,0.0020097913419201,0.0034469401564288,0.0,0.0011483819241788,0.003051652286152
Ausgrid,lightgbm_quantile__c80__h1,0.8,1.0,2012-09,2,0.25,0.01,rolling_user_norm,0.0488433433232916,0.0478780621038544,rolling_group_norm,0.0353748606465997,0.0277777777777776,1.916629482830849,0.0488379267049203,0.0478780621038544,0.0488433433232916,0.0,0.0020103841965529,0.0034910427084493,0.0,0.0011486128823075,0.0030859073045525
Ausgrid,lightgbm_quantile__c80__h1,0.8,1.0,2012-09,2,0.5,0.0,rolling_user_norm,0.0315763192121887,0.0315763192121887,rolling_user_norm,0.0353748606465997,0.0277777777777776,1.916629482830849,0.0333346265751157,0.0323564475228877,0.0315763192121887,0.0,0.0015004490986799,0.0062746195157279,0.0,0.0009254727330077,0.0052082009564352
Ausgrid,lightgbm_quantile__c80__h1,0.8,1.0,2012-09,2,0.5,0.01,rolling_user_norm,0.0507426140404972,0.0507426140404972,rolling_user_norm,0.0353748606465997,0.0277777777777776,1.916629482830849,0.052508080901569,0.0515286659158034,0.0507426140404972,0.0,0.0015010419533127,0.0063187220677484,0.0,0.0009257039447351,0.0052426858340374
Ausgrid,lightgbm_quantile__c80__h1,0.8,1.0,2012-09,2,0.75,0.0,rolling_user_norm,0.0334755899293942,0.0334755899293942,rolling_user_norm,0.0353748606465997,0.0277777777777776,1.916629482830849,0.0370047807717644,0.0360070513348366,0.0334755899293942,0.0,0.0009911068554396,0.0091022988750269,0.0,0.0007025287265011,0.0073635548238837
Ausgrid,lightgbm_quantile__c80__h1,0.8,1.0,2012-09,2,0.75,0.01,rolling_user_norm,0.0526418847577027,0.0526418847577027,rolling_user_norm,0.0353748606465997,0.0277777777777776,1.916629482830849,0.0561782350982178,0.0551792697277523,0.0526418847577027,0.0,0.0009916997100724,0.0091464014270475,0.0,0.0007027607381705,0.0073980995236013
Ausgrid,lightgbm_quantile__c80__h1,0.8,1.0,2012-09,2,1.0,0.0,rolling_user_norm,0.0353748606465997,0.0353748606465997,rolling_user_norm,0.0353748606465997,0.0277777777777776,1.916629482830849,0.0406749349684132,0.0396576551467855,0.0353748606465997,0.0,0.0004817646121993,0.011929978234326,0.0,0.0004737190398862,0.0095187131108411
Ausgrid,lightgbm_quantile__c80__h1,0.8,1.0,2012-09,2,1.0,0.01,rolling_user_norm,0.0545411554749082,0.0545411554749082,rolling_user_norm,0.0353748606465997,0.0277777777777776,1.916629482830849,0.0598483892948665,0.0588298735397012,0.0545411554749082,0.0,0.0004823574668321,0.0119740807863466,0.0,0.0004742633846949,0.0095532851726083
Ausgrid,lightgbm_quantile__c80__h1,0.8,1.0,2012-10,3,0.0,0.0,rolling_user_norm,0.0068091120718324,0.0054788826072498,rolling_group_norm,0.02739418132125,0.0068091120718324,1.805136152044788,0.0103671477079796,0.0054788826072498,0.0068091120718324,0.0,0.0003607503607503,0.0007665945165944,0.0,-0.0003541143065696,0.0006425865800865
Ausgrid,lightgbm_quantile__c80__h1,0.8,1.0,2012-10,3,0.0,0.01,rolling_user_norm,0.0248604735922803,0.0235535345941052,rolling_group_norm,0.02739418132125,0.0068091120718324,1.805136152044788,0.0284426106024952,0.0235535345941052,0.0248604735922803,0.0,0.0003616374632005,0.0007941759814074,0.0,-0.0003532274735304,0.0006693764935189
Ausgrid,lightgbm_quantile__c80__h1,0.8,1.0,2012-10,3,0.25,0.0,rolling_user_norm,0.0119553793841868,0.0119553793841868,rolling_user_norm,0.02739418132125,0.0068091120718324,1.805136152044788,0.016934025865316,0.0132245600566349,0.0119553793841868,0.0,0.0002952814094118,0.0028676411149236,0.0,-0.0002077290575277,0.0026142315892157
Ausgrid,lightgbm_quantile__c80__h1,0.8,1.0,2012-10,3,0.25,0.01,rolling_user_norm,0.0300067409046347,0.0300067409046347,rolling_user_norm,0.02739418132125,0.0068091120718324,1.805136152044788,0.0350094887598315,0.0312992120434903,0.0300067409046347,0.0,0.000296168511862,0.0028952225797366,0.0,-0.0002068389402573,0.0026397154487832
Ausgrid,lightgbm_quantile__c80__h1,0.8,1.0,2012-10,3,0.5,0.0,rolling_user_norm,0.0171016466965412,0.0171016466965412,rolling_user_norm,0.02739418132125,0.0068091120718324,1.805136152044788,0.0235009040226523,0.0209702375060199,0.0171016466965412,0.0,0.0002298124580733,0.0049686877132529,0.0,-6.68989213029005e-05,0.0044951722000745
Ausgrid,lightgbm_quantile__c80__h1,0.8,1.0,2012-10,3,0.5,0.01,rolling_user_norm,0.0351530082169891,0.0351530082169891,rolling_user_norm,0.02739418132125,0.0068091120718324,1.805136152044788,0.0415763669171679,0.0390448894928754,0.0351530082169891,0.0,0.0002306995605235,0.0049962691780658,0.0,-6.600094763273837e-05,0.0045207116002087
Ausgrid,lightgbm_quantile__c80__h1,0.8,1.0,2012-10,3,0.75,0.0,rolling_user_norm,0.0222479140088956,0.0222479140088956,rolling_user_norm,0.02739418132125,0.0068091120718324,1.805136152044788,0.0300677821799887,0.028715914955405,0.0222479140088956,0.0,0.0001643435067348,0.0070697343115821,0.0,3.751357736381461e-05,0.0063659022088616
Ausgrid,lightgbm_quantile__c80__h1,0.8,1.0,2012-10,3,0.75,0.01,rolling_user_norm,0.0402992755293435,0.0402992755293435,rolling_user_norm,0.02739418132125,0.0068091120718324,1.805136152044788,0.0481432450745043,0.0467905669422605,0.0402992755293435,0.0,0.000165230609185,0.007097315776395,0.0,3.843959323738072e-05,0.0063914912515696
Ausgrid,lightgbm_quantile__c80__h1,0.8,1.0,2012-10,3,1.0,0.0,rolling_user_norm,0.02739418132125,0.02739418132125,rolling_user_norm,0.02739418132125,0.0068091120718324,1.805136152044788,0.0366346603373251,0.0364615924047901,0.02739418132125,0.0,9.887455539629952e-05,0.0091707809099113,0.0,-9.39053575860356e-05,0.008233922088894
Ausgrid,lightgbm_quantile__c80__h1,0.8,1.0,2012-10,3,1.0,0.01,rolling_user_norm,0.0454455428416979,0.0454455428416979,rolling_user_norm,0.02739418132125,0.0068091120718324,1.805136152044788,0.0547101232318407,0.0545362443916456,0.0454455428416979,0.0,9.97616578464917e-05,0.0091983623747243,0.0,-9.298378942060952e-05,0.0082595420277295
Ausgrid,lightgbm_quantile__c80__h1,0.8,1.0,2012-11,4,0.0,0.0,rolling_group_norm,0.0098563762626262,0.0098563762626262,rolling_group_norm,0.0369611668524712,0.0098563762626262,1.812364202711519,0.0116593567251462,0.0098563762626262,0.0105350378787879,0.0,0.002439493163686,0.000834353877117,0.0,0.0013553116210933,-0.0012271855412202
Ausgrid,lightgbm_quantile__c80__h1,0.8,1.0,2012-11,4,0.0,0.01,rolling_group_norm,0.0279800182897414,0.0279800182897414,rolling_group_norm,0.0369611668524712,0.0098563762626262,1.812364202711519,0.0297836248018039,0.0279800182897414,0.0286270984346974,0.0,0.002440156608386,0.0008711293397968,0.0,0.0013559407355376,-0.0011899440622413
Ausgrid,lightgbm_quantile__c80__h1,0.8,1.0,2012-11,4,0.25,0.0,rolling_user_norm,0.0142401162017331,0.0142401162017331,rolling_user_norm,0.0253553511705685,0.0105350378787879,1.809206055590948,0.0180074541845137,0.0166325739100874,0.0142401162017331,0.0,0.0018850294390436,0.0036560382750671,0.0,0.0010435792431923,0.0017308843137819
Ausgrid,lightgbm_quantile__c80__h1,0.8,1.0,2012-11,4,0.25,0.01,rolling_user_norm,0.0323321767576425,0.0323321767576425,rolling_user_norm,0.0253553511705685,0.0105350378787879,1.809206055590948,0.0361317222611714,0.0347562159372026,0.0323321767576425,0.0,0.0018856928837436,0.0036928137377469,0.0,0.0010442126183065,0.0017680715238141
Ausgrid,lightgbm_quantile__c80__h1,0.8,1.0,2012-11,4,0.5,0.0,rolling_user_norm,0.0179451945246782,0.0179451945246782,rolling_user_norm,0.0253553511705685,0.0105350378787879,1.809206055590948,0.0243555516438812,0.0234087715575487,0.0179451945246782,0.0,0.0013305657144012,0.0064777226730173,0.0,0.000731205014836,0.0046826318419555
Ausgrid,lightgbm_quantile__c80__h1,0.8,1.0,2012-11,4,0.5,0.01,rolling_user_norm,0.0360372550805877,0.0360372550805877,rolling_user_norm,0.0253553511705685,0.0105350378787879,1.809206055590948,0.0424798197205388,0.0415324135846639,0.0360372550805877,0.0,0.0013312291591012,0.006514498135697,0.0,0.0007318461291534,0.0047197552773975
Ausgrid,lightgbm_quantile__c80__h1,0.8,1.0,2012-11,4,0.75,0.0,rolling_user_norm,0.0216502728476234,0.0216502728476234,rolling_user_norm,0.0253553511705685,0.0105350378787879,1.809206055590948,0.0307036491032486,0.0301849692050099,0.0216502728476234,0.0,0.0007761019897589,0.0092994070709674,0.0,0.0004168888697952,0.0076265816991224
Ausgrid,lightgbm_quantile__c80__h1,0.8,1.0,2012-11,4,0.75,0.01,rolling_user_norm,0.0397423334035329,0.0397423334035329,rolling_user_norm,0.0253553511705685,0.0105350378787879,1.809206055590948,0.0488279171799063,0.0483086112321251,0.0397423334035329,0.0,0.0007767654344589,0.0093361825336471,0.0,0.0004175482336675,0.0076636301187567
Ausgrid,lightgbm_quantile__c80__h1,0.8,1.0,2012-11,4,1.0,0.0,rolling_user_norm,0.0253553511705685,0.0253553511705685,rolling_user_norm,0.0253553511705685,0.0105350378787879,1.809206055590948,0.0370517465626161,0.0369611668524712,0.0253553511705685,0.0,0.0002216382651165,0.0121210914689175,0.0,8.957432526018842e-05,0.010560899598207
Ausgrid,lightgbm_quantile__c80__h1,0.8,1.0,2012-11,4,1.0,0.01,rolling_user_norm,0.043447411726478,0.043447411726478,rolling_user_norm,0.0253553511705685,0.0105350378787879,1.809206055590948,0.0551760146392738,0.0550848088795864,0.043447411726478,0.0,0.0002223017098165,0.0121578669315973,0.0,9.031694029808718e-05,0.010597860024718
Ausgrid,lightgbm_quantile__c80__h1,0.8,1.0,2012-12,5,0.0,0.0,rolling_global_norm,0.0093001588465297,0.0036290322580645,rolling_group_norm,0.0397678642068543,0.0093001588465297,1.927217396322368,0.0093001588465297,0.0036290322580645,0.0060954993903115,0.0,0.0021146616541353,0.002076490152148,0.0,-0.0028978923364033,-0.0038671374609379
Ausgrid,lightgbm_quantile__c80__h1,0.8,1.0,2012-12,5,0.0,0.01,rolling_global_norm,0.0285723328097534,0.0229004309463802,rolling_group_norm,0.0397678642068543,0.0093001588465297,1.927217396322368,0.0285723328097534,0.0229004309463802,0.0253357622997185,0.0,0.0021151827220585,0.0021227910112494,0.0,-0.0028988211440051,-0.0038265059096931
Ausgrid,lightgbm_quantile__c80__h1,0.8,1.0,2012-12,5,0.25,0.0,rolling_user_norm,0.0110007610910847,0.0110007610910847,rolling_user_norm,0.0257165461934045,0.0060954993903115,1.9240262909407024,0.0169170851866109,0.0126371057647355,0.0110007610910847,0.0,0.0016002633744338,0.0050269354858528,0.0,-0.0022652608787215,0.0001494760209008
Ausgrid,lightgbm_quantile__c80__h1,0.8,1.0,2012-12,5,0.25,0.01,rolling_user_norm,0.0302410240004917,0.0302410240004917,rolling_user_norm,0.0257165461934045,0.0060954993903115,1.9240262909407024,0.0361892591498346,0.0319085044530512,0.0302410240004917,0.0,0.001600784442357,0.0050732363449542,0.0,-0.0022661908307489,0.0001901092292178
Ausgrid,lightgbm_quantile__c80__h1,0.8,1.0,2012-12,5,0.5,0.0,rolling_user_norm,0.015906022791858,0.015906022791858,rolling_user_norm,0.0257165461934045,0.0060954993903115,1.9240262909407024,0.024534011526692,0.0216451792714064,0.015906022791858,0.0,0.0010858650947323,0.0079773808195575,0.0,-0.0016338846489372,0.0041643758872008
Ausgrid,lightgbm_quantile__c80__h1,0.8,1.0,2012-12,5,0.5,0.01,rolling_user_norm,0.035146285701265,0.035146285701265,rolling_user_norm,0.0257165461934045,0.0060954993903115,1.9240262909407024,0.0438061854899157,0.0409165779597222,0.035146285701265,0.0,0.0010863861626555,0.008023681678659,0.0,-0.0016348160403269,0.0042050142204924
Ausgrid,lightgbm_quantile__c80__h1,0.8,1.0,2012-12,5,0.75,0.0,rolling_user_norm,0.0208112844926312,0.0208112844926312,rolling_user_norm,0.0257165461934045,0.0060954993903115,1.9240262909407024,0.0321509378667732,0.0306532527780774,0.0208112844926312,0.0,0.0005714668150308,0.0109278261532623,0.0,-0.0010065003130933,0.0081755731582016
Ausgrid,lightgbm_quantile__c80__h1,0.8,1.0,2012-12,5,0.75,0.01,rolling_user_norm,0.0400515474020383,0.0400515474020383,rolling_user_norm,0.0257165461934045,0.0060954993903115,1.9240262909407024,0.0514231118299969,0.0499246514663932,0.0400515474020383,0.0,0.0005719878829541,0.0109741270123637,0.0,-0.0010074315575401,0.0082162281678815
Ausgrid,lightgbm_quantile__c80__h1,0.8,1.0,2012-12,5,1.0,0.0,rolling_user_norm,0.0257165461934045,0.0257165461934045,rolling_user_norm,0.0257165461934045,0.0060954993903115,1.9240262909407024,0.0397678642068543,0.0396613262847484,0.0257165461934045,0.0,5.70685353294062e-05,0.0138782714869671,0.0,-0.0004131468615702,0.0121761314703466
Ausgrid,lightgbm_quantile__c80__h1,0.8,1.0,2012-12,5,1.0,0.01,rolling_user_norm,0.0449568091028115,0.0449568091028115,rolling_user_norm,0.0257165461934045,0.0060954993903115,1.9240262909407024,0.059040038170078,0.0589327249730641,0.0449568091028115,0.0,5.7589603252629816e-05,0.0139245723460685,0.0,-0.0004139724619057,0.0122168589422889
Ausgrid,lightgbm_quantile__c80__h1,0.8,1.0,2013-01,6,0.0,0.0,rolling_group_norm,0.0088737390533201,0.0088737390533201,rolling_group_norm,0.0435672672348689,0.0088737390533201,2.2677287271518494,0.0120413601207319,0.0088737390533201,0.0101901119609799,0.0,0.0034585917275485,0.002770834279414,0.0,0.0012996705149742,2.5442811376074053e-05
Ausgrid,lightgbm_quantile__c80__h1,0.8,1.0,2013-01,6,0.0,0.01,rolling_group_norm,0.0315510263248386,0.0315510263248386,rolling_group_norm,0.0435672672348689,0.0088737390533201,2.2677287271518494,0.034719750662068,0.0315510263248386,0.0328129272352981,0.0,0.003459593935301,0.0028116405133694,0.0,0.0013001110008861,6.009647576602243e-05
Ausgrid,lightgbm_quantile__c80__h1,0.8,1.0,2013-01,6,0.25,0.0,rolling_user_norm,0.014641496115159,0.014641496115159,rolling_user_norm,0.0279956485776962,0.0101901119609799,2.2622815274318184,0.0199386827294528,0.0175471210987073,0.014641496115159,0.0,0.0025844876720748,0.0054871412109673,0.0,0.0009369641228719,0.0028512204937631
Ausgrid,lightgbm_quantile__c80__h1,0.8,1.0,2013-01,6,0.25,0.01,rolling_user_norm,0.0372643113894772,0.0372643113894772,rolling_user_norm,0.0279956485776962,0.0101901119609799,2.2622815274318184,0.0426170732707889,0.0402244083702258,0.0372643113894772,0.0,0.0025854898798273,0.0055279474449227,0.0,0.0009374042574693,0.0028858866120797
Ausgrid,lightgbm_quantile__c80__h1,0.8,1.0,2013-01,6,0.5,0.0,rolling_user_norm,0.0190928802693381,0.0190928802693381,rolling_user_norm,0.0279956485776962,0.0101901119609799,2.2622815274318184,0.0278360053381737,0.0262205031440945,0.0190928802693381,0.0,0.0017103836166011,0.0082034481425206,0.0,0.0005742203739341,0.0056768320046352
Ausgrid,lightgbm_quantile__c80__h1,0.8,1.0,2013-01,6,0.5,0.01,rolling_user_norm,0.0417156955436563,0.0417156955436563,rolling_user_norm,0.0279956485776962,0.0101901119609799,2.2622815274318184,0.0505143958795098,0.048897790415613,0.0417156955436563,0.0,0.0017113858243536,0.008244254376476,0.0,0.000574659859597,0.0057115120555437
Ausgrid,lightgbm_quantile__c80__h1,0.8,1.0,2013-01,6,0.75,0.0,rolling_user_norm,0.0235442644235171,0.0235442644235171,rolling_user_norm,0.0279956485776962,0.0101901119609799,2.2622815274318184,0.0357333279468946,0.0348938851894817,0.0235442644235171,0.0,0.0008362795611274,0.0109197550740739,0.0,0.0002113475580008,0.0085022548041077
Ausgrid,lightgbm_quantile__c80__h1,0.8,1.0,2013-01,6,0.75,0.01,rolling_user_norm,0.0461670796978353,0.0461670796978353,rolling_user_norm,0.0279956485776962,0.0101901119609799,2.2622815274318184,0.0584117184882307,0.0575711724610002,0.0461670796978353,0.0,0.0008372817688799,0.0109605613080293,0.0,0.0002117854499338,0.0085369505203271
Ausgrid,lightgbm_quantile__c80__h1,0.8,1.0,2013-01,6,1.0,0.0,rolling_user_norm,0.0279956485776962,0.0279956485776962,rolling_user_norm,0.0279956485776962,0.0101901119609799,2.2622815274318184,0.0436306505556155,0.0435672672348689,0.0279956485776962,0.0,-3.782449434623173e-05,0.0136360620056272,0.0,-0.0001533802333229,0.0113274621337186
Ausgrid,lightgbm_quantile__c80__h1,0.8,1.0,2013-01,6,1.0,0.01,rolling_user_norm,0.0506184638520144,0.0506184638520144,rolling_user_norm,0.0279956485776962,0.0101901119609799,2.2622815274318184,0.0663090410969516,0.0662445545063874,0.0506184638520144,0.0,-3.6822286593777655e-05,0.0136768682395826,0.0,-0.0001529489278647,0.0113621755596533
Ausgrid,lightgbm_quantile__c80__h1,0.8,1.0,2013-02,7,0.0,0.0,rolling_group_norm,0.0109009502923975,0.004976663961039,rolling_user_norm,0.0425052755215798,0.0109009502923975,1.8813596150265623,0.0149942505411254,0.0109009502923975,0.004976663961039,0.0,0.0046329017639381,0.0001032997794391,0.0,0.003044947749529,-0.00166643179286
Ausgrid,lightgbm_quantile__c80__h1,0.8,1.0,2013-02,7,0.0,0.01,rolling_group_norm,0.0297145464426631,0.0237424915613383,rolling_user_norm,0.0425052755215798,0.0109009502923975,1.8813596150265623,0.0338075719653203,0.0297145464426631,0.0237424915613383,0.0,0.0046341478345791,0.000168865476793,0.0,0.0030461141076685,-0.0015991071094552
Ausgrid,lightgbm_quantile__c80__h1,0.8,1.0,2013-02,7,0.25,0.0,rolling_user_norm,0.0111268133474315,0.0111268133474315,rolling_user_norm,0.0295772615066093,0.004976663961039,1.8765827600299303,0.0219141860743422,0.0188020315996931,0.0111268133474315,0.0,0.0035191366935009,0.0038803295885211,0.0,0.0022954237523559,0.0023812011474516
Ausgrid,lightgbm_quantile__c80__h1,0.8,1.0,2013-02,7,0.25,0.01,rolling_user_norm,0.0298926409477309,0.0298926409477309,rolling_user_norm,0.0295772615066093,0.004976663961039,1.8765827600299303,0.0407275074985371,0.0376156277499587,0.0298926409477309,0.0,0.0035203827641419,0.0039458952858749,0.0,0.0022965914114505,0.002448016958274
Ausgrid,lightgbm_quantile__c80__h1,0.8,1.0,2013-02,7,0.5,0.0,rolling_user_norm,0.0172769627338241,0.0172769627338241,rolling_user_norm,0.0295772615066093,0.004976663961039,1.8765827600299303,0.028834121607559,0.0267031129069887,0.0172769627338241,0.0,0.0024053716230637,0.007657359397603,0.0,0.0015449877598762,0.0064025968605792
Ausgrid,lightgbm_quantile__c80__h1,0.8,1.0,2013-02,7,0.5,0.01,rolling_user_norm,0.0360427903341234,0.0360427903341234,rolling_user_norm,0.0295772615066093,0.004976663961039,1.8765827600299303,0.0476474430317539,0.0455167090572543,0.0360427903341234,0.0,0.0024066176937047,0.0077229250949568,0.0,0.0015461579030702,0.0064686689012183
Ausgrid,lightgbm_quantile__c80__h1,0.8,1.0,2013-02,7,0.75,0.0,rolling_user_norm,0.0234271121202167,0.0234271121202167,rolling_user_norm,0.0295772615066093,0.004976663961039,1.8765827600299303,0.0357540571407758,0.0346041942142842,0.0234271121202167,0.0,0.0012916065526265,0.0114343892066849,0.0,0.0007916475133034,0.0103793637745376
Ausgrid,lightgbm_quantile__c80__h1,0.8,1.0,2013-02,7,0.75,0.01,rolling_user_norm,0.042192939720516,0.042192939720516,rolling_user_norm,0.0295772615066093,0.004976663961039,1.8765827600299303,0.0545673785649707,0.0534177903645499,0.042192939720516,0.0,0.0012928526232675,0.0114999549040387,0.0,0.0007928241771417,0.0104443581953327
Ausgrid,lightgbm_quantile__c80__h1,0.8,1.0,2013-02,7,1.0,0.0,rolling_user_norm,0.0295772615066093,0.0295772615066093,rolling_user_norm,0.0295772615066093,0.004976663961039,1.8765827600299303,0.0426739926739926,0.0425052755215798,0.0295772615066093,0.0,0.0001778414821893,0.0152114190157668,0.0,1.4840533639287585e-05,0.0142822607960317
Ausgrid,lightgbm_quantile__c80__h1,0.8,1.0,2013-02,7,1.0,0.01,rolling_user_norm,0.0483430891069086,0.0483430891069086,rolling_user_norm,0.0295772615066093,0.004976663961039,1.8765827600299303,0.0614873140981875,0.0613188716718454,0.0483430891069086,0.0,0.0001790875528303,0.0152769847131207,0.0,1.6061598359312423e-05,0.0143458472796584
Ausgrid,lightgbm_quantile__c80__h1,0.8,1.0,2013-03,8,0.0,0.0,rolling_user_norm,0.0088141558585522,0.0088141558585522,rolling_user_norm,0.0244736037688351,0.0088141558585522,1.8555987043687856,0.0138288123167155,0.0096801906662231,0.0088141558585522,0.0,0.0054881917546391,0.0080850405685932,0.0,0.0046091024453023,0.0057488089997107
Ausgrid,lightgbm_quantile__c80__h1,0.8,1.0,2013-03,8,0.0,0.01,rolling_user_norm,0.0273701429022401,0.0273701429022401,rolling_user_norm,0.0244736037688351,0.0088141558585522,1.8555987043687856,0.0324372461777069,0.0282884448590609,0.0273701429022401,0.0,0.0054880651875363,0.0081437342745003,0.0,0.0046088823235773,0.0058080340254528
Ausgrid,lightgbm_quantile__c80__h1,0.8,1.0,2013-03,8,0.25,0.0,rolling_user_norm,0.012729017836123,0.012729017836123,rolling_user_norm,0.0244736037688351,0.0088141558585522,1.8555987043687856,0.0205747505328939,0.0173095460276819,0.012729017836123,0.0,0.0042246403918672,0.0100902642083634,0.0,0.0036213273831266,0.0081800110952873
Ausgrid,lightgbm_quantile__c80__h1,0.8,1.0,2013-03,8,0.25,0.01,rolling_user_norm,0.0312850048798108,0.0312850048798108,rolling_user_norm,0.0244736037688351,0.0088141558585522,1.8555987043687856,0.0391831843938853,0.0359178002205197,0.0312850048798108,0.0,0.0042245138247644,0.0101489579142705,0.0,0.0036211015793047,0.0082392393822805
Ausgrid,lightgbm_quantile__c80__h1,0.8,1.0,2013-03,8,0.5,0.0,rolling_user_norm,0.0166438798136937,0.0166438798136937,rolling_user_norm,0.0244736037688351,0.0088141558585522,1.8555987043687856,0.0273206887490723,0.0249389013891406,0.0166438798136937,0.0,0.0029610890290953,0.0120954878481337,0.0,0.002624059898866,0.0106106124108609
Ausgrid,lightgbm_quantile__c80__h1,0.8,1.0,2013-03,8,0.5,0.01,rolling_user_norm,0.0351998668573815,0.0351998668573815,rolling_user_norm,0.0244736037688351,0.0088141558585522,1.8555987043687856,0.0459291226100637,0.0435471555819784,0.0351998668573815,0.0,0.0029609624619925,0.0121541815540408,0.0,0.002623822071288,0.0106698456132656
Ausgrid,lightgbm_quantile__c80__h1,0.8,1.0,2013-03,8,0.75,0.0,rolling_user_norm,0.0205587417912644,0.0205587417912644,rolling_user_norm,0.0244736037688351,0.0088141558585522,1.8555987043687856,0.0340666269652507,0.0325682567505993,0.0205587417912644,0.0,0.0016975376663234,0.0141007114879039,0.0,0.0015505541362503,0.0130398899816928
Ausgrid,lightgbm_quantile__c80__h1,0.8,1.0,2013-03,8,0.75,0.01,rolling_user_norm,0.0391147288349523,0.0391147288349523,rolling_user_norm,0.0244736037688351,0.0088141558585522,1.8555987043687856,0.0526750608262421,0.0511765109434371,0.0391147288349523,0.0,0.0016974110992206,0.014159405193811,0.0,0.0015503246501502,0.0130991313639196
Ausgrid,lightgbm_quantile__c80__h1,0.8,1.0,2013-03,8,1.0,0.0,rolling_user_norm,0.0244736037688351,0.0244736037688351,rolling_user_norm,0.0244736037688351,0.0088141558585522,1.8555987043687856,0.0408125651814291,0.0401976121120581,0.0244736037688351,0.0,0.0004339863035515,0.0161059351276742,0.0,0.0001372824832449,0.015465210095005
Ausgrid,lightgbm_quantile__c80__h1,0.8,1.0,2013-03,8,1.0,0.01,rolling_user_norm,0.043029590812523,0.043029590812523,rolling_user_norm,0.0244736037688351,0.0088141558585522,1.8555987043687856,0.0594209990424206,0.0588058663048959,0.043029590812523,0.0,0.0004338597364487,0.0161646288335813,0.0,0.0001371803146175,0.0155244670577361
Ausgrid,lightgbm_quantile__c80__h1,0.8,1.0,2013-04,9,0.0,0.0,rolling_global_norm,0.0116532651072125,0.0093384502923976,rolling_group_norm,0.0402243589743589,0.0116532651072125,1.8060018251708567,0.0116532651072125,0.0093384502923976,0.0137548732943469,0.0,0.0001574796194641,-0.0012245057348149,0.0,-0.0013317410284536,-0.0019371334217544
Ausgrid,lightgbm_quantile__c80__h1,0.8,1.0,2013-04,9,0.0,0.01,rolling_global_norm,0.0297132833589211,0.0273980195297064,rolling_group_norm,0.0402243589743589,0.0116532651072125,1.8060018251708567,0.0297132833589211,0.0273980195297064,0.0317858672664017,0.0,0.0001575471218013,-0.0011692244998576,0.0,-0.001331816127488,-0.0018853293972989
Ausgrid,lightgbm_quantile__c80__h1,0.8,1.0,2013-04,9,0.25,0.0,rolling_user_norm,0.0176426599874826,0.0170790885554186,rolling_group_norm,0.0293060200668896,0.0137548732943469,1.8030993972054743,0.0187960385739991,0.0170790885554186,0.0176426599874826,0.0,0.0001589203532348,0.0028887887723611,0.0,-0.0009438951861327,0.0022039430197274
Ausgrid,lightgbm_quantile__c80__h1,0.8,1.0,2013-04,9,0.25,0.01,rolling_user_norm,0.0356736539595374,0.0351386577927274,rolling_group_norm,0.0293060200668896,0.0137548732943469,1.8030993972054743,0.0368560568257077,0.0351386577927274,0.0356736539595374,0.0,0.000158987855572,0.0029440700073185,0.0,-0.0009439702270917,0.0022545738254876
Ausgrid,lightgbm_quantile__c80__h1,0.8,1.0,2013-04,9,0.5,0.0,rolling_user_norm,0.0215304466806183,0.0215304466806183,rolling_user_norm,0.0293060200668896,0.0137548732943469,1.8030993972054743,0.0259388120407857,0.0248197268184396,0.0215304466806183,0.0,0.0001603610870055,0.0070020832795373,0.0,-0.00055605012864,0.0062585910843961
Ausgrid,lightgbm_quantile__c80__h1,0.8,1.0,2013-04,9,0.5,0.01,rolling_user_norm,0.039561440652673,0.039561440652673,rolling_user_norm,0.0293060200668896,0.0137548732943469,1.8030993972054743,0.0439988302924943,0.0428792960557484,0.039561440652673,0.0,0.0001604285893427,0.0070573645144947,0.0,-0.0005561250487326,0.0063086354580216
Ausgrid,lightgbm_quantile__c80__h1,0.8,1.0,2013-04,9,0.75,0.0,rolling_user_norm,0.0254182333737539,0.0254182333737539,rolling_user_norm,0.0293060200668896,0.0137548732943469,1.8030993972054743,0.0330815855075723,0.0325603650814606,0.0254182333737539,0.0,0.0001618018207762,0.0111153777867135,0.0,-0.000168208612818,0.0102440919333915
Ausgrid,lightgbm_quantile__c80__h1,0.8,1.0,2013-04,9,0.75,0.01,rolling_user_norm,0.0434492273458087,0.0434492273458087,rolling_user_norm,0.0293060200668896,0.0137548732943469,1.8030993972054743,0.0511416037592809,0.0506199343187694,0.0434492273458087,0.0,0.0001618693231134,0.0111706590216709,0.0,-0.0001682831275981,0.0102940879350599
Ausgrid,lightgbm_quantile__c80__h1,0.8,1.0,2013-04,9,1.0,0.0,rolling_user_norm,0.0293060200668896,0.0293060200668896,rolling_user_norm,0.0293060200668896,0.0137548732943469,1.8030993972054743,0.0402243589743589,0.0403010033444816,0.0293060200668896,0.0,0.0001632425545469,0.0152286722938896,0.0,0.000106782984893,0.0141855573017675
Ausgrid,lightgbm_quantile__c80__h1,0.8,1.0,2013-04,9,1.0,0.01,rolling_user_norm,0.0473370140389443,0.0473370140389443,rolling_user_norm,0.0293060200668896,0.0137548732943469,1.8030993972054743,0.0582843772260675,0.0583605725817904,0.0473370140389443,0.0,0.0001633100568841,0.015283953528847,0.0,0.0001069974869829,0.0142357407668634
Ausgrid,lightgbm_quantile__c80__h1,0.8,1.0,2013-05,10,0.0,0.0,rolling_group_norm,0.0131674608993157,0.0131674608993157,rolling_group_norm,0.0417696083719926,0.0131674608993157,2.2035912898548453,0.0164626957177891,0.0131674608993157,0.016909518572825,0.0,0.0042339109841144,0.002660393221808,0.0,0.0037922586518583,-0.0002334397567071
Ausgrid,lightgbm_quantile__c80__h1,0.8,1.0,2013-05,10,0.0,0.01,rolling_group_norm,0.0352033737978642,0.0352033737978642,rolling_group_norm,0.0417696083719926,0.0131674608993157,2.2035912898548453,0.0384994983022517,0.0352033737978642,0.0389033636577605,0.0,0.0042345937261536,0.0027044520852551,0.0,0.0037930752138257,-0.0001909778675105
Ausgrid,lightgbm_quantile__c80__h1,0.8,1.0,2013-05,10,0.25,0.0,rolling_group_norm,0.0203179977674849,0.0203179977674849,rolling_group_norm,0.0417696083719926,0.0131674608993157,2.2035912898548453,0.0228228012683289,0.0203179977674849,0.0204056887552022,0.0,0.0031764286195159,0.0051237787513616,0.0,0.0028455134108301,0.0026282755475402
Ausgrid,lightgbm_quantile__c80__h1,0.8,1.0,2013-05,10,0.25,0.01,rolling_group_norm,0.0423539106660334,0.0423539106660334,rolling_group_norm,0.0417696083719926,0.0131674608993157,2.2035912898548453,0.0448596038527914,0.0423539106660334,0.0423995338401377,0.0,0.0031771113615551,0.0051678376148087,0.0,0.0028463291663439,0.0026705402849362
Ausgrid,lightgbm_quantile__c80__h1,0.8,1.0,2013-05,10,0.5,0.0,rolling_user_norm,0.0239018589375795,0.0239018589375795,rolling_user_norm,0.0308941993023339,0.016909518572825,2.19938450849355,0.0291829068188686,0.0274685346356542,0.0239018589375795,0.0,0.0021189462549175,0.0075871642809151,0.0,0.0018987493068108,0.0054812648246277
Ausgrid,lightgbm_quantile__c80__h1,0.8,1.0,2013-05,10,0.5,0.01,rolling_user_norm,0.045895704022515,0.045895704022515,rolling_user_norm,0.0308941993023339,0.016909518572825,2.19938450849355,0.0512197094033312,0.0495044475342026,0.045895704022515,0.0,0.0021196289969567,0.0076312231443623,0.0,0.0018995634329245,0.0055232661611266
Ausgrid,lightgbm_quantile__c80__h1,0.8,1.0,2013-05,10,0.75,0.0,rolling_user_norm,0.0273980291199567,0.0273980291199567,rolling_user_norm,0.0308941993023339,0.016909518572825,2.19938450849355,0.0355430123694084,0.0346190715038234,0.0273980291199567,0.0,0.0010614638903191,0.0100505498104687,0.0,0.0009519091348998,0.0083196257374173
Ausgrid,lightgbm_quantile__c80__h1,0.8,1.0,2013-05,10,0.75,0.01,rolling_user_norm,0.0493918742048922,0.0493918742048922,rolling_user_norm,0.0308941993023339,0.016909518572825,2.19938450849355,0.057579814953871,0.0566549844023718,0.0493918742048922,0.0,0.0010621466323582,0.0100946086739158,0.0,0.0009527182441748,0.0083612648881872
Ausgrid,lightgbm_quantile__c80__h1,0.8,1.0,2013-05,10,1.0,0.0,rolling_user_norm,0.0308941993023339,0.0308941993023339,rolling_user_norm,0.0308941993023339,0.016909518572825,2.19938450849355,0.0419031179199482,0.0417696083719926,0.0308941993023339,0.0,3.981525720656946e-06,0.0125139353400222,0.0,-3.196271849545115e-06,0.0111314039225441
Ausgrid,lightgbm_quantile__c80__h1,0.8,1.0,2013-05,10,1.0,0.01,rolling_user_norm,0.0528880443872694,0.0528880443872694,rolling_user_norm,0.0308941993023339,0.016909518572825,2.19938450849355,0.0639399205044107,0.0638055212705411,0.0528880443872694,0.0,4.664267759843521e-06,0.0125579942034694,0.0,-2.685539829024889e-06,0.0111725382991388
Ausgrid,lightgbm_quantile__c80__h1,0.8,1.0,2013-06,11,0.0,0.0,rolling_global_norm,0.0165021929824561,0.0154750631313131,rolling_group_norm,0.0427327201783723,0.0165021929824561,2.805462696839536,0.0165021929824561,0.0154750631313131,0.0161512027491409,0.0,0.0019921136180292,-0.0001397263334322,0.0,-0.0003215604343691,-0.0020819322234572
Ausgrid,lightgbm_quantile__c80__h1,0.8,1.0,2013-06,11,0.0,0.01,rolling_global_norm,0.0445568199508515,0.0435287062860062,rolling_group_norm,0.0427327201783723,0.0165021929824561,2.805462696839536,0.0445568199508515,0.0435287062860062,0.0441537407347637,0.0,0.0019931113992192,-8.916380660126816e-05,0.0,-0.0003212249412588,-0.0020274166032311
Ausgrid,lightgbm_quantile__c80__h1,0.8,1.0,2013-06,11,0.25,0.0,rolling_user_norm,0.0196907431989794,0.0196907431989794,rolling_user_norm,0.030309364548495,0.0161512027491409,2.800253798562283,0.0230598247814351,0.0222209619713016,0.0196907431989794,0.0,0.0015340663676335,0.0031434666503611,0.0,-0.0002006543192374,0.0019046048435631
Ausgrid,lightgbm_quantile__c80__h1,0.8,1.0,2013-06,11,0.25,0.01,rolling_user_norm,0.0476932811846022,0.0476932811846022,rolling_user_norm,0.030309364548495,0.0161512027491409,2.800253798562283,0.0511144517498305,0.0502746051259947,0.0476932811846022,0.0,0.0015350641488235,0.0031940291771921,0.0,-0.0002003186637856,0.0019584393579537
Ausgrid,lightgbm_quantile__c80__h1,0.8,1.0,2013-06,11,0.5,0.0,rolling_user_norm,0.0232302836488179,0.0232302836488179,rolling_user_norm,0.030309364548495,0.0161512027491409,2.800253798562283,0.0296174565804142,0.0289668608112901,0.0232302836488179,0.0,0.0010760191172377,0.0064266596341545,0.0,-7.975476383867701e-05,0.0055083141065219
Ausgrid,lightgbm_quantile__c80__h1,0.8,1.0,2013-06,11,0.5,0.01,rolling_user_norm,0.0512328216344408,0.0512328216344408,rolling_user_norm,0.030309364548495,0.0161512027491409,2.800253798562283,0.0576720835488096,0.0570205039659832,0.0512328216344408,0.0,0.0010770168984278,0.0064772221609854,0.0,-7.94187797424498e-05,0.0055593411371855
Ausgrid,lightgbm_quantile__c80__h1,0.8,1.0,2013-06,11,0.75,0.0,rolling_user_norm,0.0267698240986564,0.0267698240986564,rolling_user_norm,0.030309364548495,0.0161512027491409,2.800253798562283,0.0361750883793933,0.0357127596512786,0.0267698240986564,0.0,0.000617971866842,0.0097098526179478,0.0,4.111848087398693e-05,0.0084068163503836
Ausgrid,lightgbm_quantile__c80__h1,0.8,1.0,2013-06,11,0.75,0.01,rolling_user_norm,0.0547723620842793,0.0547723620842793,rolling_user_norm,0.030309364548495,0.0161512027491409,2.800253798562283,0.0642297153477886,0.0637664028059717,0.0547723620842793,0.0,0.0006189696480321,0.0097604151447788,0.0,4.145548266943841e-05,0.0084549290203855
Ausgrid,lightgbm_quantile__c80__h1,0.8,1.0,2013-06,11,1.0,0.0,rolling_user_norm,0.030309364548495,0.030309364548495,rolling_user_norm,0.030309364548495,0.0161512027491409,2.800253798562283,0.0427327201783723,0.0424586584912672,0.030309364548495,0.0,0.0001599246164463,0.0129930456017412,0.0,0.0001501493603926,0.0109685917011208
Ausgrid,lightgbm_quantile__c80__h1,0.8,1.0,2013-06,11,1.0,0.01,rolling_user_norm,0.0583119025341178,0.0583119025341178,rolling_user_norm,0.030309364548495,0.0161512027491409,2.800253798562283,0.0707873471467677,0.0705123016459602,0.0583119025341178,0.0,0.0001609223976363,0.0130436081285722,0.0,0.0001513878998675,0.0110157897089893
Ausgrid,lightgbm_quantile__c90__h1,0.9,1.0,2012-07,0,0.0,0.0,rolling_group_norm,0.0116660557184751,0.0113605816226783,rolling_user_norm,0.0286730859136188,0.0116660557184751,3.571879026106957,0.0144300603659687,0.0116660557184751,0.0113605816226783,0.0,0.003383814650262,0.0019821879264703,0.0,0.0009170878281601,-0.0003468178227621
Ausgrid,lightgbm_quantile__c90__h1,0.9,1.0,2012-07,0,0.0,0.01,rolling_group_norm,0.0473848459795447,0.0470147618157056,rolling_user_norm,0.0286730859136188,0.0116660557184751,3.571879026106957,0.0501524790532299,0.0473848459795447,0.0470147618157056,0.0,0.0033871365252157,0.0020387642777914,0.0,0.0009194232656262,-0.0002920037162601
Ausgrid,lightgbm_quantile__c90__h1,0.9,1.0,2012-07,0,0.25,0.0,rolling_user_norm,0.013257665152169,0.013257665152169,rolling_user_norm,0.0189489157406408,0.0113605816226783,3.565418019302726,0.017995873932728,0.015917813267261,0.013257665152169,0.0,0.0026309291514168,0.0032932582406004,0.0,0.0008128575684675,0.001642285973901
Ausgrid,lightgbm_quantile__c90__h1,0.9,1.0,2012-07,0,0.25,0.01,rolling_user_norm,0.0489118453451962,0.0489118453451962,rolling_user_norm,0.0189489157406408,0.0113605816226783,3.565418019302726,0.0537182926199892,0.0516366035283306,0.0489118453451962,0.0,0.0026342510263705,0.0033498345919215,0.0,0.000815192151259,0.0016970015751579
Ausgrid,lightgbm_quantile__c90__h1,0.9,1.0,2012-07,0,0.5,0.0,rolling_user_norm,0.0151547486816596,0.0151547486816596,rolling_user_norm,0.0189489157406408,0.0113605816226783,3.565418019302726,0.0215616874994874,0.020169570816047,0.0151547486816596,0.0,0.0018780436525716,0.0046043285547306,0.0,0.0007085988595582,0.0036302586443394
Ausgrid,lightgbm_quantile__c90__h1,0.9,1.0,2012-07,0,0.5,0.01,rolling_user_norm,0.0508089288746868,0.0508089288746868,rolling_user_norm,0.0189489157406408,0.0113605816226783,3.565418019302726,0.0572841061867486,0.0558883610771165,0.0508089288746868,0.0,0.0018813655275253,0.0046609049060517,0.0,0.0007109316643711,0.0036847411697969
Ausgrid,lightgbm_quantile__c90__h1,0.9,1.0,2012-07,0,0.75,0.0,rolling_user_norm,0.0170518322111502,0.0170518322111502,rolling_user_norm,0.0189489157406408,0.0113605816226783,3.565418019302726,0.0251275010662467,0.0244213283648329,0.0170518322111502,0.0,0.0011251581537265,0.0059153988688607,0.0,0.0006042054261085,0.0056094968016657
Ausgrid,lightgbm_quantile__c90__h1,0.9,1.0,2012-07,0,0.75,0.01,rolling_user_norm,0.0527060124041774,0.0527060124041774,rolling_user_norm,0.0189489157406408,0.0113605816226783,3.565418019302726,0.0608499197535079,0.0601401186259025,0.0527060124041774,0.0,0.0011284800286801,0.0059719752201818,0.0,0.0006065322896852,0.0056627901330258
Ausgrid,lightgbm_quantile__c90__h1,0.9,1.0,2012-07,0,1.0,0.0,rolling_user_norm,0.0189489157406408,0.0189489157406408,rolling_user_norm,0.0189489157406408,0.0113605816226783,3.565418019302726,0.028693314633006,0.0286730859136188,0.0189489157406408,0.0,0.0003722726548813,0.0072264691829909,0.0,0.0002428271364308,0.0068264678347869
Ausgrid,lightgbm_quantile__c90__h1,0.9,1.0,2012-07,0,1.0,0.01,rolling_user_norm,0.0546030959336681,0.0546030959336681,rolling_user_norm,0.0189489157406408,0.0113605816226783,3.565418019302726,0.0644157333202672,0.0643918761746884,0.0546030959336681,0.0,0.000375594529835,0.0072830455343119,0.0,0.0002470751391044,0.0068831001433813
Ausgrid,lightgbm_quantile__c90__h1,0.9,1.0,2012-08,1,0.0,0.0,rolling_group_norm,0.003992171288436,0.003992171288436,rolling_group_norm,0.0273681087495954,0.003992171288436,3.260280051146965,0.0075490522115064,0.003992171288436,0.0057154203323558,0.0,0.0045389914277258,0.0036315369120238,0.0,0.0032875373833481,0.0015577557144554
Ausgrid,lightgbm_quantile__c90__h1,0.9,1.0,2012-08,1,0.0,0.01,rolling_group_norm,0.0365949717999057,0.0365949717999057,rolling_group_norm,0.0273681087495954,0.003992171288436,3.260280051146965,0.0401534318245804,0.0365949717999057,0.0382479154434545,0.0,0.0045422708752556,0.0037216854698646,0.0,0.0032898020771384,0.0016366593164361
Ausgrid,lightgbm_quantile__c90__h1,0.9,1.0,2012-08,1,0.25,0.0,rolling_user_norm,0.0086011263310088,0.0086011263310088,rolling_user_norm,0.017258244326968,0.0057154203323558,3.2532495111098747,0.0125858550413212,0.0098361556537259,0.0086011263310088,0.0,0.0034543444361126,0.0050258040350822,0.0,0.002498316187497,0.003290256382054
Ausgrid,lightgbm_quantile__c90__h1,0.9,1.0,2012-08,1,0.25,0.01,rolling_user_norm,0.0411336214421076,0.0411336214421076,rolling_user_norm,0.017258244326968,0.0057154203323558,3.2532495111098747,0.0451902346543952,0.0424389561651955,0.0411336214421076,0.0,0.0034576238836424,0.0051159525929231,0.0,0.0025005808502582,0.0033691678667454
Ausgrid,lightgbm_quantile__c90__h1,0.9,1.0,2012-08,1,0.5,0.0,rolling_user_norm,0.0114868323296619,0.0114868323296619,rolling_user_norm,0.017258244326968,0.0057154203323558,3.2532495111098747,0.017622657871136,0.0156801400190157,0.0114868323296619,0.0,0.0023696974444994,0.0064200711581406,0.0,0.0017090947406577,0.0050222840217323
Ausgrid,lightgbm_quantile__c90__h1,0.9,1.0,2012-08,1,0.5,0.01,rolling_user_norm,0.0440193274407606,0.0440193274407606,rolling_user_norm,0.017258244326968,0.0057154203323558,3.2532495111098747,0.05022703748421,0.0482829405304854,0.0440193274407606,0.0,0.0023729768920292,0.0065102197159815,0.0,0.0017113593450647,0.0051012109434865
Ausgrid,lightgbm_quantile__c90__h1,0.9,1.0,2012-08,1,0.75,0.0,rolling_user_norm,0.0143725383283149,0.0143725383283149,rolling_user_norm,0.017258244326968,0.0057154203323558,3.2532495111098747,0.0226594607009508,0.0215241243843055,0.0143725383283149,0.0,0.0012850504528862,0.0078143382811991,0.0,0.0009198724336887,0.0067533867631177
Ausgrid,lightgbm_quantile__c90__h1,0.9,1.0,2012-08,1,0.75,0.01,rolling_user_norm,0.0469050334394137,0.0469050334394137,rolling_user_norm,0.017258244326968,0.0057154203323558,3.2532495111098747,0.0552638403140248,0.0541269248957752,0.0469050334394137,0.0,0.0012883299004161,0.00790448683904,0.0,0.0009221368879708,0.0068323485156128
Ausgrid,lightgbm_quantile__c90__h1,0.9,1.0,2012-08,1,1.0,0.0,rolling_user_norm,0.017258244326968,0.017258244326968,rolling_user_norm,0.017258244326968,0.0057154203323558,3.2532495111098747,0.0276962635307656,0.0273681087495954,0.017258244326968,0.0,0.000200403461273,0.0092086054042575,0.0,0.0001306383389177,0.0084822766970162
Ausgrid,lightgbm_quantile__c90__h1,0.9,1.0,2012-08,1,1.0,0.01,rolling_user_norm,0.0497907394380667,0.0497907394380667,rolling_user_norm,0.017258244326968,0.0057154203323558,3.2532495111098747,0.0603006431438395,0.059970909261065,0.0497907394380667,0.0,0.0002036829088029,0.0092987539620984,0.0,0.0001329015589562,0.0085613385632979
Ausgrid,lightgbm_quantile__c90__h1,0.9,1.0,2012-09,2,0.0,0.0,rolling_group_norm,0.0154592803030302,0.0154592803030302,rolling_group_norm,0.0308783909327387,0.0154592803030302,2.454796701586876,0.0177241161616161,0.0154592803030302,0.0187342171717171,0.0,0.004295532646048,0.0029585248657413,0.0,0.00399964252697,0.0023883562682305
Ausgrid,lightgbm_quantile__c90__h1,0.9,1.0,2012-09,2,0.0,0.01,rolling_group_norm,0.0400072473188989,0.0400072473188989,rolling_group_norm,0.0308783909327387,0.0154592803030302,2.454796701586876,0.0422737996256832,0.0400072473188989,0.0432570699955337,0.0,0.0042972938872604,0.0030310264984836,0.0,0.0040010301995451,0.0024776280877955
Ausgrid,lightgbm_quantile__c90__h1,0.9,1.0,2012-09,2,0.25,0.0,rolling_user_norm,0.0201723416227492,0.0193140579604573,rolling_group_norm,0.0244867149758454,0.0187342171717171,2.452285282381658,0.0212095215322117,0.0193140579604573,0.0201723416227492,0.0,0.0033191968646921,0.0046323618236437,0.0,0.0030949509926902,0.0043780516295927
Ausgrid,lightgbm_quantile__c90__h1,0.9,1.0,2012-09,2,0.25,0.01,rolling_user_norm,0.0446951944465658,0.0438620249763261,rolling_group_norm,0.0244867149758454,0.0187342171717171,2.452285282381658,0.0457592049962788,0.0438620249763261,0.0446951944465658,0.0,0.0033209581059044,0.004704863456386,0.0,0.0030963702871745,0.0044632860648786
Ausgrid,lightgbm_quantile__c90__h1,0.9,1.0,2012-09,2,0.5,0.0,rolling_user_norm,0.0216104660737812,0.0216104660737812,rolling_user_norm,0.0244867149758454,0.0187342171717171,2.452285282381658,0.0246949269028073,0.0231688356178844,0.0216104660737812,0.0,0.0023428610833362,0.0063061987815461,0.0,0.0021796949349383,0.0060310460431905
Ausgrid,lightgbm_quantile__c90__h1,0.9,1.0,2012-09,2,0.5,0.01,rolling_user_norm,0.0461333188975978,0.0461333188975978,rolling_user_norm,0.0244867149758454,0.0187342171717171,2.452285282381658,0.0492446103668744,0.0477168026337532,0.0461333188975978,0.0,0.0023446223245485,0.0063787004142884,0.0,0.0021811936357686,0.006092477807497
Ausgrid,lightgbm_quantile__c90__h1,0.9,1.0,2012-09,2,0.75,0.0,rolling_user_norm,0.0230485905248133,0.0230485905248133,rolling_user_norm,0.0244867149758454,0.0187342171717171,2.452285282381658,0.0281803322734029,0.0270236132753116,0.0230485905248133,0.0,0.0013665253019802,0.0079800357394485,0.0,0.001237832236171,0.0073815390448324
Ausgrid,lightgbm_quantile__c90__h1,0.9,1.0,2012-09,2,0.75,0.01,rolling_user_norm,0.0475714433486299,0.0475714433486299,rolling_user_norm,0.0244867149758454,0.0187342171717171,2.452285282381658,0.05273001573747,0.0515715802911803,0.0475714433486299,0.0,0.0013682865431926,0.0080525373721908,0.0,0.001239523518057,0.0074385821339161
Ausgrid,lightgbm_quantile__c90__h1,0.9,1.0,2012-09,2,1.0,0.0,rolling_user_norm,0.0244867149758454,0.0244867149758454,rolling_user_norm,0.0244867149758454,0.0187342171717171,2.452285282381658,0.0316657376439985,0.0308783909327387,0.0244867149758454,0.0,0.0003901895206243,0.0096538726973509,0.0,0.0002484067617181,0.0086988117218505
Ausgrid,lightgbm_quantile__c90__h1,0.9,1.0,2012-09,2,1.0,0.01,rolling_user_norm,0.0490095677996619,0.0490095677996619,rolling_user_norm,0.0244867149758454,0.0187342171717171,2.452285282381658,0.0562154211080656,0.0554263579486075,0.0490095677996619,0.0,0.0003919507618366,0.0097263743300932,0.0,0.0002503434551781,0.0087550800399901
Ausgrid,lightgbm_quantile__c90__h1,0.9,1.0,2012-10,3,0.0,0.0,rolling_group_norm,0.0021921073051768,0.0021921073051768,rolling_group_norm,0.0290974394936526,0.0021921073051768,2.331297455377085,0.0069019996227127,0.0021921073051768,0.0043398736282008,0.0,0.0010199565611936,-0.0002652165989794,0.0,0.0001563091190701,-0.0012995712006496
Ausgrid,lightgbm_quantile__c90__h1,0.9,1.0,2012-10,3,0.0,0.01,rolling_group_norm,0.0255050818589476,0.0255050818589476,rolling_group_norm,0.0290974394936526,0.0021921073051768,2.331297455377085,0.0302167088396737,0.0255050818589476,0.0275897554278303,0.0,0.0010209835329053,-0.0002067054533904,0.0,0.0001576253687087,-0.0012374176004528
Ausgrid,lightgbm_quantile__c90__h1,0.9,1.0,2012-10,3,0.25,0.0,rolling_user_norm,0.0081707087957901,0.0081707087957901,rolling_user_norm,0.0196632142985579,0.0043398736282008,2.3249881799629493,0.0125131190934505,0.0089184403522957,0.0081707087957901,0.0,0.0008766160379786,0.0020997550668242,0.0,0.0002213629834345,0.0011472406211572
Ausgrid,lightgbm_quantile__c90__h1,0.9,1.0,2012-10,3,0.25,0.01,rolling_user_norm,0.0314205905954196,0.0314205905954196,rolling_user_norm,0.0196632142985579,0.0043398736282008,2.3249881799629493,0.0358278283104115,0.0322314149060666,0.0314205905954196,0.0,0.0008776430096903,0.0021582662124132,0.0,0.000222658797767,0.001209405745447
Ausgrid,lightgbm_quantile__c90__h1,0.9,1.0,2012-10,3,0.5,0.0,rolling_user_norm,0.0120015439633793,0.0120015439633793,rolling_user_norm,0.0196632142985579,0.0043398736282008,2.3249881799629493,0.0181242385641883,0.0156447733994147,0.0120015439633793,0.0,0.0007332755147636,0.0044647267326278,0.0,0.0002845391421214,0.0035925436887934
Ausgrid,lightgbm_quantile__c90__h1,0.9,1.0,2012-10,3,0.5,0.01,rolling_user_norm,0.0352514257630088,0.0352514257630088,rolling_user_norm,0.0196632142985579,0.0043398736282008,2.3249881799629493,0.0414389477811493,0.0389577479531856,0.0352514257630088,0.0,0.0007343024864753,0.0045232378782169,0.0,0.0002857944915717,0.0036547161415972
Ausgrid,lightgbm_quantile__c90__h1,0.9,1.0,2012-10,3,0.75,0.0,rolling_user_norm,0.0158323791309686,0.0158323791309686,rolling_user_norm,0.0196632142985579,0.0043398736282008,2.3249881799629493,0.0237353580349262,0.0223711064465337,0.0158323791309686,0.0,0.0005899349915486,0.0068296983984315,0.0,0.0003411173792,0.0060358798295881
Ausgrid,lightgbm_quantile__c90__h1,0.9,1.0,2012-10,3,0.75,0.01,rolling_user_norm,0.0390822609305981,0.0390822609305981,rolling_user_norm,0.0196632142985579,0.0043398736282008,2.3249881799629493,0.0470500672518871,0.0456840810003045,0.0390822609305981,0.0,0.0005909619632603,0.0068882095440206,0.0,0.0003422600723222,0.0060980519687671
Ausgrid,lightgbm_quantile__c90__h1,0.9,1.0,2012-10,3,1.0,0.0,rolling_user_norm,0.0196632142985579,0.0196632142985579,rolling_user_norm,0.0196632142985579,0.0043398736282008,2.3249881799629493,0.029346477505664,0.0290974394936526,0.0196632142985579,0.0,0.0004465944683335,0.0091946700642352,0.0,0.0003417413246631,0.0084766047858176
Ausgrid,lightgbm_quantile__c90__h1,0.9,1.0,2012-10,3,1.0,0.01,rolling_user_norm,0.0429130960981874,0.0429130960981874,rolling_user_norm,0.0196632142985579,0.0043398736282008,2.3249881799629493,0.052661186722625,0.0524104140474235,0.0429130960981874,0.0,0.0004476214400452,0.0092531812098243,0.0,0.0003423411234619,0.0085387631627256
Ausgrid,lightgbm_quantile__c90__h1,0.9,1.0,2012-11,4,0.0,0.0,rolling_group_norm,0.0056486254295532,0.0056486254295532,rolling_group_norm,0.0291922147900408,0.0056486254295532,2.3485499091622173,0.0078642787524366,0.0056486254295532,0.0086410984848485,0.0,0.00242318591308,0.0008737911698437,0.0,0.0023336038961038,-0.0010840239676854
Ausgrid,lightgbm_quantile__c90__h1,0.9,1.0,2012-11,4,0.0,0.01,rolling_group_norm,0.0291341245211754,0.0291341245211754,rolling_group_norm,0.0291922147900408,0.0056486254295532,2.3485499091622173,0.0313508288760394,0.0291341245211754,0.0320536762436302,0.0,0.0024246360569886,0.0009520269976472,0.0,0.0023346592480523,-0.0010055593786267
Ausgrid,lightgbm_quantile__c90__h1,0.9,1.0,2012-11,4,0.25,0.0,rolling_group_norm,0.0115345227696751,0.0110585830609607,rolling_user_norm,0.0291922147900408,0.0056486254295532,2.3485499091622173,0.0132705845752899,0.0115345227696751,0.0110585830609607,0.0,0.0018553798260613,0.0030576964590837,0.0,0.0018168717842307,0.001328509947206
Ausgrid,lightgbm_quantile__c90__h1,0.9,1.0,2012-11,4,0.25,0.01,rolling_group_norm,0.0350200218612973,0.0344711608197424,rolling_user_norm,0.0291922147900408,0.0056486254295532,2.3485499091622173,0.0367571346988927,0.0350200218612973,0.0344711608197424,0.0,0.0018568299699699,0.0031359322868871,0.0,0.0018180021399009,0.0014068183918938
Ausgrid,lightgbm_quantile__c90__h1,0.9,1.0,2012-11,4,0.5,0.0,rolling_user_norm,0.013476067637073,0.013476067637073,rolling_user_norm,0.0183110367892976,0.0086410984848485,2.341257775878169,0.0186768903981432,0.017420420109797,0.013476067637073,0.0,0.0012875737390425,0.0052416017483237,0.0,0.0012414502287022,0.0037239108964185
Ausgrid,lightgbm_quantile__c90__h1,0.9,1.0,2012-11,4,0.5,0.01,rolling_user_norm,0.0368886453958547,0.0368886453958547,rolling_user_norm,0.0183110367892976,0.0086410984848485,2.341257775878169,0.042163440521746,0.0409059192014192,0.0368886453958547,0.0,0.0012890238829511,0.0053198375761271,0.0,0.0012431332299839,0.0038020171150317
Ausgrid,lightgbm_quantile__c90__h1,0.9,1.0,2012-11,4,0.75,0.0,rolling_user_norm,0.0158935522131853,0.0158935522131853,rolling_user_norm,0.0183110367892976,0.0086410984848485,2.341257775878169,0.0240831962209965,0.0233063174499189,0.0158935522131853,0.0,0.0007197676520238,0.0074255070375636,0.0,0.0006199755454873,0.0060939895949332
Ausgrid,lightgbm_quantile__c90__h1,0.9,1.0,2012-11,4,0.75,0.01,rolling_user_norm,0.039306129971967,0.039306129971967,rolling_user_norm,0.0183110367892976,0.0086410984848485,2.341257775878169,0.0475697463445993,0.0467918165415411,0.039306129971967,0.0,0.0007212177959324,0.007503742865367,0.0,0.000621764887116,0.0061718357021771
Ausgrid,lightgbm_quantile__c90__h1,0.9,1.0,2012-11,4,1.0,0.0,rolling_user_norm,0.0183110367892976,0.0183110367892976,rolling_user_norm,0.0183110367892976,0.0086410984848485,2.341257775878169,0.0294895020438498,0.0291922147900408,0.0183110367892976,0.0,0.000151961565005,0.0096094123268036,0.0,-6.076810866926163e-06,0.0084267266005529
Ausgrid,lightgbm_quantile__c90__h1,0.9,1.0,2012-11,4,1.0,0.01,rolling_user_norm,0.0417236145480793,0.0417236145480793,rolling_user_norm,0.0183110367892976,0.0086410984848485,2.341257775878169,0.0529760521674526,0.052677713881663,0.0417236145480793,0.0,0.0001534117089136,0.009687648154607,0.0,-4.266404706179162e-06,0.0085042513151786
Ausgrid,lightgbm_quantile__c90__h1,0.9,1.0,2012-12,5,0.0,0.0,rolling_global_norm,0.0074184384164223,0.0037909335288367,rolling_group_norm,0.0308384579422447,0.0074184384164223,2.51041131093148,0.0074184384164223,0.0037909335288367,0.0046585744374237,0.0,0.0027030198667814,0.0004976568027639,0.0,-0.0004163827692335,-0.0029023027817346
Ausgrid,lightgbm_quantile__c90__h1,0.9,1.0,2012-12,5,0.0,0.01,rolling_global_norm,0.0325225515257371,0.0288939012226837,rolling_group_norm,0.0308384579422447,0.0074184384164223,2.51041131093148,0.0325225515257371,0.0288939012226837,0.0297057835799826,0.0,0.0027044175813756,0.0005918177204458,0.0,-0.0004170638557322,-0.0028148104022498
Ausgrid,lightgbm_quantile__c90__h1,0.9,1.0,2012-12,5,0.25,0.0,rolling_user_norm,0.0087556455042285,0.0087556455042285,rolling_user_norm,0.0210468587046427,0.0046585744374237,2.504720914255885,0.0132734432978779,0.0104197546113306,0.0087556455042285,0.0,0.0020869877858959,0.0031019148959626,0.0,-0.00030149583227,0.0002220320749207
Ausgrid,lightgbm_quantile__c90__h1,0.9,1.0,2012-12,5,0.25,0.01,rolling_user_norm,0.0338028546467873,0.0338028546467873,rolling_user_norm,0.0210468587046427,0.0046585744374237,2.504720914255885,0.0383775564071927,0.0355227223051776,0.0338028546467873,0.0,0.0020883855004901,0.0031960758136445,0.0,-0.000302182860358,0.0003096698453605
Ausgrid,lightgbm_quantile__c90__h1,0.9,1.0,2012-12,5,0.5,0.0,rolling_user_norm,0.0128527165710332,0.0128527165710332,rolling_user_norm,0.0210468587046427,0.0046585744374237,2.504720914255885,0.0191284481793335,0.0170485756938246,0.0128527165710332,0.0,0.0014709557050103,0.0057061729891613,0.0,-0.0001879731011812,0.003321099315618
Ausgrid,lightgbm_quantile__c90__h1,0.9,1.0,2012-12,5,0.5,0.01,rolling_user_norm,0.0378999257135921,0.0378999257135921,rolling_user_norm,0.0210468587046427,0.0046585744374237,2.504720914255885,0.0442325612886483,0.0421515433876716,0.0378999257135921,0.0,0.0014723534196046,0.0058003339068432,0.0,-0.0001886695828435,0.0034090131128594
Ausgrid,lightgbm_quantile__c90__h1,0.9,1.0,2012-12,5,0.75,0.0,rolling_user_norm,0.0169497876378379,0.0169497876378379,rolling_user_norm,0.0210468587046427,0.0046585744374237,2.504720914255885,0.0249834530607891,0.0236773967763185,0.0169497876378379,0.0,0.0008549236241248,0.00831043108236,0.0,-7.901704576411127e-05,0.0063754170586084
Ausgrid,lightgbm_quantile__c90__h1,0.9,1.0,2012-12,5,0.75,0.01,rolling_user_norm,0.0419969967803968,0.0419969967803968,rolling_user_norm,0.0210468587046427,0.0046585744374237,2.504720914255885,0.0500875661701039,0.0487803644701655,0.0419969967803968,0.0,0.0008563213387191,0.0084045920000419,0.0,-7.972745409624404e-05,0.0064638853389718
Ausgrid,lightgbm_quantile__c90__h1,0.9,1.0,2012-12,5,1.0,0.0,rolling_user_norm,0.0210468587046427,0.0210468587046427,rolling_user_norm,0.0210468587046427,0.0046585744374237,2.504720914255885,0.0308384579422447,0.0303062178588125,0.0210468587046427,0.0,0.0002388915432393,0.0109146891755587,0.0,-1.6950530759951782e-05,0.0093459847436817
Ausgrid,lightgbm_quantile__c90__h1,0.9,1.0,2012-12,5,1.0,0.01,rolling_user_norm,0.0460940678472015,0.0460940678472015,rolling_user_norm,0.0210468587046427,0.0046585744374237,2.504720914255885,0.0559425710515595,0.0554091855526595,0.0460940678472015,0.0,0.0002402892578336,0.0110088500932406,0.0,-1.7367241201970165e-05,0.0094355983563932
Ausgrid,lightgbm_quantile__c90__h1,0.9,1.0,2013-01,6,0.0,0.0,rolling_group_norm,0.0090441747034697,0.0090441747034697,rolling_group_norm,0.0323389793936778,0.0090441747034697,2.968470685120729,0.0100853612525938,0.0090441747034697,0.0116049608993157,0.0,0.0025731356272593,0.0018079223069388,0.0,0.0006637283332493,-0.0011780945815104
Ausgrid,lightgbm_quantile__c90__h1,0.9,1.0,2013-01,6,0.0,0.01,rolling_group_norm,0.038728881554677,0.038728881554677,rolling_group_norm,0.0323389793936778,0.0090441747034697,2.968470685120729,0.0397717978725419,0.038728881554677,0.0411882892625082,0.0,0.0025745340057779,0.0018792234591322,0.0,0.000664075708046,-0.0011217207251108
Ausgrid,lightgbm_quantile__c90__h1,0.9,1.0,2013-01,6,0.25,0.0,rolling_user_norm,0.0143387676051157,0.0143387676051157,rolling_user_norm,0.0225401877225159,0.0116049608993157,2.9583328363192494,0.0157462007862465,0.0148678758760217,0.0143387676051157,0.0,0.0020142932451034,0.0036889499056035,0.0,0.0005708488388334,0.0007542604123762
Ausgrid,lightgbm_quantile__c90__h1,0.9,1.0,2013-01,6,0.25,0.01,rolling_user_norm,0.0439220959683082,0.0439220959683082,rolling_user_norm,0.0225401877225159,0.0116049608993157,2.9583328363192494,0.0454326374061946,0.044552582727229,0.0439220959683082,0.0,0.002015691623622,0.0037602510577969,0.0,0.0005711971964579,0.0008105407498549
Ausgrid,lightgbm_quantile__c90__h1,0.9,1.0,2013-01,6,0.5,0.0,rolling_user_norm,0.0170725743109158,0.0170725743109158,rolling_user_norm,0.0225401877225159,0.0116049608993157,2.9583328363192494,0.0214070403198992,0.0206915770485737,0.0170725743109158,0.0,0.0014554508629475,0.0055699775042683,0.0,0.0004779349542488,0.0026860304471041
Ausgrid,lightgbm_quantile__c90__h1,0.9,1.0,2013-01,6,0.5,0.01,rolling_user_norm,0.0466559026741083,0.0466559026741083,rolling_user_norm,0.0225401877225159,0.0116049608993157,2.9583328363192494,0.0510934769398473,0.050376283899781,0.0466559026741083,0.0,0.0014568492414661,0.0056412786564617,0.0,0.000478285267555,0.0027422170069053
Ausgrid,lightgbm_quantile__c90__h1,0.9,1.0,2013-01,6,0.75,0.0,rolling_user_norm,0.0198063810167158,0.0198063810167158,rolling_user_norm,0.0225401877225159,0.0116049608993157,2.9583328363192494,0.0270678798535519,0.0265152782211258,0.0198063810167158,0.0,0.0008966084807915,0.0074510051029331,0.0,0.0003848927318456,0.0046171840996399
Ausgrid,lightgbm_quantile__c90__h1,0.9,1.0,2013-01,6,0.75,0.01,rolling_user_norm,0.0493897093799083,0.0493897093799083,rolling_user_norm,0.0225401877225159,0.0116049608993157,2.9583328363192494,0.0567543164735,0.0561999850723331,0.0493897093799083,0.0,0.0008980068593102,0.0075223062551265,0.0,0.0003852488168003,0.0046732768347114
Ausgrid,lightgbm_quantile__c90__h1,0.9,1.0,2013-01,6,1.0,0.0,rolling_user_norm,0.0225401877225159,0.0225401877225159,rolling_user_norm,0.0225401877225159,0.0116049608993157,2.9583328363192494,0.0327287193872046,0.0323389793936778,0.0225401877225159,0.0,0.0003377660986356,0.0093320327015979,0.0,0.0002879793346023,0.0065476880799324
Ausgrid,lightgbm_quantile__c90__h1,0.9,1.0,2013-01,6,1.0,0.01,rolling_user_norm,0.0521235160857084,0.0521235160857084,rolling_user_norm,0.0225401877225159,0.0116049608993157,2.9583328363192494,0.0624151560071527,0.0620236862448851,0.0521235160857084,0.0,0.0003391644771543,0.0094033338537913,0.0,0.0002885262754306,0.0066036871846265
Ausgrid,lightgbm_quantile__c90__h1,0.9,1.0,2013-02,7,0.0,0.0,rolling_group_norm,0.0068374060150375,0.0020388438880706,rolling_user_norm,0.0315391583054626,0.0068374060150375,2.4542777555795934,0.0069686823593073,0.0068374060150375,0.0020388438880706,0.0,0.0033245520731955,0.0003328939930269,0.0,0.0025454946169851,-5.787753290068648e-05
Ausgrid,lightgbm_quantile__c90__h1,0.9,1.0,2013-02,7,0.0,0.01,rolling_group_norm,0.0313801835708335,0.0265125473031581,rolling_user_norm,0.0315391583054626,0.0068374060150375,2.4542777555795934,0.0315103483005062,0.0313801835708335,0.0265125473031581,0.0,0.0033265949363292,0.000464739787086,0.0,0.0025474620961019,7.662356551938425e-05
Ausgrid,lightgbm_quantile__c90__h1,0.9,1.0,2013-02,7,0.25,0.0,rolling_user_norm,0.0069671505143966,0.0069671505143966,rolling_user_norm,0.0217520703933747,0.0020388438880706,2.4473703415087504,0.0131919272416894,0.0130128440876438,0.0069671505143966,0.0,0.0025065199103938,0.0033195927223011,0.0,0.0019600354106049,0.0030091975538606
Ausgrid,lightgbm_quantile__c90__h1,0.9,1.0,2013-02,7,0.25,0.01,rolling_user_norm,0.0314408539294841,0.0314408539294841,rolling_user_norm,0.0217520703933747,0.0020388438880706,2.4473703415087504,0.0377335931828883,0.0375556216434397,0.0314408539294841,0.0,0.0025085627735275,0.0034514385163602,0.0,0.0019620135250099,0.0031420893358354
Ausgrid,lightgbm_quantile__c90__h1,0.9,1.0,2013-02,7,0.5,0.0,rolling_user_norm,0.0118954571407226,0.0118954571407226,rolling_user_norm,0.0217520703933747,0.0020388438880706,2.4473703415087504,0.0194151721240715,0.0191882821602501,0.0118954571407226,0.0,0.0016884877475921,0.0063062914515753,0.0,0.0013480486870548,0.0060161541079204
Ausgrid,lightgbm_quantile__c90__h1,0.9,1.0,2013-02,7,0.5,0.01,rolling_user_norm,0.0363691605558101,0.0363691605558101,rolling_user_norm,0.0217520703933747,0.0020388438880706,2.4473703415087504,0.0439568380652704,0.043731059716046,0.0363691605558101,0.0,0.0016905306107257,0.0064381372456344,0.0,0.0013500561823365,0.0061466730591276
Ausgrid,lightgbm_quantile__c90__h1,0.9,1.0,2013-02,7,0.75,0.0,rolling_user_norm,0.0168237637670487,0.0168237637670487,rolling_user_norm,0.0217520703933747,0.0020388438880706,2.4473703415087504,0.0256384170064536,0.0253637202328563,0.0168237637670487,0.0,0.0008704555847903,0.0092929901808495,0.0,0.0006281936266396,0.0089521002598315
Ausgrid,lightgbm_quantile__c90__h1,0.9,1.0,2013-02,7,0.75,0.01,rolling_user_norm,0.0412974671821362,0.0412974671821362,rolling_user_norm,0.0217520703933747,0.0020388438880706,2.4473703415087504,0.0501800829476525,0.0499064977886523,0.0412974671821362,0.0,0.000872498447924,0.0094248359749086,0.0,0.0006302831537819,0.0090807464937887
Ausgrid,lightgbm_quantile__c90__h1,0.9,1.0,2013-02,7,1.0,0.0,rolling_user_norm,0.0217520703933747,0.0217520703933747,rolling_user_norm,0.0217520703933747,0.0020388438880706,2.4473703415087504,0.0318616618888358,0.0315391583054626,0.0217520703933747,0.0,5.2423421988632056e-05,0.0122796889101236,0.0,-0.0003039774980326,0.0118410273768241
Ausgrid,lightgbm_quantile__c90__h1,0.9,1.0,2013-02,7,1.0,0.01,rolling_user_norm,0.0462257738084622,0.0462257738084622,rolling_user_norm,0.0217520703933747,0.0020388438880706,2.4473703415087504,0.0564033278300346,0.0560819358612585,0.0462257738084622,0.0,5.4466285122280654e-05,0.0124115347041827,0.0,-0.0003018374028227,0.0119687757263006
Ausgrid,lightgbm_quantile__c90__h1,0.9,1.0,2013-03,8,0.0,0.0,rolling_user_norm,0.0070294313269039,0.0070294313269039,rolling_user_norm,0.018283166109253,0.0070294313269039,2.41431135068149,0.0106335532746822,0.0080201751468794,0.0070294313269039,0.0,0.0015735891261529,0.0035103468279675,0.0,0.0003542758080192,0.0022021067543789
Ausgrid,lightgbm_quantile__c90__h1,0.9,1.0,2013-03,8,0.0,0.01,rolling_user_norm,0.0311725448337188,0.0311725448337188,rolling_user_norm,0.018283166109253,0.0070294313269039,2.41431135068149,0.034875585132415,0.0322620747175111,0.0311725448337188,0.0,0.0015731389857618,0.0036075594910482,0.0,0.000353643407976,0.0023063642067768
Ausgrid,lightgbm_quantile__c90__h1,0.9,1.0,2013-03,8,0.25,0.0,rolling_user_norm,0.0098428650224912,0.0098428650224912,rolling_user_norm,0.018283166109253,0.0070294313269039,2.41431135068149,0.015787159238027,0.0138401619280022,0.0098428650224912,0.0,0.0012196753080111,0.0054969701862727,0.0,0.0003091315959168,0.0046086940736294
Ausgrid,lightgbm_quantile__c90__h1,0.9,1.0,2013-03,8,0.25,0.01,rolling_user_norm,0.0339859785293061,0.0339859785293061,rolling_user_norm,0.018283166109253,0.0070294313269039,2.41431135068149,0.0400291910957597,0.0380820614986339,0.0339859785293061,0.0,0.0012192251676201,0.0055941828493533,0.0,0.0003084996643782,0.0047130911712966
Ausgrid,lightgbm_quantile__c90__h1,0.9,1.0,2013-03,8,0.5,0.0,rolling_user_norm,0.0126562987180784,0.0126562987180784,rolling_user_norm,0.018283166109253,0.0070294313269039,2.41431135068149,0.0209407652013717,0.0196601487091249,0.0126562987180784,0.0,0.0008657614898694,0.0074835935445778,0.0,0.000263645717527,0.0069637712150545
Ausgrid,lightgbm_quantile__c90__h1,0.9,1.0,2013-03,8,0.5,0.01,rolling_user_norm,0.0367994122248933,0.0367994122248933,rolling_user_norm,0.018283166109253,0.0070294313269039,2.41431135068149,0.0451827970591045,0.0439020482797566,0.0367994122248933,0.0,0.0008653113494784,0.0075808062076585,0.0,0.0002630148377139,0.0070678009812714
Ausgrid,lightgbm_quantile__c90__h1,0.9,1.0,2013-03,8,0.75,0.0,rolling_user_norm,0.0154697324136657,0.0154697324136657,rolling_user_norm,0.018283166109253,0.0070294313269039,2.41431135068149,0.0260943711647165,0.0254801354902477,0.0154697324136657,0.0,0.0005118476717277,0.0094702169028829,0.0,0.0002167449391329,0.0090764727015561
Ausgrid,lightgbm_quantile__c90__h1,0.9,1.0,2013-03,8,0.75,0.01,rolling_user_norm,0.0396128459204806,0.0396128459204806,rolling_user_norm,0.018283166109253,0.0070294313269039,2.41431135068149,0.0503364030224492,0.0497220350608794,0.0396128459204806,0.0,0.0005113975313366,0.0095674295659636,0.0,0.0002161181691648,0.0091754287760546
Ausgrid,lightgbm_quantile__c90__h1,0.9,1.0,2013-03,8,1.0,0.0,rolling_user_norm,0.018283166109253,0.018283166109253,rolling_user_norm,0.018283166109253,0.0070294313269039,2.41431135068149,0.0312479771280612,0.0313001222713705,0.018283166109253,0.0,0.000157933853586,0.011456840261188,0.0,0.0001058137031749,0.0107908881775402
Ausgrid,lightgbm_quantile__c90__h1,0.9,1.0,2013-03,8,1.0,0.01,rolling_user_norm,0.0424262796160679,0.0424262796160679,rolling_user_norm,0.018283166109253,0.0070294313269039,2.41431135068149,0.055490008985794,0.0555420218420022,0.0424262796160679,0.0,0.0001574837131949,0.0115540529242687,0.0,0.0001054511928057,0.0108848793174169
Ausgrid,lightgbm_quantile__c90__h1,0.9,1.0,2013-04,9,0.0,0.0,rolling_global_norm,0.0100085282651072,0.0085465399610136,rolling_group_norm,0.0327968227424749,0.0100085282651072,2.31483663893599,0.0100085282651072,0.0085465399610136,0.0139680799220273,0.0,-0.0001026232501748,-0.0009358124693176,0.0,-0.0012840657939941,-0.0028052738123372
Ausgrid,lightgbm_quantile__c90__h1,0.9,1.0,2013-04,9,0.0,0.01,rolling_global_norm,0.0331568946544671,0.0316940255458917,rolling_group_norm,0.0327968227424749,0.0100085282651072,2.31483663893599,0.0331568946544671,0.0316940255458917,0.0370626605996017,0.0,-0.0001027787012916,-0.00082132500685,0.0,-0.0012843118150276,-0.0026919702698209
Ausgrid,lightgbm_quantile__c90__h1,0.9,1.0,2013-04,9,0.25,0.0,rolling_user_norm,0.0163167093283655,0.0146364006972559,rolling_group_norm,0.0233625975473801,0.0139680799220273,2.3094580677574443,0.0157056018844491,0.0146364006972559,0.0163167093283655,0.0,-8.194434478192858e-05,0.0027244094275414,0.0,-0.000982890700974,0.0012969926634037
Ausgrid,lightgbm_quantile__c90__h1,0.9,1.0,2013-04,9,0.25,0.01,rolling_user_norm,0.0394112900059399,0.037783886282134,rolling_group_norm,0.0233625975473801,0.0139680799220273,2.3094580677574443,0.038853968273809,0.037783886282134,0.0394112900059399,0.0,-8.209979589881428e-05,0.002838896890009,0.0,-0.00098313690602,0.0014099834103769
Ausgrid,lightgbm_quantile__c90__h1,0.9,1.0,2013-04,9,0.5,0.0,rolling_user_norm,0.0186653387347037,0.0186653387347037,rolling_user_norm,0.0233625975473801,0.0139680799220273,2.3094580677574443,0.021402675503791,0.0207262614334982,0.0186653387347037,0.0,-6.126543938904498e-05,0.0063846313244004,0.0,-0.000682180820288,0.0053821809210707
Ausgrid,lightgbm_quantile__c90__h1,0.9,1.0,2013-04,9,0.5,0.01,rolling_user_norm,0.0417599194122781,0.0417599194122781,rolling_user_norm,0.0233625975473801,0.0139680799220273,2.3094580677574443,0.0445510418931509,0.0438737470183763,0.0417599194122781,0.0,-6.14208905059301e-05,0.006499118786868,0.0,-0.0006824273074521,0.0054946144057074
Ausgrid,lightgbm_quantile__c90__h1,0.9,1.0,2013-04,9,0.75,0.0,rolling_user_norm,0.0210139681410419,0.0210139681410419,rolling_user_norm,0.0233625975473801,0.0139680799220273,2.3094580677574443,0.0270997491231329,0.0268161221697405,0.0210139681410419,0.0,-4.0586533996161966e-05,0.0100448532212595,0.0,-0.0003830791687342,0.0094147339541137
Ausgrid,lightgbm_quantile__c90__h1,0.9,1.0,2013-04,9,0.75,0.01,rolling_user_norm,0.0441085488186163,0.0441085488186163,rolling_user_norm,0.0233625975473801,0.0139680799220273,2.3094580677574443,0.0502481155124928,0.0499636077546186,0.0441085488186163,0.0,-4.074198511304592e-05,0.0101593406837271,0.0,-0.0003833259705426,0.0095260795540456
Ausgrid,lightgbm_quantile__c90__h1,0.9,1.0,2013-04,9,1.0,0.0,rolling_user_norm,0.0233625975473801,0.0233625975473801,rolling_user_norm,0.0233625975473801,0.0139680799220273,2.3094580677574443,0.0327968227424749,0.0329059829059829,0.0233625975473801,0.0,-1.990762860327779e-05,0.0137050751181186,0.0,-0.0001035749494307,0.0132425288419269
Ausgrid,lightgbm_quantile__c90__h1,0.9,1.0,2013-04,9,1.0,0.01,rolling_user_norm,0.0464571782249546,0.0464571782249546,rolling_user_norm,0.0233625975473801,0.0139680799220273,2.3094580677574443,0.0559451891318348,0.0560534684908609,0.0464571782249546,0.0,-2.0063079720161747e-05,0.0138195625805861,0.0,-0.0001038027081474,0.0133529090130888
Ausgrid,lightgbm_quantile__c90__h1,0.9,1.0,2013-05,10,0.0,0.0,rolling_group_norm,0.0119817647710896,0.0119817647710896,rolling_group_norm,0.0323987664976444,0.0119817647710896,2.8071779751873813,0.0141883606866629,0.0119817647710896,0.017711451058641,0.0,0.0028112421204526,0.0016507730001354,0.0,0.0018828918713071,0.0001326745459418
Ausgrid,lightgbm_quantile__c90__h1,0.9,1.0,2013-05,10,0.0,0.01,rolling_group_norm,0.0400535445229635,0.0400535445229635,rolling_group_norm,0.0323987664976444,0.0119817647710896,2.8071779751873813,0.0422619571438853,0.0400535445229635,0.0457069793475565,0.0,0.0028125856504391,0.0017376993924465,0.0,0.0018836979862912,0.0002155577528441
Ausgrid,lightgbm_quantile__c90__h1,0.9,1.0,2013-05,10,0.25,0.0,rolling_user_norm,0.0196068612108721,0.0170860152027283,rolling_group_norm,0.0252930916675657,0.017711451058641,2.7995528288915565,0.0187397259398902,0.0170860152027283,0.0196068612108721,0.0,0.0021198784767863,0.0040478756305496,0.0,0.0013690265311905,0.002597760364294
Ausgrid,lightgbm_quantile__c90__h1,0.9,1.0,2013-05,10,0.25,0.01,rolling_user_norm,0.0476023894997877,0.0451577949546022,rolling_group_norm,0.0252930916675657,0.017711451058641,2.7995528288915565,0.0468133223971126,0.0451577949546022,0.0476023894997877,0.0,0.0021212220067729,0.0041348020228607,0.0,0.0013698288668384,0.0026805535966352
Ausgrid,lightgbm_quantile__c90__h1,0.9,1.0,2013-05,10,0.5,0.0,rolling_user_norm,0.0215022713631033,0.0215022713631033,rolling_user_norm,0.0252930916675657,0.017711451058641,2.7995528288915565,0.0232910911931175,0.022190265634367,0.0215022713631033,0.0,0.0014285148331201,0.0064449782609638,0.0,0.0008550508881657,0.0050474794512465
Ausgrid,lightgbm_quantile__c90__h1,0.9,1.0,2013-05,10,0.5,0.01,rolling_user_norm,0.0494977996520189,0.0494977996520189,rolling_user_norm,0.0252930916675657,0.017711451058641,2.7995528288915565,0.0513646876503399,0.0502620453862409,0.0494977996520189,0.0,0.0014298583631066,0.0065319046532749,0.0,0.0008558472118943,0.0051302202849956
Ausgrid,lightgbm_quantile__c90__h1,0.9,1.0,2013-05,10,0.75,0.0,rolling_user_norm,0.0233976815153345,0.0233976815153345,rolling_user_norm,0.0252930916675657,0.017711451058641,2.7995528288915565,0.0278424564463447,0.0272945160660057,0.0233976815153345,0.0,0.0007371511894538,0.008842080891378,0.0,0.0003408168092128,0.0074800497500943
Ausgrid,lightgbm_quantile__c90__h1,0.9,1.0,2013-05,10,0.75,0.01,rolling_user_norm,0.0513932098042501,0.0513932098042501,rolling_user_norm,0.0252930916675657,0.017711451058641,2.7995528288915565,0.0559160529035671,0.0553662958178795,0.0513932098042501,0.0,0.0007384947194403,0.0089290072836891,0.0,0.0003416021073493,0.0075627873452058
Ausgrid,lightgbm_quantile__c90__h1,0.9,1.0,2013-05,10,1.0,0.0,rolling_user_norm,0.0252930916675657,0.0252930916675657,rolling_user_norm,0.0252930916675657,0.017711451058641,2.7995528288915565,0.032393821699572,0.0323987664976444,0.0252930916675657,0.0,4.5787545787547936e-05,0.0112391835217922,0.0,-0.0001743005697489,0.0098941140048439
Ausgrid,lightgbm_quantile__c90__h1,0.9,1.0,2013-05,10,1.0,0.01,rolling_user_norm,0.0532886199564812,0.0532886199564812,rolling_user_norm,0.0252930916675657,0.017711451058641,2.7995528288915565,0.0604674181567944,0.0604705462495182,0.0532886199564812,0.0,4.713107577408495e-05,0.0113261099141033,0.0,-0.000173541718629,0.0099769056889129
Ausgrid,lightgbm_quantile__c90__h1,0.9,1.0,2013-06,11,0.0,0.0,rolling_group_norm,0.0126025883838384,0.0119487399770905,rolling_user_norm,0.0327526941657376,0.0126025883838384,3.52507750284422,0.0145955165692007,0.0126025883838384,0.0119487399770905,0.0,0.0034085248918401,-0.0007012986360517,0.0,0.001611269512912,-0.0024923324537546
Ausgrid,lightgbm_quantile__c90__h1,0.9,1.0,2013-06,11,0.0,0.01,rolling_group_norm,0.0478533634122806,0.0471120032238974,rolling_user_norm,0.0327526941657376,0.0126025883838384,3.52507750284422,0.0498494290988552,0.0478533634122806,0.0471120032238974,0.0,0.0034118403971771,-0.0006087448769307,0.0,0.0016134283192835,-0.0024010555162834
Ausgrid,lightgbm_quantile__c90__h1,0.9,1.0,2013-06,11,0.25,0.0,rolling_group_norm,0.0176401148293132,0.0145798195684738,rolling_user_norm,0.0327526941657376,0.0126025883838384,3.52507750284422,0.019202165111776,0.0176401148293132,0.0145798195684738,0.0,0.0025582185348354,0.0016568974993109,0.0,0.0011870490249855,3.988071947036496e-05
Ausgrid,lightgbm_quantile__c90__h1,0.9,1.0,2013-06,11,0.25,0.01,rolling_group_norm,0.0528908898577554,0.0497430828152807,rolling_user_norm,0.0327526941657376,0.0126025883838384,3.52507750284422,0.0544560776414305,0.0528908898577554,0.0497430828152807,0.0,0.0025615340401723,0.0017494512584319,0.0,0.0011892005062534,0.0001294364476957
Ausgrid,lightgbm_quantile__c90__h1,0.9,1.0,2013-06,11,0.5,0.0,rolling_user_norm,0.017210899159857,0.017210899159857,rolling_user_norm,0.0224730583426235,0.0119487399770905,3.5163263246806893,0.0238088136543514,0.022677641274788,0.017210899159857,0.0,0.0017079121778306,0.0040150936346735,0.0,0.0007620447331178,0.0024931493763248
Ausgrid,lightgbm_quantile__c90__h1,0.9,1.0,2013-06,11,0.5,0.01,rolling_user_norm,0.0523741624066639,0.0523741624066639,rolling_user_norm,0.0224730583426235,0.0119487399770905,3.5163263246806893,0.0590627261840058,0.0579284163032302,0.0523741624066639,0.0,0.0017112276831676,0.0041076473937946,0.0,0.0007641832674758,0.0025808374923409
Ausgrid,lightgbm_quantile__c90__h1,0.9,1.0,2013-06,11,0.75,0.0,rolling_user_norm,0.0198419787512403,0.0198419787512403,rolling_user_norm,0.0224730583426235,0.0119487399770905,3.5163263246806893,0.0284154621969267,0.0277151677202628,0.0198419787512403,0.0,0.0008576058208259,0.0063732897700362,0.0,0.0003343419373379,0.0048525941023038
Ausgrid,lightgbm_quantile__c90__h1,0.9,1.0,2013-06,11,0.75,0.01,rolling_user_norm,0.0550052419980472,0.0550052419980472,rolling_user_norm,0.0224730583426235,0.0119487399770905,3.5163263246806893,0.0636693747265811,0.062965942748705,0.0550052419980472,0.0,0.0008609213261629,0.0064658435291572,0.0,0.0003364526494649,0.0049385980045433
Ausgrid,lightgbm_quantile__c90__h1,0.9,1.0,2013-06,11,1.0,0.0,rolling_user_norm,0.0224730583426235,0.0224730583426235,rolling_user_norm,0.0224730583426235,0.0119487399770905,3.5163263246806893,0.033022110739502,0.0327526941657376,0.0224730583426235,0.0,7.299463821203629e-06,0.0087314859053989,0.0,-0.0001250841874657,0.0071179970671035
Ausgrid,lightgbm_quantile__c90__h1,0.9,1.0,2013-06,11,1.0,0.01,rolling_user_norm,0.0576363215894304,0.0576363215894304,rolling_user_norm,0.0224730583426235,0.0119487399770905,3.5163263246806893,0.0682760232691564,0.0680034691941798,0.0576363215894304,0.0,1.0614969158181015e-05,0.0088240396645199,0.0,-0.0001228845849656,0.0072027934651922
Ausgrid,lightgbm_quantile__c80__h6,0.8,6.0,2012-07,0,0.0,0.0,rolling_group_norm,0.0222094941348973,0.0222094941348973,rolling_group_norm,0.0570261085338224,0.0222094941348973,3.0888387034635216,0.0303810601773251,0.0222094941348973,0.0227288000977518,0.0,0.0084978070175438,0.0057201874636085,0.0,0.0067724754866704,0.0031157070148385
Ausgrid,lightgbm_quantile__c80__h6,0.8,6.0,2012-07,0,0.0,0.01,rolling_group_norm,0.0530978811695325,0.0530978811695325,rolling_group_norm,0.0570261085338224,0.0222094941348973,3.0888387034635216,0.0612748731783845,0.0530978811695325,0.0535355788421908,0.0,0.0085019418908985,0.0057860016437722,0.0,0.0067761789672481,0.0031824709035973
Ausgrid,lightgbm_quantile__c80__h6,0.8,6.0,2012-07,0,0.25,0.0,rolling_user_norm,0.0272817701743675,0.0272817701743675,rolling_user_norm,0.0409406804042147,0.0227288000977518,3.080677874443905,0.0372578705096975,0.0309136477346286,0.0272817701743675,0.0,0.0064606170352022,0.0073214088463659,0.0,0.0051565201159036,0.0053215603825873
Ausgrid,lightgbm_quantile__c80__h6,0.8,6.0,2012-07,0,0.25,0.01,rolling_user_norm,0.0580885489188065,0.0580885489188065,rolling_user_norm,0.0409406804042147,0.0227288000977518,3.080677874443905,0.068151683510757,0.0618020347692638,0.0580885489188065,0.0,0.0064647519085569,0.0073872230265296,0.0,0.0051602090821428,0.0053874936698157
Ausgrid,lightgbm_quantile__c80__h6,0.8,6.0,2012-07,0,0.5,0.0,rolling_user_norm,0.0318347402509832,0.0318347402509832,rolling_user_norm,0.0409406804042147,0.0227288000977518,3.080677874443905,0.0441346808420699,0.0396178013343598,0.0318347402509832,0.0,0.0044234270528606,0.0089226302291233,0.0,0.0035341679220908,0.0074846188010039
Ausgrid,lightgbm_quantile__c80__h6,0.8,6.0,2012-07,0,0.5,0.01,rolling_user_norm,0.0626415189954223,0.0626415189954223,rolling_user_norm,0.0409406804042147,0.0227288000977518,3.080677874443905,0.0750284938431294,0.0705061883689951,0.0626415189954223,0.0,0.0044275619262153,0.008988444409287,0.0,0.0035378319410594,0.0075490451580565
Ausgrid,lightgbm_quantile__c80__h6,0.8,6.0,2012-07,0,0.75,0.0,rolling_user_norm,0.036387710327599,0.036387710327599,rolling_user_norm,0.0409406804042147,0.0227288000977518,3.080677874443905,0.0510114911744424,0.0483219549340911,0.036387710327599,0.0,0.002386237070519,0.0105238516118807,0.0,0.0018891375114506,0.0095294837845661
Ausgrid,lightgbm_quantile__c80__h6,0.8,6.0,2012-07,0,0.75,0.01,rolling_user_norm,0.067194489072038,0.067194489072038,rolling_user_norm,0.0409406804042147,0.0227288000977518,3.080677874443905,0.0819053041755018,0.0792103419687263,0.067194489072038,0.0,0.0023903719438738,0.0105896657920445,0.0,0.0018927575848989,0.0095910515381635
Ausgrid,lightgbm_quantile__c80__h6,0.8,6.0,2012-07,0,1.0,0.0,rolling_user_norm,0.0409406804042147,0.0409406804042147,rolling_user_norm,0.0409406804042147,0.0227288000977518,3.080677874443905,0.0578883015068148,0.0570261085338224,0.0409406804042147,0.0,0.0003490470881775,0.0121250729946382,0.0,8.513936788555278e-05,0.0112521094193003
Ausgrid,lightgbm_quantile__c80__h6,0.8,6.0,2012-07,0,1.0,0.01,rolling_user_norm,0.0717474591486538,0.0717474591486538,rolling_user_norm,0.0409406804042147,0.0227288000977518,3.080677874443905,0.0887821145078743,0.0879144955684576,0.0717474591486538,0.0,0.0003531819615322,0.0121908871748019,0.0,8.892111073231638e-05,0.0113105473705573
Ausgrid,lightgbm_quantile__c80__h6,0.8,6.0,2012-08,1,0.0,0.0,rolling_group_norm,0.0041300097751709,0.0041300097751709,rolling_group_norm,0.0569132772323515,0.0041300097751709,2.8110160647465188,0.0170463120166006,0.0041300097751709,0.0056191959921798,0.0,0.0132126206122407,0.0127438824790289,0.0,0.0111402436956976,0.010334764139162
Ausgrid,lightgbm_quantile__c80__h6,0.8,6.0,2012-08,1,0.0,0.01,rolling_group_norm,0.0322401704226361,0.0322401704226361,rolling_group_norm,0.0569132772323515,0.0041300097751709,2.8110160647465188,0.0451628998830825,0.0322401704226361,0.0336203441832823,0.0,0.0132185239153006,0.0128682285748166,0.0,0.0111443189682532,0.0104463060645476
Ausgrid,lightgbm_quantile__c80__h6,0.8,6.0,2012-08,1,0.25,0.0,rolling_user_norm,0.013166841522491,0.013166841522491,rolling_user_norm,0.0358097781134246,0.0056191959921798,2.8001148191102465,0.0271297056023379,0.0173258266394661,0.013166841522491,0.0,0.010130606033582,0.0154006349574295,0.0,0.0085490235250089,0.0134154108023001
Ausgrid,lightgbm_quantile__c80__h6,0.8,6.0,2012-08,1,0.25,0.01,rolling_user_norm,0.0411679897135935,0.0411679897135935,rolling_user_norm,0.0358097781134246,0.0056191959921798,2.8001148191102465,0.0552462934688198,0.0454359872869313,0.0411679897135935,0.0,0.0101365093366419,0.0155249810532172,0.0,0.0085530732036715,0.0135236902221886
Ausgrid,lightgbm_quantile__c80__h6,0.8,6.0,2012-08,1,0.5,0.0,rolling_user_norm,0.0207144870528022,0.0207144870528022,rolling_user_norm,0.0358097781134246,0.0056191959921798,2.8001148191102465,0.0372130991880752,0.0305216435037612,0.0207144870528022,0.0,0.0070485914549232,0.0180573874358302,0.0,0.0059480341430582,0.0163385790755294
Ausgrid,lightgbm_quantile__c80__h6,0.8,6.0,2012-08,1,0.5,0.01,rolling_user_norm,0.0487156352439047,0.0487156352439047,rolling_user_norm,0.0358097781134246,0.0056191959921798,2.8001148191102465,0.0653296870545571,0.0586318041512264,0.0487156352439047,0.0,0.0070544947579831,0.0181817335316179,0.0,0.0059520520927584,0.0164437620710711
Ausgrid,lightgbm_quantile__c80__h6,0.8,6.0,2012-08,1,0.75,0.0,rolling_user_norm,0.0282621325831134,0.0282621325831134,rolling_user_norm,0.0358097781134246,0.0056191959921798,2.8001148191102465,0.0472964927738124,0.0437174603680564,0.0282621325831134,0.0,0.0039665768762645,0.0207141399142308,0.0,0.0033152585362443,0.0190278976791192
Ausgrid,lightgbm_quantile__c80__h6,0.8,6.0,2012-08,1,0.75,0.01,rolling_user_norm,0.0562632807742159,0.0562632807742159,rolling_user_norm,0.0358097781134246,0.0056191959921798,2.8001148191102465,0.0754130806402944,0.0718276210155215,0.0562632807742159,0.0,0.0039724801793244,0.0208384860100185,0.0,0.0033192913160608,0.0191320722068351
Ausgrid,lightgbm_quantile__c80__h6,0.8,6.0,2012-08,1,1.0,0.0,rolling_user_norm,0.0358097781134246,0.0358097781134246,rolling_user_norm,0.0358097781134246,0.0056191959921798,2.8001148191102465,0.0573798863595497,0.0569132772323515,0.0358097781134246,0.0,0.0008845622976057,0.0233708923926315,0.0,0.0005099014089802,0.0214713011117996
Ausgrid,lightgbm_quantile__c80__h6,0.8,6.0,2012-08,1,1.0,0.01,rolling_user_norm,0.0638109263045271,0.0638109263045271,rolling_user_norm,0.0358097781134246,0.0056191959921798,2.8001148191102465,0.0854964742260316,0.0850234378798167,0.0638109263045271,0.0,0.0008904656006656,0.0234952384884191,0.0,0.0005148360356058,0.0215771470410637
Ausgrid,lightgbm_quantile__c80__h6,0.8,6.0,2012-09,2,0.0,0.0,rolling_user_norm,0.0301215277777777,0.0301215277777777,rolling_user_norm,0.0500278706800445,0.0301215277777777,2.079049500617845,0.0397253787878787,0.0301767676767675,0.0301215277777777,0.0,0.0101260490240753,0.0106335866611233,0.0,0.0092150134984768,0.009312578832928
Ausgrid,lightgbm_quantile__c80__h6,0.8,6.0,2012-09,2,0.0,0.01,rolling_user_norm,0.0509120227839562,0.0509120227839562,rolling_user_norm,0.0500278706800445,0.0301215277777777,2.079049500617845,0.0605351448101762,0.0509867697323529,0.0509120227839562,0.0,0.0101331353230529,0.010740292776101,0.0,0.009221988883002,0.0093990695897405
Ausgrid,lightgbm_quantile__c80__h6,0.8,6.0,2012-09,2,0.25,0.0,rolling_user_norm,0.0350981135033444,0.0350981135033444,rolling_user_norm,0.0500278706800445,0.0301215277777777,2.079049500617845,0.0453104545665686,0.0380241588122022,0.0350981135033444,0.0,0.0076630521898328,0.0129074708792103,0.0,0.0069166683406945,0.011198200605928
Ausgrid,lightgbm_quantile__c80__h6,0.8,6.0,2012-09,2,0.25,0.01,rolling_user_norm,0.0558886085095229,0.0558886085095229,rolling_user_norm,0.0500278706800445,0.0301215277777777,2.079049500617845,0.0661202205888661,0.0588341608677875,0.0558886085095229,0.0,0.0076701384888104,0.013014176994188,0.0,0.0069235354743832,0.0112854674602606
Ausgrid,lightgbm_quantile__c80__h6,0.8,6.0,2012-09,2,0.5,0.0,rolling_user_norm,0.0400746992289111,0.0400746992289111,rolling_user_norm,0.0500278706800445,0.0301215277777777,2.079049500617845,0.0508955303452585,0.0458715499476368,0.0400746992289111,0.0,0.0052000553555902,0.0151813550972973,0.0,0.0046037453686045,0.0130434951545574
Ausgrid,lightgbm_quantile__c80__h6,0.8,6.0,2012-09,2,0.5,0.01,rolling_user_norm,0.0608651942350896,0.0608651942350896,rolling_user_norm,0.0500278706800445,0.0301215277777777,2.079049500617845,0.0717052963675561,0.0666815520032221,0.0608651942350896,0.0,0.0052071416545678,0.0152880612122751,0.0,0.0046104525260775,0.01313160793144
Ausgrid,lightgbm_quantile__c80__h6,0.8,6.0,2012-09,2,0.75,0.0,rolling_user_norm,0.0450512849544778,0.0450512849544778,rolling_user_norm,0.0500278706800445,0.0301215277777777,2.079049500617845,0.0564806061239484,0.0537189410830714,0.0450512849544778,0.0,0.0027370585213477,0.0174552393153843,0.0,0.002262215410546,0.0148684299901559
Ausgrid,lightgbm_quantile__c80__h6,0.8,6.0,2012-09,2,0.75,0.01,rolling_user_norm,0.0658417799606563,0.0658417799606563,rolling_user_norm,0.0500278706800445,0.0301215277777777,2.079049500617845,0.077290372146246,0.0745289431386568,0.0658417799606563,0.0,0.0027441448203253,0.0175619454303621,0.0,0.0022686940868757,0.0149572492993655
Ausgrid,lightgbm_quantile__c80__h6,0.8,6.0,2012-09,2,1.0,0.0,rolling_user_norm,0.0500278706800445,0.0500278706800445,rolling_user_norm,0.0500278706800445,0.0301215277777777,2.079049500617845,0.0620656819026384,0.0615663322185061,0.0500278706800445,0.0,0.0002740616871051,0.0197291235334713,0.0,-0.0001343008823662,0.0166819909603663
Ausgrid,lightgbm_quantile__c80__h6,0.8,6.0,2012-09,2,1.0,0.01,rolling_user_norm,0.070818365686223,0.070818365686223,rolling_user_norm,0.0500278706800445,0.0301215277777777,2.079049500617845,0.0828754479249359,0.0823763342740914,0.070818365686223,0.0,0.0002811479860827,0.0198358296484491,0.0,-0.0001280738520314,0.0167713737098028
Ausgrid,lightgbm_quantile__c80__h6,0.8,6.0,2012-10,3,0.0,0.0,rolling_user_norm,0.0123302207130731,0.0102940361379004,rolling_group_norm,0.0385222246197,0.0123302207130731,1.9440050721859847,0.0193100358422939,0.0102940361379004,0.0123302207130731,0.0,0.0105119965317334,0.011619761208577,0.0,0.009713990367817,0.0099693244098141
Ausgrid,lightgbm_quantile__c80__h6,0.8,6.0,2012-10,3,0.0,0.01,rolling_user_norm,0.0317702714349329,0.0297944064907878,rolling_group_norm,0.0385222246197,0.0123302207130731,1.9440050721859847,0.0388139789930987,0.0297944064907878,0.0317702714349329,0.0,0.0105120093465837,0.0117122083792332,0.0,0.0097133516270948,0.0100600474889109
Ausgrid,lightgbm_quantile__c80__h6,0.8,6.0,2012-10,3,0.25,0.0,rolling_user_norm,0.0188782216897298,0.0188782216897298,rolling_user_norm,0.0385222246197,0.0123302207130731,1.9440050721859847,0.0276735624123422,0.0209080787990415,0.0188782216897298,0.0,0.0079304485322077,0.0131394572604169,0.0,0.0072576991457742,0.011726445248934
Ausgrid,lightgbm_quantile__c80__h6,0.8,6.0,2012-10,3,0.25,0.01,rolling_user_norm,0.0383182724115896,0.0383182724115896,rolling_user_norm,0.0385222246197,0.0123302207130731,1.9440050721859847,0.047177505563147,0.0404084491519289,0.0383182724115896,0.0,0.007930461347058,0.0132319044310732,0.0,0.0072570705659406,0.0118110844862362
Ausgrid,lightgbm_quantile__c80__h6,0.8,6.0,2012-10,3,0.5,0.0,rolling_user_norm,0.0254262226663865,0.0254262226663865,rolling_user_norm,0.0385222246197,0.0123302207130731,1.9440050721859847,0.0360370889823905,0.0315221214601826,0.0254262226663865,0.0,0.005348900532682,0.0146591533122568,0.0,0.0048006215524475,0.0131991813528007
Ausgrid,lightgbm_quantile__c80__h6,0.8,6.0,2012-10,3,0.5,0.01,rolling_user_norm,0.0448662733882464,0.0448662733882464,rolling_user_norm,0.0385222246197,0.0123302207130731,1.9440050721859847,0.0555410321331953,0.05102249181307,0.0448662733882464,0.0,0.0053489133475323,0.0147516004829131,0.0,0.0048000086752888,0.01327848240085
Ausgrid,lightgbm_quantile__c80__h6,0.8,6.0,2012-10,3,0.75,0.0,rolling_user_norm,0.0319742236430433,0.0319742236430433,rolling_user_norm,0.0385222246197,0.0123302207130731,1.9440050721859847,0.0444006155524388,0.0421361641213237,0.0319742236430433,0.0,0.0027673525331563,0.0161788493640967,0.0,0.0023420665737012,0.0144100398322024
Ausgrid,lightgbm_quantile__c80__h6,0.8,6.0,2012-10,3,0.75,0.01,rolling_user_norm,0.0514142743649031,0.0514142743649031,rolling_user_norm,0.0385222246197,0.0123302207130731,1.9440050721859847,0.0639045587032436,0.0616365344742111,0.0514142743649031,0.0,0.0027673653480066,0.016271296534753,0.0,0.002341480694315,0.0144870100354277
Ausgrid,lightgbm_quantile__c80__h6,0.8,6.0,2012-10,3,1.0,0.0,rolling_user_norm,0.0385222246197,0.0385222246197,rolling_user_norm,0.0385222246197,0.0123302207130731,1.9440050721859847,0.0527641421224871,0.0527502067824648,0.0385222246197,0.0,0.0001858045336306,0.0176985454159367,0.0,-0.0001197550487335,0.0154651376928013
Ausgrid,lightgbm_quantile__c80__h6,0.8,6.0,2012-10,3,1.0,0.01,rolling_user_norm,0.0579622753415599,0.0579622753415599,rolling_user_norm,0.0385222246197,0.0123302207130731,1.9440050721859847,0.0722680852732919,0.0722505771353522,0.0579622753415599,0.0,0.0001858173484809,0.0177909925865929,0.0,-0.0001202861327332,0.015541651883283
Ausgrid,lightgbm_quantile__c80__h6,0.8,6.0,2012-11,4,0.0,0.0,rolling_group_norm,0.0158065025252526,0.0158065025252526,rolling_group_norm,0.0514632107023411,0.0158065025252526,1.9636343971285448,0.0192251461988304,0.0158065025252526,0.0174873737373737,0.0,0.0098487242232155,0.0076410575342343,0.0,0.0072170985594032,0.0053723033555781
Ausgrid,lightgbm_quantile__c80__h6,0.8,6.0,2012-11,4,0.0,0.01,rolling_group_norm,0.035442846496538,0.035442846496538,rolling_group_norm,0.0514632107023411,0.0158065025252526,1.9636343971285448,0.0388640027884884,0.035442846496538,0.0370698880702048,0.0,0.0098521971435858,0.0077296808248418,0.0,0.0072207782900716,0.0054691918033964
Ausgrid,lightgbm_quantile__c80__h6,0.8,6.0,2012-11,4,0.25,0.0,rolling_user_norm,0.0229114936995371,0.0229114936995371,rolling_user_norm,0.0391838535860275,0.0174873737373737,1.9582514332831131,0.0273647905298363,0.0247206795695247,0.0229114936995371,0.0,0.0074962010216347,0.0101758348239783,0.0,0.0054670740713128,0.0080921207575152
Ausgrid,lightgbm_quantile__c80__h6,0.8,6.0,2012-11,4,0.25,0.01,rolling_user_norm,0.0424940080323683,0.0424940080323683,rolling_user_norm,0.0391838535860275,0.0174873737373737,1.9582514332831131,0.0470036471194943,0.0443570235408102,0.0424940080323683,0.0,0.007499673942005,0.0102644581145858,0.0,0.0054708136001406,0.0081901829525221
Ausgrid,lightgbm_quantile__c80__h6,0.8,6.0,2012-11,4,0.5,0.0,rolling_user_norm,0.0283356136617006,0.0283356136617006,rolling_user_norm,0.0391838535860275,0.0174873737373737,1.9582514332831131,0.0355044348608421,0.0336348566137968,0.0283356136617006,0.0,0.0051436778200538,0.0127106121137222,0.0,0.003704006925197,0.0107000669098779
Ausgrid,lightgbm_quantile__c80__h6,0.8,6.0,2012-11,4,0.5,0.01,rolling_user_norm,0.0479181279945317,0.0479181279945317,rolling_user_norm,0.0391838535860275,0.0174873737373737,1.9582514332831131,0.0551432914505001,0.0532712005850823,0.0479181279945317,0.0,0.0051471507404242,0.0127992354043297,0.0,0.0037078533598117,0.01079892712855
Ausgrid,lightgbm_quantile__c80__h6,0.8,6.0,2012-11,4,0.75,0.0,rolling_user_norm,0.033759733623864,0.033759733623864,rolling_user_norm,0.0391838535860275,0.0174873737373737,1.9582514332831131,0.043644079191848,0.042549033658069,0.033759733623864,0.0,0.002791154618473,0.0152453894034662,0.0,0.0019015805915583,0.0131841934785366
Ausgrid,lightgbm_quantile__c80__h6,0.8,6.0,2012-11,4,0.75,0.01,rolling_user_norm,0.0533422479566952,0.0533422479566952,rolling_user_norm,0.0391838535860275,0.0174873737373737,1.9582514332831131,0.063282935781506,0.0621853776293544,0.0533422479566952,0.0,0.0027946275388433,0.0153340126940737,0.0,0.001905654439265,0.0132832426273254
Ausgrid,lightgbm_quantile__c80__h6,0.8,6.0,2012-11,4,1.0,0.0,rolling_user_norm,0.0391838535860275,0.0391838535860275,rolling_user_norm,0.0391838535860275,0.0174873737373737,1.9582514332831131,0.0517837235228539,0.0514632107023411,0.0391838535860275,0.0,0.0004386314168922,0.0177801666932101,0.0,-8.426931184372721e-05,0.0155529320438051
Ausgrid,lightgbm_quantile__c80__h6,0.8,6.0,2012-11,4,1.0,0.01,rolling_user_norm,0.0587663679188586,0.0587663679188586,rolling_user_norm,0.0391838535860275,0.0174873737373737,1.9582514332831131,0.0714225801125119,0.0710995546736265,0.0587663679188586,0.0,0.0004421043372625,0.0178687899838176,0.0,-7.977970407047394e-05,0.0156516090138677
Ausgrid,lightgbm_quantile__c80__h6,0.8,6.0,2012-12,5,0.0,0.0,rolling_group_norm,0.0082844574780057,0.0067329010087573,rolling_user_norm,0.0505731470493041,0.0082844574780057,2.196393570420808,0.022603555718475,0.0082844574780057,0.0067329010087573,0.0,0.0070868459026353,0.0049947311460469,0.0,0.0033241201473148,0.0006700999704093
Ausgrid,lightgbm_quantile__c80__h6,0.8,6.0,2012-12,5,0.0,0.01,rolling_group_norm,0.0302483931822138,0.0286530517017907,rolling_user_norm,0.0505731470493041,0.0082844574780057,2.196393570420808,0.0445703814097093,0.0302483931822138,0.0286530517017907,0.0,0.0070899105648543,0.0050910292958597,0.0,0.0033249330915048,0.0007598270467134
Ausgrid,lightgbm_quantile__c80__h6,0.8,6.0,2012-12,5,0.25,0.0,rolling_user_norm,0.0144909810034482,0.0144909810034482,rolling_user_norm,0.0377652209875211,0.0067329010087573,2.19201506930334,0.0300843647426089,0.0188566298708303,0.0144909810034482,0.0,0.0055143766099143,0.0081253948584469,0.0,0.0026994159919198,0.0044621210741051
Ausgrid,lightgbm_quantile__c80__h6,0.8,6.0,2012-12,5,0.25,0.01,rolling_user_norm,0.0364111316964816,0.0364111316964816,rolling_user_norm,0.0377652209875211,0.0067329010087573,2.19201506930334,0.0520511904338432,0.0408205655750384,0.0364111316964816,0.0,0.0055174412721333,0.0082216930082597,0.0,0.0027002324174428,0.0045515709926417
Ausgrid,lightgbm_quantile__c80__h6,0.8,6.0,2012-12,5,0.5,0.0,rolling_user_norm,0.0222490609981392,0.0222490609981392,rolling_user_norm,0.0377652209875211,0.0067329010087573,2.19201506930334,0.0375651737667428,0.0294288022636549,0.0222490609981392,0.0,0.0039419073171933,0.0112560585708469,0.0,0.0020743549599335,0.0082498284714702
Ausgrid,lightgbm_quantile__c80__h6,0.8,6.0,2012-12,5,0.5,0.01,rolling_user_norm,0.0441692116911726,0.0441692116911726,rolling_user_norm,0.0377652209875211,0.0067329010087573,2.19201506930334,0.0595319994579771,0.051392737967863,0.0441692116911726,0.0,0.0039449719794123,0.0113523567206597,0.0,0.0020751788244877,0.008338889801372
Ausgrid,lightgbm_quantile__c80__h6,0.8,6.0,2012-12,5,0.75,0.0,rolling_user_norm,0.0300071409928301,0.0300071409928301,rolling_user_norm,0.0377652209875211,0.0067329010087573,2.19201506930334,0.0450459827908767,0.0400009746564795,0.0300071409928301,0.0,0.0023694380244723,0.0143867222832468,0.0,0.0014478357846251,0.0120296120653414
Ausgrid,lightgbm_quantile__c80__h6,0.8,6.0,2012-12,5,0.75,0.01,rolling_user_norm,0.0519272916858635,0.0519272916858635,rolling_user_norm,0.0377652209875211,0.0067329010087573,2.19201506930334,0.067012808482111,0.0619649103606876,0.0519272916858635,0.0,0.0023725026866913,0.0144830204330597,0.0,0.001448685871193,0.0121180944901681
Ausgrid,lightgbm_quantile__c80__h6,0.8,6.0,2012-12,5,1.0,0.0,rolling_user_norm,0.0377652209875211,0.0377652209875211,rolling_user_norm,0.0377652209875211,0.0067329010087573,2.19201506930334,0.0525267918150106,0.0505731470493041,0.0377652209875211,0.0,0.0007969687317513,0.0175173859956468,0.0,0.0007031608162283,0.0157925027167223
Ausgrid,lightgbm_quantile__c80__h6,0.8,6.0,2012-12,5,1.0,0.01,rolling_user_norm,0.0596853716805545,0.0596853716805545,rolling_user_norm,0.0377652209875211,0.0067329010087573,2.19201506930334,0.0744936175062449,0.0725370827535122,0.0596853716805545,0.0,0.0008000333939703,0.0176136841454596,0.0,0.0007073029775432,0.0158800546767771
Ausgrid,lightgbm_quantile__c80__h6,0.8,6.0,2013-01,6,0.0,0.0,rolling_group_norm,0.0189959538853785,0.0189959538853785,rolling_group_norm,0.0558564390261445,0.0189959538853785,2.7469177161503198,0.0250047160913036,0.0189959538853785,0.0192800133022946,0.0,0.010624005147201,0.010765451961023,0.0,0.0065652803279664,0.0058266224541427
Ausgrid,lightgbm_quantile__c80__h6,0.8,6.0,2013-01,6,0.0,0.01,rolling_group_norm,0.0464651310468817,0.0464651310468817,rolling_group_norm,0.0558564390261445,0.0189959538853785,2.7469177161503198,0.052478802690781,0.0464651310468817,0.0466527326469515,0.0,0.0106272705672773,0.0108365286244776,0.0,0.0065673555399318,0.0058861878768371
Ausgrid,lightgbm_quantile__c80__h6,0.8,6.0,2013-01,6,0.25,0.0,rolling_user_norm,0.0249403971094573,0.0249403971094573,rolling_user_norm,0.0419215485309454,0.0192800133022946,2.737271934465692,0.032914876839039,0.02821107517057,0.0249403971094573,0.0,0.0082521852587125,0.0120947663610098,0.0,0.005144790382439,0.0076235494481871
Ausgrid,lightgbm_quantile__c80__h6,0.8,6.0,2013-01,6,0.25,0.01,rolling_user_norm,0.0523131164541142,0.0523131164541142,rolling_user_norm,0.0419215485309454,0.0192800133022946,2.737271934465692,0.0603889634385165,0.0556802523320732,0.0523131164541142,0.0,0.0082554506787889,0.0121658430244644,0.0,0.0051468605204804,0.0076820913115524
Ausgrid,lightgbm_quantile__c80__h6,0.8,6.0,2013-01,6,0.5,0.0,rolling_user_norm,0.03060078091662,0.03060078091662,rolling_user_norm,0.0419215485309454,0.0192800133022946,2.737271934465692,0.0408250375867745,0.0374261964557615,0.03060078091662,0.0,0.0058803653702241,0.0134240807609967,0.0,0.003723630824633,0.0093806347154737
Ausgrid,lightgbm_quantile__c80__h6,0.8,6.0,2013-01,6,0.5,0.01,rolling_user_norm,0.0579735002612769,0.0579735002612769,rolling_user_norm,0.0419215485309454,0.0192800133022946,2.737271934465692,0.0682991241862519,0.0648953736172647,0.0579735002612769,0.0,0.0058836307903005,0.0134951574244513,0.0,0.0037256917875401,0.0094380504765885
Ausgrid,lightgbm_quantile__c80__h6,0.8,6.0,2013-01,6,0.75,0.0,rolling_user_norm,0.0362611647237827,0.0362611647237827,rolling_user_norm,0.0419215485309454,0.0192800133022946,2.737271934465692,0.04873519833451,0.046641317740953,0.0362611647237827,0.0,0.0035085454817357,0.0147533951609835,0.0,0.0023002201499495,0.0110839180016785
Ausgrid,lightgbm_quantile__c80__h6,0.8,6.0,2013-01,6,0.75,0.01,rolling_user_norm,0.0636338840684396,0.0636338840684396,rolling_user_norm,0.0419215485309454,0.0192800133022946,2.737271934465692,0.0762092849339874,0.0741104949024562,0.0636338840684396,0.0,0.0035118109018121,0.0148244718244382,0.0,0.0023022597738429,0.0111401624444031
Ausgrid,lightgbm_quantile__c80__h6,0.8,6.0,2013-01,6,1.0,0.0,rolling_user_norm,0.0419215485309454,0.0419215485309454,rolling_user_norm,0.0419215485309454,0.0192800133022946,2.737271934465692,0.0566453590822454,0.0558564390261445,0.0419215485309454,0.0,0.0011367255932473,0.0160827095609704,0.0,0.0008511708017243,0.0127154256732754
Ausgrid,lightgbm_quantile__c80__h6,0.8,6.0,2013-01,6,1.0,0.01,rolling_user_norm,0.0692942678756023,0.0692942678756023,rolling_user_norm,0.0419215485309454,0.0192800133022946,2.737271934465692,0.0841194456817229,0.0833256161876477,0.0692942678756023,0.0,0.0011399910133237,0.016153786224425,0.0,0.0008531594478648,0.0127705797738379
Ausgrid,lightgbm_quantile__c80__h6,0.8,6.0,2013-02,7,0.0,0.0,rolling_group_norm,0.0219885247913598,0.0219885247913598,rolling_group_norm,0.0631609332696289,0.0219885247913598,2.056413520929398,0.0310250946969696,0.0219885247913598,0.0222569955817377,0.0,0.0073080428343586,0.0074173804030016,0.0,0.0048127092118344,0.003583286482042
Ausgrid,lightgbm_quantile__c80__h6,0.8,6.0,2013-02,7,0.0,0.01,rolling_group_norm,0.0425526600006538,0.0425526600006538,rolling_group_norm,0.0631609332696289,0.0219885247913598,2.056413520929398,0.0515878837606492,0.0425526600006538,0.0427394174780428,0.0,0.0073138779619764,0.0075558253373468,0.0,0.0048181838544359,0.00372900675895
Ausgrid,lightgbm_quantile__c80__h6,0.8,6.0,2013-02,7,0.25,0.0,rolling_user_norm,0.027284476062,0.027284476062,rolling_user_norm,0.042366917502787,0.0222569955817377,2.0482421896305105,0.0388418123430011,0.032281626910927,0.027284476062,0.0,0.0055054189708079,0.01071380240954,0.0,0.0035530153182327,0.0074152582351297
Ausgrid,lightgbm_quantile__c80__h6,0.8,6.0,2013-02,7,0.25,0.01,rolling_user_norm,0.0477668979583052,0.0477668979583052,rolling_user_norm,0.042366917502787,0.0222569955817377,2.0482421896305105,0.0594046014066807,0.052845762120221,0.0477668979583052,0.0,0.0055112540984258,0.0108522473438852,0.0,0.0035584408186941,0.0075609739836165
Ausgrid,lightgbm_quantile__c80__h6,0.8,6.0,2013-02,7,0.5,0.0,rolling_user_norm,0.0323119565422624,0.0323119565422624,rolling_user_norm,0.042366917502787,0.0222569955817377,2.0482421896305105,0.0466585299890326,0.0425747290304943,0.0323119565422624,0.0,0.0037027951072573,0.0140102244160785,0.0,0.00227575939098,0.0112389679117754
Ausgrid,lightgbm_quantile__c80__h6,0.8,6.0,2013-02,7,0.5,0.01,rolling_user_norm,0.0527943784385675,0.0527943784385675,rolling_user_norm,0.042366917502787,0.0222569955817377,2.0482421896305105,0.0672213190527122,0.0631388642397883,0.0527943784385675,0.0,0.0037086302348751,0.0141486693504236,0.0,0.0022811040142287,0.0113846556568297
Ausgrid,lightgbm_quantile__c80__h6,0.8,6.0,2013-02,7,0.75,0.0,rolling_user_norm,0.0373394370225247,0.0373394370225247,rolling_user_norm,0.042366917502787,0.0222569955817377,2.0482421896305105,0.0544752476350641,0.0528678311500616,0.0373394370225247,0.0,0.0019001712437067,0.0173066464226169,0.0,0.0009513073828043,0.0150486200673551
Ausgrid,lightgbm_quantile__c80__h6,0.8,6.0,2013-02,7,0.75,0.01,rolling_user_norm,0.0578218589188298,0.0578218589188298,rolling_user_norm,0.042366917502787,0.0222569955817377,2.0482421896305105,0.0750380366987437,0.0734319663593556,0.0578218589188298,0.0,0.0019060063713245,0.0174450913569621,0.0,0.0009565100344052,0.0151942216292692
Ausgrid,lightgbm_quantile__c80__h6,0.8,6.0,2013-02,7,1.0,0.0,rolling_user_norm,0.042366917502787,0.042366917502787,rolling_user_norm,0.042366917502787,0.0222569955817377,2.0482421896305105,0.0622919652810957,0.0631609332696289,0.042366917502787,0.0,9.754738015608592e-05,0.0206030684291553,0.0,-0.0005377597074596,0.0188319515793172
Ausgrid,lightgbm_quantile__c80__h6,0.8,6.0,2013-02,7,1.0,0.01,rolling_user_norm,0.0628493393990921,0.0628493393990921,rolling_user_norm,0.042366917502787,0.0222569955817377,2.0482421896305105,0.0828547543447752,0.0837250684789228,0.0628493393990921,0.0,0.0001033825077738,0.0207415133635005,0.0,-0.0005327120253469,0.0189773113257445
Ausgrid,lightgbm_quantile__c80__h6,0.8,6.0,2013-03,8,0.0,0.0,rolling_group_norm,0.0135021694019995,0.0135021694019995,rolling_group_norm,0.0595200848707159,0.0135021694019995,2.031790719598749,0.0240469208211143,0.0135021694019995,0.0162551877004338,0.0,0.009353861213092,0.006117588256933,0.0,0.0056060601389353,0.0010298426772632
Ausgrid,lightgbm_quantile__c80__h6,0.8,6.0,2013-03,8,0.0,0.01,rolling_group_norm,0.033820076597987,0.033820076597987,rolling_group_norm,0.0595200848707159,0.0135021694019995,2.031790719598749,0.0443651943016852,0.033820076597987,0.0364576284301176,0.0,0.0093523132902026,0.0062316648188246,0.0,0.0056037900888977,0.0011505222478915
Ausgrid,lightgbm_quantile__c80__h6,0.8,6.0,2013-03,8,0.25,0.0,rolling_user_norm,0.0206886891174694,0.0206886891174694,rolling_user_norm,0.0339891933685762,0.0162551877004338,2.020244072968376,0.0329533092550273,0.0250066482691786,0.0206886891174694,0.0,0.0070064374769475,0.0098917493495188,0.0,0.0041566110753883,0.0061158943608654
Ausgrid,lightgbm_quantile__c80__h6,0.8,6.0,2013-03,8,0.25,0.01,rolling_user_norm,0.0408911298471532,0.0408911298471532,rolling_user_norm,0.0339891933685762,0.0162551877004338,2.020244072968376,0.0532715827355982,0.0453245554651661,0.0408911298471532,0.0,0.0070048895540581,0.0100058259114104,0.0,0.0041543412041623,0.0062365724903225
Ausgrid,lightgbm_quantile__c80__h6,0.8,6.0,2013-03,8,0.5,0.0,rolling_user_norm,0.025122190534505,0.025122190534505,rolling_user_norm,0.0339891933685762,0.0162551877004338,2.020244072968376,0.0418596976889403,0.0365111271363577,0.025122190534505,0.0,0.004659013740803,0.0136659104421046,0.0,0.0027071350930052,0.0111997593990392
Ausgrid,lightgbm_quantile__c80__h6,0.8,6.0,2013-03,8,0.5,0.01,rolling_user_norm,0.0453246312641888,0.0453246312641888,rolling_user_norm,0.0339891933685762,0.0162551877004338,2.020244072968376,0.0621779711695112,0.0568290343323452,0.0453246312641888,0.0,0.0046574658179136,0.0137799870039961,0.0,0.0027048655750076,0.0113204286821419
Ausgrid,lightgbm_quantile__c80__h6,0.8,6.0,2013-03,8,0.75,0.0,rolling_user_norm,0.0295556919515406,0.0295556919515406,rolling_user_norm,0.0339891933685762,0.0162551877004338,2.020244072968376,0.0507660861228532,0.0480156060035368,0.0295556919515406,0.0,0.0023115900046585,0.0174400715346903,0.0,0.0012575633913489,0.0162740461065487
Ausgrid,lightgbm_quantile__c80__h6,0.8,6.0,2013-03,8,0.75,0.01,rolling_user_norm,0.0497581326812244,0.0497581326812244,rolling_user_norm,0.0339891933685762,0.0162551877004338,2.020244072968376,0.0710843596034242,0.0683335131995243,0.0497581326812244,0.0,0.0023100420817691,0.0175541480965819,0.0,0.0012552948934671,0.01639463216965
Ausgrid,lightgbm_quantile__c80__h6,0.8,6.0,2013-03,8,1.0,0.0,rolling_user_norm,0.0339891933685762,0.0339891933685762,rolling_user_norm,0.0339891933685762,0.0162551877004338,2.020244072968376,0.0596724745567662,0.0595200848707159,0.0339891933685762,0.0,-3.583373148590326e-05,0.0212142326272761,0.0,-0.0001937452780303,0.0209138597075261
Ausgrid,lightgbm_quantile__c80__h6,0.8,6.0,2013-03,8,1.0,0.01,rolling_user_norm,0.05419163409826,0.05419163409826,rolling_user_norm,0.0339891933685762,0.0162551877004338,2.020244072968376,0.0799907480373371,0.0798379920667034,0.05419163409826,0.0,-3.738165437534394e-05,0.0213283091891676,0.0,-0.0001959933279566,0.0210243001580502
Ausgrid,lightgbm_quantile__c80__h6,0.8,6.0,2013-04,9,0.0,0.0,rolling_group_norm,0.0128472222222222,0.0128472222222222,rolling_group_norm,0.0583960423634336,0.0128472222222222,1.9280018513143984,0.0154605263157895,0.0128472222222222,0.0163255360623781,0.0,0.0044785111795421,0.0030314419972925,0.0,0.0033432295473276,0.0011665227034912
Ausgrid,lightgbm_quantile__c80__h6,0.8,6.0,2013-04,9,0.0,0.01,rolling_group_norm,0.0321272407353662,0.0321272407353662,rolling_group_norm,0.0583960423634336,0.0128472222222222,1.9280018513143984,0.0347420783441516,0.0321272407353662,0.0355432367530801,0.0,0.0044792883673579,0.0031814398693908,0.0,0.0033439845314745,0.0013050861611541
Ausgrid,lightgbm_quantile__c80__h6,0.8,6.0,2013-04,9,0.25,0.0,rolling_user_norm,0.0231253300475268,0.0231253300475268,rolling_user_norm,0.0435247120029728,0.0163255360623781,1.9217700690702,0.0261369220501085,0.024234427257525,0.0231253300475268,0.0,0.0032989946019417,0.0089595585643812,0.0,0.0024115842346714,0.0073414539902596
Ausgrid,lightgbm_quantile__c80__h6,0.8,6.0,2013-04,9,0.25,0.01,rolling_user_norm,0.0423430307382288,0.0423430307382288,rolling_user_norm,0.0435247120029728,0.0163255360623781,1.9217700690702,0.0454184740784707,0.043514445770669,0.0423430307382288,0.0,0.0032997717897575,0.0091095564364795,0.0,0.0024123406002998,0.0074794952736769
Ausgrid,lightgbm_quantile__c80__h6,0.8,6.0,2013-04,9,0.5,0.0,rolling_user_norm,0.0299251240326755,0.0299251240326755,rolling_user_norm,0.0435247120029728,0.0163255360623781,1.9217700690702,0.0368133177844276,0.0356216322928279,0.0299251240326755,0.0,0.0021194780243413,0.0148876751314699,0.0,0.0014798318640258,0.0135023160108222
Ausgrid,lightgbm_quantile__c80__h6,0.8,6.0,2013-04,9,0.5,0.01,rolling_user_norm,0.0491428247233775,0.0491428247233775,rolling_user_norm,0.0435247120029728,0.0163255360623781,1.9217700690702,0.0560948698127897,0.0549016508059719,0.0491428247233775,0.0,0.0021202552121571,0.0150376730035682,0.0,0.001480590685045,0.0136397765158021
Ausgrid,lightgbm_quantile__c80__h6,0.8,6.0,2013-04,9,0.75,0.0,rolling_user_norm,0.0367249180178242,0.0367249180178242,rolling_user_norm,0.0435247120029728,0.0163255360623781,1.9217700690702,0.0474897135187467,0.0470088373281308,0.0367249180178242,0.0,0.0009399614467409,0.0208157916985586,0.0,0.0005477694837351,0.0196407187589087
Ausgrid,lightgbm_quantile__c80__h6,0.8,6.0,2013-04,9,0.75,0.01,rolling_user_norm,0.0559426187085262,0.0559426187085262,rolling_user_norm,0.0435247120029728,0.0163255360623781,1.9217700690702,0.0667712655471088,0.0662888558412748,0.0559426187085262,0.0,0.0009407386345567,0.0209657895706569,0.0,0.0005485338749715,0.0197776192013463
Ausgrid,lightgbm_quantile__c80__h6,0.8,6.0,2013-04,9,1.0,0.0,rolling_user_norm,0.0435247120029728,0.0435247120029728,rolling_user_norm,0.0435247120029728,0.0163255360623781,1.9217700690702,0.0581661092530657,0.0583960423634336,0.0435247120029728,0.0,-0.0002395551308594,0.0267439082656473,0.0,-0.000386180968483,0.0257424133960646
Ausgrid,lightgbm_quantile__c80__h6,0.8,6.0,2013-04,9,1.0,0.01,rolling_user_norm,0.0627424126936748,0.0627424126936748,rolling_user_norm,0.0435247120029728,0.0163255360623781,1.9217700690702,0.0774476612814278,0.0776760608765776,0.0627424126936748,0.0,-0.0002387779430436,0.0268939061377457,0.0,-0.0003853921122414,0.0258790159454225
Ausgrid,lightgbm_quantile__c80__h6,0.8,6.0,2013-05,10,0.0,0.0,rolling_group_norm,0.0231890209394454,0.0231890209394454,rolling_group_norm,0.0681541518322724,0.0231890209394454,2.379677517093818,0.0282293435200905,0.0231890209394454,0.0277282588190908,0.0,0.0048969015073871,0.0053093254098747,0.0,0.003475151627509,0.0004293012962284
Ausgrid,lightgbm_quantile__c80__h6,0.8,6.0,2013-05,10,0.0,0.01,rolling_group_norm,0.0469857961103835,0.0469857961103835,rolling_group_norm,0.0681541518322724,0.0231890209394454,2.379677517093818,0.0520300378559679,0.0469857961103835,0.0513697974950686,0.0,0.0048987963311596,0.0054087095795278,0.0,0.0034777239545963,0.0005316227055812
Ausgrid,lightgbm_quantile__c80__h6,0.8,6.0,2013-05,10,0.25,0.0,rolling_user_norm,0.0332358451014796,0.0332358451014796,rolling_user_norm,0.049758603948646,0.0277282588190908,2.364153867597784,0.0384083375210331,0.0344303036626521,0.0332358451014796,0.0,0.0037138185629871,0.0081533058374135,0.0,0.0025831708175814,0.004144554792242
Ausgrid,lightgbm_quantile__c80__h6,0.8,6.0,2013-05,10,0.25,0.01,rolling_user_norm,0.0568773837774574,0.0568773837774574,rolling_user_norm,0.049758603948646,0.0277282588190908,2.364153867597784,0.0622090318569105,0.0582270788335903,0.0568773837774574,0.0,0.0037157133867596,0.0082526900070665,0.0,0.0025857174380318,0.0042467935968532
Ausgrid,lightgbm_quantile__c80__h6,0.8,6.0,2013-05,10,0.5,0.0,rolling_user_norm,0.0387434313838684,0.0387434313838684,rolling_user_norm,0.049758603948646,0.0277282588190908,2.364153867597784,0.0485873315219757,0.0456715863858589,0.0387434313838684,0.0,0.0025307356185871,0.0109972862649522,0.0,0.001687077979142,0.007857209718755
Ausgrid,lightgbm_quantile__c80__h6,0.8,6.0,2013-05,10,0.5,0.01,rolling_user_norm,0.0623849700598462,0.0623849700598462,rolling_user_norm,0.049758603948646,0.0277282588190908,2.364153867597784,0.072388025857853,0.0694683615567971,0.0623849700598462,0.0,0.0025326304423596,0.0110966704346053,0.0,0.0016895780869295,0.00795931774418
Ausgrid,lightgbm_quantile__c80__h6,0.8,6.0,2013-05,10,0.75,0.0,rolling_user_norm,0.0442510176662572,0.0442510176662572,rolling_user_norm,0.049758603948646,0.0277282588190908,2.364153867597784,0.0587663255229183,0.0569128691090656,0.0442510176662572,0.0,0.0013476526741871,0.0138412666924909,0.0,0.0007805950173812,0.0115642900410485
Ausgrid,lightgbm_quantile__c80__h6,0.8,6.0,2013-05,10,0.75,0.01,rolling_user_norm,0.067892556342235,0.067892556342235,rolling_user_norm,0.049758603948646,0.0277282588190908,2.364153867597784,0.0825670198587956,0.0807096442800038,0.067892556342235,0.0,0.0013495474979596,0.013940650862144,0.0,0.0007829912439155,0.0116661610423605
Ausgrid,lightgbm_quantile__c80__h6,0.8,6.0,2013-05,10,1.0,0.0,rolling_user_norm,0.049758603948646,0.049758603948646,rolling_user_norm,0.049758603948646,0.0277282588190908,2.364153867597784,0.0689453195238608,0.0681541518322724,0.049758603948646,0.0,0.0001645697297871,0.0166852471200297,0.0,-0.0001636875547251,0.0152556629819422
Ausgrid,lightgbm_quantile__c80__h6,0.8,6.0,2013-05,10,1.0,0.01,rolling_user_norm,0.0734001426246238,0.0734001426246238,rolling_user_norm,0.049758603948646,0.0277282588190908,2.364153867597784,0.0927460138597382,0.0919509270032106,0.0734001426246238,0.0,0.0001664645535596,0.0167846312896828,0.0,-0.0001616162126274,0.0153569856200923
Ausgrid,lightgbm_quantile__c80__h6,0.8,6.0,2013-06,11,0.0,0.0,rolling_group_norm,0.024905303030303,0.024905303030303,rolling_group_norm,0.0691494797473058,0.024905303030303,3.0609873464007573,0.0313413742690058,0.024905303030303,0.0288301832760595,0.0,0.0098271523597079,0.0062565316270212,0.0,0.009227705657754,0.0034403203877704
Ausgrid,lightgbm_quantile__c80__h6,0.8,6.0,2013-06,11,0.0,0.01,rolling_group_norm,0.0555151764943106,0.0555151764943106,rolling_group_norm,0.0691494797473058,0.024905303030303,3.0609873464007573,0.0619563480946774,0.0555151764943106,0.0592505745869366,0.0,0.0098329469339336,0.0064587090896945,0.0,0.0092324940942806,0.003637381534008
Ausgrid,lightgbm_quantile__c80__h6,0.8,6.0,2013-06,11,0.25,0.0,rolling_user_norm,0.0324335581185088,0.0324335581185088,rolling_user_norm,0.0432436826458565,0.0288301832760595,3.042039131087703,0.040922302533787,0.0359663472095537,0.0324335581185088,0.0,0.0074237830731997,0.0108634317934729,0.0,0.0070912881722306,0.0078729160029977
Ausgrid,lightgbm_quantile__c80__h6,0.8,6.0,2013-06,11,0.25,0.01,rolling_user_norm,0.0628539494293858,0.0628539494293858,rolling_user_norm,0.0432436826458565,0.0288301832760595,3.042039131087703,0.0715372763594587,0.0665762206735613,0.0628539494293858,0.0,0.0074295776474254,0.0110656092561461,0.0,0.0070960556437014,0.0080698170481727
Ausgrid,lightgbm_quantile__c80__h6,0.8,6.0,2013-06,11,0.5,0.0,rolling_user_norm,0.036036932960958,0.036036932960958,rolling_user_norm,0.0432436826458565,0.0288301832760595,3.042039131087703,0.0505032307985683,0.0470273913888044,0.036036932960958,0.0,0.0050204137866915,0.0154703319599246,0.0,0.0049446190965432,0.0122869269538923
Ausgrid,lightgbm_quantile__c80__h6,0.8,6.0,2013-06,11,0.5,0.01,rolling_user_norm,0.0664573242718351,0.0664573242718351,rolling_user_norm,0.0432436826458565,0.0288301832760595,3.042039131087703,0.0811182046242399,0.077637264852812,0.0664573242718351,0.0,0.0050262083609173,0.0156725094225978,0.0,0.0049493597663562,0.0124837170931126
Ausgrid,lightgbm_quantile__c80__h6,0.8,6.0,2013-06,11,0.75,0.0,rolling_user_norm,0.0396403078034073,0.0396403078034073,rolling_user_norm,0.0432436826458565,0.0288301832760595,3.042039131087703,0.0600841590633495,0.0580884355680551,0.0396403078034073,0.0,0.0026170445001834,0.0200772321263762,0.0,0.0024051193338247,0.0166855225335408
Ausgrid,lightgbm_quantile__c80__h6,0.8,6.0,2013-06,11,0.75,0.01,rolling_user_norm,0.0700606991142843,0.0700606991142843,rolling_user_norm,0.0432436826458565,0.0288301832760595,3.042039131087703,0.0906991328890211,0.0886983090320627,0.0700606991142843,0.0,0.0026228390744091,0.0202794095890494,0.0,0.0024117704808165,0.0168822393139288
Ausgrid,lightgbm_quantile__c80__h6,0.8,6.0,2013-06,11,1.0,0.0,rolling_user_norm,0.0432436826458565,0.0432436826458565,rolling_user_norm,0.0432436826458565,0.0288301832760595,3.042039131087703,0.0696650873281308,0.0691494797473058,0.0432436826458565,0.0,0.0002136752136752,0.0246841322928279,0.0,-0.0002638760217066,0.0210713682149808
Ausgrid,lightgbm_quantile__c80__h6,0.8,6.0,2013-06,11,1.0,0.01,rolling_user_norm,0.0736640739567336,0.0736640739567336,rolling_user_norm,0.0432436826458565,0.0288301832760595,3.042039131087703,0.1002800611538024,0.0997593532113134,0.0736640739567336,0.0,0.0002194697879009,0.0248863097555011,0.0,-0.0002571533977641,0.021268039585089
Ausgrid,lightgbm_quantile__c90__h6,0.9,6.0,2012-07,0,0.0,0.0,rolling_group_norm,0.0159503299120234,0.0156295821114369,rolling_user_norm,0.0389164598842018,0.0159503299120234,3.796459179577642,0.0230487172231654,0.0159503299120234,0.0156295821114369,0.0,0.0087034980127085,0.0060324695388111,0.0,0.0081663241353647,0.0053302790693572
Ausgrid,lightgbm_quantile__c90__h6,0.9,6.0,2012-07,0,0.0,0.01,rolling_group_norm,0.0539149217077999,0.0534957475413859,rolling_user_norm,0.0389164598842018,0.0159503299120234,3.796459179577642,0.0610214789187315,0.0539149217077999,0.0534957475413859,0.0,0.0087100562781913,0.0061019075164074,0.0,0.0081727559685739,0.0054016615047259
Ausgrid,lightgbm_quantile__c90__h6,0.9,6.0,2012-07,0,0.25,0.0,rolling_group_norm,0.021691862405068,0.0187286283068847,rolling_user_norm,0.0389164598842018,0.0159503299120234,3.796459179577642,0.0271426442934664,0.021691862405068,0.0187286283068847,0.0,0.0065881758798664,0.006330637656046,0.0,0.0061704339139226,0.0058409606005098
Ausgrid,lightgbm_quantile__c90__h6,0.9,6.0,2012-07,0,0.25,0.01,rolling_group_norm,0.0596564542008445,0.0565947937368337,rolling_user_norm,0.0389164598842018,0.0159503299120234,3.796459179577642,0.0651154059890325,0.0596564542008445,0.0565947937368337,0.0,0.0065947341453491,0.0064000756336423,0.0,0.0061768668905026,0.0059100432482834
Ausgrid,lightgbm_quantile__c90__h6,0.9,6.0,2012-07,0,0.5,0.0,rolling_user_norm,0.0218276745023326,0.0218276745023326,rolling_user_norm,0.0280257668932283,0.0156295821114369,3.7866165429948953,0.0312365713637674,0.0274333948981126,0.0218276745023326,0.0,0.0044728537470242,0.0066288057732809,0.0,0.0041640875304453,0.0062348173730319
Ausgrid,lightgbm_quantile__c90__h6,0.9,6.0,2012-07,0,0.5,0.01,rolling_user_norm,0.0596938399322815,0.0596938399322815,rolling_user_norm,0.0280257668932283,0.0156295821114369,3.7866165429948953,0.0692093330593335,0.065397986693889,0.0596938399322815,0.0,0.0044794120125069,0.0066982437508772,0.0,0.0041705267370229,0.0062999347276168
Ausgrid,lightgbm_quantile__c90__h6,0.9,6.0,2012-07,0,0.75,0.0,rolling_user_norm,0.0249267206977804,0.0249267206977804,rolling_user_norm,0.0280257668932283,0.0156295821114369,3.7866165429948953,0.0353304984340684,0.0331749273911572,0.0249267206977804,0.0,0.002357531614182,0.0069269738905158,0.0,0.0021316102701919,0.0064376874939869
Ausgrid,lightgbm_quantile__c90__h6,0.9,6.0,2012-07,0,0.75,0.01,rolling_user_norm,0.0627928861277294,0.0627928861277294,rolling_user_norm,0.0280257668932283,0.0156295821114369,3.7866165429948953,0.0733032601296345,0.0711395191869336,0.0627928861277294,0.0,0.0023640898796648,0.0069964118681121,0.0,0.0021380747586467,0.0065005293267717
Ausgrid,lightgbm_quantile__c90__h6,0.9,6.0,2012-07,0,1.0,0.0,rolling_user_norm,0.0280257668932283,0.0280257668932283,rolling_user_norm,0.0280257668932283,0.0156295821114369,3.7866165429948953,0.0394244255043694,0.0389164598842018,0.0280257668932283,0.0,0.0002422094813399,0.0072251420077507,0.0,3.819972270048262e-05,0.0065234963894995
Ausgrid,lightgbm_quantile__c90__h6,0.9,6.0,2012-07,0,1.0,0.01,rolling_user_norm,0.0658919323231772,0.0658919323231772,rolling_user_norm,0.0280257668932283,0.0156295821114369,3.7866165429948953,0.0773971871999355,0.0768810516799782,0.0658919323231772,0.0,0.0002487677468226,0.007294579985347,0.0,4.473047761267685e-05,0.0065861450983693
Ausgrid,lightgbm_quantile__c90__h6,0.9,6.0,2012-08,1,0.0,0.0,rolling_group_norm,0.0014005987292277,0.0014005987292277,rolling_group_norm,0.038491207249973,0.0014005987292277,3.4950429507660914,0.0130859743444633,0.0014005987292277,0.0019618939822675,0.0,0.0084346031171858,0.0082218002049797,0.0,0.0064153760220846,0.0056769728752118
Ausgrid,lightgbm_quantile__c90__h6,0.9,6.0,2012-08,1,0.0,0.01,rolling_group_norm,0.0363510282368886,0.0363510282368886,rolling_group_norm,0.038491207249973,0.0014005987292277,3.4950429507660914,0.0480464047502622,0.0363510282368886,0.0367662718381465,0.0,0.0084433517757397,0.0083713084780169,0.0,0.0064213378439249,0.0057963877422932
Ausgrid,lightgbm_quantile__c90__h6,0.9,6.0,2012-08,1,0.25,0.0,rolling_user_norm,0.007300438359898,0.007300438359898,rolling_user_norm,0.0233160714927895,0.0019618939822675,3.480437785587897,0.0196020342520721,0.010673250859414,0.007300438359898,0.0,0.0064157025635091,0.0094935784809631,0.0,0.0048480660316118,0.0072447237747889
Ausgrid,lightgbm_quantile__c90__h6,0.9,6.0,2012-08,1,0.25,0.01,rolling_user_norm,0.042104816215777,0.042104816215777,rolling_user_norm,0.0233160714927895,0.0019618939822675,3.480437785587897,0.054562464657871,0.0456236803670749,0.042104816215777,0.0,0.006424451222063,0.0096430867540003,0.0,0.0048540399153346,0.0073621532298368
Ausgrid,lightgbm_quantile__c90__h6,0.9,6.0,2012-08,1,0.5,0.0,rolling_user_norm,0.0126389827375285,0.0126389827375285,rolling_user_norm,0.0233160714927895,0.0019618939822675,3.480437785587897,0.0261180941596808,0.0199459029896003,0.0126389827375285,0.0,0.0043968020098325,0.0107653567569465,0.0,0.0032770791984129,0.0087655377657688
Ausgrid,lightgbm_quantile__c90__h6,0.9,6.0,2012-08,1,0.5,0.01,rolling_user_norm,0.0474433605934075,0.0474433605934075,rolling_user_norm,0.0233160714927895,0.0019618939822675,3.480437785587897,0.0610785245654798,0.0548963324972612,0.0474433605934075,0.0,0.0044055506683863,0.0109148650299837,0.0,0.003283083899224,0.0088811920363853
Ausgrid,lightgbm_quantile__c90__h6,0.9,6.0,2012-08,1,0.75,0.0,rolling_user_norm,0.017977527115159,0.017977527115159,rolling_user_norm,0.0233160714927895,0.0019618939822675,3.480437785587897,0.0326341540672896,0.0292185551197866,0.017977527115159,0.0,0.0023779014561558,0.0120371350329299,0.0,0.0016951403731893,0.010220013225699
Ausgrid,lightgbm_quantile__c90__h6,0.9,6.0,2012-08,1,0.75,0.01,rolling_user_norm,0.052781904971038,0.052781904971038,rolling_user_norm,0.0233160714927895,0.0019618939822675,3.480437785587897,0.0675945844730885,0.0641689846274476,0.052781904971038,0.0,0.0023866501147097,0.012186643305967,0.0,0.0017012595201047,0.0103346926843317
Ausgrid,lightgbm_quantile__c90__h6,0.9,6.0,2012-08,1,1.0,0.0,rolling_user_norm,0.0233160714927895,0.0233160714927895,rolling_user_norm,0.0233160714927895,0.0019618939822675,3.480437785587897,0.0391502139748984,0.038491207249973,0.0233160714927895,0.0,0.0003590009024791,0.0133089133089133,0.0,5.13731044183789e-05,0.0115869044576009
Ausgrid,lightgbm_quantile__c90__h6,0.9,6.0,2012-08,1,1.0,0.01,rolling_user_norm,0.0581204493486685,0.0581204493486685,rolling_user_norm,0.0233160714927895,0.0019618939822675,3.480437785587897,0.0741106443806973,0.0734416367576339,0.0581204493486685,0.0,0.000367749561033,0.0134584215819504,0.0,5.843171447705663e-05,0.0117021916647969
Ausgrid,lightgbm_quantile__c90__h6,0.9,6.0,2012-09,2,0.0,0.0,rolling_user_norm,0.0162720959595958,0.0162563131313131,rolling_group_norm,0.0315101263470828,0.0162720959595958,2.6606547188995497,0.0244318181818181,0.0162563131313131,0.0162720959595958,0.0,0.0088539688868636,0.0103002245212635,0.0,0.0082029618539133,0.0100146450012253
Ausgrid,lightgbm_quantile__c90__h6,0.9,6.0,2012-09,2,0.0,0.01,rolling_user_norm,0.0428786431485913,0.0428786431485913,rolling_user_norm,0.0315101263470828,0.0162720959595958,2.6606547188995497,0.0510813137985993,0.0429038874578268,0.0428786431485913,0.0,0.0088644110621646,0.0104650591929932,0.0,0.0082130215106828,0.0101936258056176
Ausgrid,lightgbm_quantile__c90__h6,0.9,6.0,2012-09,2,0.25,0.0,rolling_user_norm,0.0200816035564676,0.0200816035564676,rolling_user_norm,0.0315101263470828,0.0162720959595958,2.6606547188995497,0.0287283368805107,0.0225072896608222,0.0200816035564676,0.0,0.006861119548834,0.0111947362626894,0.0,0.0063780667303932,0.0108012857873472
Ausgrid,lightgbm_quantile__c90__h6,0.9,6.0,2012-09,2,0.25,0.01,rolling_user_norm,0.0466881507454631,0.0466881507454631,rolling_user_norm,0.0315101263470828,0.0162720959595958,2.6606547188995497,0.0553778324972919,0.0491548639873359,0.0466881507454631,0.0,0.006871561724135,0.0113595709344191,0.0,0.0063876442520206,0.0109745442615806
Ausgrid,lightgbm_quantile__c90__h6,0.9,6.0,2012-09,2,0.5,0.0,rolling_user_norm,0.0238911111533393,0.0238911111533393,rolling_user_norm,0.0315101263470828,0.0162720959595958,2.6606547188995497,0.0330248555792033,0.0287582661903314,0.0238911111533393,0.0,0.0048682702108045,0.0120892480041153,0.0,0.004497551696099,0.0115133813752329
Ausgrid,lightgbm_quantile__c90__h6,0.9,6.0,2012-09,2,0.5,0.01,rolling_user_norm,0.0504976583423348,0.0504976583423348,rolling_user_norm,0.0315101263470828,0.0162720959595958,2.6606547188995497,0.0596743511959845,0.055405840516845,0.0504976583423348,0.0,0.0048787123861055,0.012254082675845,0.0,0.0045064138296424,0.0116827802364631
Ausgrid,lightgbm_quantile__c90__h6,0.9,6.0,2012-09,2,0.75,0.0,rolling_user_norm,0.0277006187502111,0.0277006187502111,rolling_user_norm,0.0315101263470828,0.0162720959595958,2.6606547188995497,0.037321374277896,0.0350092427198405,0.0277006187502111,0.0,0.0028754208727749,0.0129837597455412,0.0,0.0025065215204086,0.0122014471766755
Ausgrid,lightgbm_quantile__c90__h6,0.9,6.0,2012-09,2,0.75,0.01,rolling_user_norm,0.0543071659392066,0.0543071659392066,rolling_user_norm,0.0315101263470828,0.0162720959595958,2.6606547188995497,0.0639708698946772,0.0616568170463542,0.0543071659392066,0.0,0.0028858630480759,0.0131485944172709,0.0,0.0025149201498282,0.0123687874545411
Ausgrid,lightgbm_quantile__c90__h6,0.9,6.0,2012-09,2,1.0,0.0,rolling_user_norm,0.0315101263470828,0.0315101263470828,rolling_user_norm,0.0315101263470828,0.0162720959595958,2.6606547188995497,0.0416178929765886,0.0412602192493496,0.0315101263470828,0.0,0.0008825715347454,0.0138782714869671,0.0,0.0004037150108303,0.0128802860061198
Ausgrid,lightgbm_quantile__c90__h6,0.9,6.0,2012-09,2,1.0,0.01,rolling_user_norm,0.0581166735360783,0.0581166735360783,rolling_user_norm,0.0315101263470828,0.0162720959595958,2.6606547188995497,0.0682673885933698,0.0679077935758633,0.0581166735360783,0.0,0.0008930137100464,0.0140431061586968,0.0,0.0004122295842006,0.0130464202480752
Ausgrid,lightgbm_quantile__c90__h6,0.9,6.0,2012-10,3,0.0,0.0,rolling_group_norm,0.0074437423788936,0.0074437423788936,rolling_group_norm,0.0372918689538605,0.0074437423788936,2.519596961667413,0.0108458309752876,0.0074437423788936,0.0091134574880833,0.0,0.0077494082428292,0.0043538988932029,0.0,0.0063674124329854,0.0034025179442211
Ausgrid,lightgbm_quantile__c90__h6,0.9,6.0,2012-10,3,0.0,0.01,rolling_group_norm,0.0326397119955678,0.0326397119955678,rolling_group_norm,0.0372918689538605,0.0074437423788936,2.519596961667413,0.0360445585900855,0.0326397119955678,0.0342197272393965,0.0,0.0077507073197234,0.0044856367568038,0.0,0.0063668606644827,0.0035402302799088
Ausgrid,lightgbm_quantile__c90__h6,0.9,6.0,2012-10,3,0.25,0.0,rolling_user_norm,0.0135845177213777,0.0135845177213777,rolling_user_norm,0.0269976984212608,0.0091134574880833,2.5106269751313186,0.0174764453715743,0.0149057740226353,0.0135845177213777,0.0,0.0058583414186245,0.0062449325841932,0.0,0.004749630142904,0.0052171943794679
Ausgrid,lightgbm_quantile__c90__h6,0.9,6.0,2012-10,3,0.25,0.01,rolling_user_norm,0.0386907874726909,0.0386907874726909,rolling_user_norm,0.0269976984212608,0.0091134574880833,2.5106269751313186,0.0426751729863722,0.0401017436393095,0.0386907874726909,0.0,0.0058596404955187,0.0063766704477941,0.0,0.0047489289607259,0.0053500892722387
Ausgrid,lightgbm_quantile__c90__h6,0.9,6.0,2012-10,3,0.5,0.0,rolling_user_norm,0.018055577954672,0.018055577954672,rolling_user_norm,0.0269976984212608,0.0091134574880833,2.5106269751313186,0.024107059767861,0.0223678056663771,0.018055577954672,0.0,0.0039672745944199,0.0081359662751835,0.0,0.0031011119175783,0.0068684632207236
Ausgrid,lightgbm_quantile__c90__h6,0.9,6.0,2012-10,3,0.5,0.01,rolling_user_norm,0.0431618477059852,0.0431618477059852,rolling_user_norm,0.0269976984212608,0.0091134574880833,2.5106269751313186,0.0493057873826588,0.0475637752830512,0.0431618477059852,0.0,0.003968573671314,0.0082677041387844,0.0,0.0031002433901526,0.0069976086771354
Ausgrid,lightgbm_quantile__c90__h6,0.9,6.0,2012-10,3,0.75,0.0,rolling_user_norm,0.0225266381879664,0.0225266381879664,rolling_user_norm,0.0269976984212608,0.0091134574880833,2.5106269751313186,0.0307376741641477,0.0298298373101188,0.0225266381879664,0.0,0.0020762077702152,0.0100269999661738,0.0,0.0013885278388837,0.0084282253613827
Ausgrid,lightgbm_quantile__c90__h6,0.9,6.0,2012-10,3,0.75,0.01,rolling_user_norm,0.0476329079392796,0.0476329079392796,rolling_user_norm,0.0269976984212608,0.0091134574880833,2.5106269751313186,0.0559364017789455,0.0550258069267929,0.0476329079392796,0.0,0.0020775068471094,0.0101587378297747,0.0,0.0013875911593608,0.0085551125238991
Ausgrid,lightgbm_quantile__c90__h6,0.9,6.0,2012-10,3,1.0,0.0,rolling_user_norm,0.0269976984212608,0.0269976984212608,rolling_user_norm,0.0269976984212608,0.0091134574880833,2.5106269751313186,0.0373682885604344,0.0372918689538605,0.0269976984212608,0.0,0.0001851409460105,0.0119180336571641,0.0,-0.0004451275749535,0.0099419783570696
Ausgrid,lightgbm_quantile__c90__h6,0.9,6.0,2012-10,3,1.0,0.01,rolling_user_norm,0.052103968172574,0.052103968172574,rolling_user_norm,0.0269976984212608,0.0091134574880833,2.5106269751313186,0.0625670161752322,0.0624878385705346,0.052103968172574,0.0,0.0001864400229047,0.012049771520765,0.0,-0.0004457297727834,0.010067529398865
Ausgrid,lightgbm_quantile__c90__h6,0.9,6.0,2012-11,4,0.0,0.0,rolling_group_norm,0.0116319444444444,0.0109321305841925,rolling_global_norm,0.0360391118543292,0.0116319444444444,2.5594449914067408,0.0109321305841925,0.0116319444444444,0.0168166035353535,0.0,0.0037255781499202,0.0022885496569707,0.0,0.0020860789325091,-0.0020016498361141
Ausgrid,lightgbm_quantile__c90__h6,0.9,6.0,2012-11,4,0.0,0.01,rolling_group_norm,0.0372263943585119,0.036527787564533,rolling_global_norm,0.0360391118543292,0.0116319444444444,2.5594449914067408,0.036527787564533,0.0372263943585119,0.0423126751685519,0.0,0.003727949106938,0.0024138409742026,0.0,0.0020895361164655,-0.0018708730983979
Ausgrid,lightgbm_quantile__c90__h6,0.9,6.0,2012-11,4,0.25,0.0,rolling_group_norm,0.0177337362969156,0.017241391695112,rolling_global_norm,0.0360391118543292,0.0116319444444444,2.5594449914067408,0.017241391695112,0.0177337362969156,0.0193792215106753,0.0,0.0027782575095575,0.0045997004521031,0.0,0.0015123297790623,0.0008198898108034
Ausgrid,lightgbm_quantile__c90__h6,0.9,6.0,2012-11,4,0.25,0.01,rolling_group_norm,0.043328186210983,0.0428370486754526,rolling_global_norm,0.0360391118543292,0.0116319444444444,2.5594449914067408,0.0428370486754526,0.043328186210983,0.0448752931438737,0.0,0.0027806284665753,0.0047249917693351,0.0,0.0015158225046977,0.0009506556390289
Ausgrid,lightgbm_quantile__c90__h6,0.9,6.0,2012-11,4,0.5,0.0,rolling_user_norm,0.021941839485997,0.021941839485997,rolling_user_norm,0.0270670754366406,0.0168166035353535,2.5496071633198403,0.0235506528060315,0.0238355281493868,0.021941839485997,0.0,0.0018309368691948,0.0069108512472356,0.0,0.0009350846308997,0.003641394877962
Ausgrid,lightgbm_quantile__c90__h6,0.9,6.0,2012-11,4,0.5,0.01,rolling_user_norm,0.0474379111191954,0.0474379111191954,rolling_user_norm,0.0270670754366406,0.0168166035353535,2.5496071633198403,0.0491463097863721,0.0494299780634542,0.0474379111191954,0.0,0.0018333078262126,0.0070361425644676,0.0,0.0009386380580132,0.0037721463270291
Ausgrid,lightgbm_quantile__c90__h6,0.9,6.0,2012-11,4,0.75,0.0,rolling_user_norm,0.0245044574613188,0.0245044574613188,rolling_user_norm,0.0270670754366406,0.0168166035353535,2.5496071633198403,0.0298599139169511,0.029937320001858,0.0245044574613188,0.0,0.0008836162288321,0.0092220020423681,0.0,0.0003470602429772,0.0064628461768957
Ausgrid,lightgbm_quantile__c90__h6,0.9,6.0,2012-11,4,0.75,0.01,rolling_user_norm,0.0500005290945172,0.0500005290945172,rolling_user_norm,0.0270670754366406,0.0168166035353535,2.5496071633198403,0.0554555708972917,0.0555317699159254,0.0500005290945172,0.0,0.0008859871858499,0.0093472933596001,0.0,0.0003507332777506,0.0065935778106779
Ausgrid,lightgbm_quantile__c90__h6,0.9,6.0,2012-11,4,1.0,0.0,rolling_user_norm,0.0270670754366406,0.0270670754366406,rolling_user_norm,0.0270670754366406,0.0168166035353535,2.5496071633198403,0.0361691750278706,0.0360391118543292,0.0270670754366406,0.0,-6.370441153049956e-05,0.0115331528375006,0.0,-0.0003057711340096,0.0092842071062207
Ausgrid,lightgbm_quantile__c90__h6,0.9,6.0,2012-11,4,1.0,0.01,rolling_user_norm,0.052563147069839,0.052563147069839,rolling_user_norm,0.0270670754366406,0.0168166035353535,2.5496071633198403,0.0617648320082112,0.0616335617683966,0.052563147069839,0.0,-6.1333454512702e-05,0.0116584441547326,0.0,-0.0003020041366028,0.0094149096924113
Ausgrid,lightgbm_quantile__c90__h6,0.9,6.0,2012-12,5,0.0,0.0,rolling_group_norm,0.0039865314266711,0.0039865314266711,rolling_group_norm,0.0355382637465386,0.0039865314266711,2.8614499560160667,0.010923753665689,0.0039865314266711,0.0078802239219598,0.0,0.0024932305478629,0.000664621696906,0.0,0.0003969464138573,-0.0039674621100815
Ausgrid,lightgbm_quantile__c90__h6,0.9,6.0,2012-12,5,0.0,0.01,rolling_group_norm,0.0326010309868318,0.0326010309868318,rolling_group_norm,0.0355382637465386,0.0039865314266711,2.8614499560160667,0.0395427053082829,0.0326010309868318,0.0364334172952839,0.0,0.0024955326818377,0.000801724372303,0.0,0.0003971307563253,-0.0038255542163861
Ausgrid,lightgbm_quantile__c90__h6,0.9,6.0,2012-12,5,0.25,0.0,rolling_group_norm,0.011874464506638,0.011874464506638,rolling_group_norm,0.0355382637465386,0.0039865314266711,2.8614499560160667,0.0172646092220074,0.011874464506638,0.0126695945247043,0.0,0.0019737743734443,0.0035391906449256,0.0,0.0003748206730178,-0.00038870196956
Ausgrid,lightgbm_quantile__c90__h6,0.9,6.0,2012-12,5,0.25,0.01,rolling_group_norm,0.0404889640667986,0.0404889640667986,rolling_group_norm,0.0355382637465386,0.0039865314266711,2.8614499560160667,0.0458835608646013,0.0404889640667986,0.0412227878980284,0.0,0.0019760765074191,0.0036762933203226,0.0,0.0003750178802628,-0.0002493183870727
Ausgrid,lightgbm_quantile__c90__h6,0.9,6.0,2012-12,5,0.5,0.0,rolling_user_norm,0.0174589651274488,0.0174589651274488,rolling_user_norm,0.0270377063329377,0.0078802239219598,2.855319337332412,0.0236054647783258,0.0197623975866048,0.0174589651274488,0.0,0.0014543181990257,0.0064137595929452,0.0,0.0003522619327566,0.0031157771232268
Ausgrid,lightgbm_quantile__c90__h6,0.9,6.0,2012-12,5,0.5,0.01,rolling_user_norm,0.0460121585007729,0.0460121585007729,rolling_user_norm,0.0270377063329377,0.0078802239219598,2.855319337332412,0.0522244164209197,0.0483768971467655,0.0460121585007729,0.0,0.0014566203330005,0.0065508622683422,0.0,0.000352484414519,0.0032515660705444
Ausgrid,lightgbm_quantile__c90__h6,0.9,6.0,2012-12,5,0.75,0.0,rolling_user_norm,0.0222483357301932,0.0222483357301932,rolling_user_norm,0.0270377063329377,0.0078802239219598,2.855319337332412,0.0299463203346442,0.0276503306665717,0.0222483357301932,0.0,0.000934862024607,0.0092883285409648,0.0,0.0003282052812755,0.0064952577695963
Ausgrid,lightgbm_quantile__c90__h6,0.9,6.0,2012-12,5,0.75,0.01,rolling_user_norm,0.0508015291035173,0.0508015291035173,rolling_user_norm,0.0270377063329377,0.0078802239219598,2.855319337332412,0.0585652719772381,0.0562648302267324,0.0508015291035173,0.0,0.0009371641585819,0.0094254312163618,0.0,0.0003284993594835,0.006626057802894
Ausgrid,lightgbm_quantile__c90__h6,0.9,6.0,2012-12,5,1.0,0.0,rolling_user_norm,0.0270377063329377,0.0270377063329377,rolling_user_norm,0.0270377063329377,0.0078802239219598,2.855319337332412,0.0362871758909627,0.0355382637465386,0.0270377063329377,0.0,0.0004154058501884,0.0121628974889844,0.0,0.0002843863603103,0.0096725143295407
Ausgrid,lightgbm_quantile__c90__h6,0.9,6.0,2012-12,5,1.0,0.01,rolling_user_norm,0.0555908997062618,0.0555908997062618,rolling_user_norm,0.0270377063329377,0.0078802239219598,2.855319337332412,0.0649061275335566,0.0641527633066992,0.0555908997062618,0.0,0.0004177079841632,0.0123000001643815,0.0,0.0002855760003987,0.0097972345742947
Ausgrid,lightgbm_quantile__c90__h6,0.9,6.0,2013-01,6,0.0,0.0,rolling_group_norm,0.014925249952839,0.014925249952839,rolling_group_norm,0.0394716258496062,0.014925249952839,3.5970716913941114,0.0196767119411431,0.014925249952839,0.0152259007734389,0.0,0.0066864037860714,0.00357526101388,0.0,0.0049847089696255,0.0011218881357389
Ausgrid,lightgbm_quantile__c90__h6,0.9,6.0,2013-01,6,0.0,0.01,rolling_group_norm,0.0508959668667801,0.0508959668667801,rolling_group_norm,0.0394716258496062,0.014925249952839,3.5970716913941114,0.0556547796748571,0.0508959668667801,0.0510370683749263,0.0,0.006691334418625,0.003695165344606,0.0,0.0049886380451914,0.0012374326500216
Ausgrid,lightgbm_quantile__c90__h6,0.9,6.0,2013-01,6,0.25,0.0,rolling_group_norm,0.0210618439270308,0.0183657430540965,rolling_user_norm,0.0394716258496062,0.014925249952839,3.5970716913941114,0.0248987528935349,0.0210618439270308,0.0183657430540965,0.0,0.0052740997021113,0.0050529420177758,0.0,0.0040154940872229,0.0026468283583471
Ausgrid,lightgbm_quantile__c90__h6,0.9,6.0,2013-01,6,0.25,0.01,rolling_group_norm,0.0570325608409719,0.0541769106555839,rolling_user_norm,0.0394716258496062,0.014925249952839,3.5970716913941114,0.0608768206272489,0.0570325608409719,0.0541769106555839,0.0,0.0052790303346649,0.0051728463485018,0.0,0.0040194241053347,0.002759725328491
Ausgrid,lightgbm_quantile__c90__h6,0.9,6.0,2013-01,6,0.5,0.0,rolling_user_norm,0.0215055853347541,0.0215055853347541,rolling_user_norm,0.0277852698960693,0.0152259007734389,3.5811167601487326,0.0301207938459267,0.0271984379012226,0.0215055853347541,0.0,0.0038617956181511,0.0065306230216716,0.0,0.0030442267795619,0.0041326336865002
Ausgrid,lightgbm_quantile__c90__h6,0.9,6.0,2013-01,6,0.5,0.01,rolling_user_norm,0.0573167529362415,0.0573167529362415,rolling_user_norm,0.0277852698960693,0.0152259007734389,3.5811167601487326,0.0660988615796406,0.0631691548151637,0.0573167529362415,0.0,0.0038667262507048,0.0066505273523976,0.0,0.0030481612671361,0.0042429390231721
Ausgrid,lightgbm_quantile__c90__h6,0.9,6.0,2013-01,6,0.75,0.0,rolling_user_norm,0.0246454276154117,0.0246454276154117,rolling_user_norm,0.0277852698960693,0.0152259007734389,3.5811167601487326,0.0353428347983184,0.0333350318754144,0.0246454276154117,0.0,0.002449491534191,0.0080083040255674,0.0,0.0020638007456959,0.0055789114661572
Ausgrid,lightgbm_quantile__c90__h6,0.9,6.0,2013-01,6,0.75,0.01,rolling_user_norm,0.060456595216899,0.060456595216899,rolling_user_norm,0.0277852698960693,0.0152259007734389,3.5811167601487326,0.0713209025320324,0.0693057487893555,0.060456595216899,0.0,0.0024544221667447,0.0081282083562934,0.0,0.0020677733879077,0.0056868080377378
Ausgrid,lightgbm_quantile__c90__h6,0.9,6.0,2013-01,6,1.0,0.0,rolling_user_norm,0.0277852698960693,0.0277852698960693,rolling_user_norm,0.0277852698960693,0.0152259007734389,3.5811167601487326,0.0405648757507102,0.0394716258496062,0.0277852698960693,0.0,0.0010371874502309,0.0094859850294632,0.0,0.0008787455702817,0.0069871514995027
Ausgrid,lightgbm_quantile__c90__h6,0.9,6.0,2013-01,6,1.0,0.01,rolling_user_norm,0.0635964374975566,0.0635964374975566,rolling_user_norm,0.0277852698960693,0.0152259007734389,3.5811167601487326,0.0765429434844242,0.0754423427635473,0.0635964374975566,0.0,0.0010421180827845,0.0096058893601892,0.0,0.0008841503945645,0.0070929200180605
Ausgrid,lightgbm_quantile__c90__h6,0.9,6.0,2013-02,7,0.0,0.0,rolling_group_norm,0.0133836524300441,0.0133836524300441,rolling_group_norm,0.0429750955566172,0.0133836524300441,2.694595963501934,0.0175375405844155,0.0133836524300441,0.0143271354933726,0.0,0.006473135173793,0.0059075807685411,0.0,0.0038082182478254,0.0032209409175388
Ausgrid,lightgbm_quantile__c90__h6,0.9,6.0,2013-02,7,0.0,0.01,rolling_group_norm,0.0403296120650634,0.0403296120650634,rolling_group_norm,0.0429750955566172,0.0133836524300441,2.694595963501934,0.0444818665932051,0.0403296120650634,0.0411526550838772,0.0,0.006481994446891,0.0061072984736358,0.0,0.0038156093007509,0.0034136009418439
Ausgrid,lightgbm_quantile__c90__h6,0.9,6.0,2013-02,7,0.25,0.0,rolling_user_norm,0.0183332686848486,0.0183332686848486,rolling_user_norm,0.0303516682592769,0.0143271354933726,2.6825519590504623,0.0240660197479151,0.0207815132116874,0.0183332686848486,0.0,0.0052107002416284,0.0081096153422921,0.0,0.0031318521965794,0.0058066387899507
Ausgrid,lightgbm_quantile__c90__h6,0.9,6.0,2013-02,7,0.25,0.01,rolling_user_norm,0.0451587882753533,0.0451587882753533,rolling_user_norm,0.0303516682592769,0.0143271354933726,2.6825519590504623,0.0510103457567047,0.0477274728467067,0.0451587882753533,0.0,0.0052195595147263,0.0083093330473868,0.0,0.0031392425391217,0.0059994284774339
Ausgrid,lightgbm_quantile__c90__h6,0.9,6.0,2013-02,7,0.5,0.0,rolling_user_norm,0.0223394018763247,0.0223394018763247,rolling_user_norm,0.0303516682592769,0.0143271354933726,2.6825519590504623,0.0305944989114146,0.0281793739933307,0.0223394018763247,0.0,0.0039482653094638,0.0103116499160431,0.0,0.0024554849953086,0.0083842644885285
Ausgrid,lightgbm_quantile__c90__h6,0.9,6.0,2013-02,7,0.5,0.01,rolling_user_norm,0.0491649214668294,0.0491649214668294,rolling_user_norm,0.0303516682592769,0.0143271354933726,2.6825519590504623,0.0575388249202042,0.05512533362835,0.0491649214668294,0.0,0.0039571245825617,0.0105113676211378,0.0,0.0024628740713517,0.0085772636617505
Ausgrid,lightgbm_quantile__c90__h6,0.9,6.0,2013-02,7,0.75,0.0,rolling_user_norm,0.0263455350678008,0.0263455350678008,rolling_user_norm,0.0303516682592769,0.0143271354933726,2.6825519590504623,0.0371229780749142,0.035577234774974,0.0263455350678008,0.0,0.0026858303772992,0.0125136844897941,0.0,0.0017791144140095,0.0109479979165369
Ausgrid,lightgbm_quantile__c90__h6,0.9,6.0,2013-02,7,0.75,0.01,rolling_user_norm,0.0531710546583054,0.0531710546583054,rolling_user_norm,0.0303516682592769,0.0143271354933726,2.6825519590504623,0.0640673040837037,0.0625231944099933,0.0531710546583054,0.0,0.0026946896503971,0.0127134021948888,0.0,0.0017865005944491,0.0111413642172729
Ausgrid,lightgbm_quantile__c90__h6,0.9,6.0,2013-02,7,1.0,0.0,rolling_user_norm,0.0303516682592769,0.0303516682592769,rolling_user_norm,0.0303516682592769,0.0143271354933726,2.6825519590504623,0.0436514572384137,0.0429750955566172,0.0303516682592769,0.0,0.0014233954451345,0.0147157190635451,0.0,0.001102721920083,0.0134855237217067
Ausgrid,lightgbm_quantile__c90__h6,0.9,6.0,2013-02,7,1.0,0.01,rolling_user_norm,0.0571771878497815,0.0571771878497815,rolling_user_norm,0.0303516682592769,0.0143271354933726,2.6825519590504623,0.0705957832472033,0.0699210551916366,0.0571771878497815,0.0,0.0014322547182325,0.0149154367686398,0.0,0.0011100947699682,0.0136795990145892
Ausgrid,lightgbm_quantile__c90__h6,0.9,6.0,2013-03,8,0.0,0.0,rolling_user_norm,0.0118031975099037,0.0108815541514244,rolling_group_norm,0.0229353220412126,0.0118031975099037,2.63129051492277,0.0151774804496578,0.0108815541514244,0.0118031975099037,0.0,0.003608702520124,0.0052703954121479,0.0,0.0006039517853451,0.0011589271392892
Ausgrid,lightgbm_quantile__c90__h6,0.9,6.0,2013-03,8,0.0,0.01,rolling_user_norm,0.0381161026591314,0.0373510102335746,rolling_group_norm,0.0229353220412126,0.0118031975099037,2.63129051492277,0.0416462494831652,0.0373510102335746,0.0381161026591314,0.0,0.003607588372396,0.0054496350954507,0.0,0.0006015616102484,0.0013341911241683
Ausgrid,lightgbm_quantile__c90__h6,0.9,6.0,2013-03,8,0.25,0.0,rolling_user_norm,0.0145862286427309,0.0145862286427309,rolling_user_norm,0.0229353220412126,0.0118031975099037,2.63129051492277,0.0216726732170937,0.0183431791353434,0.0145862286427309,0.0,0.0028188390947965,0.0074515622861375,0.0,0.0005525067759793,0.0044059347826641
Ausgrid,lightgbm_quantile__c90__h6,0.9,6.0,2013-03,8,0.25,0.01,rolling_user_norm,0.0408991337919586,0.0408991337919586,rolling_user_norm,0.0229353220412126,0.0118031975099037,2.63129051492277,0.0481414422506011,0.0448126352174936,0.0408991337919586,0.0,0.0028177249470685,0.0076308019694403,0.0,0.000550116164031,0.0045806979509746
Ausgrid,lightgbm_quantile__c90__h6,0.9,6.0,2013-03,8,0.5,0.0,rolling_user_norm,0.0173692597755582,0.0173692597755582,rolling_user_norm,0.0229353220412126,0.0118031975099037,2.63129051492277,0.0281678659845297,0.0258048041192624,0.0173692597755582,0.0,0.002028975669469,0.0096327291601271,0.0,0.0005010160524007,0.0076441936497179
Ausgrid,lightgbm_quantile__c90__h6,0.9,6.0,2013-03,8,0.5,0.01,rolling_user_norm,0.0436821649247858,0.0436821649247858,rolling_user_norm,0.0229353220412126,0.0118031975099037,2.63129051492277,0.054636635018037,0.0522742602014125,0.0436821649247858,0.0,0.0020278615217409,0.0098119688434299,0.0,0.0004986246198894,0.0078179425092978
Ausgrid,lightgbm_quantile__c90__h6,0.9,6.0,2013-03,8,0.75,0.0,rolling_user_norm,0.0201522909083854,0.0201522909083854,rolling_user_norm,0.0229353220412126,0.0118031975099037,2.63129051492277,0.0346630587519656,0.0332664291031813,0.0201522909083854,0.0,0.0012391122441415,0.0118138960341167,0.0,0.0004493513851577,0.0108446431685248
Ausgrid,lightgbm_quantile__c90__h6,0.9,6.0,2013-03,8,0.75,0.01,rolling_user_norm,0.0464651960576131,0.0464651960576131,rolling_user_norm,0.0229353220412126,0.0118031975099037,2.63129051492277,0.061131827785473,0.0597358851853315,0.0464651960576131,0.0,0.0012379980964134,0.0119931357174195,0.0,0.0004469578812689,0.011015435060767
Ausgrid,lightgbm_quantile__c90__h6,0.9,6.0,2013-03,8,1.0,0.0,rolling_user_norm,0.0229353220412126,0.0229353220412126,rolling_user_norm,0.0229353220412126,0.0118031975099037,2.63129051492277,0.0411582515194015,0.0407280540871003,0.0229353220412126,0.0,0.000449248818814,0.0139950629081063,0.0,0.0003905372501974,0.0135140433515258
Ausgrid,lightgbm_quantile__c90__h6,0.9,6.0,2013-03,8,1.0,0.01,rolling_user_norm,0.0492482271904403,0.0492482271904403,rolling_user_norm,0.0229353220412126,0.0118031975099037,2.63129051492277,0.0676270205529089,0.0671975101692505,0.0492482271904403,0.0,0.0004481346710859,0.0141743025914091,0.0,0.0003882434957548,0.0136819539528609
Ausgrid,lightgbm_quantile__c90__h6,0.9,6.0,2013-04,9,0.0,0.0,rolling_global_norm,0.008516081871345,0.0056591130604288,rolling_group_norm,0.0414437012263099,0.008516081871345,2.4705648347805176,0.008516081871345,0.0056591130604288,0.0123355263157894,0.0,-0.000873560766568,-0.0002648177770261,0.0,-0.0021791454916244,-0.0009526981359422
Ausgrid,lightgbm_quantile__c90__h6,0.9,6.0,2013-04,9,0.0,0.01,rolling_global_norm,0.0332217302191501,0.0303621702991775,rolling_group_norm,0.0414437012263099,0.008516081871345,2.4705648347805176,0.0332217302191501,0.0303621702991775,0.0369700151625734,0.0,-0.0008733776753478,-8.024188104787759e-05,0.0,-0.0021793750302273,-0.0007716818802529
Ausgrid,lightgbm_quantile__c90__h6,0.9,6.0,2013-04,9,0.25,0.0,rolling_user_norm,0.0171773693745232,0.0145193255050949,rolling_group_norm,0.0317028985507246,0.0123355263157894,2.463448884678395,0.0167479867100862,0.0145193255050949,0.0171773693745232,0.0,-0.0006903407187918,0.0044214495753367,0.0,-0.0016640132393306,0.0038804799834364
Ausgrid,lightgbm_quantile__c90__h6,0.9,6.0,2013-04,9,0.25,0.01,rolling_user_norm,0.0418118582213072,0.0392223827438436,rolling_group_norm,0.0317028985507246,0.0123355263157894,2.463448884678395,0.0414536350578914,0.0392223827438436,0.0418118582213072,0.0,-0.0006901576275716,0.004606025471315,0.0,-0.0016642429283,0.0040553203340295
Ausgrid,lightgbm_quantile__c90__h6,0.9,6.0,2013-04,9,0.5,0.0,rolling_user_norm,0.022019212433257,0.022019212433257,rolling_user_norm,0.0317028985507246,0.0123355263157894,2.463448884678395,0.0249798915488274,0.023379537949761,0.022019212433257,0.0,-0.0005071206710156,0.0091077169276996,0.0,-0.0011491088912904,0.0085030546802041
Ausgrid,lightgbm_quantile__c90__h6,0.9,6.0,2013-04,9,0.5,0.01,rolling_user_norm,0.046653701280041,0.046653701280041,rolling_user_norm,0.0317028985507246,0.0123355263157894,2.463448884678395,0.0496855398966326,0.0480825951885097,0.046653701280041,0.0,-0.0005069375797954,0.0092922928236779,0.0,-0.0011493387395123,0.0086742615566923
Ausgrid,lightgbm_quantile__c90__h6,0.9,6.0,2013-04,9,0.75,0.0,rolling_user_norm,0.0268610554919908,0.0268610554919908,rolling_user_norm,0.0317028985507246,0.0123355263157894,2.463448884678395,0.0332117963875686,0.0322397503944271,0.0268610554919908,0.0,-0.0003239006232394,0.0137939842800626,0.0,-0.0006351618759811,0.0129620681840894
Ausgrid,lightgbm_quantile__c90__h6,0.9,6.0,2013-04,9,0.75,0.01,rolling_user_norm,0.0514955443387748,0.0514955443387748,rolling_user_norm,0.0317028985507246,0.0123355263157894,2.463448884678395,0.0579174447353738,0.0569428076331758,0.0514955443387748,0.0,-0.0003237175320191,0.0139785601760408,0.0,-0.0006353909535418,0.0131334869432862
Ausgrid,lightgbm_quantile__c90__h6,0.9,6.0,2013-04,9,1.0,0.0,rolling_user_norm,0.0317028985507246,0.0317028985507246,rolling_user_norm,0.0317028985507246,0.0123355263157894,2.463448884678395,0.0414437012263099,0.0410999628390932,0.0317028985507246,0.0,-0.0001406805754631,0.0184802516324255,0.0,-0.0001880330274855,0.0173523988180301
Ausgrid,lightgbm_quantile__c90__h6,0.9,6.0,2013-04,9,1.0,0.01,rolling_user_norm,0.0563373873975085,0.0563373873975085,rolling_user_norm,0.0317028985507246,0.0123355263157894,2.463448884678395,0.066149349574115,0.0658030200778418,0.0563373873975085,0.0,-0.0001404974842429,0.0186648275284037,0.0,-0.0001876715038832,0.0175247246762574
Ausgrid,lightgbm_quantile__c90__h6,0.9,6.0,2013-05,10,0.0,0.0,rolling_group_norm,0.0185566402565553,0.0185566402565553,rolling_group_norm,0.0463264645592836,0.0185566402565553,3.0260702025252533,0.0223884644406715,0.0185566402565553,0.0223825693265421,0.0,0.0029082847178343,0.0008125691454502,0.0,0.002297039978478,-0.0040216663878904
Ausgrid,lightgbm_quantile__c90__h6,0.9,6.0,2013-05,10,0.0,0.01,rolling_group_norm,0.0488173422818078,0.0488173422818078,rolling_group_norm,0.0463264645592836,0.0185566402565553,3.0260702025252533,0.052654823963711,0.0488173422818078,0.0524522137270061,0.0,0.0029111058244815,0.0009469757477407,0.0,0.0023006331695009,-0.0039004047960564
Ausgrid,lightgbm_quantile__c90__h6,0.9,6.0,2013-05,10,0.25,0.0,rolling_group_norm,0.0254990963322374,0.0253996414193321,rolling_user_norm,0.0463264645592836,0.0185566402565553,3.0260702025252533,0.0286243624995977,0.0254990963322374,0.0253996414193321,0.0,0.0022389456613252,0.003608842901982,0.0,0.001741327355608,-0.00037330556143
Ausgrid,lightgbm_quantile__c90__h6,0.9,6.0,2013-05,10,0.25,0.01,rolling_group_norm,0.0557597983574899,0.0554692858197961,rolling_user_norm,0.0463264645592836,0.0185566402565553,3.0260702025252533,0.0588907220226372,0.0557597983574899,0.0554692858197961,0.0,0.0022417667679724,0.0037432495042724,0.0,0.0017448934900914,-0.0002525522428227
Ausgrid,lightgbm_quantile__c90__h6,0.9,6.0,2013-05,10,0.5,0.0,rolling_user_norm,0.028416713512122,0.028416713512122,rolling_user_norm,0.034450857697702,0.0223825693265421,3.0069644400464,0.0348602605585239,0.0324415524079194,0.028416713512122,0.0,0.0015696066048161,0.0064051166585137,0.0,0.0011832207885714,0.0032602725631723
Ausgrid,lightgbm_quantile__c90__h6,0.9,6.0,2013-05,10,0.5,0.01,rolling_user_norm,0.058486357912586,0.058486357912586,rolling_user_norm,0.034450857697702,0.0223825693265421,3.0069644400464,0.0651266200815634,0.062702254433172,0.058486357912586,0.0,0.0015724277114634,0.0065395232608041,0.0,0.0011867394693799,0.0033803097709774
Ausgrid,lightgbm_quantile__c90__h6,0.9,6.0,2013-05,10,0.75,0.0,rolling_user_norm,0.031433785604912,0.031433785604912,rolling_user_norm,0.034450857697702,0.0223825693265421,3.0069644400464,0.0410961586174502,0.0393840084836015,0.031433785604912,0.0,0.0009002675483071,0.0092013904150454,0.0,0.0006198567892029,0.0068631331174283
Ausgrid,lightgbm_quantile__c90__h6,0.9,6.0,2013-05,10,0.75,0.01,rolling_user_norm,0.061503430005376,0.061503430005376,rolling_user_norm,0.034450857697702,0.0223825693265421,3.0069644400464,0.0713625181404896,0.0696447105088541,0.061503430005376,0.0,0.0009030886549543,0.0093357970173359,0.0,0.0006232780763361,0.0069821417849316
Ausgrid,lightgbm_quantile__c90__h6,0.9,6.0,2013-05,10,1.0,0.0,rolling_user_norm,0.034450857697702,0.034450857697702,rolling_user_norm,0.034450857697702,0.0223825693265421,3.0069644400464,0.0473320566763764,0.0463264645592836,0.034450857697702,0.0,0.000230928491798,0.0119976641715772,0.0,4.2162597993955725e-05,0.0103884050867115
Ausgrid,lightgbm_quantile__c90__h6,0.9,6.0,2013-05,10,1.0,0.01,rolling_user_norm,0.064520502098166,0.064520502098166,rolling_user_norm,0.034450857697702,0.0223825693265421,3.0069644400464,0.0775984161994158,0.0765871665845361,0.064520502098166,0.0,0.0002337495984452,0.0121320707738676,0.0,4.5338681171564106e-05,0.0105061492387829
Ausgrid,lightgbm_quantile__c90__h6,0.9,6.0,2013-06,11,0.0,0.0,rolling_group_norm,0.018069873997709,0.018069873997709,rolling_group_norm,0.0479584726867335,0.018069873997709,3.825599349166895,0.0220882066276802,0.018069873997709,0.0225873424971363,0.0,0.0075710108604845,0.0019493177387914,0.0,0.0068840792651118,-0.0004886344319387
Ausgrid,lightgbm_quantile__c90__h6,0.9,6.0,2013-06,11,0.0,0.01,rolling_group_norm,0.056325867489378,0.056325867489378,rolling_group_norm,0.0479584726867335,0.018069873997709,3.825599349166895,0.0603519882957652,0.056325867489378,0.060550352494185,0.0,0.0075797123857291,0.0022079460503234,0.0,0.0068925763938595,-0.0002527289222889
Ausgrid,lightgbm_quantile__c90__h6,0.9,6.0,2013-06,11,0.25,0.0,rolling_group_norm,0.0255420236699652,0.024948682272332,rolling_user_norm,0.0479584726867335,0.018069873997709,3.825599349166895,0.0286881588726554,0.0255420236699652,0.024948682272332,0.0,0.0059028825547704,0.0050629465246169,0.0,0.005391618977907,0.0024632027764648
Ausgrid,lightgbm_quantile__c90__h6,0.9,6.0,2013-06,11,0.25,0.01,rolling_group_norm,0.0637980171616341,0.0629116922693807,rolling_user_norm,0.0479584726867335,0.018069873997709,3.825599349166895,0.0669519405407403,0.0637980171616341,0.0629116922693807,0.0,0.005911584080015,0.005321574836149,0.0,0.0054003652737595,0.0026991050045552
Ausgrid,lightgbm_quantile__c90__h6,0.9,6.0,2013-06,11,0.5,0.0,rolling_user_norm,0.0273100220475276,0.0273100220475276,rolling_user_norm,0.0320327015979189,0.0225873424971363,3.796300999704875,0.0352881111176305,0.0330141733422213,0.0273100220475276,0.0,0.0042347542490563,0.0081765753104425,0.0,0.0038778719182874,0.0054137027902978
Ausgrid,lightgbm_quantile__c90__h6,0.9,6.0,2013-06,11,0.5,0.01,rolling_user_norm,0.0652730320445764,0.0652730320445764,rolling_user_norm,0.0320327015979189,0.0225873424971363,3.796300999704875,0.0735518927857154,0.0712701668338902,0.0652730320445764,0.0,0.0042434557743009,0.0084352036219746,0.0,0.0038870955785751,0.0056496130290081
Ausgrid,lightgbm_quantile__c90__h6,0.9,6.0,2013-06,11,0.75,0.0,rolling_user_norm,0.0296713618227233,0.0296713618227233,rolling_user_norm,0.0320327015979189,0.0225873424971363,3.796300999704875,0.0418880633626056,0.0404863230144774,0.0296713618227233,0.0,0.0025666259433421,0.0112902040962681,0.0,0.0023024315533853,0.008363089167484
Ausgrid,lightgbm_quantile__c90__h6,0.9,6.0,2013-06,11,0.75,0.01,rolling_user_norm,0.067634371819772,0.067634371819772,rolling_user_norm,0.0320327015979189,0.0225873424971363,3.796300999704875,0.0801518450306906,0.0787423165061463,0.067634371819772,0.0,0.0025753274685868,0.0115488324078002,0.0,0.0023124593742732,0.0085990151044992
Ausgrid,lightgbm_quantile__c90__h6,0.9,6.0,2013-06,11,1.0,0.0,rolling_user_norm,0.0320327015979189,0.0320327015979189,rolling_user_norm,0.0320327015979189,0.0225873424971363,3.796300999704875,0.0484880156075808,0.0479584726867335,0.0320327015979189,0.0,0.000898497637628,0.0144038328820937,0.0,0.0006006864927119,0.0113115393502185
Ausgrid,lightgbm_quantile__c90__h6,0.9,6.0,2013-06,11,1.0,0.01,rolling_user_norm,0.0699957115949677,0.0699957115949677,rolling_user_norm,0.0320327015979189,0.0225873424971363,3.796300999704875,0.0867517972756657,0.0862144661784025,0.0699957115949677,0.0,0.0009071991628726,0.0146624611936258,0.0,0.0006111150437439,0.0115474861485717
UCI Electricity,lightgbm_quantile__c80__h1,0.8,1.0,2014-01,0,0.0,0.0,rolling_group_norm,0.0078780950976233,0.0078780950976233,rolling_group_norm,0.0416363083796765,0.0078780950976233,1.223758390603089,0.0161684493872635,0.0078780950976233,0.0245974776930362,0.0,0.0576004053343234,0.052249837556855,0.0,0.03149025654797,0.0298438829193125
UCI Electricity,lightgbm_quantile__c80__h1,0.8,1.0,2014-01,0,0.0,0.01,rolling_group_norm,0.0201156790036542,0.0201156790036542,rolling_group_norm,0.0416363083796765,0.0078780950976233,1.223758390603089,0.0284074644951501,0.0201156790036542,0.0367694586372961,0.0,0.0575930840357591,0.0522927129708545,0.0,0.0314772219037015,0.0298844843001151
UCI Electricity,lightgbm_quantile__c80__h1,0.8,1.0,2014-01,0,0.25,0.0,rolling_user_norm,0.025406997294615,0.0163176484181366,rolling_group_norm,0.0278355560993515,0.0245974776930362,1.2171980944259957,0.0226861366165499,0.0163176484181366,0.025406997294615,0.0,0.043718228056973,0.0416032418738276,0.0,0.0237103870548672,0.0241975387425213
UCI Electricity,lightgbm_quantile__c80__h1,0.8,1.0,2014-01,0,0.25,0.01,rolling_user_norm,0.037578978238875,0.0285552323241675,rolling_group_norm,0.0278355560993515,0.0245974776930362,1.2171980944259957,0.0349251517244365,0.0285552323241675,0.037578978238875,0.0,0.0437109067584088,0.041646117287827,0.0,0.023697340062218,0.0242381532598635
UCI Electricity,lightgbm_quantile__c80__h1,0.8,1.0,2014-01,0,0.5,0.0,rolling_user_norm,0.0262165168961938,0.0247572017386499,rolling_group_norm,0.0278355560993515,0.0245974776930362,1.2171980944259957,0.0292038238458363,0.0247572017386499,0.0262165168961938,0.0,0.0298360507796227,0.0309566461908001,0.0,0.0159292162531442,0.0185426736679135
UCI Electricity,lightgbm_quantile__c80__h1,0.8,1.0,2014-01,0,0.5,0.01,rolling_user_norm,0.0383884978404538,0.0369947856446808,rolling_group_norm,0.0278355560993515,0.0245974776930362,1.2171980944259957,0.0414428389537228,0.0369947856446808,0.0383884978404538,0.0,0.0298287294810584,0.0309995216047995,0.0,0.0159161466163856,0.0185833134450649
UCI Electricity,lightgbm_quantile__c80__h1,0.8,1.0,2014-01,0,0.75,0.0,rolling_user_norm,0.0270260364977726,0.0270260364977726,rolling_user_norm,0.0278355560993515,0.0245974776930362,1.2171980944259957,0.0357215110751227,0.0331967550591632,0.0270260364977726,0.0,0.0159538735022723,0.0203100505077726,0.0,0.0081436939531559,0.0128621353544521
UCI Electricity,lightgbm_quantile__c80__h1,0.8,1.0,2014-01,0,0.75,0.01,rolling_user_norm,0.0391980174420326,0.0391980174420326,rolling_user_norm,0.0278355560993515,0.0245974776930362,1.2171980944259957,0.0479605261830092,0.0454343389651941,0.0391980174420326,0.0,0.0159465522037081,0.0203529259217721,0.0,0.0081305695341282,0.0129028418577421
UCI Electricity,lightgbm_quantile__c80__h1,0.8,1.0,2014-01,0,1.0,0.0,rolling_user_norm,0.0278355560993515,0.0278355560993515,rolling_user_norm,0.0278355560993515,0.0245974776930362,1.2171980944259957,0.042239198304409,0.0416363083796765,0.0278355560993515,0.0,0.002071696224922,0.0096634548247451,0.0,0.0003080988521373,0.0070077664975114
UCI Electricity,lightgbm_quantile__c80__h1,0.8,1.0,2014-01,0,1.0,0.01,rolling_user_norm,0.0400075370436114,0.0400075370436114,rolling_user_norm,0.0278355560993515,0.0245974776930362,1.2171980944259957,0.0544782134122956,0.0538738922857074,0.0400075370436114,0.0,0.0020643749263577,0.0097063302387446,0.0,0.0002947079302166,0.0070489266027439
UCI Electricity,lightgbm_quantile__c80__h1,0.8,1.0,2014-02,1,0.0,0.0,rolling_group_norm,0.0128284571338928,0.0128284571338928,rolling_group_norm,0.0415760168872999,0.0128284571338928,1.2367171627054498,0.0184916464036394,0.0128284571338928,0.0209140586189766,0.0,0.0114880178842167,0.0045882453046195,0.0,0.0069573320310253,0.0034545790695685
UCI Electricity,lightgbm_quantile__c80__h1,0.8,1.0,2014-02,1,0.0,0.01,rolling_group_norm,0.0251956287609473,0.0251956287609473,rolling_group_norm,0.0415760168872999,0.0128284571338928,1.2367171627054498,0.030859789144795,0.0251956287609473,0.0332093091320499,0.0,0.0114875146069362,0.0046828013107441,0.0,0.0069572231557404,0.0035512547797521
UCI Electricity,lightgbm_quantile__c80__h1,0.8,1.0,2014-02,1,0.25,0.0,rolling_user_norm,0.0225080415714279,0.0200153470722445,rolling_group_norm,0.0272899904287818,0.0209140586189766,1.229525051307324,0.0243699781870074,0.0200153470722445,0.0225080415714279,0.0,0.0084128731394577,0.0070049756974983,0.0,0.0051018574132127,0.0061832239008022
UCI Electricity,lightgbm_quantile__c80__h1,0.8,1.0,2014-02,1,0.25,0.01,rolling_user_norm,0.0348032920845011,0.032382518699299,rolling_group_norm,0.0272899904287818,0.0209140586189766,1.229525051307324,0.036738120928163,0.032382518699299,0.0348032920845011,0.0,0.0084123698621772,0.0070995317036228,0.0,0.005101748712739,0.0062797564864791
UCI Electricity,lightgbm_quantile__c80__h1,0.8,1.0,2014-02,1,0.5,0.0,rolling_user_norm,0.0241020245238792,0.0241020245238792,rolling_user_norm,0.0272899904287818,0.0209140586189766,1.229525051307324,0.0302483099703754,0.0272022370105963,0.0241020245238792,0.0,0.0053377283946987,0.0094217060903771,0.0,0.0032463798610586,0.0089095186716237
UCI Electricity,lightgbm_quantile__c80__h1,0.8,1.0,2014-02,1,0.5,0.01,rolling_user_norm,0.0363972750369524,0.0363972750369524,rolling_user_norm,0.0272899904287818,0.0209140586189766,1.229525051307324,0.042616452711531,0.0395694086376508,0.0363972750369524,0.0,0.0053372251174182,0.0095162620965016,0.0,0.0032462715387796,0.0090057248156265
UCI Electricity,lightgbm_quantile__c80__h1,0.8,1.0,2014-02,1,0.75,0.0,rolling_user_norm,0.0256960074763305,0.0256960074763305,rolling_user_norm,0.0272899904287818,0.0209140586189766,1.229525051307324,0.0361266417537434,0.0343891269489481,0.0256960074763305,0.0,0.0022625836499398,0.0118384364832558,0.0,0.0013908870573919,0.0116230787757956
UCI Electricity,lightgbm_quantile__c80__h1,0.8,1.0,2014-02,1,0.75,0.01,rolling_user_norm,0.0379912579894037,0.0379912579894037,rolling_user_norm,0.0272899904287818,0.0209140586189766,1.229525051307324,0.048494784494899,0.0467562985760026,0.0379912579894037,0.0,0.0022620803726593,0.0119329924893803,0.0,0.0013907801651996,0.0117179383627961
UCI Electricity,lightgbm_quantile__c80__h1,0.8,1.0,2014-02,1,1.0,0.0,rolling_user_norm,0.0272899904287818,0.0272899904287818,rolling_user_norm,0.0272899904287818,0.0209140586189766,1.229525051307324,0.0420049735371114,0.0415760168872999,0.0272899904287818,0.0,-0.0008125610948191,0.0142551668761346,0.0,-0.0011606615405873,0.0140896223622627
UCI Electricity,lightgbm_quantile__c80__h1,0.8,1.0,2014-02,1,1.0,0.01,rolling_user_norm,0.039585240941855,0.039585240941855,rolling_user_norm,0.0272899904287818,0.0209140586189766,1.229525051307324,0.054373116278267,0.0539431885143544,0.039585240941855,0.0,-0.0008130643720996,0.0143497228822591,0.0,-0.001161552457406,0.0141799250812254
UCI Electricity,lightgbm_quantile__c80__h1,0.8,1.0,2014-03,2,0.0,0.0,rolling_group_norm,0.0122304368935022,0.0122304368935022,rolling_group_norm,0.0424296365294064,0.0122304368935022,1.223602893303157,0.069216390010468,0.0122304368935022,0.0125546193698261,0.0,0.083888154027043,0.07527189888301,0.0,0.0801862532878898,0.0699073130338567
UCI Electricity,lightgbm_quantile__c80__h1,0.8,1.0,2014-03,2,0.0,0.01,rolling_group_norm,0.0244664658265338,0.0244664658265338,rolling_group_norm,0.0424296365294064,0.0122304368935022,1.223602893303157,0.0814534540615619,0.0244664658265338,0.0247390633109631,0.0,0.0838920923023883,0.0753677611832935,0.0,0.0801895519727089,0.0700001626210174
UCI Electricity,lightgbm_quantile__c80__h1,0.8,1.0,2014-03,2,0.25,0.0,rolling_group_norm,0.0197802368024782,0.0175330238454231,rolling_user_norm,0.0424296365294064,0.0122304368935022,1.223602893303157,0.06332260103751,0.0197802368024782,0.0175330238454231,0.0,0.0642408548490538,0.0621283964193911,0.0,0.0613089518137328,0.0580333023274084
UCI Electricity,lightgbm_quantile__c80__h1,0.8,1.0,2014-03,2,0.25,0.01,rolling_group_norm,0.0320162657355098,0.0297174677865601,rolling_user_norm,0.0424296365294064,0.0122304368935022,1.223602893303157,0.0755596650886039,0.0320162657355098,0.0297174677865601,0.0,0.0642447931243991,0.0622242587196745,0.0,0.0613122496721056,0.0581261605707484
UCI Electricity,lightgbm_quantile__c80__h1,0.8,1.0,2014-03,2,0.5,0.0,rolling_user_norm,0.0225114283210201,0.0225114283210201,rolling_user_norm,0.0324682372722141,0.0125546193698261,1.2184443941136944,0.057428812064552,0.0273300367114543,0.0225114283210201,0.0,0.0445935556710646,0.0489848939557721,0.0,0.0424315654133081,0.0461450963375364
UCI Electricity,lightgbm_quantile__c80__h1,0.8,1.0,2014-03,2,0.5,0.01,rolling_user_norm,0.0346958722621571,0.0346958722621571,rolling_user_norm,0.0324682372722141,0.0125546193698261,1.2184443941136944,0.0696658761156459,0.0395660656444859,0.0346958722621571,0.0,0.0445974939464099,0.0490807562560555,0.0,0.0424348618819097,0.0462379859255847
UCI Electricity,lightgbm_quantile__c80__h1,0.8,1.0,2014-03,2,0.75,0.0,rolling_user_norm,0.0274898327966171,0.0274898327966171,rolling_user_norm,0.0324682372722141,0.0125546193698261,1.2184443941136944,0.0515350230915941,0.0348798366204303,0.0274898327966171,0.0,0.0249462564930755,0.0358413914921531,0.0,0.0235539531924721,0.0342095992247449
UCI Electricity,lightgbm_quantile__c80__h1,0.8,1.0,2014-03,2,0.75,0.01,rolling_user_norm,0.0396742767377541,0.0396742767377541,rolling_user_norm,0.0324682372722141,0.0125546193698261,1.2184443941136944,0.0637720871426879,0.0471158655534619,0.0396742767377541,0.0,0.0249501947684207,0.0359372537924366,0.0,0.023557246839262,0.0343026533928068
UCI Electricity,lightgbm_quantile__c80__h1,0.8,1.0,2014-03,2,1.0,0.0,rolling_user_norm,0.0324682372722141,0.0324682372722141,rolling_user_norm,0.0324682372722141,0.0125546193698261,1.2184443941136944,0.0456412341186361,0.0424296365294064,0.0324682372722141,0.0,0.0052989573150863,0.0226978890285341,0.0,0.0046752785297842,0.0219464357056327
UCI Electricity,lightgbm_quantile__c80__h1,0.8,1.0,2014-03,2,1.0,0.01,rolling_user_norm,0.0446526812133511,0.0446526812133511,rolling_user_norm,0.0324682372722141,0.0125546193698261,1.2184443941136944,0.0578782981697299,0.054665665462438,0.0446526812133511,0.0,0.0053028955904316,0.0227937513288176,0.0,0.0046785634989785,0.0220413323084411
UCI Electricity,lightgbm_quantile__c80__h1,0.8,1.0,2014-04,3,0.0,0.0,rolling_user_norm,0.0095121966709217,0.0095121966709217,rolling_user_norm,0.0335815873300731,0.0095121966709217,1.1874350370546365,0.0633415752330912,0.009786867859343,0.0095121966709217,0.0,0.0629392932059558,0.0640638464078342,0.0,0.0610747697942184,0.061876533703735
UCI Electricity,lightgbm_quantile__c80__h1,0.8,1.0,2014-04,3,0.0,0.01,rolling_user_norm,0.0213865470414681,0.0213865470414681,rolling_user_norm,0.0335815873300731,0.0095121966709217,1.1874350370546365,0.0752830309348107,0.0217267527824594,0.0213865470414681,0.0,0.0629418322864791,0.0641407129661317,0.0,0.0610767999983813,0.0619588650408855
UCI Electricity,lightgbm_quantile__c80__h1,0.8,1.0,2014-04,3,0.25,0.0,rolling_user_norm,0.0155295443357095,0.0155295443357095,rolling_user_norm,0.0335815873300731,0.0095121966709217,1.1874350370546365,0.0594386878792864,0.0185289660050999,0.0155295443357095,0.0,0.0480941995744385,0.0525757382248581,0.0,0.0466381238013559,0.0512177389886805
UCI Electricity,lightgbm_quantile__c80__h1,0.8,1.0,2014-04,3,0.25,0.01,rolling_user_norm,0.0274038947062559,0.0274038947062559,rolling_user_norm,0.0335815873300731,0.0095121966709217,1.1874350370546365,0.0713801435810058,0.0304688509282163,0.0274038947062559,0.0,0.0480967386549618,0.0526526047831555,0.0,0.0466401427394737,0.0513000849948838
UCI Electricity,lightgbm_quantile__c80__h1,0.8,1.0,2014-04,3,0.5,0.0,rolling_user_norm,0.0215468920004974,0.0215468920004974,rolling_user_norm,0.0335815873300731,0.0095121966709217,1.1874350370546365,0.0555358005254815,0.0272710641508568,0.0215468920004974,0.0,0.0332491059429211,0.041087630041882,0.0,0.0321998477728331,0.0405587920738178
UCI Electricity,lightgbm_quantile__c80__h1,0.8,1.0,2014-04,3,0.5,0.01,rolling_user_norm,0.0334212423710438,0.0334212423710438,rolling_user_norm,0.0335815873300731,0.0095121966709217,1.1874350370546365,0.067477256227201,0.0392109490739732,0.0334212423710438,0.0,0.0332516450234444,0.0411644966001794,0.0,0.0322018475034991,0.040641197644042
UCI Electricity,lightgbm_quantile__c80__h1,0.8,1.0,2014-04,3,0.75,0.0,rolling_user_norm,0.0275642396652852,0.0275642396652852,rolling_user_norm,0.0335815873300731,0.0095121966709217,1.1874350370546365,0.0516329131716766,0.0360131622966137,0.0275642396652852,0.0,0.0184040123114037,0.0295995218589059,0.0,0.0177568603164808,0.0292980921348636
UCI Electricity,lightgbm_quantile__c80__h1,0.8,1.0,2014-04,3,0.75,0.01,rolling_user_norm,0.0394385900358316,0.0394385900358316,rolling_user_norm,0.0335815873300731,0.0095121966709217,1.1874350370546365,0.0635743688733961,0.0479530472197301,0.0394385900358316,0.0,0.018406551391927,0.0296763884172033,0.0,0.0177588207756616,0.0293697022121253
UCI Electricity,lightgbm_quantile__c80__h1,0.8,1.0,2014-04,3,1.0,0.0,rolling_user_norm,0.0335815873300731,0.0335815873300731,rolling_user_norm,0.0335815873300731,0.0095121966709217,1.1874350370546365,0.0477300258178718,0.0447552604423706,0.0335815873300731,0.0,0.0035589186798864,0.0181114136759297,0.0,0.0032873571802836,0.0169810452529505
UCI Electricity,lightgbm_quantile__c80__h1,0.8,1.0,2014-04,3,1.0,0.01,rolling_user_norm,0.0454559377006195,0.0454559377006195,rolling_user_norm,0.0335815873300731,0.0095121966709217,1.1874350370546365,0.0596714815195913,0.056695145365487,0.0454559377006195,0.0,0.0035614577604097,0.0181882802342272,0.0,0.0032892225383874,0.0170525189607466
UCI Electricity,lightgbm_quantile__c80__h1,0.8,1.0,2014-05,4,0.0,0.0,rolling_user_norm,0.0086997670802682,0.0086997670802682,rolling_user_norm,0.0287733410166441,0.0086997670802682,1.198317977943594,0.01742934051144,0.0097726932854793,0.0086997670802682,0.0,0.0272658884866486,0.0280080989510813,0.0,0.0147743587432926,0.0175229824266794
UCI Electricity,lightgbm_quantile__c80__h1,0.8,1.0,2014-05,4,0.0,0.01,rolling_user_norm,0.0206829468597041,0.0206829468597041,rolling_user_norm,0.0287733410166441,0.0086997670802682,1.198317977943594,0.0294890478873404,0.0218268757726721,0.0206829468597041,0.0,0.0272678124099257,0.0281146392586356,0.0,0.0147763910618435,0.0176357208081913
UCI Electricity,lightgbm_quantile__c80__h1,0.8,1.0,2014-05,4,0.25,0.0,rolling_user_norm,0.0137181605643621,0.0137181605643621,rolling_user_norm,0.0287733410166441,0.0086997670802682,1.198317977943594,0.0240069583956615,0.0181143425309405,0.0137181605643621,0.0,0.0209409387315088,0.0256310247556002,0.0,0.0114076893344891,0.0181057602258664
UCI Electricity,lightgbm_quantile__c80__h1,0.8,1.0,2014-05,4,0.25,0.01,rolling_user_norm,0.0257013403437981,0.0257013403437981,rolling_user_norm,0.0287733410166441,0.0086997670802682,1.198317977943594,0.0360666657715619,0.0301685250181332,0.0257013403437981,0.0,0.0209428626547859,0.0257375650631545,0.0,0.0114097184072357,0.0182184960358733
UCI Electricity,lightgbm_quantile__c80__h1,0.8,1.0,2014-05,4,0.5,0.0,rolling_user_norm,0.0187365540484561,0.0187365540484561,rolling_user_norm,0.0287733410166441,0.0086997670802682,1.198317977943594,0.0305845762798829,0.0264559917764016,0.0187365540484561,0.0,0.014615988976369,0.0232539505601191,0.0,0.0080401597051828,0.0186884145417443
UCI Electricity,lightgbm_quantile__c80__h1,0.8,1.0,2014-05,4,0.5,0.01,rolling_user_norm,0.030719733827892,0.030719733827892,rolling_user_norm,0.0287733410166441,0.0086997670802682,1.198317977943594,0.0426442836557833,0.0385101742635944,0.030719733827892,0.0,0.0146179128996461,0.0233604908676734,0.0,0.0080421825983595,0.0188011442737631
UCI Electricity,lightgbm_quantile__c80__h1,0.8,1.0,2014-05,4,0.75,0.0,rolling_user_norm,0.0237549475325501,0.0237549475325501,rolling_user_norm,0.0287733410166441,0.0086997670802682,1.198317977943594,0.0371621941641044,0.0347976410218628,0.0237549475325501,0.0,0.0082910392212292,0.020876876364638,0.0,0.0046696617287292,0.0192702627806953
UCI Electricity,lightgbm_quantile__c80__h1,0.8,1.0,2014-05,4,0.75,0.01,rolling_user_norm,0.035738127311986,0.035738127311986,rolling_user_norm,0.0287733410166441,0.0086997670802682,1.198317977943594,0.0492219015400048,0.0468518235090555,0.035738127311986,0.0,0.0082929631445063,0.0209834166721923,0.0,0.0046716682728752,0.0193829608401848
UCI Electricity,lightgbm_quantile__c80__h1,0.8,1.0,2014-05,4,1.0,0.0,rolling_user_norm,0.0287733410166441,0.0287733410166441,rolling_user_norm,0.0287733410166441,0.0086997670802682,1.198317977943594,0.0437398120483259,0.0431392902673239,0.0287733410166441,0.0,0.0019660894660894,0.018499802169157,0.0,0.0012580096090357,0.0171430153540807
UCI Electricity,lightgbm_quantile__c80__h1,0.8,1.0,2014-05,4,1.0,0.01,rolling_user_norm,0.04075652079608,0.04075652079608,rolling_user_norm,0.0287733410166441,0.0086997670802682,1.198317977943594,0.0557995194242263,0.0551934727545167,0.04075652079608,0.0,0.0019680133893665,0.0186063424767112,0.0,0.0012598595213913,0.0172433121918548
UCI Electricity,lightgbm_quantile__c80__h1,0.8,1.0,2014-06,5,0.0,0.0,rolling_user_norm,0.0082212950084994,0.0082212950084994,rolling_user_norm,0.0265605945044232,0.0082212950084994,1.2453187083363475,0.0223812312422223,0.0131664348632358,0.0082212950084994,0.0,0.0091908911463505,0.0095023994537332,0.0,0.0050042138565794,0.0051925256226373
UCI Electricity,lightgbm_quantile__c80__h1,0.8,1.0,2014-06,5,0.0,0.01,rolling_user_norm,0.0206744820918629,0.0206744820918629,rolling_user_norm,0.0265605945044232,0.0082212950084994,1.2453187083363475,0.0349123325604472,0.025691775823097,0.0206744820918629,0.0,0.0091969539276574,0.0095863365081244,0.0,0.0050094549763036,0.0052700614875084
UCI Electricity,lightgbm_quantile__c80__h1,0.8,1.0,2014-06,5,0.25,0.0,rolling_user_norm,0.0128061198824804,0.0128061198824804,rolling_user_norm,0.0265605945044232,0.0082212950084994,1.2453187083363475,0.0267684769945738,0.0195679992984716,0.0128061198824804,0.0,0.0069930292963174,0.0112509908112653,0.0,0.0037828740391367,0.0072605570134731
UCI Electricity,lightgbm_quantile__c80__h1,0.8,1.0,2014-06,5,0.25,0.01,rolling_user_norm,0.0252593069658438,0.0252593069658438,rolling_user_norm,0.0265605945044232,0.0082212950084994,1.2453187083363475,0.0392995783127987,0.0320933402583328,0.0252593069658438,0.0,0.0069990920776242,0.0113349278656565,0.0,0.0037881098138572,0.0073380079937057
UCI Electricity,lightgbm_quantile__c80__h1,0.8,1.0,2014-06,5,0.5,0.0,rolling_user_norm,0.0173909447564613,0.0173909447564613,rolling_user_norm,0.0265605945044232,0.0082212950084994,1.2453187083363475,0.0311557227469253,0.0259695637337074,0.0173909447564613,0.0,0.0047951674462842,0.0129995821687974,0.0,0.0025611716720482,0.0093186620272718
UCI Electricity,lightgbm_quantile__c80__h1,0.8,1.0,2014-06,5,0.5,0.01,rolling_user_norm,0.0298441318398248,0.0298441318398248,rolling_user_norm,0.0265605945044232,0.0082212950084994,1.2453187083363475,0.0436868240651502,0.0384949046935686,0.0298441318398248,0.0,0.004801230227591,0.0130835192231886,0.0,0.0025663975657473,0.0093960311064449
UCI Electricity,lightgbm_quantile__c80__h1,0.8,1.0,2014-06,5,0.75,0.0,rolling_user_norm,0.0219757696304423,0.0219757696304423,rolling_user_norm,0.0265605945044232,0.0082212950084994,1.2453187083363475,0.0355429684992768,0.0323711281689432,0.0219757696304423,0.0,0.002597305596251,0.0147481735263295,0.0,0.0013382631978448,0.0113641158995827
UCI Electricity,lightgbm_quantile__c80__h1,0.8,1.0,2014-06,5,0.75,0.01,rolling_user_norm,0.0344289567138058,0.0344289567138058,rolling_user_norm,0.0265605945044232,0.0082212950084994,1.2453187083363475,0.0480740698175018,0.0448964691288044,0.0344289567138058,0.0,0.0026033683775579,0.0148321105807207,0.0,0.0013434647097158,0.0114414129388505
UCI Electricity,lightgbm_quantile__c80__h1,0.8,1.0,2014-06,5,1.0,0.0,rolling_user_norm,0.0265605945044232,0.0265605945044232,rolling_user_norm,0.0265605945044232,0.0082212950084994,1.2453187083363475,0.0399302142516284,0.0387726926041789,0.0265605945044232,0.0,0.0003994437462179,0.0164967648838616,0.0,0.0001020404842235,0.0133932860788549
UCI Electricity,lightgbm_quantile__c80__h1,0.8,1.0,2014-06,5,1.0,0.01,rolling_user_norm,0.0390137815877867,0.0390137815877867,rolling_user_norm,0.0265605945044232,0.0082212950084994,1.2453187083363475,0.0524613155698533,0.0512980335640401,0.0390137815877867,0.0,0.0004055065275247,0.0165807019382528,0.0,0.0001070977883424,0.0134705324693699
UCI Electricity,lightgbm_quantile__c80__h1,0.8,1.0,2014-07,6,0.0,0.0,rolling_group_norm,0.0066303038889281,0.0066303038889281,rolling_group_norm,0.0428539289477942,0.0066303038889281,1.3434166551683495,0.0239781823333569,0.0066303038889281,0.0067471842459445,0.0,0.0082547343752583,0.0046425864042823,0.0,0.0043643652552152,0.0015459759557613
UCI Electricity,lightgbm_quantile__c80__h1,0.8,1.0,2014-07,6,0.0,0.01,rolling_group_norm,0.0200644704406116,0.0200644704406116,rolling_group_norm,0.0428539289477942,0.0066303038889281,1.3434166551683495,0.0374198538370726,0.0200644704406116,0.0201078395662262,0.0,0.0082598111350031,0.0047412230675826,0.0,0.0043700368764337,0.0016367457760543
UCI Electricity,lightgbm_quantile__c80__h1,0.8,1.0,2014-07,6,0.25,0.0,rolling_user_norm,0.0124487006057669,0.0124487006057669,rolling_user_norm,0.0295532496852342,0.0067471842459445,1.3360655320281711,0.0290229854315536,0.0156862101536446,0.0124487006057669,0.0,0.0064479399496232,0.0072082873803657,0.0,0.0035399638851849,0.0045263966201109
UCI Electricity,lightgbm_quantile__c80__h1,0.8,1.0,2014-07,6,0.25,0.01,rolling_user_norm,0.0258093559260486,0.0258093559260486,rolling_user_norm,0.0295532496852342,0.0067471842459445,1.3360655320281711,0.0424646569352693,0.0291203767053281,0.0258093559260486,0.0,0.006453016709368,0.007306924043666,0.0,0.0035456355499827,0.0046133681268659
UCI Electricity,lightgbm_quantile__c80__h1,0.8,1.0,2014-07,6,0.5,0.0,rolling_user_norm,0.0181502169655893,0.0181502169655893,rolling_user_norm,0.0295532496852342,0.0067471842459445,1.3360655320281711,0.0340677885297504,0.0247421164183612,0.0181502169655893,0.0,0.0046411455239881,0.0097739883564492,0.0,0.0027155591786541,0.0073171871412512
UCI Electricity,lightgbm_quantile__c80__h1,0.8,1.0,2014-07,6,0.5,0.01,rolling_user_norm,0.0315108722858711,0.0315108722858711,rolling_user_norm,0.0295532496852342,0.0067471842459445,1.3360655320281711,0.0475094600334661,0.0381762829700447,0.0315108722858711,0.0,0.0046462222837329,0.0098726250197495,0.0,0.0027212309304802,0.0074002779403023
UCI Electricity,lightgbm_quantile__c80__h1,0.8,1.0,2014-07,6,0.75,0.0,rolling_user_norm,0.0238517333254118,0.0238517333254118,rolling_user_norm,0.0295532496852342,0.0067471842459445,1.3360655320281711,0.0391125916279471,0.0337980226830777,0.0238517333254118,0.0,0.002834351098353,0.0123396893325326,0.0,0.0018911407102865,0.0098660283304824
UCI Electricity,lightgbm_quantile__c80__h1,0.8,1.0,2014-07,6,0.75,0.01,rolling_user_norm,0.0372123886456935,0.0372123886456935,rolling_user_norm,0.0295532496852342,0.0067471842459445,1.3360655320281711,0.0525542631316628,0.0472321892347612,0.0372123886456935,0.0,0.0028394278580978,0.0124383259958329,0.0,0.0018968127218538,0.009946429315274
UCI Electricity,lightgbm_quantile__c80__h1,0.8,1.0,2014-07,6,1.0,0.0,rolling_user_norm,0.0295532496852342,0.0295532496852342,rolling_user_norm,0.0295532496852342,0.0067471842459445,1.3360655320281711,0.0441573947261439,0.0428539289477942,0.0295532496852342,0.0,0.0010275566727179,0.0149053903086161,0.0,0.000987382305194,0.0121774024647763
UCI Electricity,lightgbm_quantile__c80__h1,0.8,1.0,2014-07,6,1.0,0.01,rolling_user_norm,0.0429139050055159,0.0429139050055159,rolling_user_norm,0.0295532496852342,0.0067471842459445,1.3360655320281711,0.0575990662298596,0.0562880954994777,0.0429139050055159,0.0,0.0010326334324627,0.0150040269719163,0.0,0.0009918908149166,0.0122569575456153
UCI Electricity,lightgbm_quantile__c80__h1,0.8,1.0,2014-08,7,0.0,0.0,rolling_user_norm,0.0202856288320621,0.0123224166292806,rolling_group_norm,0.0265283407600951,0.0202856288320621,1.304905189322193,0.025986399376638,0.0123224166292806,0.0202856288320621,0.0,0.0063812393320523,0.01405826209359,0.0,0.0047998486616723,0.0116024019816944
UCI Electricity,lightgbm_quantile__c80__h1,0.8,1.0,2014-08,7,0.0,0.01,rolling_user_norm,0.0333346807252841,0.0254546176073634,rolling_group_norm,0.0265283407600951,0.0202856288320621,1.304905189322193,0.0391246364122842,0.0254546176073634,0.0333346807252841,0.0,0.006388939199099,0.0141627330171531,0.0,0.0048079526220324,0.0116984369830058
UCI Electricity,lightgbm_quantile__c80__h1,0.8,1.0,2014-08,7,0.25,0.0,rolling_user_norm,0.0218463068140704,0.0194137791758596,rolling_group_norm,0.0265283407600951,0.0202856288320621,1.304905189322193,0.0300171358049413,0.0194137791758596,0.0218463068140704,0.0,0.0049545221071479,0.0149388142213585,0.0,0.0037399549798018,0.0128968545181477
UCI Electricity,lightgbm_quantile__c80__h1,0.8,1.0,2014-08,7,0.25,0.01,rolling_user_norm,0.0348953587072923,0.0325459801539424,rolling_group_norm,0.0265283407600951,0.0202856288320621,1.304905189322193,0.0431553728405875,0.0325459801539424,0.0348953587072923,0.0,0.0049622219741947,0.0150432851449217,0.0,0.0037479920249135,0.0129919291212507
UCI Electricity,lightgbm_quantile__c80__h1,0.8,1.0,2014-08,7,0.5,0.0,rolling_user_norm,0.0234069847960786,0.0234069847960786,rolling_user_norm,0.0265283407600951,0.0202856288320621,1.304905189322193,0.0340478722332446,0.0265051417224386,0.0234069847960786,0.0,0.0035278048822436,0.0158193663491271,0.0,0.002655272064746,0.014139761617868
UCI Electricity,lightgbm_quantile__c80__h1,0.8,1.0,2014-08,7,0.5,0.01,rolling_user_norm,0.0364560366893006,0.0364560366893006,rolling_user_norm,0.0265283407600951,0.0202856288320621,1.304905189322193,0.0471861092688908,0.0396373427005214,0.0364560366893006,0.0,0.0035355047492903,0.0159238372726902,0.0,0.0026631782399409,0.0142337218295381
UCI Electricity,lightgbm_quantile__c80__h1,0.8,1.0,2014-08,7,0.75,0.0,rolling_user_norm,0.0249676627780869,0.0249676627780869,rolling_user_norm,0.0265283407600951,0.0202856288320621,1.304905189322193,0.0380786086615479,0.0335965042690176,0.0249676627780869,0.0,0.0021010876573392,0.0166999184768956,0.0,0.0015017404418571,0.0152907815919934
UCI Electricity,lightgbm_quantile__c80__h1,0.8,1.0,2014-08,7,0.75,0.01,rolling_user_norm,0.0380167146713088,0.0380167146713088,rolling_user_norm,0.0265283407600951,0.0202856288320621,1.304905189322193,0.0512168456971941,0.0467287052471004,0.0380167146713088,0.0,0.002108787524386,0.0168043894004587,0.0,0.0015093577416662,0.0153838117116628
UCI Electricity,lightgbm_quantile__c80__h1,0.8,1.0,2014-08,7,1.0,0.0,rolling_user_norm,0.0265283407600951,0.0265283407600951,rolling_user_norm,0.0265283407600951,0.0202856288320621,1.304905189322193,0.0421093450898513,0.0406878668155965,0.0265283407600951,0.0,0.0006743704324349,0.0175804706046641,0.0,0.0001558301658038,0.0162907483280055
UCI Electricity,lightgbm_quantile__c80__h1,0.8,1.0,2014-08,7,1.0,0.01,rolling_user_norm,0.0395773926533171,0.0395773926533171,rolling_user_norm,0.0265283407600951,0.0202856288320621,1.304905189322193,0.0552475821254975,0.0538200677936794,0.0395773926533171,0.0,0.0006820702994817,0.0176849415282272,0.0,0.000162992322464,0.0163838981730611
UCI Electricity,lightgbm_quantile__c80__h1,0.8,1.0,2014-09,8,0.0,0.0,rolling_group_norm,0.009724312686951,0.009724312686951,rolling_group_norm,0.041534756239319,0.009724312686951,1.2717558101454298,0.0227911573091281,0.009724312686951,0.0162442693040745,0.0,0.0115427457532721,-0.0055979068040471,0.0,0.0080948197010219,-0.008012907473601
UCI Electricity,lightgbm_quantile__c80__h1,0.8,1.0,2014-09,8,0.0,0.01,rolling_group_norm,0.0224418707884053,0.0224418707884053,rolling_group_norm,0.041534756239319,0.009724312686951,1.2717558101454298,0.0355107992917484,0.0224418707884053,0.0288936356047289,0.0,0.0115475266598162,-0.0054891924327776,0.0,0.0080989925962218,-0.0079121641122399
UCI Electricity,lightgbm_quantile__c80__h1,0.8,1.0,2014-09,8,0.25,0.0,rolling_group_norm,0.017676923575043,0.017676923575043,rolling_group_norm,0.041534756239319,0.009724312686951,1.2717558101454298,0.0272458993976688,0.017676923575043,0.0194261244958897,0.0,0.0088508899019298,0.000279456481706,0.0,0.0062500809043345,-0.0017057037120543
UCI Electricity,lightgbm_quantile__c80__h1,0.8,1.0,2014-09,8,0.25,0.01,rolling_group_norm,0.0303944816764973,0.0303944816764973,rolling_group_norm,0.041534756239319,0.009724312686951,1.2717558101454298,0.0399655413802891,0.0303944816764973,0.0320754907965442,0.0,0.0088556708084739,0.0003881708529755,0.0,0.0062542690418205,-0.001605108624861
UCI Electricity,lightgbm_quantile__c80__h1,0.8,1.0,2014-09,8,0.5,0.0,rolling_user_norm,0.022607979687705,0.022607979687705,rolling_user_norm,0.0289716900713356,0.0162442693040745,1.2649366300654452,0.0317006414862095,0.025629534463135,0.022607979687705,0.0,0.0061590340505875,0.0061568197674592,0.0,0.0044042982719695,0.0045950935766091
UCI Electricity,lightgbm_quantile__c80__h1,0.8,1.0,2014-09,8,0.5,0.01,rolling_user_norm,0.0352573459883595,0.0352573459883595,rolling_user_norm,0.0289716900713356,0.0162442693040745,1.2649366300654452,0.0444202834688298,0.0383470925645893,0.0352573459883595,0.0,0.0061638149571316,0.0062655341387287,0.0,0.0044085167072814,0.0046954929502865
UCI Electricity,lightgbm_quantile__c80__h1,0.8,1.0,2014-09,8,0.75,0.0,rolling_user_norm,0.0257898348795203,0.0257898348795203,rolling_user_norm,0.0289716900713356,0.0162442693040745,1.2649366300654452,0.0361553835747502,0.033582145351227,0.0257898348795203,0.0,0.0034671781992452,0.0120341830532124,0.0,0.0025545639904175,0.0108823969034277
UCI Electricity,lightgbm_quantile__c80__h1,0.8,1.0,2014-09,8,0.75,0.01,rolling_user_norm,0.0384392011801748,0.0384392011801748,rolling_user_norm,0.0289716900713356,0.0162442693040745,1.2649366300654452,0.0488750255573705,0.0462997034526813,0.0384392011801748,0.0,0.0034719591057894,0.0121428974244819,0.0,0.0025588711741479,0.0109825567290836
UCI Electricity,lightgbm_quantile__c80__h1,0.8,1.0,2014-09,8,1.0,0.0,rolling_user_norm,0.0289716900713356,0.0289716900713356,rolling_user_norm,0.0289716900713356,0.0162442693040745,1.2649366300654452,0.0406101256632908,0.041534756239319,0.0289716900713356,0.0,0.000775322347903,0.0179115463389657,0.0,0.0006156083342754,0.017134546394412
UCI Electricity,lightgbm_quantile__c80__h1,0.8,1.0,2014-09,8,1.0,0.01,rolling_user_norm,0.04162105637199,0.04162105637199,rolling_user_norm,0.0289716900713356,0.0162442693040745,1.2649366300654452,0.0533297676459112,0.0542523143407733,0.04162105637199,0.0,0.0007801032544471,0.0180202607102351,0.0,0.0006211566392144,0.017234610237861
UCI Electricity,lightgbm_quantile__c80__h1,0.8,1.0,2014-10,9,0.0,0.0,rolling_user_norm,0.026886023942764,0.0230183466742226,rolling_group_norm,0.0341393573647296,0.026886023942764,1.2695134298760993,0.0896540551318478,0.0230183466742226,0.026886023942764,0.0,0.0260137146307337,0.0277311270311751,0.0,0.0131279053159578,0.0188652256349251
UCI Electricity,lightgbm_quantile__c80__h1,0.8,1.0,2014-10,9,0.0,0.01,rolling_user_norm,0.039581158241525,0.035752264930229,rolling_group_norm,0.0341393573647296,0.026886023942764,1.2695134298760993,0.1023856650517596,0.035752264930229,0.039581158241525,0.0,0.0260181893743039,0.0278025912631874,0.0,0.0131315620573843,0.0189383605939705
UCI Electricity,lightgbm_quantile__c80__h1,0.8,1.0,2014-10,9,0.25,0.0,rolling_user_norm,0.0286993572982554,0.0279984568635349,rolling_group_norm,0.0341393573647296,0.026886023942764,1.2695134298760993,0.0785103400171997,0.0279984568635349,0.0286993572982554,0.0,0.0196998981082269,0.0241424865711516,0.0,0.0097711469889857,0.0173784034032032
UCI Electricity,lightgbm_quantile__c80__h1,0.8,1.0,2014-10,9,0.25,0.01,rolling_user_norm,0.0413944915970164,0.0407323751195413,rolling_group_norm,0.0341393573647296,0.026886023942764,1.2695134298760993,0.0912419499371114,0.0407323751195413,0.0413944915970164,0.0,0.0197043728517971,0.0242139508031639,0.0,0.0097748037678135,0.0174513218085277
UCI Electricity,lightgbm_quantile__c80__h1,0.8,1.0,2014-10,9,0.5,0.0,rolling_user_norm,0.0305126906537468,0.0305126906537468,rolling_user_norm,0.0341393573647296,0.026886023942764,1.2695134298760993,0.0673666249025516,0.0329785670528472,0.0305126906537468,0.0,0.0133860815857201,0.0205538461111282,0.0,0.0064143885669979,0.0158671245928577
UCI Electricity,lightgbm_quantile__c80__h1,0.8,1.0,2014-10,9,0.5,0.01,rolling_user_norm,0.0432078249525078,0.0432078249525078,rolling_user_norm,0.0341393573647296,0.026886023942764,1.2695134298760993,0.0800982348224633,0.0457124853088536,0.0432078249525078,0.0,0.0133905563292903,0.0206253103431405,0.0,0.0064180454149622,0.0159396257151373
UCI Electricity,lightgbm_quantile__c80__h1,0.8,1.0,2014-10,9,0.75,0.0,rolling_user_norm,0.0323260240092382,0.0323260240092382,rolling_user_norm,0.0341393573647296,0.026886023942764,1.2695134298760993,0.0562229097879034,0.0379586772421595,0.0323260240092382,0.0,0.0070722650632133,0.0169652056511047,0.0,0.0030576298400373,0.0142741426587694
UCI Electricity,lightgbm_quantile__c80__h1,0.8,1.0,2014-10,9,0.75,0.01,rolling_user_norm,0.0450211583079992,0.0450211583079992,rolling_user_norm,0.0341393573647296,0.026886023942764,1.2695134298760993,0.0689545197078152,0.0506925954981659,0.0450211583079992,0.0,0.0070767398067835,0.017036669883117,0.0,0.003061286859027,0.0143455634379692
UCI Electricity,lightgbm_quantile__c80__h1,0.8,1.0,2014-10,9,1.0,0.0,rolling_user_norm,0.0341393573647296,0.0341393573647296,rolling_user_norm,0.0341393573647296,0.026886023942764,1.2695134298760993,0.0450791946732553,0.0429387874314718,0.0341393573647296,0.0,0.0007584485407065,0.0133765651910813,0.0,-0.0002991317500658,0.0121187077191813
UCI Electricity,lightgbm_quantile__c80__h1,0.8,1.0,2014-10,9,1.0,0.01,rolling_user_norm,0.0468344916634906,0.0468344916634906,rolling_user_norm,0.0341393573647296,0.026886023942764,1.2695134298760993,0.057810804593167,0.0556727056874782,0.0468344916634906,0.0,0.0007629232842767,0.0134480294230936,0.0,-0.0002954736021825,0.0121861295391376
UCI Electricity,lightgbm_quantile__c80__h1,0.8,1.0,2014-11,10,0.0,0.0,rolling_group_norm,0.0122693873403572,0.0122693873403572,rolling_group_norm,0.0421585861758143,0.0122693873403572,1.1921831447089333,0.0195373691530633,0.0122693873403572,0.013205068768351,0.0,0.0206505000239478,0.0148242058935601,0.0,0.0098911722136904,0.0045565750940673
UCI Electricity,lightgbm_quantile__c80__h1,0.8,1.0,2014-11,10,0.0,0.01,rolling_group_norm,0.0241912187874465,0.0241912187874465,rolling_group_norm,0.0421585861758143,0.0122693873403572,1.1921831447089333,0.0314598437569446,0.0241912187874465,0.0251191033618176,0.0,0.0206502246216483,0.0148915020266356,0.0,0.0098908049703628,0.0046189105036684
UCI Electricity,lightgbm_quantile__c80__h1,0.8,1.0,2014-11,10,0.25,0.0,rolling_group_norm,0.0197416870492215,0.0189648855190153,rolling_user_norm,0.0421585861758143,0.0122693873403572,1.1921831447089333,0.0253629571606222,0.0197416870492215,0.0189648855190153,0.0,0.0156060644002632,0.0148229006148356,0.0,0.0073268001362172,0.0066997384625761
UCI Electricity,lightgbm_quantile__c80__h1,0.8,1.0,2014-11,10,0.25,0.01,rolling_group_norm,0.0316635184963108,0.0308789201124819,rolling_user_norm,0.0421585861758143,0.0122693873403572,1.1921831447089333,0.0372854317645034,0.0316635184963108,0.0308789201124819,0.0,0.0156057889979636,0.0148901967479111,0.0,0.007326423912811,0.0067620008791444
UCI Electricity,lightgbm_quantile__c80__h1,0.8,1.0,2014-11,10,0.5,0.0,rolling_user_norm,0.0247247022696795,0.0247247022696795,rolling_user_norm,0.0362443357710081,0.013205068768351,1.1914034593466611,0.031188545168181,0.0272139867580857,0.0247247022696795,0.0,0.0105616287765785,0.0148215953361111,0.0,0.0047605029561165,0.0088387883033251
UCI Electricity,lightgbm_quantile__c80__h1,0.8,1.0,2014-11,10,0.5,0.01,rolling_user_norm,0.0366387368631461,0.0366387368631461,rolling_user_norm,0.0362443357710081,0.013205068768351,1.1914034593466611,0.0431110197720623,0.0391358182051751,0.0366387368631461,0.0,0.0105613533742789,0.0148888914691866,0.0,0.0047601101110109,0.0089009289537081
UCI Electricity,lightgbm_quantile__c80__h1,0.8,1.0,2014-11,10,0.75,0.0,rolling_user_norm,0.0304845190203438,0.0304845190203438,rolling_user_norm,0.0362443357710081,0.013205068768351,1.1914034593466611,0.0370141331757398,0.03468628646695,0.0304845190203438,0.0,0.0055171931528938,0.0148202900573866,0.0,0.0021879789781454,0.0109668640293375
UCI Electricity,lightgbm_quantile__c80__h1,0.8,1.0,2014-11,10,0.75,0.01,rolling_user_norm,0.0423985536138104,0.0423985536138104,rolling_user_norm,0.0362443357710081,0.013205068768351,1.1914034593466611,0.0489366077796211,0.0466081179140394,0.0423985536138104,0.0,0.0055169177505942,0.0148875861904621,0.0,0.0021875450181453,0.0110287628445498
UCI Electricity,lightgbm_quantile__c80__h1,0.8,1.0,2014-11,10,1.0,0.0,rolling_user_norm,0.0362443357710081,0.0362443357710081,rolling_user_norm,0.0362443357710081,0.013205068768351,1.1914034593466611,0.0428397211832987,0.0421585861758143,0.0362443357710081,0.0,0.0004727575292091,0.0148189847786621,0.0,-0.000442685239867,0.0130440200358624
UCI Electricity,lightgbm_quantile__c80__h1,0.8,1.0,2014-11,10,1.0,0.01,rolling_user_norm,0.0481583703644747,0.0481583703644747,rolling_user_norm,0.0362443357710081,0.013205068768351,1.1914034593466611,0.05476219578718,0.0540804176229037,0.0481583703644747,0.0,0.0004724821269095,0.0148862809117376,0.0,-0.0004433696018815,0.0131052599501592
UCI Electricity,lightgbm_quantile__c80__h1,0.8,1.0,2014-12,11,0.0,0.0,rolling_group_norm,0.0169193171353687,0.0169193171353687,rolling_group_norm,0.0463206940239893,0.0169193171353687,1.2982567926041193,0.0390459099745775,0.0169193171353687,0.0176560175674719,0.0,0.0091165413533834,0.009137940827038,0.0,0.0077649382048985,0.0064115583786579
UCI Electricity,lightgbm_quantile__c80__h1,0.8,1.0,2014-12,11,0.0,0.01,rolling_group_norm,0.0299018850614099,0.0299018850614099,rolling_group_norm,0.0463206940239893,0.0169193171353687,1.2982567926041193,0.0520266560892891,0.0299018850614099,0.0306272529129601,0.0,0.0091176701877704,0.0091866399728301,0.0,0.0077651325904432,0.0064511053899373
UCI Electricity,lightgbm_quantile__c80__h1,0.8,1.0,2014-12,11,0.25,0.0,rolling_user_norm,0.0234394374246063,0.0234394374246063,rolling_user_norm,0.0407896969960096,0.0176560175674719,1.2971235345488243,0.041247258544723,0.0242696613575238,0.0234394374246063,0.0,0.0069529043160197,0.0101946149090184,0.0,0.0058824747021231,0.0076763359684344
UCI Electricity,lightgbm_quantile__c80__h1,0.8,1.0,2014-12,11,0.25,0.01,rolling_user_norm,0.0364106727700946,0.0364106727700946,rolling_user_norm,0.0407896969960096,0.0176560175674719,1.2971235345488243,0.0542280046594346,0.037252229283565,0.0364106727700946,0.0,0.0069540331504067,0.0102433140548105,0.0,0.0058826744905062,0.0077158712049512
UCI Electricity,lightgbm_quantile__c80__h1,0.8,1.0,2014-12,11,0.5,0.0,rolling_user_norm,0.0292228572817408,0.0292228572817408,rolling_user_norm,0.0407896969960096,0.0176560175674719,1.2971235345488243,0.0434486071148685,0.031620005579679,0.0292228572817408,0.0,0.004789267278656,0.0112512889909988,0.0,0.0039966951963087,0.0089402601789985
UCI Electricity,lightgbm_quantile__c80__h1,0.8,1.0,2014-12,11,0.5,0.01,rolling_user_norm,0.042194092627229,0.042194092627229,rolling_user_norm,0.0407896969960096,0.0176560175674719,1.2971235345488243,0.0564293532295801,0.0446025735057202,0.042194092627229,0.0,0.004790396113043,0.0112999881367909,0.0,0.0039969080764598,0.0089797849034598
UCI Electricity,lightgbm_quantile__c80__h1,0.8,1.0,2014-12,11,0.75,0.0,rolling_user_norm,0.0350062771388752,0.0350062771388752,rolling_user_norm,0.0407896969960096,0.0176560175674719,1.2971235345488243,0.045649955685014,0.0389703498018341,0.0350062771388752,0.0,0.0026256302412923,0.0123079630729793,0.0,0.0021022910461016,0.0102030789201682
UCI Electricity,lightgbm_quantile__c80__h1,0.8,1.0,2014-12,11,0.75,0.01,rolling_user_norm,0.0479775124843634,0.0479775124843634,rolling_user_norm,0.0407896969960096,0.0176560175674719,1.2971235345488243,0.0586307017997256,0.0519529177278753,0.0479775124843634,0.0,0.0026267590756793,0.0123566622187714,0.0,0.0021025457504438,0.0102425958744556
UCI Electricity,lightgbm_quantile__c80__h1,0.8,1.0,2014-12,11,1.0,0.0,rolling_user_norm,0.0407896969960096,0.0407896969960096,rolling_user_norm,0.0407896969960096,0.0176560175674719,1.2971235345488243,0.0478513042551596,0.0463206940239893,0.0407896969960096,0.0,0.0004619932039286,0.0133646371549597,0.0,0.000173965807964,0.0114644323756879
UCI Electricity,lightgbm_quantile__c80__h1,0.8,1.0,2014-12,11,1.0,0.01,rolling_user_norm,0.0537609323414979,0.0537609323414979,rolling_user_norm,0.0407896969960096,0.0176560175674719,1.2971235345488243,0.0608320503698711,0.0593032619500305,0.0537609323414979,0.0,0.0004631220383156,0.0134133363007518,0.0,0.0001744380993701,0.0115039469345068
UCI Electricity,lightgbm_quantile__c90__h1,0.9,1.0,2014-01,0,0.0,0.0,rolling_group_norm,0.0090773141917152,0.0067344598973131,rolling_user_norm,0.0294107663707802,0.0090773141917152,1.6051968227334945,0.0158284338032159,0.0090773141917152,0.0067344598973131,0.0,0.0677708932825891,0.0671406525573192,0.0,0.0472477578116492,0.0452588670194832
UCI Electricity,lightgbm_quantile__c90__h1,0.9,1.0,2014-01,0,0.0,0.01,rolling_group_norm,0.0251292824190501,0.0226540195758806,rolling_user_norm,0.0294107663707802,0.0090773141917152,1.6051968227334945,0.03188672183796,0.0251292824190501,0.0226540195758806,0.0,0.0677484483616168,0.0672491811272033,0.0,0.0472071021595716,0.0453423579612591
UCI Electricity,lightgbm_quantile__c90__h1,0.9,1.0,2014-01,0,0.25,0.0,rolling_group_norm,0.0141606772364814,0.009912446656466,rolling_user_norm,0.0294107663707802,0.0090773141917152,1.6051968227334945,0.0197542344591086,0.0141606772364814,0.009912446656466,0.0,0.0515966555086532,0.0527929545066641,0.0,0.0357717936919423,0.0356315930502951
UCI Electricity,lightgbm_quantile__c90__h1,0.9,1.0,2014-01,0,0.25,0.01,rolling_group_norm,0.0302126454638164,0.0258320063350335,rolling_user_norm,0.0294107663707802,0.0090773141917152,1.6051968227334945,0.0358125224938527,0.0302126454638164,0.0258320063350335,0.0,0.0515742105876808,0.0529014830765483,0.0,0.0357311478632002,0.0357150720511167
UCI Electricity,lightgbm_quantile__c90__h1,0.9,1.0,2014-01,0,0.5,0.0,rolling_user_norm,0.0130904334156189,0.0130904334156189,rolling_user_norm,0.0194464069339248,0.0067344598973131,1.591955967856746,0.0236800351150014,0.0192440402812477,0.0130904334156189,0.0,0.0354224177347172,0.0384452564560091,0.0,0.0242957133499138,0.0260042022569007
UCI Electricity,lightgbm_quantile__c90__h1,0.9,1.0,2014-01,0,0.5,0.01,rolling_user_norm,0.0290099930941864,0.0290099930941864,rolling_user_norm,0.0194464069339248,0.0067344598973131,1.591955967856746,0.0397383231497454,0.0352960085085826,0.0290099930941864,0.0,0.0353999728137449,0.0385537850258932,0.0,0.0242550858165274,0.0260876605085099
UCI Electricity,lightgbm_quantile__c90__h1,0.9,1.0,2014-01,0,0.75,0.0,rolling_user_norm,0.0162684201747719,0.0162684201747719,rolling_user_norm,0.0194464069339248,0.0067344598973131,1.591955967856746,0.0276058357708941,0.0243274033260139,0.0162684201747719,0.0,0.0192481799607813,0.0240975584053541,0.0,0.0128192619798936,0.0163764803737019
UCI Electricity,lightgbm_quantile__c90__h1,0.9,1.0,2014-01,0,0.75,0.01,rolling_user_norm,0.0321879798533393,0.0321879798533393,rolling_user_norm,0.0194464069339248,0.0067344598973131,1.591955967856746,0.0436641238056381,0.0403793715533489,0.0321879798533393,0.0,0.0192257350398089,0.0242060869752382,0.0,0.0127786804519341,0.01645989366062
UCI Electricity,lightgbm_quantile__c90__h1,0.9,1.0,2014-01,0,1.0,0.0,rolling_user_norm,0.0194464069339248,0.0194464069339248,rolling_user_norm,0.0194464069339248,0.0067344598973131,1.591955967856746,0.0315316364267868,0.0294107663707802,0.0194464069339248,0.0,0.0030739421868454,0.009749860354699,0.0,0.0013394222727113,0.0067468658170298
UCI Electricity,lightgbm_quantile__c90__h1,0.9,1.0,2014-01,0,1.0,0.01,rolling_user_norm,0.0353659666124923,0.0353659666124923,rolling_user_norm,0.0194464069339248,0.0067344598973131,1.591955967856746,0.0475899244615308,0.0454627345981152,0.0353659666124923,0.0,0.003051497265873,0.0098583889245831,0.0,0.0012991683793064,0.0068301096956033
UCI Electricity,lightgbm_quantile__c90__h1,0.9,1.0,2014-02,1,0.0,0.0,rolling_group_norm,0.0141854263079457,0.0132559416424817,rolling_user_norm,0.0303918954945347,0.0141854263079457,1.6280269724278216,0.019899599968625,0.0141854263079457,0.0132559416424817,0.0,0.0016447368421052,0.0017073934837092,0.0,0.0007830181723567,0.0006327894574801
UCI Electricity,lightgbm_quantile__c90__h1,0.9,1.0,2014-02,1,0.0,0.01,rolling_user_norm,0.0293894509485704,0.0293894509485704,rolling_user_norm,0.0219493381000039,0.0132559416424817,1.6133509306088707,0.0361854005614373,0.0304656960322239,0.0293894509485704,0.0,0.0016452435475097,0.0018909044598852,0.0,0.0007820467221803,0.0008051820719131
UCI Electricity,lightgbm_quantile__c90__h1,0.9,1.0,2014-02,1,0.25,0.0,rolling_user_norm,0.0154292907568623,0.0154292907568623,rolling_user_norm,0.0219493381000039,0.0132559416424817,1.6133509306088707,0.0230173506794506,0.0182370436045929,0.0154292907568623,0.0,0.0012778463754694,0.0036643340389095,0.0,0.0006125419946899,0.0026891170878246
UCI Electricity,lightgbm_quantile__c90__h1,0.9,1.0,2014-02,1,0.25,0.01,rolling_user_norm,0.031562800062951,0.031562800062951,rolling_user_norm,0.0219493381000039,0.0132559416424817,1.6133509306088707,0.039303151272263,0.0345173133288712,0.031562800062951,0.0,0.0012783530808739,0.0038478450150855,0.0,0.000611567689642,0.002861342413187
UCI Electricity,lightgbm_quantile__c90__h1,0.9,1.0,2014-02,1,0.5,0.0,rolling_user_norm,0.0176026398712428,0.0176026398712428,rolling_user_norm,0.0219493381000039,0.0132559416424817,1.6133509306088707,0.0261351013902763,0.0222886609012402,0.0176026398712428,0.0,0.0009109559088336,0.0056212745941099,0.0,0.0004416765954771,0.0047425115837684
UCI Electricity,lightgbm_quantile__c90__h1,0.9,1.0,2014-02,1,0.5,0.01,rolling_user_norm,0.0337361491773315,0.0337361491773315,rolling_user_norm,0.0219493381000039,0.0132559416424817,1.6133509306088707,0.0424209019830887,0.0385689306255184,0.0337361491773315,0.0,0.0009114626142381,0.0058047855702858,0.0,0.0004406982801701,0.0049145700337292
UCI Electricity,lightgbm_quantile__c90__h1,0.9,1.0,2014-02,1,0.75,0.0,rolling_user_norm,0.0197759889856233,0.0197759889856233,rolling_user_norm,0.0219493381000039,0.0132559416424817,1.6133509306088707,0.029252852101102,0.0263402781978875,0.0197759889856233,0.0,0.0005440654421978,0.0075782151493102,0.0,0.0002695867902539,0.0067918928278855
UCI Electricity,lightgbm_quantile__c90__h1,0.9,1.0,2014-02,1,0.75,0.01,rolling_user_norm,0.0359094982917121,0.0359094982917121,rolling_user_norm,0.0219493381000039,0.0132559416424817,1.6133509306088707,0.0455386526939143,0.0426205479221657,0.0359094982917121,0.0,0.0005445721476023,0.0077617261254861,0.0,0.0002686053741142,0.0069638025341151
UCI Electricity,lightgbm_quantile__c90__h1,0.9,1.0,2014-02,1,1.0,0.0,rolling_user_norm,0.0219493381000039,0.0219493381000039,rolling_user_norm,0.0219493381000039,0.0132559416424817,1.6133509306088707,0.0323706028119277,0.0303918954945347,0.0219493381000039,0.0,0.000177174975562,0.0095351557045105,0.0,8.786490686734501e-05,0.0088356678946365
UCI Electricity,lightgbm_quantile__c90__h1,0.9,1.0,2014-02,1,1.0,0.01,rolling_user_norm,0.0380828474060926,0.0380828474060926,rolling_user_norm,0.0219493381000039,0.0132559416424817,1.6133509306088707,0.04865640340474,0.046672165218813,0.0380828474060926,0.0,0.0001776816809665,0.0097186666806864,0.0,8.702538787515178e-05,0.0090074828423074
UCI Electricity,lightgbm_quantile__c90__h1,0.9,1.0,2014-03,2,0.0,0.0,rolling_group_norm,0.0102681342453462,0.0102681342453462,rolling_group_norm,0.0310499165229335,0.0102681342453462,1.6262350101065364,0.0673396141767609,0.0102681342453462,0.0125251203008904,0.0,0.0938896237507349,0.0926587301587302,0.0,0.093593961696439,0.0919479151189685
UCI Electricity,lightgbm_quantile__c90__h1,0.9,1.0,2014-03,2,0.0,0.01,rolling_group_norm,0.0265304843464115,0.0265304843464115,rolling_group_norm,0.0310499165229335,0.0102681342453462,1.6262350101065364,0.0836083555934995,0.0265304843464115,0.0287019686104469,0.0,0.0939030619080436,0.0928624808166486,0.0,0.0936064117201005,0.0921576210987311
UCI Electricity,lightgbm_quantile__c90__h1,0.9,1.0,2014-03,2,0.25,0.0,rolling_user_norm,0.0155044404316963,0.015463579814743,rolling_group_norm,0.024442400824114,0.0125251203008904,1.6176848309556506,0.0593161294269487,0.015463579814743,0.0155044404316963,0.0,0.0722732638727262,0.0746804886421822,0.0,0.0720170263873545,0.074180915160048
UCI Electricity,lightgbm_quantile__c90__h1,0.9,1.0,2014-03,2,0.25,0.01,rolling_user_norm,0.0316812887412528,0.0316812887412528,rolling_user_norm,0.024442400824114,0.0125251203008904,1.6176848309556506,0.0755848708436872,0.0317259299158084,0.0316812887412528,0.0,0.072286702030035,0.0748842393001005,0.0,0.0720294737248151,0.0743902495085791
UCI Electricity,lightgbm_quantile__c90__h1,0.9,1.0,2014-03,2,0.5,0.0,rolling_user_norm,0.0184837605625022,0.0184837605625022,rolling_user_norm,0.024442400824114,0.0125251203008904,1.6176848309556506,0.0512926446771365,0.0206590253841398,0.0184837605625022,0.0,0.0506569039947176,0.0567022471256342,0.0,0.0504312624951164,0.0564079845657767
UCI Electricity,lightgbm_quantile__c90__h1,0.9,1.0,2014-03,2,0.5,0.01,rolling_user_norm,0.0346606088720587,0.0346606088720587,rolling_user_norm,0.024442400824114,0.0125251203008904,1.6176848309556506,0.067561386093875,0.0369213754852052,0.0346606088720587,0.0,0.0506703421520263,0.0569059977835526,0.0,0.0504437449170932,0.0566162983650269
UCI Electricity,lightgbm_quantile__c90__h1,0.9,1.0,2014-03,2,0.75,0.0,rolling_user_norm,0.0214630806933081,0.0214630806933081,rolling_user_norm,0.024442400824114,0.0125251203008904,1.6176848309556506,0.0432691599273243,0.0258544709535366,0.0214630806933081,0.0,0.029040544116709,0.0387240056090862,0.0,0.0288327332347792,0.0385963012982818
UCI Electricity,lightgbm_quantile__c90__h1,0.9,1.0,2014-03,2,0.75,0.01,rolling_user_norm,0.0376399290028646,0.0376399290028646,rolling_user_norm,0.024442400824114,0.0125251203008904,1.6176848309556506,0.0595379013440628,0.042116821054602,0.0376399290028646,0.0,0.0290539822740177,0.0389277562670046,0.0,0.0288453173473388,0.0387991999025465
UCI Electricity,lightgbm_quantile__c90__h1,0.9,1.0,2014-03,2,1.0,0.0,rolling_user_norm,0.024442400824114,0.024442400824114,rolling_user_norm,0.024442400824114,0.0125251203008904,1.6176848309556506,0.0352456751775121,0.0310499165229335,0.024442400824114,0.0,0.0074241842387003,0.0207457640925382,0.0,0.0072180981454575,0.0205489711184663
UCI Electricity,lightgbm_quantile__c90__h1,0.9,1.0,2014-03,2,1.0,0.01,rolling_user_norm,0.0406192491336705,0.0406192491336705,rolling_user_norm,0.024442400824114,0.0125251203008904,1.6176848309556506,0.0515144165942506,0.0473122666239988,0.0406192491336705,0.0,0.0074376223960091,0.0209495147504566,0.0,0.0072308601285471,0.0207449936723909
UCI Electricity,lightgbm_quantile__c90__h1,0.9,1.0,2014-04,3,0.0,0.0,rolling_group_norm,0.0079203572212869,0.0079203572212869,rolling_group_norm,0.0323757336476615,0.0079203572212869,1.5753619487978547,0.0518698810075722,0.0079203572212869,0.0099773076641535,0.0,0.056258455944529,0.0529218811657928,0.0,0.052184529603878,0.0511669845230286
UCI Electricity,lightgbm_quantile__c90__h1,0.9,1.0,2014-04,3,0.0,0.01,rolling_group_norm,0.0236739767092654,0.0236739767092654,rolling_group_norm,0.0323757336476615,0.0079203572212869,1.5753619487978547,0.0676277308049638,0.0236739767092654,0.0256186207723132,0.0,0.0562693506678426,0.0530748294185901,0.0,0.0521944810907191,0.0513448655215093
UCI Electricity,lightgbm_quantile__c90__h1,0.9,1.0,2014-04,3,0.25,0.0,rolling_user_norm,0.0140835154594892,0.0140342013278805,rolling_group_norm,0.0264021388454965,0.0099773076641535,1.564131310815975,0.0478828903236683,0.0140342013278805,0.0140835154594892,0.0,0.0433544253266414,0.0433685916684609,0.0,0.040257231407126,0.0423835289647608
UCI Electricity,lightgbm_quantile__c90__h1,0.9,1.0,2014-04,3,0.25,0.01,rolling_user_norm,0.029724828567649,0.029724828567649,rolling_user_norm,0.0264021388454965,0.0099773076641535,1.564131310815975,0.0636407401210599,0.0297878208158591,0.029724828567649,0.0,0.043365320049955,0.0435215399212582,0.0,0.0402671633029116,0.0425609587451483
UCI Electricity,lightgbm_quantile__c90__h1,0.9,1.0,2014-04,3,0.5,0.0,rolling_user_norm,0.018189723254825,0.018189723254825,rolling_user_norm,0.0264021388454965,0.0099773076641535,1.564131310815975,0.0438958996397643,0.0201480454344742,0.018189723254825,0.0,0.0304503947087538,0.0338153021711289,0.0,0.0283293165262102,0.0334835050117768
UCI Electricity,lightgbm_quantile__c90__h1,0.9,1.0,2014-04,3,0.5,0.01,rolling_user_norm,0.0338310363629847,0.0338310363629847,rolling_user_norm,0.0264021388454965,0.0099773076641535,1.564131310815975,0.0596537494371559,0.0359016649224527,0.0338310363629847,0.0,0.0304612894320674,0.0339682504239263,0.0,0.0283392110821281,0.0336493275055151
UCI Electricity,lightgbm_quantile__c90__h1,0.9,1.0,2014-04,3,0.75,0.0,rolling_user_norm,0.0222959310501607,0.0222959310501607,rolling_user_norm,0.0264021388454965,0.0099773076641535,1.564131310815975,0.0399089089558603,0.0262618895410678,0.0222959310501607,0.0,0.0175463640908662,0.024262012673797,0.0,0.016399209666567,0.0235556949683802
UCI Electricity,lightgbm_quantile__c90__h1,0.9,1.0,2014-04,3,0.75,0.01,rolling_user_norm,0.0379372441583205,0.0379372441583205,rolling_user_norm,0.0264021388454965,0.0099773076641535,1.564131310815975,0.0556667587532519,0.0420155090290464,0.0379372441583205,0.0,0.0175572588141798,0.0244149609265943,0.0,0.0164090053784527,0.0236871134280228
UCI Electricity,lightgbm_quantile__c90__h1,0.9,1.0,2014-04,3,1.0,0.0,rolling_user_norm,0.0264021388454965,0.0264021388454965,rolling_user_norm,0.0264021388454965,0.0099773076641535,1.564131310815975,0.0359219182719564,0.0323757336476615,0.0264021388454965,0.0,0.0046423334729786,0.0147087231764651,0.0,0.0044335703889267,0.0132469658202961
UCI Electricity,lightgbm_quantile__c90__h1,0.9,1.0,2014-04,3,1.0,0.01,rolling_user_norm,0.0420434519536563,0.0420434519536563,rolling_user_norm,0.0264021388454965,0.0099773076641535,1.564131310815975,0.051679768069348,0.04812935313564,0.0420434519536563,0.0,0.0046532281962922,0.0148616714292624,0.0,0.0044425542363829,0.0133761187860472
UCI Electricity,lightgbm_quantile__c90__h1,0.9,1.0,2014-05,4,0.0,0.0,rolling_user_norm,0.0058832205608511,0.0042561625398698,rolling_group_norm,0.0196165185919017,0.0058832205608511,1.5711153923233645,0.0190727491676702,0.0042561625398698,0.0058832205608511,0.0,0.0048633072195116,0.0048116735055972,0.0,0.0016782180419434,0.0030511155499079
UCI Electricity,lightgbm_quantile__c90__h1,0.9,1.0,2014-05,4,0.0,0.01,rolling_user_norm,0.0215943744840847,0.0200980754937388,rolling_group_norm,0.0196165185919017,0.0058832205608511,1.5711153923233645,0.0349314308891514,0.0200980754937388,0.0215943744840847,0.0,0.0048686184475314,0.0050223525257362,0.0,0.0016821987874718,0.003256019053793
UCI Electricity,lightgbm_quantile__c90__h1,0.9,1.0,2014-05,4,0.25,0.0,rolling_user_norm,0.0093165450686137,0.0093165450686137,rolling_user_norm,0.0196165185919017,0.0058832205608511,1.5711153923233645,0.0219912110707811,0.0104877807027536,0.0093165450686137,0.0,0.0037761431945062,0.0065219597561122,0.0,0.0012662086099692,0.0048157902823333
UCI Electricity,lightgbm_quantile__c90__h1,0.9,1.0,2014-05,4,0.25,0.01,rolling_user_norm,0.0250276989918474,0.0250276989918474,rolling_user_norm,0.0196165185919017,0.0058832205608511,1.5711153923233645,0.0378498927922624,0.0263296936566226,0.0250276989918474,0.0,0.0037814544225259,0.0067326387762512,0.0,0.0012702116023462,0.0050197097912537
UCI Electricity,lightgbm_quantile__c90__h1,0.9,1.0,2014-05,4,0.5,0.0,rolling_user_norm,0.0127498695763764,0.0127498695763764,rolling_user_norm,0.0196165185919017,0.0058832205608511,1.5711153923233645,0.024909672973892,0.0167193988656375,0.0127498695763764,0.0,0.0026889791695007,0.0082322460066272,0.0,0.0008500829913637,0.0065227903169885
UCI Electricity,lightgbm_quantile__c90__h1,0.9,1.0,2014-05,4,0.5,0.01,rolling_user_norm,0.02846102349961,0.02846102349961,rolling_user_norm,0.0196165185919017,0.0058832205608511,1.5711153923233645,0.0407683546953733,0.0325613118195065,0.02846102349961,0.0,0.0026942903975204,0.0084429250267662,0.0,0.0008541274320433,0.0067259241517369
UCI Electricity,lightgbm_quantile__c90__h1,0.9,1.0,2014-05,4,0.75,0.0,rolling_user_norm,0.016183194084139,0.016183194084139,rolling_user_norm,0.0196165185919017,0.0058832205608511,1.5711153923233645,0.0278281348770029,0.0229510170285213,0.016183194084139,0.0,0.0016018151444952,0.0099425322571422,0.0,0.000422791957701,0.0081724368472588
UCI Electricity,lightgbm_quantile__c90__h1,0.9,1.0,2014-05,4,0.75,0.01,rolling_user_norm,0.0318943480073727,0.0318943480073727,rolling_user_norm,0.0196165185919017,0.0058832205608511,1.5711153923233645,0.0436868165984842,0.0387929299823903,0.0318943480073727,0.0,0.001607126372515,0.0101532112772812,0.0,0.0004269365730155,0.0083750569460358
UCI Electricity,lightgbm_quantile__c90__h1,0.9,1.0,2014-05,4,1.0,0.0,rolling_user_norm,0.0196165185919017,0.0196165185919017,rolling_user_norm,0.0196165185919017,0.0058832205608511,1.5711153923233645,0.0307465967801139,0.0291826351914052,0.0196165185919017,0.0,0.0005146511194898,0.0116528185076572,0.0,-5.5823403823728347e-05,0.0097702640492121
UCI Electricity,lightgbm_quantile__c90__h1,0.9,1.0,2014-05,4,1.0,0.01,rolling_user_norm,0.0353276725151353,0.0353276725151353,rolling_user_norm,0.0196165185919017,0.0058832205608511,1.5711153923233645,0.0466052785015951,0.0450245481452742,0.0353276725151353,0.0,0.0005199623475095,0.0118634975277962,0.0,-5.125142323765769e-05,0.0099726384187477
UCI Electricity,lightgbm_quantile__c90__h1,0.9,1.0,2014-06,5,0.0,0.0,rolling_group_norm,0.0042163824024595,0.0027523607349388,rolling_user_norm,0.0284408534172991,0.0042163824024595,1.6394470262451968,0.0188382988068223,0.0042163824024595,0.0027523607349388,0.0,0.0127407321576391,0.0115316354051033,0.0,0.0098107528923238,0.0078284810312083
UCI Electricity,lightgbm_quantile__c90__h1,0.9,1.0,2014-06,5,0.0,0.01,rolling_group_norm,0.0206108526649115,0.0189982714041766,rolling_user_norm,0.0284408534172991,0.0042163824024595,1.6394470262451968,0.0352468610939632,0.0206108526649115,0.0189982714041766,0.0,0.0127583269207827,0.0116944362983333,0.0,0.0098271844920637,0.0079837043382569
UCI Electricity,lightgbm_quantile__c90__h1,0.9,1.0,2014-06,5,0.25,0.0,rolling_user_norm,0.0066656026391888,0.0066656026391888,rolling_user_norm,0.0184053283519387,0.0027523607349388,1.624591066923771,0.0213425352390229,0.0102725001561694,0.0066656026391888,0.0,0.0096946852956719,0.0113128970607399,0.0,0.0074722816204645,0.008273200956387
UCI Electricity,lightgbm_quantile__c90__h1,0.9,1.0,2014-06,5,0.25,0.01,rolling_user_norm,0.0229115133084265,0.0229115133084265,rolling_user_norm,0.0184053283519387,0.0027523607349388,1.624591066923771,0.0377510975261639,0.0266669704186214,0.0229115133084265,0.0,0.0097122800588155,0.0114756979539699,0.0,0.0074887042271769,0.0084274273203315
UCI Electricity,lightgbm_quantile__c90__h1,0.9,1.0,2014-06,5,0.5,0.0,rolling_user_norm,0.0105788445434388,0.0105788445434388,rolling_user_norm,0.0184053283519387,0.0027523607349388,1.624591066923771,0.0238467716712236,0.0163286179098793,0.0105788445434388,0.0,0.0066486384337048,0.0110941587163765,0.0,0.0051337039629315,0.0086495019938882
UCI Electricity,lightgbm_quantile__c90__h1,0.9,1.0,2014-06,5,0.5,0.01,rolling_user_norm,0.0268247552126765,0.0268247552126765,rolling_user_norm,0.0184053283519387,0.0027523607349388,1.624591066923771,0.0402553339583646,0.0327230881723313,0.0268247552126765,0.0,0.0066662331968484,0.0112569596096065,0.0,0.0051501092654292,0.0088024596551674
UCI Electricity,lightgbm_quantile__c90__h1,0.9,1.0,2014-06,5,0.75,0.0,rolling_user_norm,0.0144920864476888,0.0144920864476888,rolling_user_norm,0.0184053283519387,0.0027523607349388,1.624591066923771,0.0263510081034243,0.0223847356635892,0.0144920864476888,0.0,0.0036025915717376,0.0108754203720131,0.0,0.0027947403721573,0.0088947299446961
UCI Electricity,lightgbm_quantile__c90__h1,0.9,1.0,2014-06,5,0.75,0.01,rolling_user_norm,0.0307379971169265,0.0307379971169265,rolling_user_norm,0.0184053283519387,0.0027523607349388,1.624591066923771,0.0427595703905652,0.0387792059260412,0.0307379971169265,0.0,0.0036201863348812,0.0110382212652432,0.0,0.002811098684153,0.0090463929114815
UCI Electricity,lightgbm_quantile__c90__h1,0.9,1.0,2014-06,5,1.0,0.0,rolling_user_norm,0.0184053283519387,0.0184053283519387,rolling_user_norm,0.0184053283519387,0.0027523607349388,1.624591066923771,0.0288552445356249,0.0284408534172991,0.0184053283519387,0.0,0.0005565447097705,0.0106566820276497,0.0,0.0004475978174168,0.0089016559192993
UCI Electricity,lightgbm_quantile__c90__h1,0.9,1.0,2014-06,5,1.0,0.01,rolling_user_norm,0.0346512390211764,0.0346512390211764,rolling_user_norm,0.0184053283519387,0.0027523607349388,1.624591066923771,0.0452638068227659,0.0448353236797511,0.0346512390211764,0.0,0.0005741394729141,0.0108194829208798,0.0,0.0004634027018582,0.0090530219534579
UCI Electricity,lightgbm_quantile__c90__h1,0.9,1.0,2014-07,6,0.0,0.0,rolling_group_norm,0.0062883206221026,0.0042962385776015,rolling_user_norm,0.0323119397859987,0.0062883206221026,1.744166603548072,0.0141460650279804,0.0062883206221026,0.0042962385776015,0.0,0.0095945247441281,0.006317814449874,0.0,0.0037211357070574,0.000229296604735
UCI Electricity,lightgbm_quantile__c90__h1,0.9,1.0,2014-07,6,0.0,0.01,rolling_group_norm,0.0237299866575833,0.0215713511092143,rolling_user_norm,0.0323119397859987,0.0062883206221026,1.744166603548072,0.0315979148239685,0.0237299866575833,0.0215713511092143,0.0,0.0096067950349552,0.0065076109129175,0.0,0.0037306286822052,0.0003768631679498
UCI Electricity,lightgbm_quantile__c90__h1,0.9,1.0,2014-07,6,0.25,0.0,rolling_group_norm,0.0127942254130766,0.0082921279786418,rolling_user_norm,0.0323119397859987,0.0062883206221026,1.744166603548072,0.0185182607770793,0.0127942254130766,0.0082921279786418,0.0,0.0071503633714368,0.0074594077116781,0.0,0.002708809033863,0.0023527075506326
UCI Electricity,lightgbm_quantile__c90__h1,0.9,1.0,2014-07,6,0.25,0.01,rolling_group_norm,0.0302358914485573,0.0255672405102546,rolling_user_norm,0.0323119397859987,0.0062883206221026,1.744166603548072,0.0359701105730674,0.0302358914485573,0.0255672405102546,0.0,0.0071626336622639,0.0076492041747217,0.0,0.0027183033590054,0.0025002208461591
UCI Electricity,lightgbm_quantile__c90__h1,0.9,1.0,2014-07,6,0.5,0.0,rolling_user_norm,0.0122880173796822,0.0122880173796822,rolling_user_norm,0.0202797961817629,0.0042962385776015,1.7275112531612793,0.0228904565261782,0.0193001302040506,0.0122880173796822,0.0,0.0047062019987456,0.0086010009734823,0.0,0.0016964520750436,0.0044743649787451
UCI Electricity,lightgbm_quantile__c90__h1,0.9,1.0,2014-07,6,0.5,0.01,rolling_user_norm,0.029563129911295,0.029563129911295,rolling_user_norm,0.0202797961817629,0.0042962385776015,1.7275112531612793,0.0403423063221663,0.0367417962395314,0.029563129911295,0.0,0.0047184722895727,0.0087907974365259,0.0,0.0017059490613639,0.0046218177247505
UCI Electricity,lightgbm_quantile__c90__h1,0.9,1.0,2014-07,6,0.75,0.0,rolling_user_norm,0.0162839067807225,0.0162839067807225,rolling_user_norm,0.0202797961817629,0.0042962385776015,1.7275112531612793,0.0272626522752771,0.0258060349950247,0.0162839067807225,0.0,0.0022620406260543,0.0097425942352865,0.0,0.0006839823921507,0.006592631720384
UCI Electricity,lightgbm_quantile__c90__h1,0.9,1.0,2014-07,6,0.75,0.01,rolling_user_norm,0.0335590193123353,0.0335590193123353,rolling_user_norm,0.0202797961817629,0.0042962385776015,1.7275112531612793,0.0447145020712653,0.0432477010305054,0.0335590193123353,0.0,0.0022743109168814,0.0099323906983301,0.0,0.0006934870578457,0.0067400317788841
UCI Electricity,lightgbm_quantile__c90__h1,0.9,1.0,2014-07,6,1.0,0.0,rolling_user_norm,0.0202797961817629,0.0202797961817629,rolling_user_norm,0.0202797961817629,0.0042962385776015,1.7275112531612793,0.031634848024376,0.0323119397859987,0.0202797961817629,0.0,-0.0001821207466368,0.0108841874970907,0.0,-0.0003318688441959,0.0087029483603814
UCI Electricity,lightgbm_quantile__c90__h1,0.9,1.0,2014-07,6,1.0,0.01,rolling_user_norm,0.0375549087133757,0.0375549087133757,rolling_user_norm,0.0202797961817629,0.0042962385776015,1.7275112531612793,0.0490866978203642,0.0497536058214794,0.0375549087133757,0.0,-0.0001698504558097,0.0110739839601343,0.0,-0.0003221510233086,0.0088504012164684
UCI Electricity,lightgbm_quantile__c90__h1,0.9,1.0,2014-08,7,0.0,0.0,rolling_group_norm,0.0039803599022979,0.0039803599022979,rolling_group_norm,0.0314079009168663,0.0039803599022979,1.7043549284517483,0.0167316001983424,0.0039803599022979,0.0065724540152534,0.0,0.0032902896086826,0.0035434301761506,0.0,0.0002637678663527,-0.0015214354139499
UCI Electricity,lightgbm_quantile__c90__h1,0.9,1.0,2014-08,7,0.0,0.01,rolling_group_norm,0.0210239091868154,0.0210239091868154,rolling_group_norm,0.0314079009168663,0.0039803599022979,1.7043549284517483,0.0337843914891216,0.0210239091868154,0.0234303458116855,0.0,0.0032990265268764,0.0037782313255822,0.0,0.0002708801734196,-0.0013066212127643
UCI Electricity,lightgbm_quantile__c90__h1,0.9,1.0,2014-08,7,0.25,0.0,rolling_user_norm,0.009439716927886,0.009439716927886,rolling_user_norm,0.0180415056657838,0.0065724540152534,1.6857891796432154,0.0204016127682,0.01083724515594,0.009439716927886,0.0,0.0023461094236138,0.0062351106854575,0.0,2.423773626161231e-05,0.0021599137309852
UCI Electricity,lightgbm_quantile__c90__h1,0.9,1.0,2014-08,7,0.25,0.01,rolling_user_norm,0.0262976087243181,0.0262976087243181,rolling_user_norm,0.0180415056657838,0.0065724540152534,1.6857891796432154,0.0374544040589792,0.0278807944404575,0.0262976087243181,0.0,0.0023548463418077,0.006469911834889,0.0,3.1351918228869884e-05,0.0023747438291671
UCI Electricity,lightgbm_quantile__c90__h1,0.9,1.0,2014-08,7,0.5,0.0,rolling_user_norm,0.0123069798405186,0.0123069798405186,rolling_user_norm,0.0180415056657838,0.0065724540152534,1.6857891796432154,0.0240716253380577,0.0176941304095821,0.0123069798405186,0.0,0.001401929238545,0.0089267911947643,0.0,-0.000215540609197,0.0058402768999667
UCI Electricity,lightgbm_quantile__c90__h1,0.9,1.0,2014-08,7,0.5,0.01,rolling_user_norm,0.0291648716369508,0.0291648716369508,rolling_user_norm,0.0180415056657838,0.0065724540152534,1.6857891796432154,0.0411244166288369,0.0347376796940996,0.0291648716369508,0.0,0.0014106661567389,0.0091615923441958,0.0,-0.0002084226718756,0.0060551393579522
UCI Electricity,lightgbm_quantile__c90__h1,0.9,1.0,2014-08,7,0.75,0.0,rolling_user_norm,0.0151742427531512,0.0151742427531512,rolling_user_norm,0.0180415056657838,0.0065724540152534,1.6857891796432154,0.0277416379079153,0.0245510156632242,0.0151742427531512,0.0,0.0004577490534763,0.0116184717040711,0.0,-0.000456141303337,0.0095182611744968
UCI Electricity,lightgbm_quantile__c90__h1,0.9,1.0,2014-08,7,0.75,0.01,rolling_user_norm,0.0320321345495834,0.0320321345495834,rolling_user_norm,0.0180415056657838,0.0065724540152534,1.6857891796432154,0.0447944291986945,0.0415945649477417,0.0320321345495834,0.0,0.0004664859716702,0.0118532728535027,0.0,-0.0004490123809126,0.0097332085104482
UCI Electricity,lightgbm_quantile__c90__h1,0.9,1.0,2014-08,7,1.0,0.0,rolling_user_norm,0.0180415056657838,0.0180415056657838,rolling_user_norm,0.0180415056657838,0.0065724540152534,1.6857891796432154,0.0314116504777729,0.0314079009168663,0.0180415056657838,0.0,-0.0004864311315924,0.014310152213378,0.0,-0.0007056314059819,0.0131875785866724
UCI Electricity,lightgbm_quantile__c90__h1,0.9,1.0,2014-08,7,1.0,0.01,rolling_user_norm,0.034899397462216,0.034899397462216,rolling_user_norm,0.0180415056657838,0.0065724540152534,1.6857891796432154,0.0484644417685522,0.0484514502013838,0.034899397462216,0.0,-0.0004776942133985,0.0145449533628095,0.0,-0.0006983571516403,0.0134029073987891
UCI Electricity,lightgbm_quantile__c90__h1,0.9,1.0,2014-09,8,0.0,0.0,rolling_group_norm,0.0052844831418573,0.0052844831418573,rolling_group_norm,0.0312663401025373,0.0052844831418573,1.663238998585053,0.0175536197935729,0.0052844831418573,0.0079354041106475,0.0,0.0090863733407592,0.0073317939911506,0.0,0.0066798173727092,0.0064485631474147
UCI Electricity,lightgbm_quantile__c90__h1,0.9,1.0,2014-09,8,0.0,0.01,rolling_group_norm,0.0219168731277078,0.0219168731277078,rolling_group_norm,0.0312663401025373,0.0052844831418573,1.663238998585053,0.0341928165790684,0.0219168731277078,0.0243944480372156,0.0,0.0090946547592165,0.0075522315501152,0.0,0.0066873662715718,0.0066611553796054
UCI Electricity,lightgbm_quantile__c90__h1,0.9,1.0,2014-09,8,0.25,0.0,rolling_user_norm,0.0110487983609254,0.0110487983609254,rolling_user_norm,0.0203889811117591,0.0079354041106475,1.645904392656808,0.0211142541185269,0.0117799473820273,0.0110487983609254,0.0,0.006795360580908,0.0090263439805389,0.0,0.0048637833419439,0.0083520260520302
UCI Electricity,lightgbm_quantile__c90__h1,0.9,1.0,2014-09,8,0.25,0.01,rolling_user_norm,0.0275078422874935,0.0275078422874935,rolling_user_norm,0.0203889811117591,0.0079354041106475,1.645904392656808,0.0377534509040224,0.0284123373678778,0.0275078422874935,0.0,0.0068036419993654,0.0092467815395035,0.0,0.0048713641559706,0.0085640804124214
UCI Electricity,lightgbm_quantile__c90__h1,0.9,1.0,2014-09,8,0.5,0.0,rolling_user_norm,0.0141621926112033,0.0141621926112033,rolling_user_norm,0.0203889811117591,0.0079354041106475,1.645904392656808,0.0246748884434809,0.0182754116221973,0.0141621926112033,0.0,0.0045043478210569,0.0107208939699271,0.0,0.0030472695930448,0.0102041247831866
UCI Electricity,lightgbm_quantile__c90__h1,0.9,1.0,2014-09,8,0.5,0.01,rolling_user_norm,0.0306212365377714,0.0306212365377714,rolling_user_norm,0.0203889811117591,0.0079354041106475,1.645904392656808,0.0413140852289764,0.0349078016080478,0.0306212365377714,0.0,0.0045126292395142,0.0109413315288917,0.0,0.0030549033410214,0.0104160861629319
UCI Electricity,lightgbm_quantile__c90__h1,0.9,1.0,2014-09,8,0.75,0.0,rolling_user_norm,0.0172755868614812,0.0172755868614812,rolling_user_norm,0.0203889811117591,0.0079354041106475,1.645904392656808,0.0282355227684349,0.0247708758623673,0.0172755868614812,0.0,0.0022133350612057,0.0124154439593153,0.0,0.0012295817258903,0.0119494676784862
UCI Electricity,lightgbm_quantile__c90__h1,0.9,1.0,2014-09,8,0.75,0.01,rolling_user_norm,0.0337346307880493,0.0337346307880493,rolling_user_norm,0.0203889811117591,0.0079354041106475,1.645904392656808,0.0448747195539304,0.0414032658482178,0.0337346307880493,0.0,0.002221616479663,0.0126358815182799,0.0,0.0012373201543961,0.0121632057961615
UCI Electricity,lightgbm_quantile__c90__h1,0.9,1.0,2014-09,8,1.0,0.0,rolling_user_norm,0.0203889811117591,0.0203889811117591,rolling_user_norm,0.0203889811117591,0.0079354041106475,1.645904392656808,0.0317961570933889,0.0312663401025373,0.0203889811117591,0.0,-7.767769864543601e-05,0.0141099939487036,0.0,-0.0005925287612608,0.0135577664824355
UCI Electricity,lightgbm_quantile__c90__h1,0.9,1.0,2014-09,8,1.0,0.01,rolling_user_norm,0.0368480250383272,0.0368480250383272,rolling_user_norm,0.0203889811117591,0.0079354041106475,1.645904392656808,0.0484353538788843,0.0478987300883878,0.0368480250383272,0.0,-6.93962801881128e-05,0.0143304315076682,0.0,-0.0005844895207437,0.013774823947989
UCI Electricity,lightgbm_quantile__c90__h1,0.9,1.0,2014-10,9,0.0,0.0,rolling_group_norm,0.0164022101012962,0.0139275210607646,rolling_global_norm,0.0334500301938325,0.0164022101012962,1.6916242952574685,0.0139275210607646,0.0164022101012962,0.0189558688106538,0.0,0.0157687815217055,0.0157377340060789,0.0,0.0151050071227322,0.0128660673783045
UCI Electricity,lightgbm_quantile__c90__h1,0.9,1.0,2014-10,9,0.0,0.01,rolling_group_norm,0.0333184530538709,0.0308395987304457,rolling_global_norm,0.0334500301938325,0.0164022101012962,1.6916242952574685,0.0308395987304457,0.0333184530538709,0.0357283609662247,0.0,0.015780524087478,0.015924539954242,0.0,0.0151178560177934,0.0130432805568501
UCI Electricity,lightgbm_quantile__c90__h1,0.9,1.0,2014-10,9,0.25,0.0,rolling_user_norm,0.0199527430686614,0.0185598386066193,rolling_global_norm,0.0229433658426842,0.0189558688106538,1.6772492155570906,0.0185598386066193,0.0206641651244303,0.0199527430686614,0.0,0.0121037675172508,0.0148744788781569,0.0,0.01163817750524,0.0125686020294003
UCI Electricity,lightgbm_quantile__c90__h1,0.9,1.0,2014-10,9,0.25,0.01,rolling_user_norm,0.0367252352242323,0.0354719162763003,rolling_global_norm,0.0229433658426842,0.0189558688106538,1.6772492155570906,0.0354719162763003,0.037580408077005,0.0367252352242323,0.0,0.0121155100830233,0.01506128482632,0.0,0.011650913415227,0.0127458661517265
UCI Electricity,lightgbm_quantile__c90__h1,0.9,1.0,2014-10,9,0.5,0.0,rolling_user_norm,0.020949617326669,0.020949617326669,rolling_user_norm,0.0229433658426842,0.0189558688106538,1.6772492155570906,0.0231921561524739,0.0249261201475644,0.020949617326669,0.0,0.0084387535127961,0.0140112237502349,0.0,0.0081695502034853,0.0122615369135928
UCI Electricity,lightgbm_quantile__c90__h1,0.9,1.0,2014-10,9,0.5,0.01,rolling_user_norm,0.0377221094822399,0.0377221094822399,rolling_user_norm,0.0229433658426842,0.0189558688106538,1.6772492155570906,0.040104233822155,0.0418423631001391,0.0377221094822399,0.0,0.0084504960785686,0.014198029698398,0.0,0.0081820004309628,0.0124389365438487
UCI Electricity,lightgbm_quantile__c90__h1,0.9,1.0,2014-10,9,0.75,0.0,rolling_user_norm,0.0219464915846766,0.0219464915846766,rolling_user_norm,0.0229433658426842,0.0189558688106538,1.6772492155570906,0.0278244736983286,0.0291880751706984,0.0219464915846766,0.0,0.0047737395083414,0.0131479686223129,0.0,0.0046860722960477,0.0119316310149299
UCI Electricity,lightgbm_quantile__c90__h1,0.9,1.0,2014-10,9,0.75,0.01,rolling_user_norm,0.0387189837402475,0.0387189837402475,rolling_user_norm,0.0229433658426842,0.0189558688106538,1.6772492155570906,0.0447365513680096,0.0461043181232731,0.0387189837402475,0.0,0.0047854820741139,0.013334774570476,0.0,0.0046968902136141,0.012109461966184
UCI Electricity,lightgbm_quantile__c90__h1,0.9,1.0,2014-10,9,1.0,0.0,rolling_user_norm,0.0229433658426842,0.0229433658426842,rolling_user_norm,0.0229433658426842,0.0189558688106538,1.6772492155570906,0.0324567912441832,0.0334500301938325,0.0229433658426842,0.0,0.0011087255038867,0.0122847134943909,0.0,0.0009589943635498,0.0115288778719978
UCI Electricity,lightgbm_quantile__c90__h1,0.9,1.0,2014-10,9,1.0,0.01,rolling_user_norm,0.0397158579982551,0.0397158579982551,rolling_user_norm,0.0229433658426842,0.0189558688106538,1.6772492155570906,0.0493688689138643,0.0503662731464072,0.0397158579982551,0.0,0.0011204680696592,0.012471519442554,0.0,0.0009683961175504,0.0117085578483568
UCI Electricity,lightgbm_quantile__c90__h1,0.9,1.0,2014-11,10,0.0,0.0,rolling_group_norm,0.0114780802865471,0.0098799773347756,rolling_user_norm,0.0301755044273775,0.0114780802865471,1.5694931732894697,0.0214808579166971,0.0114780802865471,0.0098799773347756,0.0,0.0049674726940808,0.0031302121149313,0.0,0.0005815988432333,-9.142681820474868e-05
UCI Electricity,lightgbm_quantile__c90__h1,0.9,1.0,2014-11,10,0.0,0.01,rolling_group_norm,0.0271730120194418,0.0254919513264036,rolling_user_norm,0.0301755044273775,0.0114780802865471,1.5694931732894697,0.0371799338487368,0.0271730120194418,0.0254919513264036,0.0,0.0049671915775012,0.003327794275993,0.0,0.00057874668559,0.0001258503738193
UCI Electricity,lightgbm_quantile__c90__h1,0.9,1.0,2014-11,10,0.25,0.0,rolling_user_norm,0.0136448155112069,0.0136448155112069,rolling_user_norm,0.024939330040501,0.0098799773347756,1.561197399162805,0.0239935575533321,0.0161524363217547,0.0136448155112069,0.0,0.003675564954392,0.0054557125470745,0.0,0.000284944723312,0.0033348967401569
UCI Electricity,lightgbm_quantile__c90__h1,0.9,1.0,2014-11,10,0.25,0.01,rolling_user_norm,0.029256789502835,0.029256789502835,rolling_user_norm,0.024939330040501,0.0098799773347756,1.561197399162805,0.0396926334853718,0.0318473680546494,0.029256789502835,0.0,0.0036752838378124,0.0056532947081362,0.0,0.000282032471862,0.0035515246722669
UCI Electricity,lightgbm_quantile__c90__h1,0.9,1.0,2014-11,10,0.5,0.0,rolling_user_norm,0.0174096536876383,0.0174096536876383,rolling_user_norm,0.024939330040501,0.0098799773347756,1.561197399162805,0.0265062571899671,0.0208267923569623,0.0174096536876383,0.0,0.0023836572147032,0.0077812129792177,0.0,-1.5123834525655744e-05,0.0067192941021296
UCI Electricity,lightgbm_quantile__c90__h1,0.9,1.0,2014-11,10,0.5,0.01,rolling_user_norm,0.0330216276792663,0.0330216276792663,rolling_user_norm,0.024939330040501,0.0098799773347756,1.561197399162805,0.0422053331220068,0.036521724089857,0.0330216276792663,0.0,0.0023833760981236,0.0079787951402794,0.0,-1.814216134838004e-05,0.0069331663543516
UCI Electricity,lightgbm_quantile__c90__h1,0.9,1.0,2014-11,10,0.75,0.0,rolling_user_norm,0.0211744918640696,0.0211744918640696,rolling_user_norm,0.024939330040501,0.0098799773347756,1.561197399162805,0.029018956826602,0.0255011483921699,0.0211744918640696,0.0,0.0010917494750144,0.0101067134113609,0.0,-0.0003257921814247,0.0095886463699153
UCI Electricity,lightgbm_quantile__c90__h1,0.9,1.0,2014-11,10,0.75,0.01,rolling_user_norm,0.0367864658556977,0.0367864658556977,rolling_user_norm,0.024939330040501,0.0098799773347756,1.561197399162805,0.0447180327586417,0.0411960801250646,0.0367864658556977,0.0,0.0010914683584348,0.0103042955724226,0.0,-0.0003290434942085,0.0097750021041887
UCI Electricity,lightgbm_quantile__c90__h1,0.9,1.0,2014-11,10,1.0,0.0,rolling_user_norm,0.024939330040501,0.024939330040501,rolling_user_norm,0.024939330040501,0.0098799773347756,1.561197399162805,0.031531656463237,0.0301755044273775,0.024939330040501,0.0,-0.0002001582646743,0.0124322138435041,0.0,-0.0007121416903931,0.0110465641905904
UCI Electricity,lightgbm_quantile__c90__h1,0.9,1.0,2014-11,10,1.0,0.01,rolling_user_norm,0.040551304032129,0.040551304032129,rolling_user_norm,0.024939330040501,0.0098799773347756,1.561197399162805,0.0472307323952767,0.0458704361602722,0.040551304032129,0.0,-0.000200439381254,0.0126297960045658,0.0,-0.0007160426699297,0.0112234271566668
UCI Electricity,lightgbm_quantile__c90__h1,0.9,1.0,2014-12,11,0.0,0.0,rolling_user_norm,0.0206701140468937,0.0193879719487143,rolling_group_norm,0.0320098041150444,0.0206701140468937,1.7031779601539838,0.057382483425552,0.0193879719487143,0.0206701140468937,0.0,0.010343567251462,0.0110206070732386,0.0,0.0086937081657908,0.0091054095217468
UCI Electricity,lightgbm_quantile__c90__h1,0.9,1.0,2014-12,11,0.0,0.01,rolling_user_norm,0.0377018936484336,0.0364977023181721,rolling_group_norm,0.0320098041150444,0.0206701140468937,1.7031779601539838,0.074480213723311,0.0364977023181721,0.0377018936484336,0.0,0.0103517888706707,0.0111824818980562,0.0,0.0086986395640299,0.0092506313690439
UCI Electricity,lightgbm_quantile__c90__h1,0.9,1.0,2014-12,11,0.25,0.0,rolling_user_norm,0.0235050365639314,0.0235050365639314,rolling_user_norm,0.0320098041150444,0.0206701140468937,1.7031779601539838,0.0526571997928312,0.0237541928088615,0.0235050365639314,0.0,0.0081254807963212,0.0110434512784894,0.0,0.0067322351963143,0.0092614412994523
UCI Electricity,lightgbm_quantile__c90__h1,0.9,1.0,2014-12,11,0.25,0.01,rolling_user_norm,0.0405368161654712,0.0405368161654712,rolling_user_norm,0.0320098041150444,0.0206701140468937,1.7031779601539838,0.0697549300905902,0.0408639231783193,0.0405368161654712,0.0,0.0081337024155299,0.011205326103307,0.0,0.0067371702895062,0.009406148562688
UCI Electricity,lightgbm_quantile__c90__h1,0.9,1.0,2014-12,11,0.5,0.0,rolling_user_norm,0.0263399590809691,0.0263399590809691,rolling_user_norm,0.0320098041150444,0.0206701140468937,1.7031779601539838,0.0479319161601105,0.0281204136690087,0.0263399590809691,0.0,0.0059073943411804,0.0110662954837402,0.0,0.0047672875625831,0.0094130017488851
UCI Electricity,lightgbm_quantile__c90__h1,0.9,1.0,2014-12,11,0.5,0.01,rolling_user_norm,0.0433717386825089,0.0433717386825089,rolling_user_norm,0.0320098041150444,0.0206701140468937,1.7031779601539838,0.0650296464578694,0.0452301440384665,0.0433717386825089,0.0,0.0059156159603891,0.0112281703085579,0.0,0.0047722379855776,0.0095571598708087
UCI Electricity,lightgbm_quantile__c90__h1,0.9,1.0,2014-12,11,0.75,0.0,rolling_user_norm,0.0291748815980067,0.0291748815980067,rolling_user_norm,0.0320098041150444,0.0206701140468937,1.7031779601539838,0.0432066325273897,0.0324866345291559,0.0291748815980067,0.0,0.0036893078860396,0.0110891396889911,0.0,0.0027959068022218,0.009558962089426
UCI Electricity,lightgbm_quantile__c90__h1,0.9,1.0,2014-12,11,0.75,0.01,rolling_user_norm,0.0462066611995466,0.0462066611995466,rolling_user_norm,0.0320098041150444,0.0206701140468937,1.7031779601539838,0.0603043628251487,0.0495963648986137,0.0462066611995466,0.0,0.0036975295052483,0.0112510145138087,0.0,0.0028009045709251,0.0097025460292598
UCI Electricity,lightgbm_quantile__c90__h1,0.9,1.0,2014-12,11,1.0,0.0,rolling_user_norm,0.0320098041150444,0.0320098041150444,rolling_user_norm,0.0320098041150444,0.0206701140468937,1.7031779601539838,0.0384813488946689,0.0368528553893031,0.0320098041150444,0.0,0.0014712214308988,0.0111119838942419,0.0,0.0008108432121268,0.0096978588987461
UCI Electricity,lightgbm_quantile__c90__h1,0.9,1.0,2014-12,11,1.0,0.01,rolling_user_norm,0.0490415837165842,0.0490415837165842,rolling_user_norm,0.0320098041150444,0.0206701140468937,1.7031779601539838,0.0555790791924279,0.0539625857587609,0.0490415837165842,0.0,0.0014794430501075,0.0112738587190595,0.0,0.0008159890443811,0.0098408632143941
UCI Electricity,lightgbm_quantile__c80__h6,0.8,6.0,2014-01,0,0.0,0.0,rolling_group_norm,0.0197725003565825,0.0192055341606047,rolling_user_norm,0.0824895294407489,0.0197725003565825,1.932538234723571,0.0534577938371976,0.0197725003565825,0.0192055341606047,0.0,0.0225762619172656,0.020993765807212,0.0,0.014872893492857,0.0110353739880297
UCI Electricity,lightgbm_quantile__c80__h6,0.8,6.0,2014-01,0,0.0,0.01,rolling_group_norm,0.0390978827038182,0.0381825415368947,rolling_user_norm,0.0824895294407489,0.0197725003565825,1.932538234723571,0.0727954436236386,0.0390978827038182,0.0381825415368947,0.0,0.0225873746240806,0.0212468294044012,0.0,0.0148892189919913,0.0113086000896236
UCI Electricity,lightgbm_quantile__c80__h6,0.8,6.0,2014-01,0,0.25,0.0,rolling_group_norm,0.0354517576276241,0.0291107166743839,rolling_user_norm,0.0824895294407489,0.0197725003565825,1.932538234723571,0.0611923169981129,0.0354517576276241,0.0291107166743839,0.0,0.0172548352686526,0.0188628329668692,0.0,0.0115195220506457,0.0109346822682913
UCI Electricity,lightgbm_quantile__c80__h6,0.8,6.0,2014-01,0,0.25,0.01,rolling_group_norm,0.0547771399748598,0.0480877240506739,rolling_user_norm,0.0824895294407489,0.0197725003565825,1.932538234723571,0.0805299667845539,0.0547771399748598,0.0480877240506739,0.0,0.0172659479754675,0.0191158965640584,0.0,0.0115356122991164,0.0112085277256116
UCI Electricity,lightgbm_quantile__c80__h6,0.8,6.0,2014-01,0,0.5,0.0,rolling_user_norm,0.039015899188163,0.039015899188163,rolling_user_norm,0.0588262642157213,0.0192055341606047,1.897700737629002,0.0689268401590282,0.0511310148986657,0.039015899188163,0.0,0.0119334086200395,0.0167319001265264,0.0,0.0081571090212909,0.0107952319713477
UCI Electricity,lightgbm_quantile__c80__h6,0.8,6.0,2014-01,0,0.5,0.01,rolling_user_norm,0.057992906564453,0.057992906564453,rolling_user_norm,0.0588262642157213,0.0192055341606047,1.897700737629002,0.0882644899454692,0.0704563972459014,0.057992906564453,0.0,0.0119445213268545,0.0169849637237156,0.0,0.008172707159129,0.0110699817802334
UCI Electricity,lightgbm_quantile__c80__h6,0.8,6.0,2014-01,0,0.75,0.0,rolling_user_norm,0.0489210817019421,0.0489210817019421,rolling_user_norm,0.0588262642157213,0.0192055341606047,1.897700737629002,0.0766613633199436,0.0668102721697073,0.0489210817019421,0.0,0.0066119819714264,0.0146009672861836,0.0,0.004756787120536,0.0105593174398448
UCI Electricity,lightgbm_quantile__c80__h6,0.8,6.0,2014-01,0,0.75,0.01,rolling_user_norm,0.0678980890782322,0.0678980890782322,rolling_user_norm,0.0588262642157213,0.0192055341606047,1.897700737629002,0.0959990131063845,0.086135654516943,0.0678980890782322,0.0,0.0066230946782414,0.0148540308833728,0.0,0.0047707703026411,0.0108353258373976
UCI Electricity,lightgbm_quantile__c80__h6,0.8,6.0,2014-01,0,1.0,0.0,rolling_user_norm,0.0588262642157213,0.0588262642157213,rolling_user_norm,0.0588262642157213,0.0192055341606047,1.897700737629002,0.0843958864808589,0.0824895294407489,0.0588262642157213,0.0,0.0012905553228133,0.0124700344458408,0.0,0.0006289319144995,0.0099944966080259
UCI Electricity,lightgbm_quantile__c80__h6,0.8,6.0,2014-01,0,1.0,0.01,rolling_user_norm,0.0778032715920113,0.0778032715920113,rolling_user_norm,0.0588262642157213,0.0192055341606047,1.897700737629002,0.1037335362672999,0.1018149117879846,0.0778032715920113,0.0,0.0013016680296283,0.01272309804303,0.0,0.0006306111069845,0.0102704630290665
UCI Electricity,lightgbm_quantile__c80__h6,0.8,6.0,2014-02,1,0.0,0.0,rolling_group_norm,0.0174383287396986,0.0173337721282926,rolling_user_norm,0.0881733639798155,0.0174383287396986,1.9176987684990932,0.0415220776331887,0.0174383287396986,0.0173337721282926,0.0,0.0395440656435609,0.0365077563687673,0.0,0.0368448184031191,0.0338664827958559
UCI Electricity,lightgbm_quantile__c80__h6,0.8,6.0,2014-02,1,0.0,0.01,rolling_group_norm,0.0366153164246895,0.0359278353076264,rolling_user_norm,0.0881733639798155,0.0174383287396986,1.9176987684990932,0.0607055950370962,0.0366153164246895,0.0359278353076264,0.0,0.0395620317143827,0.0370964280843727,0.0,0.0368617406871955,0.0344277738042981
UCI Electricity,lightgbm_quantile__c80__h6,0.8,6.0,2014-02,1,0.25,0.0,rolling_user_norm,0.0268558084758924,0.0268558084758924,rolling_user_norm,0.0554219175186917,0.0173337721282926,1.8594063179333813,0.053444634761839,0.0351220875497278,0.0268558084758924,0.0,0.0303614397042063,0.0369140092190416,0.0,0.0283251458975081,0.0347169216390923
UCI Electricity,lightgbm_quantile__c80__h6,0.8,6.0,2014-02,1,0.25,0.01,rolling_user_norm,0.0454498716552262,0.0454498716552262,rolling_user_norm,0.0554219175186917,0.0173337721282926,1.8594063179333813,0.0726281521657466,0.0542990752347188,0.0454498716552262,0.0,0.0303794057750281,0.037502680934647,0.0,0.0283416983610702,0.0352777226768092
UCI Electricity,lightgbm_quantile__c80__h6,0.8,6.0,2014-02,1,0.5,0.0,rolling_user_norm,0.0363778448234922,0.0363778448234922,rolling_user_norm,0.0554219175186917,0.0173337721282926,1.8594063179333813,0.0653671918904893,0.0528058463597571,0.0363778448234922,0.0,0.0211788137648517,0.0373202620693159,0.0,0.0197873770869286,0.0355592012392229
UCI Electricity,lightgbm_quantile__c80__h6,0.8,6.0,2014-02,1,0.5,0.01,rolling_user_norm,0.054971908002826,0.054971908002826,rolling_user_norm,0.0554219175186917,0.0173337721282926,1.8594063179333813,0.0845507092943969,0.071982834044748,0.054971908002826,0.0,0.0211967798356735,0.0379089337849214,0.0,0.0198032310788665,0.0361193985106131
UCI Electricity,lightgbm_quantile__c80__h6,0.8,6.0,2014-02,1,0.75,0.0,rolling_user_norm,0.0458998811710919,0.0458998811710919,rolling_user_norm,0.0554219175186917,0.0173337721282926,1.8594063179333813,0.0772897490191396,0.0704896051697863,0.0458998811710919,0.0,0.0119961878254971,0.0377265149195902,0.0,0.0111870238436927,0.0363853399396117
UCI Electricity,lightgbm_quantile__c80__h6,0.8,6.0,2014-02,1,0.75,0.01,rolling_user_norm,0.0644939443504257,0.0644939443504257,rolling_user_norm,0.0554219175186917,0.0173337721282926,1.8594063179333813,0.0964732664230472,0.0896665928547772,0.0644939443504257,0.0,0.0120141538963189,0.0383151866351956,0.0,0.0112012876529523,0.0369448919905377
UCI Electricity,lightgbm_quantile__c80__h6,0.8,6.0,2014-02,1,1.0,0.0,rolling_user_norm,0.0554219175186917,0.0554219175186917,rolling_user_norm,0.0554219175186917,0.0173337721282926,1.8594063179333813,0.08921230614779,0.0881733639798155,0.0554219175186917,0.0,0.0028135618861425,0.0381327677698645,0.0,0.002263613316241,0.0371738939132676
UCI Electricity,lightgbm_quantile__c80__h6,0.8,6.0,2014-02,1,1.0,0.01,rolling_user_norm,0.0740159806980255,0.0740159806980255,rolling_user_norm,0.0554219175186917,0.0173337721282926,1.8594063179333813,0.1083958235516975,0.1073503516648065,0.0740159806980255,0.0,0.0028315279569643,0.03872143948547,0.0,0.002276035669962,0.0377333848338055
UCI Electricity,lightgbm_quantile__c80__h6,0.8,6.0,2014-03,2,0.0,0.0,rolling_group_norm,0.03107930850998,0.03107930850998,rolling_group_norm,0.0799038774845226,0.03107930850998,2.048363546715366,0.0417143430693566,0.03107930850998,0.0375372783408199,0.0,0.0263270137333863,0.0239624354730899,0.0,0.0136642819296762,0.0134793789137058
UCI Electricity,lightgbm_quantile__c80__h6,0.8,6.0,2014-03,2,0.0,0.01,rolling_user_norm,0.0576395518708714,0.0515629439771337,rolling_group_norm,0.0669420403881458,0.0375372783408199,2.010227353005144,0.0621997591299566,0.0515629439771337,0.0576395518708714,0.0,0.026332654655501,0.0246616340945809,0.0,0.0136659551789935,0.0141965222884051
UCI Electricity,lightgbm_quantile__c80__h6,0.8,6.0,2014-03,2,0.25,0.0,rolling_user_norm,0.0448884688526514,0.0432854507536157,rolling_group_norm,0.0669420403881458,0.0375372783408199,2.010227353005144,0.0513524251607781,0.0432854507536157,0.0448884688526514,0.0,0.0199780024682657,0.0283121247475349,0.0,0.0104715309276153,0.0202492038710583
UCI Electricity,lightgbm_quantile__c80__h6,0.8,6.0,2014-03,2,0.25,0.01,rolling_user_norm,0.0649907423827028,0.0637690862207693,rolling_group_norm,0.0669420403881458,0.0375372783408199,2.010227353005144,0.0718378412213781,0.0637690862207693,0.0649907423827028,0.0,0.0199836433903804,0.0290113233690259,0.0,0.0104731924734033,0.0209649612904418
UCI Electricity,lightgbm_quantile__c80__h6,0.8,6.0,2014-03,2,0.5,0.0,rolling_user_norm,0.0522396593644829,0.0522396593644829,rolling_user_norm,0.0669420403881458,0.0375372783408199,2.010227353005144,0.0609905072521997,0.0554915929972513,0.0522396593644829,0.0,0.0136289912031452,0.0326618140219799,0.0,0.0072782583765175,0.0269863308533197
UCI Electricity,lightgbm_quantile__c80__h6,0.8,6.0,2014-03,2,0.5,0.01,rolling_user_norm,0.0723419328945343,0.0723419328945343,rolling_user_norm,0.0669420403881458,0.0375372783408199,2.010227353005144,0.0814759233127997,0.075975228464405,0.0723419328945343,0.0,0.0136346321252599,0.0333610126434709,0.0,0.0072798969205631,0.0276994299859503
UCI Electricity,lightgbm_quantile__c80__h6,0.8,6.0,2014-03,2,0.75,0.0,rolling_user_norm,0.0595908498763143,0.0595908498763143,rolling_user_norm,0.0669420403881458,0.0375372783408199,2.010227353005144,0.0706285893436212,0.067697735240887,0.0595908498763143,0.0,0.0072799799380246,0.0370115032964249,0.0,0.0040829194789905,0.0336209689374316
UCI Electricity,lightgbm_quantile__c80__h6,0.8,6.0,2014-03,2,0.75,0.01,rolling_user_norm,0.0796931234063657,0.0796931234063657,rolling_user_norm,0.0669420403881458,0.0375372783408199,2.010227353005144,0.0911140054042212,0.0881813707080406,0.0796931234063657,0.0,0.0072856208601394,0.0377107019179159,0.0,0.004084492268393,0.0343273172840697
UCI Electricity,lightgbm_quantile__c80__h6,0.8,6.0,2014-03,2,1.0,0.0,rolling_user_norm,0.0669420403881458,0.0669420403881458,rolling_user_norm,0.0669420403881458,0.0375372783408199,2.010227353005144,0.0802666714350427,0.0799038774845226,0.0669420403881458,0.0,0.0009309686729041,0.0413611925708699,0.0,0.0007280756376938,0.0396686987937381
UCI Electricity,lightgbm_quantile__c80__h6,0.8,6.0,2014-03,2,1.0,0.01,rolling_user_norm,0.0870443139181972,0.0870443139181972,rolling_user_norm,0.0669420403881458,0.0375372783408199,2.010227353005144,0.1007520874956428,0.1003875129516763,0.0870443139181972,0.0,0.0009366095950188,0.0420603911923609,0.0,0.0007307677589317,0.0403500512034985
UCI Electricity,lightgbm_quantile__c80__h6,0.8,6.0,2014-04,3,0.0,0.0,rolling_group_norm,0.024299719887955,0.0140277163496976,rolling_user_norm,0.0726562179123848,0.024299719887955,1.8222194874257007,0.0629655565930075,0.024299719887955,0.0140277163496976,0.0,0.0292306770011447,0.029936917912064,0.0,0.017877297945607,0.0158220556370018
UCI Electricity,lightgbm_quantile__c80__h6,0.8,6.0,2014-04,3,0.0,0.01,rolling_group_norm,0.0425219147622121,0.0318249198295056,rolling_user_norm,0.0726562179123848,0.024299719887955,1.8222194874257007,0.0811985940597191,0.0425219147622121,0.0318249198295056,0.0,0.0292429697440009,0.0304719164152425,0.0,0.0178939034686522,0.0164013155263892
UCI Electricity,lightgbm_quantile__c80__h6,0.8,6.0,2014-04,3,0.25,0.0,rolling_user_norm,0.0256505341757013,0.0256505341757013,rolling_user_norm,0.0605189876537125,0.0140277163496976,1.7797203479807926,0.0656718764403773,0.0363888443940625,0.0256505341757013,0.0,0.0222606293586414,0.0294147340049645,0.0,0.0138079560461425,0.0195290604158292
UCI Electricity,lightgbm_quantile__c80__h6,0.8,6.0,2014-04,3,0.25,0.01,rolling_user_norm,0.0434477376555093,0.0434477376555093,rolling_user_norm,0.0605189876537125,0.0140277163496976,1.7797203479807926,0.0839049139070889,0.0546110392683195,0.0434477376555093,0.0,0.0222729221014977,0.029949732508143,0.0,0.0138245613199488,0.0201073808462973
UCI Electricity,lightgbm_quantile__c80__h6,0.8,6.0,2014-04,3,0.5,0.0,rolling_user_norm,0.037273352001705,0.037273352001705,rolling_user_norm,0.0605189876537125,0.0140277163496976,1.7797203479807926,0.0683781962877471,0.0484779689001699,0.037273352001705,0.0,0.0152905817161381,0.028892550097865,0.0,0.0097385934117886,0.0231519338433543
UCI Electricity,lightgbm_quantile__c80__h6,0.8,6.0,2014-04,3,0.5,0.01,rolling_user_norm,0.055070555481513,0.055070555481513,rolling_user_norm,0.0605189876537125,0.0140277163496976,1.7797203479807926,0.0866112337544587,0.0667001637744269,0.055070555481513,0.0,0.0153028744589944,0.0294275486010436,0.0,0.0097551981595998,0.0237272950539506
UCI Electricity,lightgbm_quantile__c80__h6,0.8,6.0,2014-04,3,0.75,0.0,rolling_user_norm,0.0488961698277088,0.0488961698277088,rolling_user_norm,0.0605189876537125,0.0140277163496976,1.7797203479807926,0.071084516135117,0.0605670934062774,0.0488961698277088,0.0,0.0083205340736348,0.0283703661907656,0.0,0.0056691419883081,0.0261536715668151
UCI Electricity,lightgbm_quantile__c80__h6,0.8,6.0,2014-04,3,0.75,0.01,rolling_user_norm,0.0666933733075167,0.0666933733075167,rolling_user_norm,0.0605189876537125,0.0140277163496976,1.7797203479807926,0.0893175536018286,0.0787892882805344,0.0666933733075167,0.0,0.0083328268164911,0.0289053646939441,0.0,0.0056857449127316,0.0267042690189387
UCI Electricity,lightgbm_quantile__c80__h6,0.8,6.0,2014-04,3,1.0,0.0,rolling_user_norm,0.0605189876537125,0.0605189876537125,rolling_user_norm,0.0605189876537125,0.0140277163496976,1.7797203479807926,0.0737908359824868,0.0726562179123848,0.0605189876537125,0.0,0.0013504864311315,0.0278481822836661,0.0,0.0010982886846556,0.0241598598284269
UCI Electricity,lightgbm_quantile__c80__h6,0.8,6.0,2014-04,3,1.0,0.01,rolling_user_norm,0.0783161911335204,0.0783161911335204,rolling_user_norm,0.0605189876537125,0.0140277163496976,1.7797203479807926,0.0920238734491984,0.0908784127866418,0.0783161911335204,0.0,0.0013627791739878,0.0283831807868446,0.0,0.0011062821130827,0.0246511999128875
UCI Electricity,lightgbm_quantile__c80__h6,0.8,6.0,2014-05,4,0.0,0.0,rolling_user_norm,0.0085003897984186,0.0085003897984186,rolling_user_norm,0.0537286714509373,0.0085003897984186,1.7497782609964645,0.055640871223527,0.0126943374696903,0.0085003897984186,0.0,0.0388959593512785,0.0375259003037781,0.0,0.0317585815635306,0.0328926331318183
UCI Electricity,lightgbm_quantile__c80__h6,0.8,6.0,2014-05,4,0.0,0.01,rolling_user_norm,0.0259981724083832,0.0259981724083832,rolling_user_norm,0.0537286714509373,0.0085003897984186,1.7497782609964645,0.0736229514634613,0.030659738880306,0.0259981724083832,0.0,0.0389059729392819,0.0380460697076922,0.0,0.0317642751971135,0.0334058246226455
UCI Electricity,lightgbm_quantile__c80__h6,0.8,6.0,2014-05,4,0.25,0.0,rolling_user_norm,0.0198074602115483,0.0198074602115483,rolling_user_norm,0.0537286714509373,0.0085003897984186,1.7497782609964645,0.0604220917983047,0.0279581264422768,0.0198074602115483,0.0,0.0292190998025247,0.0337993325964506,0.0,0.0237615462893057,0.0295523964997336
UCI Electricity,lightgbm_quantile__c80__h6,0.8,6.0,2014-05,4,0.25,0.01,rolling_user_norm,0.0373052428215129,0.0373052428215129,rolling_user_norm,0.0537286714509373,0.0085003897984186,1.7497782609964645,0.078404172038239,0.0459235278528925,0.0373052428215129,0.0,0.0292291133905281,0.0343195020003648,0.0,0.0237671532432347,0.0300583564519397
UCI Electricity,lightgbm_quantile__c80__h6,0.8,6.0,2014-05,4,0.5,0.0,rolling_user_norm,0.0311145306246779,0.0311145306246779,rolling_user_norm,0.0537286714509373,0.0085003897984186,1.7497782609964645,0.0652033123730824,0.0432219154148633,0.0311145306246779,0.0,0.0195422402537708,0.0300727648891231,0.0,0.0157577625256698,0.0259395230452712
UCI Electricity,lightgbm_quantile__c80__h6,0.8,6.0,2014-05,4,0.5,0.01,rolling_user_norm,0.0486123132346426,0.0486123132346426,rolling_user_norm,0.0537286714509373,0.0085003897984186,1.7497782609964645,0.0831853926130167,0.0611873168254789,0.0486123132346426,0.0,0.0195522538417742,0.0305929342930373,0.0,0.0157632139474236,0.026438326161365
UCI Electricity,lightgbm_quantile__c80__h6,0.8,6.0,2014-05,4,0.75,0.0,rolling_user_norm,0.0424216010378076,0.0424216010378076,rolling_user_norm,0.0537286714509373,0.0085003897984186,1.7497782609964645,0.0699845329478601,0.0584857043874497,0.0424216010378076,0.0,0.0098653807050169,0.0263461971817956,0.0,0.0077312987807297,0.0220324018137615
UCI Electricity,lightgbm_quantile__c80__h6,0.8,6.0,2014-05,4,0.75,0.01,rolling_user_norm,0.0599193836477723,0.0599193836477723,rolling_user_norm,0.0537286714509373,0.0085003897984186,1.7497782609964645,0.0879666131877944,0.0764511057980654,0.0599193836477723,0.0,0.0098753942930203,0.0268663665857098,0.0,0.0077364013871009,0.0225256182080695
UCI Electricity,lightgbm_quantile__c80__h6,0.8,6.0,2014-05,4,1.0,0.0,rolling_user_norm,0.0537286714509373,0.0537286714509373,rolling_user_norm,0.0537286714509373,0.0085003897984186,1.7497782609964645,0.0747657535226378,0.0737494933600362,0.0537286714509373,0.0,0.000188521156263,0.0226196294744681,0.0,-0.0005050149313917,0.0178644330303545
UCI Electricity,lightgbm_quantile__c80__h6,0.8,6.0,2014-05,4,1.0,0.01,rolling_user_norm,0.071226454060902,0.071226454060902,rolling_user_norm,0.0537286714509373,0.0085003897984186,1.7497782609964645,0.0927478337625721,0.0917148947706518,0.071226454060902,0.0,0.0001985347442665,0.0231397988783823,0.0,-0.0005003290782337,0.0183542639411419
UCI Electricity,lightgbm_quantile__c80__h6,0.8,6.0,2014-06,5,0.0,0.0,rolling_group_norm,0.0280423280423279,0.0119002852282465,rolling_user_norm,0.0753351487222455,0.0280423280423279,1.9464001827889972,0.0597105508870214,0.0280423280423279,0.0119002852282465,0.0,0.0182725331848138,0.0140238714069122,0.0,0.0102924147433954,0.0041103365488
UCI Electricity,lightgbm_quantile__c80__h6,0.8,6.0,2014-06,5,0.0,0.01,rolling_group_norm,0.0475063298702179,0.0308143346907475,rolling_user_norm,0.0753351487222455,0.0280423280423279,1.9464001827889972,0.0792039952324081,0.0475063298702179,0.0308143346907475,0.0,0.0182926627979598,0.0145785072843199,0.0,0.0103119852259522,0.0046330976803188
UCI Electricity,lightgbm_quantile__c80__h6,0.8,6.0,2014-06,5,0.25,0.0,rolling_user_norm,0.0214707013243573,0.0214707013243573,rolling_user_norm,0.0501819496126896,0.0119002852282465,1.8914049462500968,0.0644488733909986,0.0398655332123073,0.0214707013243573,0.0,0.0142669813483692,0.0165019956279859,0.0,0.0083059996420954,0.0084010669422338
UCI Electricity,lightgbm_quantile__c80__h6,0.8,6.0,2014-06,5,0.25,0.01,rolling_user_norm,0.0403847507868583,0.0403847507868583,rolling_user_norm,0.0501819496126896,0.0119002852282465,1.8914049462500968,0.0839423177363852,0.0593295350401973,0.0403847507868583,0.0,0.0142871109615152,0.0170566315053936,0.0,0.0083255777582364,0.0089231015093054
UCI Electricity,lightgbm_quantile__c80__h6,0.8,6.0,2014-06,5,0.5,0.0,rolling_user_norm,0.0310411174204681,0.0310411174204681,rolling_user_norm,0.0501819496126896,0.0119002852282465,1.8914049462500968,0.0691871958949757,0.0516887383822867,0.0310411174204681,0.0,0.0102614295119246,0.0189801198490596,0.0,0.0063191118315589,0.0126498421298349
UCI Electricity,lightgbm_quantile__c80__h6,0.8,6.0,2014-06,5,0.5,0.01,rolling_user_norm,0.049955166882969,0.049955166882969,rolling_user_norm,0.0501819496126896,0.0119002852282465,1.8914049462500968,0.0886806402403624,0.0711527402101767,0.049955166882969,0.0,0.0102815591250706,0.0195347557264673,0.0,0.0063387054648171,0.0131709560403198
UCI Electricity,lightgbm_quantile__c80__h6,0.8,6.0,2014-06,5,0.75,0.0,rolling_user_norm,0.0406115335165788,0.0406115335165788,rolling_user_norm,0.0501819496126896,0.0119002852282465,1.8914049462500968,0.0739255183989529,0.0635119435522661,0.0406115335165788,0.0,0.0062558776754801,0.0214582440701333,0.0,0.0043302640822987,0.0168084822831576
UCI Electricity,lightgbm_quantile__c80__h6,0.8,6.0,2014-06,5,0.75,0.01,rolling_user_norm,0.0595255829790798,0.0595255829790798,rolling_user_norm,0.0501819496126896,0.0119002852282465,1.8914049462500968,0.0934189627443395,0.0829759453801561,0.0595255829790798,0.0,0.0062760072886261,0.0220128799475409,0.0,0.0043499062877747,0.0173286424497413
UCI Electricity,lightgbm_quantile__c80__h6,0.8,6.0,2014-06,5,1.0,0.0,rolling_user_norm,0.0501819496126896,0.0501819496126896,rolling_user_norm,0.0501819496126896,0.0119002852282465,1.8914049462500968,0.07866384090293,0.0753351487222455,0.0501819496126896,0.0,0.0022503258390355,0.023936368291207,0.0,0.0020723933954136,0.0207318946072827
UCI Electricity,lightgbm_quantile__c80__h6,0.8,6.0,2014-06,5,1.0,0.01,rolling_user_norm,0.0690959990751906,0.0690959990751906,rolling_user_norm,0.0501819496126896,0.0119002852282465,1.8914049462500968,0.0981572852483167,0.0947991505501354,0.0690959990751906,0.0,0.0022704554521815,0.0244910041686146,0.0,0.0020938531540228,0.0212526845938337
UCI Electricity,lightgbm_quantile__c80__h6,0.8,6.0,2014-07,6,0.0,0.0,rolling_user_norm,0.0295072029667664,0.0295072029667664,rolling_user_norm,0.0548430806888714,0.0295072029667664,2.0775493677739254,0.0520182570246754,0.0308479532163742,0.0295072029667664,0.0,0.0307224465484699,0.0326636209371729,0.0,0.0274306229824376,0.0286313221884116
UCI Electricity,lightgbm_quantile__c80__h6,0.8,6.0,2014-07,6,0.0,0.01,rolling_user_norm,0.0502826966445057,0.0502826966445057,rolling_user_norm,0.0548430806888714,0.0295072029667664,2.0775493677739254,0.0734433081461908,0.0522252365335259,0.0502826966445057,0.0,0.0307535663336399,0.0333223160503751,0.0,0.0274589644999873,0.0293208808437162
UCI Electricity,lightgbm_quantile__c80__h6,0.8,6.0,2014-07,6,0.25,0.0,rolling_user_norm,0.0358411723972926,0.0358411723972926,rolling_user_norm,0.0548430806888714,0.0295072029667664,2.0775493677739254,0.0595634070633034,0.0427332954163775,0.0358411723972926,0.0,0.0236251449704689,0.0317693083575368,0.0,0.0211706996101889,0.0295367106805251
UCI Electricity,lightgbm_quantile__c80__h6,0.8,6.0,2014-07,6,0.25,0.01,rolling_user_norm,0.0566166660750319,0.0566166660750319,rolling_user_norm,0.0548430806888714,0.0295072029667664,2.0775493677739254,0.0809884581848188,0.0641105787335291,0.0566166660750319,0.0,0.0236562647556389,0.032428003470739,0.0,0.0211989821197579,0.0302049575311971
UCI Electricity,lightgbm_quantile__c80__h6,0.8,6.0,2014-07,6,0.5,0.0,rolling_user_norm,0.0421751418278189,0.0421751418278189,rolling_user_norm,0.0548430806888714,0.0295072029667664,2.0775493677739254,0.0671085571019315,0.0546186376163807,0.0421751418278189,0.0,0.0165278433924679,0.0308749957779008,0.0,0.0148929446749766,0.0286501503603051
UCI Electricity,lightgbm_quantile__c80__h6,0.8,6.0,2014-07,6,0.5,0.01,rolling_user_norm,0.0629506355055581,0.0629506355055581,rolling_user_norm,0.0548430806888714,0.0295072029667664,2.0775493677739254,0.0885336082234468,0.0759959209335324,0.0629506355055581,0.0,0.0165589631776379,0.0315336908911029,0.0,0.014921139372695,0.0292725477416758
UCI Electricity,lightgbm_quantile__c80__h6,0.8,6.0,2014-07,6,0.75,0.0,rolling_user_norm,0.0485091112583451,0.0485091112583451,rolling_user_norm,0.0548430806888714,0.0295072029667664,2.0775493677739254,0.0746537071405595,0.066503979816384,0.0485091112583451,0.0,0.009430541814467,0.0299806831982647,0.0,0.0085463032949208,0.0259612594294071
UCI Electricity,lightgbm_quantile__c80__h6,0.8,6.0,2014-07,6,0.75,0.01,rolling_user_norm,0.0692846049360844,0.0692846049360844,rolling_user_norm,0.0548430806888714,0.0295072029667664,2.0775493677739254,0.0960787582620749,0.0878812631335357,0.0692846049360844,0.0,0.009461661599637,0.0306393783114669,0.0,0.0085744818925802,0.0265744073408755
UCI Electricity,lightgbm_quantile__c80__h6,0.8,6.0,2014-07,6,1.0,0.0,rolling_user_norm,0.0548430806888714,0.0548430806888714,rolling_user_norm,0.0548430806888714,0.0295072029667664,2.0775493677739254,0.0821988571791876,0.0783893220163873,0.0548430806888714,0.0,0.002333240236466,0.0290863706186286,0.0,0.0017405735041588,0.0228733211828217
UCI Electricity,lightgbm_quantile__c80__h6,0.8,6.0,2014-07,6,1.0,0.01,rolling_user_norm,0.0756185743666106,0.0756185743666106,rolling_user_norm,0.0548430806888714,0.0295072029667664,2.0775493677739254,0.1036239083007029,0.099766605333539,0.0756185743666106,0.0,0.002364360021636,0.0297450657318308,0.0,0.0017709790290784,0.023486024655279
UCI Electricity,lightgbm_quantile__c80__h6,0.8,6.0,2014-08,7,0.0,0.0,rolling_group_norm,0.0160569105691056,0.0116245899301097,rolling_user_norm,0.0758688378672643,0.0160569105691056,2.102736251644608,0.0542231255645889,0.0160569105691056,0.0116245899301097,0.0,0.0345963287849252,0.0260208778118134,0.0,0.0329514058333692,0.0207868465609643
UCI Electricity,lightgbm_quantile__c80__h6,0.8,6.0,2014-08,7,0.0,0.01,rolling_group_norm,0.0370842730855517,0.0320374177244856,rolling_user_norm,0.0758688378672643,0.0160569105691056,2.102736251644608,0.0753194497397738,0.0370842730855517,0.0320374177244856,0.0,0.0346481343508838,0.0267975369070903,0.0,0.0330020070329742,0.0215260773722528
UCI Electricity,lightgbm_quantile__c80__h6,0.8,6.0,2014-08,7,0.25,0.0,rolling_group_norm,0.0310098923936452,0.0208712450606524,rolling_user_norm,0.0758688378672643,0.0160569105691056,2.102736251644608,0.0613365162243997,0.0310098923936452,0.0208712450606524,0.0,0.0267357334154871,0.0282032689113899,0.0,0.0254633018279688,0.0230397039182043
UCI Electricity,lightgbm_quantile__c80__h6,0.8,6.0,2014-08,7,0.25,0.01,rolling_group_norm,0.0520372549100913,0.0412840728550283,rolling_user_norm,0.0758688378672643,0.0160569105691056,2.102736251644608,0.0824328403995846,0.0520372549100913,0.0412840728550283,0.0,0.0267875389814458,0.0289799280066668,0.0,0.0255138526518927,0.0237789385293384
UCI Electricity,lightgbm_quantile__c80__h6,0.8,6.0,2014-08,7,0.5,0.0,rolling_user_norm,0.0301179001911951,0.0301179001911951,rolling_user_norm,0.0486112104522804,0.0116245899301097,2.041282779437596,0.0684499068842105,0.0459628742181849,0.0301179001911951,0.0,0.0188751380460491,0.0303856600109665,0.0,0.0179572320246328,0.0252925456223419
UCI Electricity,lightgbm_quantile__c80__h6,0.8,6.0,2014-08,7,0.5,0.01,rolling_user_norm,0.050530727985571,0.050530727985571,rolling_user_norm,0.0486112104522804,0.0116245899301097,2.041282779437596,0.0895462310593954,0.066990236734631,0.050530727985571,0.0,0.0189269436120078,0.0311623191062434,0.0,0.0180077171566162,0.026031784251873
UCI Electricity,lightgbm_quantile__c80__h6,0.8,6.0,2014-08,7,0.75,0.0,rolling_user_norm,0.0393645553217377,0.0393645553217377,rolling_user_norm,0.0486112104522804,0.0116245899301097,2.041282779437596,0.0755632975440213,0.0609158560427246,0.0393645553217377,0.0,0.0110145426766111,0.032568051110543,0.0,0.01040120796027,0.0275453710147023
UCI Electricity,lightgbm_quantile__c80__h6,0.8,6.0,2014-08,7,0.75,0.01,rolling_user_norm,0.0597773831161137,0.0597773831161137,rolling_user_norm,0.0486112104522804,0.0116245899301097,2.041282779437596,0.0966596217192062,0.0819432185591707,0.0597773831161137,0.0,0.0110663482425698,0.0333447102058199,0.0,0.0104516642771272,0.0282846138951443
UCI Electricity,lightgbm_quantile__c80__h6,0.8,6.0,2014-08,7,1.0,0.0,rolling_user_norm,0.0486112104522804,0.0486112104522804,rolling_user_norm,0.0486112104522804,0.0116245899301097,2.041282779437596,0.0826766882038321,0.0758688378672643,0.0486112104522804,0.0,0.0031539473071731,0.0347504422101196,0.0,0.0026849417898651,0.0297981793992956
UCI Electricity,lightgbm_quantile__c80__h6,0.8,6.0,2014-08,7,1.0,0.01,rolling_user_norm,0.0690240382466564,0.0690240382466564,rolling_user_norm,0.0486112104522804,0.0116245899301097,2.041282779437596,0.103773012379017,0.0968962003837103,0.0690240382466564,0.0,0.0032057528731317,0.0355271013053965,0.0,0.002735801631691,0.0305374267781859
UCI Electricity,lightgbm_quantile__c80__h6,0.8,6.0,2014-09,8,0.0,0.0,rolling_group_norm,0.0123508662724348,0.0123508662724348,rolling_group_norm,0.0779629447086752,0.0123508662724348,1.9875242129508923,0.0617278490343505,0.0123508662724348,0.0197038074489054,0.0,0.0383457878375966,0.030170953131179,0.0,0.0375164451697838,0.0268206764870287
UCI Electricity,lightgbm_quantile__c80__h6,0.8,6.0,2014-09,8,0.0,0.01,rolling_group_norm,0.0322261084019437,0.0322261084019437,rolling_group_norm,0.0779629447086752,0.0123508662724348,1.9875242129508923,0.0816602002451015,0.0322261084019437,0.0389440828046588,0.0,0.0384222694025035,0.0309401236743726,0.0,0.0375870699559151,0.0275663692264192
UCI Electricity,lightgbm_quantile__c80__h6,0.8,6.0,2014-09,8,0.25,0.0,rolling_group_norm,0.0287538858814949,0.0271184443148389,rolling_user_norm,0.0779629447086752,0.0123508662724348,1.9875242129508923,0.0668470031167274,0.0287538858814949,0.0271184443148389,0.0,0.0305159623928835,0.0328533056178298,0.0,0.0299187228084855,0.0297541141261337
UCI Electricity,lightgbm_quantile__c80__h6,0.8,6.0,2014-09,8,0.25,0.01,rolling_user_norm,0.0463587196705923,0.0463587196705923,rolling_user_norm,0.0493623549126395,0.0197038074489054,1.924027535575342,0.0867793543274784,0.0486291280110038,0.0463587196705923,0.0,0.0305924439577904,0.0336224761610235,0.0,0.0299857971977347,0.0304995610408567
UCI Electricity,lightgbm_quantile__c80__h6,0.8,6.0,2014-09,8,0.5,0.0,rolling_user_norm,0.0345330811807724,0.0345330811807724,rolling_user_norm,0.0493623549126395,0.0197038074489054,1.924027535575342,0.0719661571991043,0.045156905490555,0.0345330811807724,0.0,0.0226861369481704,0.0355356581044807,0.0,0.0221258864562676,0.032686082165245
UCI Electricity,lightgbm_quantile__c80__h6,0.8,6.0,2014-09,8,0.5,0.01,rolling_user_norm,0.0537733565365258,0.0537733565365258,rolling_user_norm,0.0493623549126395,0.0197038074489054,1.924027535575342,0.0918985084098553,0.0650321476200639,0.0537733565365258,0.0,0.0227626185130772,0.0363048286476743,0.0,0.0221909699327598,0.033431252575625
UCI Electricity,lightgbm_quantile__c80__h6,0.8,6.0,2014-09,8,0.75,0.0,rolling_user_norm,0.041947718046706,0.041947718046706,rolling_user_norm,0.0493623549126395,0.0197038074489054,1.924027535575342,0.0770853112814812,0.0615599250996151,0.041947718046706,0.0,0.0148563115034572,0.0382180105911315,0.0,0.0141084039301761,0.0356161576002522
UCI Electricity,lightgbm_quantile__c80__h6,0.8,6.0,2014-09,8,0.75,0.01,rolling_user_norm,0.0611879934024594,0.0611879934024594,rolling_user_norm,0.0493623549126395,0.0197038074489054,1.924027535575342,0.0970176624922322,0.081435167229124,0.0611879934024594,0.0,0.0149327930683641,0.0389871811343251,0.0,0.0141752684553909,0.0363610164674871
UCI Electricity,lightgbm_quantile__c80__h6,0.8,6.0,2014-09,8,1.0,0.0,rolling_user_norm,0.0493623549126395,0.0493623549126395,rolling_user_norm,0.0493623549126395,0.0197038074489054,1.924027535575342,0.0822044653638581,0.0779629447086752,0.0493623549126395,0.0,0.0070264860587441,0.0409003630777824,0.0,0.0059809476832391,0.0385437435157336
UCI Electricity,lightgbm_quantile__c80__h6,0.8,6.0,2014-09,8,1.0,0.01,rolling_user_norm,0.0686026302683929,0.0686026302683929,rolling_user_norm,0.0493623549126395,0.0197038074489054,1.924027535575342,0.1021368165746091,0.0978381868381841,0.0686026302683929,0.0,0.0071029676236509,0.041669533620976,0.0,0.0060497797908643,0.0392882518034982
UCI Electricity,lightgbm_quantile__c80__h6,0.8,6.0,2014-10,9,0.0,0.0,rolling_group_norm,0.0425688204250463,0.0425688204250463,rolling_group_norm,0.0829047755286937,0.0425688204250463,1.8997625375116056,0.0559168925022582,0.0425688204250463,0.050278134360291,0.0,0.043914369044546,0.0426566718038119,0.0,0.0410237962126165,0.0374054023250308
UCI Electricity,lightgbm_quantile__c80__h6,0.8,6.0,2014-10,9,0.0,0.01,rolling_group_norm,0.0615664458001624,0.0615664458001624,rolling_group_norm,0.0829047755286937,0.0425688204250463,1.8997625375116056,0.0749424957118364,0.0615664458001624,0.0687281122900342,0.0,0.0439802339338656,0.0433939950708349,0.0,0.0410908969143577,0.0381417355325297
UCI Electricity,lightgbm_quantile__c80__h6,0.8,6.0,2014-10,9,0.25,0.0,rolling_user_norm,0.0541045627503659,0.0526528092009582,rolling_group_norm,0.0655838479205906,0.050278134360291,1.8449977929743169,0.0623905757019446,0.0526528092009582,0.0541045627503659,0.0,0.0341415266786755,0.0404011147312278,0.0,0.031991499927893,0.0363407836580965
UCI Electricity,lightgbm_quantile__c80__h6,0.8,6.0,2014-10,9,0.25,0.01,rolling_user_norm,0.0725545406801091,0.0716504345760742,rolling_group_norm,0.0655838479205906,0.050278134360291,1.8449977929743169,0.0814161789115228,0.0716504345760742,0.0725545406801091,0.0,0.0342073915679951,0.0411384379982509,0.0,0.0320549394595003,0.0370774129732707
UCI Electricity,lightgbm_quantile__c80__h6,0.8,6.0,2014-10,9,0.5,0.0,rolling_user_norm,0.0579309911404408,0.0579309911404408,rolling_user_norm,0.0655838479205906,0.050278134360291,1.8449977929743169,0.068864258901631,0.06273679797687,0.0579309911404408,0.0,0.024368684312805,0.0381455576586438,0.0,0.0227749561921726,0.0352518711973608
UCI Electricity,lightgbm_quantile__c80__h6,0.8,6.0,2014-10,9,0.5,0.01,rolling_user_norm,0.076380969070184,0.076380969070184,rolling_user_norm,0.0655838479205906,0.050278134360291,1.8449977929743169,0.0878898621112091,0.0817344233519861,0.076380969070184,0.0,0.0244345492021246,0.0388828809256668,0.0,0.022832056672516,0.0359890437019391
UCI Electricity,lightgbm_quantile__c80__h6,0.8,6.0,2014-10,9,0.75,0.0,rolling_user_norm,0.0617574195305157,0.0617574195305157,rolling_user_norm,0.0655838479205906,0.050278134360291,1.8449977929743169,0.0753379421013173,0.0728207867527818,0.0617574195305157,0.0,0.0145958419469345,0.0358900005860598,0.0,0.0131441277268034,0.0340907702291825
UCI Electricity,lightgbm_quantile__c80__h6,0.8,6.0,2014-10,9,0.75,0.01,rolling_user_norm,0.0802073974602589,0.0802073974602589,rolling_user_norm,0.0655838479205906,0.050278134360291,1.8449977929743169,0.0943635453108955,0.0918184121278979,0.0802073974602589,0.0,0.0146617068362541,0.0366273238530828,0.0,0.0131943741893873,0.034829175046819
UCI Electricity,lightgbm_quantile__c80__h6,0.8,6.0,2014-10,9,1.0,0.0,rolling_user_norm,0.0655838479205906,0.0655838479205906,rolling_user_norm,0.0655838479205906,0.050278134360291,1.8449977929743169,0.0818116253010037,0.0829047755286937,0.0655838479205906,0.0,0.004822999581064,0.0336344435134757,0.0,0.0029995057937454,0.0325963134416041
UCI Electricity,lightgbm_quantile__c80__h6,0.8,6.0,2014-10,9,1.0,0.01,rolling_user_norm,0.0840338258503338,0.0840338258503338,rolling_user_norm,0.0655838479205906,0.050278134360291,1.8449977929743169,0.1008372285105819,0.1019024009038097,0.0840338258503338,0.0,0.0048888644703836,0.0343717667804987,0.0,0.0030481313428789,0.0333378131985507
UCI Electricity,lightgbm_quantile__c80__h6,0.8,6.0,2014-11,10,0.0,0.0,rolling_user_norm,0.0312951496388029,0.0265221878224974,rolling_group_norm,0.0732234242670675,0.0312951496388029,1.7841424531933667,0.0467164643635231,0.0265221878224974,0.0312951496388029,0.0,0.0252865961199294,0.0263094501643927,0.0,0.0185085183147148,0.018835945308989
UCI Electricity,lightgbm_quantile__c80__h6,0.8,6.0,2014-11,10,0.0,0.01,rolling_user_norm,0.0491365741707366,0.0447787765077874,rolling_group_norm,0.0732234242670675,0.0312951496388029,1.7841424531933667,0.0649768417573496,0.0447787765077874,0.0491365741707366,0.0,0.0253283041450479,0.0270981944674027,0.0,0.0185469022127579,0.0196491629350411
UCI Electricity,lightgbm_quantile__c80__h6,0.8,6.0,2014-11,10,0.25,0.0,rolling_user_norm,0.0417772182958691,0.0417772182958691,rolling_user_norm,0.0732234242670675,0.0312951496388029,1.7841424531933667,0.0575363625411063,0.042446102534238,0.0417772182958691,0.0,0.0193615542909897,0.028024909272971,0.0,0.0141939485503353,0.0222620638557322
UCI Electricity,lightgbm_quantile__c80__h6,0.8,6.0,2014-11,10,0.25,0.01,rolling_user_norm,0.0596186428278027,0.0596186428278027,rolling_user_norm,0.0732234242670675,0.0312951496388029,1.7841424531933667,0.0757967399349327,0.0607026912195279,0.0596186428278027,0.0,0.0194032623161082,0.028813653575981,0.0,0.0142323651977902,0.0230705165977235
UCI Electricity,lightgbm_quantile__c80__h6,0.8,6.0,2014-11,10,0.5,0.0,rolling_user_norm,0.0522592869529352,0.0522592869529352,rolling_user_norm,0.0732234242670675,0.0312951496388029,1.7841424531933667,0.0683562607186895,0.0583700172459785,0.0522592869529352,0.0,0.01343651246205,0.0297403683815493,0.0,0.0098789763518868,0.0253994541187667
UCI Electricity,lightgbm_quantile__c80__h6,0.8,6.0,2014-11,10,0.5,0.01,rolling_user_norm,0.0701007114848689,0.0701007114848689,rolling_user_norm,0.0732234242670675,0.0312951496388029,1.7841424531933667,0.0866166381125159,0.0766266059312684,0.0701007114848689,0.0,0.0134782204871685,0.0305291126845593,0.0,0.009917455741196,0.0261983840176339
UCI Electricity,lightgbm_quantile__c80__h6,0.8,6.0,2014-11,10,0.75,0.0,rolling_user_norm,0.0627413556100014,0.0627413556100014,rolling_user_norm,0.0732234242670675,0.0312951496388029,1.7841424531933667,0.0791761588962727,0.074293931957719,0.0627413556100014,0.0,0.0075114706331104,0.0314558274901276,0.0,0.0055626040429213,0.0278847320244112
UCI Electricity,lightgbm_quantile__c80__h6,0.8,6.0,2014-11,10,0.75,0.01,rolling_user_norm,0.080582780141935,0.080582780141935,rolling_user_norm,0.0732234242670675,0.0312951496388029,1.7841424531933667,0.0974365362900991,0.0925505206430089,0.080582780141935,0.0,0.0075531786582289,0.0322445717931376,0.0,0.0056012519508289,0.028666466697333
UCI Electricity,lightgbm_quantile__c80__h6,0.8,6.0,2014-11,10,1.0,0.0,rolling_user_norm,0.0732234242670675,0.0732234242670675,rolling_user_norm,0.0732234242670675,0.0312951496388029,1.7841424531933667,0.0899960570738559,0.0902178466694595,0.0732234242670675,0.0,0.0015864288041707,0.0331712865987059,0.0,0.0012255929348847,0.029306322709058
UCI Electricity,lightgbm_quantile__c80__h6,0.8,6.0,2014-11,10,1.0,0.01,rolling_user_norm,0.0910648487990012,0.0910648487990012,rolling_user_norm,0.0732234242670675,0.0312951496388029,1.7841424531933667,0.1082564344676823,0.1084744353547494,0.0910648487990012,0.0,0.0016281368292892,0.0339600309017159,0.0,0.0012660679229598,0.030070750991333
UCI Electricity,lightgbm_quantile__c80__h6,0.8,6.0,2014-12,11,0.0,0.0,rolling_user_norm,0.0713842533162174,0.0465707020083899,rolling_global_norm,0.084791065652592,0.0713842533162174,2.153980502193893,0.0465707020083899,0.0712451861360718,0.0713842533162174,0.0,0.0329295699293896,0.0336599945237692,0.0,0.0243716898242557,0.0283857368746727
UCI Electricity,lightgbm_quantile__c80__h6,0.8,6.0,2014-12,11,0.0,0.01,rolling_user_norm,0.0929240583381563,0.0685289695114403,rolling_global_norm,0.084791065652592,0.0713842533162174,2.153980502193893,0.0685289695114403,0.0931861759756905,0.0929240583381563,0.0,0.0329427266944243,0.0342813764765487,0.0,0.0243849535421471,0.0290264613313452
UCI Electricity,lightgbm_quantile__c80__h6,0.8,6.0,2014-12,11,0.25,0.0,rolling_user_norm,0.0747359564003111,0.0595250987233489,rolling_global_norm,0.084791065652592,0.0713842533162174,2.153980502193893,0.0595250987233489,0.0774419183553619,0.0747359564003111,0.0,0.0248830075219852,0.0336542613585439,0.0,0.0184772780847698,0.0299018024226536
UCI Electricity,lightgbm_quantile__c80__h6,0.8,6.0,2014-12,11,0.25,0.01,rolling_user_norm,0.09627576142225,0.0814833662263993,rolling_global_norm,0.084791065652592,0.0713842533162174,2.153980502193893,0.0814833662263993,0.0993829081949806,0.09627576142225,0.0,0.0248961642870198,0.0342756433113234,0.0,0.0184905542501133,0.030540198444645
UCI Electricity,lightgbm_quantile__c80__h6,0.8,6.0,2014-12,11,0.5,0.0,rolling_user_norm,0.0780876594844047,0.0724794954383079,rolling_global_norm,0.084791065652592,0.0713842533162174,2.153980502193893,0.0724794954383079,0.083638650574652,0.0780876594844047,0.0,0.0168364451145807,0.0336485281933187,0.0,0.0125823072950466,0.031279128031919
UCI Electricity,lightgbm_quantile__c80__h6,0.8,6.0,2014-12,11,0.5,0.01,rolling_user_norm,0.0996274645063436,0.0944377629413583,rolling_global_norm,0.084791065652592,0.0713842533162174,2.153980502193893,0.0944377629413583,0.1055796404142707,0.0996274645063436,0.0,0.0168496018796154,0.0342699101460982,0.0,0.0125956084851891,0.0319113261930649
UCI Electricity,lightgbm_quantile__c80__h6,0.8,6.0,2014-12,11,0.75,0.0,rolling_user_norm,0.0814393625684983,0.0814393625684983,rolling_user_norm,0.084791065652592,0.0713842533162174,2.153980502193893,0.0854338921532669,0.0898353827939421,0.0814393625684983,0.0,0.0087898827071763,0.0336427950280935,0.0,0.0066850623375967,0.0320880857540021
UCI Electricity,lightgbm_quantile__c80__h6,0.8,6.0,2014-12,11,0.75,0.01,rolling_user_norm,0.1029791675904373,0.1029791675904373,rolling_user_norm,0.084791065652592,0.0713842533162174,2.153980502193893,0.1073921596563173,0.1117763726335608,0.1029791675904373,0.0,0.008803039472211,0.034264176980873,0.0,0.0066984395362255,0.0327014092701029
UCI Electricity,lightgbm_quantile__c80__h6,0.8,6.0,2014-12,11,1.0,0.0,rolling_user_norm,0.084791065652592,0.084791065652592,rolling_user_norm,0.084791065652592,0.0713842533162174,2.153980502193893,0.0983882888682259,0.0960321150132322,0.084791065652592,0.0,0.0007433202997719,0.0336370618628683,0.0,0.0005669393920013,0.0315180669426626
UCI Electricity,lightgbm_quantile__c80__h6,0.8,6.0,2014-12,11,1.0,0.01,rolling_user_norm,0.1063308706745309,0.1063308706745309,rolling_user_norm,0.084791065652592,0.0713842533162174,2.153980502193893,0.1203465563712762,0.1179731048528509,0.1063308706745309,0.0,0.0007564770648065,0.0342584438156477,0.0,0.0005818826287557,0.032115660038653
UCI Electricity,lightgbm_quantile__c90__h6,0.9,6.0,2014-01,0,0.0,0.0,rolling_global_norm,0.0194519722975007,0.0085582408335498,rolling_user_norm,0.0540092109132235,0.0194519722975007,2.4510209242375742,0.0194519722975007,0.0089604138050513,0.0085582408335498,0.0,0.0005240937198399,-0.0018184731234478,0.0,-0.0039203307854233,-0.0071679562411984
UCI Electricity,lightgbm_quantile__c90__h6,0.9,6.0,2014-01,0,0.0,0.01,rolling_global_norm,0.0439621815398764,0.0323523963521789,rolling_user_norm,0.0540092109132235,0.0194519722975007,2.4510209242375742,0.0439621815398764,0.0334728160070875,0.0323523963521789,0.0,0.0005373669413278,-0.0013153183103593,0.0,-0.0039009938489701,-0.0066394473234077
UCI Electricity,lightgbm_quantile__c90__h6,0.9,6.0,2014-01,0,0.25,0.0,rolling_global_norm,0.0280912819514314,0.0155305507028074,rolling_user_norm,0.0540092109132235,0.0194519722975007,2.4510209242375742,0.0280912819514314,0.0202089536713066,0.0155305507028074,0.0,0.000491985711376,0.0008618876049307,0.0,-0.002885238680466,-0.0038188064900674
UCI Electricity,lightgbm_quantile__c90__h6,0.9,6.0,2014-01,0,0.25,0.01,rolling_global_norm,0.0526014911938071,0.0393247062214365,rolling_user_norm,0.0540092109132235,0.0194519722975007,2.4510209242375742,0.0526014911938071,0.0447213558733429,0.0393247062214365,0.0,0.0005052589328639,0.0013650424180192,0.0,-0.0028659731296926,-0.0032912514760043
UCI Electricity,lightgbm_quantile__c90__h6,0.9,6.0,2014-01,0,0.5,0.0,rolling_global_norm,0.0367305916053621,0.022502860572065,rolling_user_norm,0.0540092109132235,0.0194519722975007,2.4510209242375742,0.0367305916053621,0.031457493537562,0.022502860572065,0.0,0.0004598777029121,0.0035422483333093,0.0,-0.0018507818618203,-0.0004933791603012
UCI Electricity,lightgbm_quantile__c90__h6,0.9,6.0,2014-01,0,0.5,0.01,rolling_user_norm,0.0462970160906941,0.0462970160906941,rolling_user_norm,0.0364474803105802,0.0085582408335498,2.3794155518629148,0.0612408008477378,0.0559698957395983,0.0462970160906941,0.0,0.0004731509244,0.0040454031463978,0.0,-0.0018316554353041,3.276556248351173e-05
UCI Electricity,lightgbm_quantile__c90__h6,0.9,6.0,2014-01,0,0.75,0.0,rolling_user_norm,0.0294751704413226,0.0294751704413226,rolling_user_norm,0.0364474803105802,0.0085582408335498,2.3794155518629148,0.0453699012592928,0.0427060334038174,0.0294751704413226,0.0,0.0004277696944481,0.0062226090616879,0.0,-0.0008185923222609,0.0027949063622398
UCI Electricity,lightgbm_quantile__c90__h6,0.9,6.0,2014-01,0,0.75,0.01,rolling_user_norm,0.0532693259599517,0.0532693259599517,rolling_user_norm,0.0364474803105802,0.0085582408335498,2.3794155518629148,0.0698801105016685,0.0672184356058537,0.0532693259599517,0.0,0.000441042915936,0.0067257638747764,0.0,-0.0007998546274673,0.003318871976793
UCI Electricity,lightgbm_quantile__c90__h6,0.9,6.0,2014-01,0,1.0,0.0,rolling_user_norm,0.0364474803105802,0.0364474803105802,rolling_user_norm,0.0364474803105802,0.0085582408335498,2.3794155518629148,0.0540092109132235,0.0539545732700728,0.0364474803105802,0.0,0.0003956616859842,0.0089029697900665,0.0,0.0001755331992549,0.0060224374092721
UCI Electricity,lightgbm_quantile__c90__h6,0.9,6.0,2014-01,0,1.0,0.01,rolling_user_norm,0.0602416358292093,0.0602416358292093,rolling_user_norm,0.0364474803105802,0.0085582408335498,2.3794155518629148,0.0785194201555992,0.0784669754721091,0.0602416358292093,0.0,0.0004089349074721,0.009406124603155,0.0,0.0001891880256153,0.0065429045798891
UCI Electricity,lightgbm_quantile__c90__h6,0.9,6.0,2014-02,1,0.0,0.0,rolling_user_norm,0.0159356725146199,0.0159356725146199,rolling_user_norm,0.0371806557290428,0.0159356725146199,2.3153486102470806,0.0212545879212545,0.0176623992413466,0.0159356725146199,0.0,0.0048226275565457,0.0037893731241684,0.0,6.257932056597058e-05,0.0006731097710906
UCI Electricity,lightgbm_quantile__c90__h6,0.9,6.0,2014-02,1,0.0,0.01,rolling_user_norm,0.0390891586170907,0.0390891586170907,rolling_user_norm,0.0371806557290428,0.0159356725146199,2.3153486102470806,0.0455306054084692,0.0419276899580655,0.0390891586170907,0.0,0.0048174383108861,0.0048114006352395,0.0,5.352700110586046e-05,0.0017354149890175
UCI Electricity,lightgbm_quantile__c90__h6,0.9,6.0,2014-02,1,0.25,0.0,rolling_user_norm,0.0212469183182256,0.0212469183182256,rolling_user_norm,0.0371806557290428,0.0159356725146199,2.3153486102470806,0.0303404944533976,0.0275929087367966,0.0212469183182256,0.0,0.0035835867126543,0.0081440418991706,0.0,3.811325227643693e-06,0.0056077788477927
UCI Electricity,lightgbm_quantile__c90__h6,0.9,6.0,2014-02,1,0.25,0.01,rolling_user_norm,0.0444004044206964,0.0444004044206964,rolling_user_norm,0.0371806557290428,0.0159356725146199,2.3153486102470806,0.0546165119406123,0.0518581994535156,0.0444004044206964,0.0,0.0035783974669947,0.0091660694102417,0.0,-5.338022329912789e-06,0.0066455606823542
UCI Electricity,lightgbm_quantile__c90__h6,0.9,6.0,2014-02,1,0.5,0.0,rolling_user_norm,0.0265581641218313,0.0265581641218313,rolling_user_norm,0.0371806557290428,0.0159356725146199,2.3153486102470806,0.0394264009855407,0.0375234182322467,0.0265581641218313,0.0,0.002344545868763,0.0124987106741728,0.0,-5.745020182272966e-05,0.0103546669562459
UCI Electricity,lightgbm_quantile__c90__h6,0.9,6.0,2014-02,1,0.5,0.01,rolling_user_norm,0.0497116502243021,0.0497116502243021,rolling_user_norm,0.0371806557290428,0.0159356725146199,2.3153486102470806,0.0637024184727554,0.0617887089489656,0.0497116502243021,0.0,0.0023393566231033,0.0135207381852439,0.0,-6.678756013856141e-05,0.0113557899139223
UCI Electricity,lightgbm_quantile__c90__h6,0.9,6.0,2014-02,1,0.75,0.0,rolling_user_norm,0.031869409925437,0.031869409925437,rolling_user_norm,0.0371806557290428,0.0159356725146199,2.3153486102470806,0.0485123075176838,0.0474539277276968,0.031869409925437,0.0,0.0011055050248716,0.016853379449175,0.0,-0.0001283665668685,0.0148030192658103
UCI Electricity,lightgbm_quantile__c90__h6,0.9,6.0,2014-02,1,0.75,0.01,rolling_user_norm,0.0550228960279079,0.0550228960279079,rolling_user_norm,0.0371806557290428,0.0159356725146199,2.3153486102470806,0.0727883250048985,0.0717192184444157,0.0550228960279079,0.0,0.001100315779212,0.0178754069602461,0.0,-0.0001382157249347,0.0157626367393778
UCI Electricity,lightgbm_quantile__c90__h6,0.9,6.0,2014-02,1,1.0,0.0,rolling_user_norm,0.0371806557290428,0.0371806557290428,rolling_user_norm,0.0371806557290428,0.0159356725146199,2.3153486102470806,0.0575982140498269,0.0573844372231468,0.0371806557290428,0.0,-0.0001335358190196,0.0212080482241772,0.0,-0.0004043748298887,0.0189159333672775
UCI Electricity,lightgbm_quantile__c90__h6,0.9,6.0,2014-02,1,1.0,0.01,rolling_user_norm,0.0603341418315136,0.0603341418315136,rolling_user_norm,0.0371806557290428,0.0159356725146199,2.3153486102470806,0.0818742315370416,0.0816497279398658,0.0603341418315136,0.0,-0.0001387250646793,0.0222300757352482,0.0,-0.0004152235747834,0.0198460968734659
UCI Electricity,lightgbm_quantile__c90__h6,0.9,6.0,2014-03,2,0.0,0.0,rolling_group_norm,0.0187523975696378,0.0187523975696378,rolling_group_norm,0.0540106016895946,0.0187523975696378,2.5345545230318223,0.0254423902686515,0.0187523975696378,0.0290371979062256,0.0,0.0072368791927391,0.006886813155839,0.0,0.0050639364071229,0.0050142947229085
UCI Electricity,lightgbm_quantile__c90__h6,0.9,6.0,2014-03,2,0.0,0.01,rolling_user_norm,0.053666140655962,0.044097942799956,rolling_group_norm,0.0459464829252398,0.0290371979062256,2.4628942749736407,0.0508190856576686,0.044097942799956,0.053666140655962,0.0,0.00725027682687,0.0081573914683167,0.0,0.0050790922931908,0.0063842524580483
UCI Electricity,lightgbm_quantile__c90__h6,0.9,6.0,2014-03,2,0.25,0.0,rolling_user_norm,0.0332645191609791,0.027566948599627,rolling_group_norm,0.0459464829252398,0.0290371979062256,2.4628942749736407,0.0329653668378165,0.027566948599627,0.0332645191609791,0.0,0.0056608379543458,0.012042422742176,0.0,0.0040305687141229,0.0110878680358914
UCI Electricity,lightgbm_quantile__c90__h6,0.9,6.0,2014-03,2,0.25,0.01,rolling_user_norm,0.0578934619107155,0.0529124938299452,rolling_group_norm,0.0459464829252398,0.0290371979062256,2.4628942749736407,0.0583420622268336,0.0529124938299452,0.0578934619107155,0.0,0.0056742355884766,0.0133130010546537,0.0,0.0040456602497518,0.012459655250498
UCI Electricity,lightgbm_quantile__c90__h6,0.9,6.0,2014-03,2,0.5,0.0,rolling_user_norm,0.0374918404157327,0.0363814996296162,rolling_group_norm,0.0459464829252398,0.0290371979062256,2.4628942749736407,0.0404883434069815,0.0363814996296162,0.0374918404157327,0.0,0.0040847967159525,0.017198032328513,0.0,0.0029941160083676,0.0167676360098927
UCI Electricity,lightgbm_quantile__c90__h6,0.9,6.0,2014-03,2,0.5,0.01,rolling_user_norm,0.0621207831654691,0.0617270448599344,rolling_group_norm,0.0459464829252398,0.0290371979062256,2.4628942749736407,0.0658650387959986,0.0617270448599344,0.0621207831654691,0.0,0.0040981943500833,0.0184686106409907,0.0,0.003009074451843,0.018042473255432
UCI Electricity,lightgbm_quantile__c90__h6,0.9,6.0,2014-03,2,0.75,0.0,rolling_user_norm,0.0417191616704862,0.0417191616704862,rolling_user_norm,0.0459464829252398,0.0290371979062256,2.4628942749736407,0.0480113199761465,0.0451960506596054,0.0417191616704862,0.0,0.0025087554775591,0.02235364191485,0.0,0.0019456389883634,0.0212010256764429
UCI Electricity,lightgbm_quantile__c90__h6,0.9,6.0,2014-03,2,0.75,0.01,rolling_user_norm,0.0663481044202226,0.0663481044202226,rolling_user_norm,0.0459464829252398,0.0290371979062256,2.4628942749736407,0.0733880153651636,0.0705415958899236,0.0663481044202226,0.0,0.00252215311169,0.0236242202273277,0.0,0.0019601781693581,0.0223977602893609
UCI Electricity,lightgbm_quantile__c90__h6,0.9,6.0,2014-03,2,1.0,0.0,rolling_user_norm,0.0459464829252398,0.0459464829252398,rolling_user_norm,0.0459464829252398,0.0290371979062256,2.4628942749736407,0.0555342965453114,0.0540106016895946,0.0459464829252398,0.0,0.0009327142391658,0.0275092515011869,0.0,0.0007319030862484,0.0254257390118643
UCI Electricity,lightgbm_quantile__c90__h6,0.9,6.0,2014-03,2,1.0,0.01,rolling_user_norm,0.0705754256749762,0.0705754256749762,rolling_user_norm,0.0459464829252398,0.0290371979062256,2.4628942749736407,0.0809109919343285,0.0793561469199128,0.0705754256749762,0.0,0.0009461118732967,0.0287798298136647,0.0,0.0007432358444009,0.0266127968684444
UCI Electricity,lightgbm_quantile__c90__h6,0.9,6.0,2014-04,3,0.0,0.0,rolling_group_norm,0.0049203892083149,0.0049203892083149,rolling_group_norm,0.0494621602306611,0.0049203892083149,2.321309957671069,0.0315541031227305,0.0049203892083149,0.0168214654282765,0.0,0.0180229901025182,0.0199158156680386,0.0,0.0151180511094642,0.0141788161637004
UCI Electricity,lightgbm_quantile__c90__h6,0.9,6.0,2014-04,3,0.0,0.01,rolling_user_norm,0.0392569272152623,0.0281334887850256,rolling_group_norm,0.0430889951288433,0.0168214654282765,2.2435461786985766,0.0548023311729986,0.0281334887850256,0.0392569272152623,0.0,0.0180645509166723,0.0208598606937517,0.0,0.0151724889484212,0.0152140629112453
UCI Electricity,lightgbm_quantile__c90__h6,0.9,6.0,2014-04,3,0.25,0.0,rolling_user_norm,0.0233883478534182,0.0160558319639015,rolling_group_norm,0.0430889951288433,0.0168214654282765,2.2435461786985766,0.0360949332486334,0.0160558319639015,0.0233883478534182,0.0,0.0137875144197411,0.0193456530045783,0.0,0.0117422578532856,0.0156980973488043
UCI Electricity,lightgbm_quantile__c90__h6,0.9,6.0,2014-04,3,0.25,0.01,rolling_user_norm,0.045823809640404,0.0392689315406121,rolling_group_norm,0.0430889951288433,0.0168214654282765,2.2435461786985766,0.0593431612989014,0.0392689315406121,0.045823809640404,0.0,0.0138290752338952,0.0202896980302913,0.0,0.0117966966204085,0.0167295459673523
UCI Electricity,lightgbm_quantile__c90__h6,0.9,6.0,2014-04,3,0.5,0.0,rolling_user_norm,0.0299552302785599,0.027191274719488,rolling_group_norm,0.0430889951288433,0.0168214654282765,2.2435461786985766,0.0406357633745362,0.027191274719488,0.0299552302785599,0.0,0.0095520387369641,0.0187754903411179,0.0,0.0083658402152953,0.0170892369129562
UCI Electricity,lightgbm_quantile__c90__h6,0.9,6.0,2014-04,3,0.5,0.01,rolling_user_norm,0.0523906920655457,0.0504043742961987,rolling_group_norm,0.0430889951288433,0.0168214654282765,2.2435461786985766,0.0638839914248043,0.0504043742961987,0.0523906920655457,0.0,0.0095935995511181,0.019719535366831,0.0,0.0084202744172243,0.0181003929288813
UCI Electricity,lightgbm_quantile__c90__h6,0.9,6.0,2014-04,3,0.75,0.0,rolling_user_norm,0.0365221127037016,0.0365221127037016,rolling_user_norm,0.0430889951288433,0.0168214654282765,2.2435461786985766,0.0451765935004391,0.0383267174750746,0.0365221127037016,0.0,0.005316563054187,0.0182053276776576,0.0,0.0049839249867562,0.0169685866381386
UCI Electricity,lightgbm_quantile__c90__h6,0.9,6.0,2014-04,3,0.75,0.01,rolling_user_norm,0.0589575744906874,0.0589575744906874,rolling_user_norm,0.0430889951288433,0.0168214654282765,2.2435461786985766,0.0684248215507072,0.0615398170517853,0.0589575744906874,0.0,0.0053581238683411,0.0191493727033706,0.0,0.0050381089436715,0.0178394676799754
UCI Electricity,lightgbm_quantile__c90__h6,0.9,6.0,2014-04,3,1.0,0.0,rolling_user_norm,0.0430889951288433,0.0430889951288433,rolling_user_norm,0.0430889951288433,0.0168214654282765,2.2435461786985766,0.049717423626342,0.0494621602306611,0.0430889951288433,0.0,0.0010810873714099,0.0176351650141972,0.0,0.0005390376726604,0.0145752801166072
UCI Electricity,lightgbm_quantile__c90__h6,0.9,6.0,2014-04,3,1.0,0.01,rolling_user_norm,0.065524456915829,0.065524456915829,rolling_user_norm,0.0430889951288433,0.0168214654282765,2.2435461786985766,0.0729656516766101,0.0726752598073718,0.065524456915829,0.0,0.001122648185564,0.0185792100399103,0.0,0.0005679267463614,0.0154236800497045
UCI Electricity,lightgbm_quantile__c90__h6,0.9,6.0,2014-05,4,0.0,0.0,rolling_group_norm,0.0086896517113319,0.0066822242296497,rolling_user_norm,0.0532597811315356,0.0086896517113319,2.2841136406356606,0.0257251831777576,0.0086896517113319,0.0066822242296497,0.0,0.0141688384032972,0.0113293046797613,0.0,0.0104218607611602,0.0041345790078287
UCI Electricity,lightgbm_quantile__c90__h6,0.9,6.0,2014-05,4,0.0,0.01,rolling_group_norm,0.0315307881176885,0.0286089068452341,rolling_user_norm,0.0532597811315356,0.0086896517113319,2.2841136406356606,0.0486051191584616,0.0315307881176885,0.0286089068452341,0.0,0.0141937418722612,0.0123412481883829,0.0,0.0104564820212232,0.0052099388901629
UCI Electricity,lightgbm_quantile__c90__h6,0.9,6.0,2014-05,4,0.25,0.0,rolling_group_norm,0.0198321840663828,0.0147115883019371,rolling_user_norm,0.0532597811315356,0.0086896517113319,2.2841136406356606,0.0327412544449653,0.0198321840663828,0.0147115883019371,0.0,0.010433161875135,0.0121526306533763,0.0,0.007556679555793,0.0075039751398998
UCI Electricity,lightgbm_quantile__c90__h6,0.9,6.0,2014-05,4,0.25,0.01,rolling_user_norm,0.0366382709175215,0.0366382709175215,rolling_user_norm,0.0387996805187993,0.0066822242296497,2.1926682615584427,0.0556211904256693,0.0426733204727394,0.0366382709175215,0.0,0.010458065344099,0.0131645741619979,0.0,0.0075909240658226,0.0085720985483099
UCI Electricity,lightgbm_quantile__c90__h6,0.9,6.0,2014-05,4,0.5,0.0,rolling_user_norm,0.0227409523742245,0.0227409523742245,rolling_user_norm,0.0387996805187993,0.0066822242296497,2.1926682615584427,0.0397573257121731,0.0309747164214338,0.0227409523742245,0.0,0.0066974853469728,0.0129759566269913,0.0,0.0046878838915177,0.010638653043557
UCI Electricity,lightgbm_quantile__c90__h6,0.9,6.0,2014-05,4,0.5,0.01,rolling_user_norm,0.0446676349898089,0.0446676349898089,rolling_user_norm,0.0387996805187993,0.0066822242296497,2.1926682615584427,0.0626372616928771,0.0538158528277904,0.0446676349898089,0.0,0.0067223888159368,0.013987900135613,0.0,0.004721407701963,0.0116785362432588
UCI Electricity,lightgbm_quantile__c90__h6,0.9,6.0,2014-05,4,0.75,0.0,rolling_user_norm,0.0307703164465119,0.0307703164465119,rolling_user_norm,0.0387996805187993,0.0066822242296497,2.1926682615584427,0.0467733969793808,0.0421172487764847,0.0307703164465119,0.0,0.0029618088188106,0.0137992826006064,0.0,0.0018073029160473,0.0119763598461146
UCI Electricity,lightgbm_quantile__c90__h6,0.9,6.0,2014-05,4,0.75,0.01,rolling_user_norm,0.0526969990620963,0.0526969990620963,rolling_user_norm,0.0387996805187993,0.0066822242296497,2.1926682615584427,0.0696533329600849,0.0649583851828413,0.0526969990620963,0.0,0.0029867122877746,0.014811226109228,0.0,0.0018389361245654,0.012918460861806
UCI Electricity,lightgbm_quantile__c90__h6,0.9,6.0,2014-05,4,1.0,0.0,rolling_user_norm,0.0387996805187993,0.0387996805187993,rolling_user_norm,0.0387996805187993,0.0066822242296497,2.1926682615584427,0.0537894682465886,0.0532597811315356,0.0387996805187993,0.0,-0.0007738677093515,0.0146226085742214,0.0,-0.0011704886149173,0.0107251509328733
UCI Electricity,lightgbm_quantile__c90__h6,0.9,6.0,2014-05,4,1.0,0.01,rolling_user_norm,0.0607263631343837,0.0607263631343837,rolling_user_norm,0.0387996805187993,0.0066822242296497,2.1926682615584427,0.0766694042272926,0.0761009175378922,0.0607263631343837,0.0,-0.0007489642403875,0.0156345520828431,0.0,-0.0011500792072624,0.0116547244049232
UCI Electricity,lightgbm_quantile__c90__h6,0.9,6.0,2014-06,5,0.0,0.0,rolling_group_norm,0.01265664160401,0.0069512015332448,rolling_user_norm,0.0541224114279142,0.01265664160401,2.460624427851652,0.0300125313283208,0.01265664160401,0.0069512015332448,0.0,0.0138600480780845,0.0095991076965201,0.0,0.010817240724605,0.0059601760793124
UCI Electricity,lightgbm_quantile__c90__h6,0.9,6.0,2014-06,5,0.0,0.01,rolling_group_norm,0.0372628858825265,0.0304216457948411,rolling_user_norm,0.0541224114279142,0.01265664160401,2.460624427851652,0.0546660829500903,0.0372628858825265,0.0304216457948411,0.0,0.013905187560598,0.0106551959100526,0.0,0.0108632818088581,0.0069816004486898
UCI Electricity,lightgbm_quantile__c90__h6,0.9,6.0,2014-06,5,0.25,0.0,rolling_user_norm,0.014050638390871,0.014050638390871,rolling_user_norm,0.0353489489637497,0.0069512015332448,2.347044426159632,0.0361656821240612,0.023023084059986,0.014050638390871,0.0,0.0105787569076068,0.0116443425258695,0.0,0.0083369030288033,0.0087142396434237
UCI Electricity,lightgbm_quantile__c90__h6,0.9,6.0,2014-06,5,0.25,0.01,rolling_user_norm,0.0375210826524673,0.0375210826524673,rolling_user_norm,0.0353489489637497,0.0069512015332448,2.347044426159632,0.0608192337458308,0.0476293283385026,0.0375210826524673,0.0,0.0106238963901203,0.012700430739402,0.0,0.0083829242401571,0.0097212889787005
UCI Electricity,lightgbm_quantile__c90__h6,0.9,6.0,2014-06,5,0.5,0.0,rolling_user_norm,0.0211500752484972,0.0211500752484972,rolling_user_norm,0.0353489489637497,0.0069512015332448,2.347044426159632,0.0423188329198016,0.0333895265159621,0.0211500752484972,0.0,0.0072974657371291,0.013689577355219,0.0,0.0058564144358946,0.0111698031224117
UCI Electricity,lightgbm_quantile__c90__h6,0.9,6.0,2014-06,5,0.5,0.01,rolling_user_norm,0.0446205195100935,0.0446205195100935,rolling_user_norm,0.0353489489637497,0.0069512015332448,2.347044426159632,0.0669723845415712,0.0579957707944786,0.0446205195100935,0.0,0.0073426052196426,0.0147456655687515,0.0,0.0059023935800841,0.0121619962124743
UCI Electricity,lightgbm_quantile__c90__h6,0.9,6.0,2014-06,5,0.75,0.0,rolling_user_norm,0.0282495121061234,0.0282495121061234,rolling_user_norm,0.0353489489637497,0.0069512015332448,2.347044426159632,0.048471983715542,0.0437559689719382,0.0282495121061234,0.0,0.0040161745666514,0.0157348121845685,0.0,0.0033752091174738,0.0131788189994209
UCI Electricity,lightgbm_quantile__c90__h6,0.9,6.0,2014-06,5,0.75,0.01,rolling_user_norm,0.0517199563677198,0.0517199563677198,rolling_user_norm,0.0353489489637497,0.0069512015332448,2.347044426159632,0.0731255353373116,0.0683622132504547,0.0517199563677198,0.0,0.0040613140491649,0.016790900398101,0.0,0.0034210400672674,0.0141649741328805
UCI Electricity,lightgbm_quantile__c90__h6,0.9,6.0,2014-06,5,1.0,0.0,rolling_user_norm,0.0353489489637497,0.0353489489637497,rolling_user_norm,0.0353489489637497,0.0069512015332448,2.347044426159632,0.0546251345112825,0.0541224114279142,0.0353489489637497,0.0,0.0007348833961737,0.0177800470139179,0.0,0.000565968101853,0.0147572966378001
UCI Electricity,lightgbm_quantile__c90__h6,0.9,6.0,2014-06,5,1.0,0.01,rolling_user_norm,0.058819393225346,0.058819393225346,rolling_user_norm,0.0353489489637497,0.0069512015332448,2.347044426159632,0.079278686133052,0.0787286557064307,0.058819393225346,0.0,0.0007800228786872,0.0188361352274504,0.0,0.0006092019419252,0.0157481407563119
UCI Electricity,lightgbm_quantile__c90__h6,0.9,6.0,2014-07,6,0.0,0.0,rolling_group_norm,0.0209600521931145,0.0208220415537488,rolling_user_norm,0.058829443133141,0.0209600521931145,2.631149635549658,0.0416880616174583,0.0209600521931145,0.0208220415537488,0.0,0.0158512481737067,0.0123424762438821,0.0,0.0116020009802783,0.0051394490832815
UCI Electricity,lightgbm_quantile__c90__h6,0.9,6.0,2014-07,6,0.0,0.01,rolling_group_norm,0.0472715485486111,0.0458871744156333,rolling_user_norm,0.058829443133141,0.0209600521931145,2.631149635549658,0.0680847282077806,0.0472715485486111,0.0458871744156333,0.0,0.0158964348899618,0.0136591076028159,0.0,0.0116516359895334,0.0063084810118293
UCI Electricity,lightgbm_quantile__c90__h6,0.9,6.0,2014-07,6,0.25,0.0,rolling_group_norm,0.0304273999281211,0.0260496884660928,rolling_user_norm,0.058829443133141,0.0209600521931145,2.631149635549658,0.046385474166904,0.0304273999281211,0.0260496884660928,0.0,0.011915710603119,0.0139682132551548,0.0,0.0086189787052578,0.0073188886909446
UCI Electricity,lightgbm_quantile__c90__h6,0.9,6.0,2014-07,6,0.25,0.01,rolling_group_norm,0.0567388962836177,0.0511148213279773,rolling_user_norm,0.058829443133141,0.0209600521931145,2.631149635549658,0.0727821407572264,0.0567388962836177,0.0511148213279773,0.0,0.0119608973193741,0.0152848446140886,0.0,0.008668584996624,0.008485430696186
UCI Electricity,lightgbm_quantile__c90__h6,0.9,6.0,2014-07,6,0.5,0.0,rolling_user_norm,0.0312773353784368,0.0312773353784368,rolling_user_norm,0.0417326292031248,0.0208220415537488,2.506513286188446,0.0510828867163498,0.0398947476631278,0.0312773353784368,0.0,0.0079801730325313,0.0155939502664274,0.0,0.0056354401348262,0.0094600854409628
UCI Electricity,lightgbm_quantile__c90__h6,0.9,6.0,2014-07,6,0.5,0.01,rolling_user_norm,0.0563424682403213,0.0563424682403213,rolling_user_norm,0.0417326292031248,0.0208220415537488,2.506513286188446,0.0774795533066721,0.0662062440186243,0.0563424682403213,0.0,0.0080253597487864,0.0169105816253612,0.0,0.005684993363864,0.0106246281076505
UCI Electricity,lightgbm_quantile__c90__h6,0.9,6.0,2014-07,6,0.75,0.0,rolling_user_norm,0.0365049822907808,0.0365049822907808,rolling_user_norm,0.0417326292031248,0.0208220415537488,2.506513286188446,0.0557802992657955,0.0493620953981343,0.0365049822907808,0.0,0.0040446354619436,0.0172196872777,0.0,0.0026503273265322,0.0115525943821373
UCI Electricity,lightgbm_quantile__c90__h6,0.9,6.0,2014-07,6,0.75,0.01,rolling_user_norm,0.0615701151526653,0.0615701151526653,rolling_user_norm,0.0417326292031248,0.0208220415537488,2.506513286188446,0.0821769658561179,0.0756735917536309,0.0615701151526653,0.0,0.0040898221781987,0.0185363186366338,0.0,0.002699749928096,0.0127160731710479
UCI Electricity,lightgbm_quantile__c90__h6,0.9,6.0,2014-07,6,1.0,0.0,rolling_user_norm,0.0417326292031248,0.0417326292031248,rolling_user_norm,0.0417326292031248,0.0208220415537488,2.506513286188446,0.0604777118152413,0.058829443133141,0.0417326292031248,0.0,0.0001090978913559,0.0188454242889726,0.0,-0.0003463246059549,0.0135834427487345
UCI Electricity,lightgbm_quantile__c90__h6,0.9,6.0,2014-07,6,1.0,0.01,rolling_user_norm,0.0667977620650093,0.0667977620650093,rolling_user_norm,0.0417326292031248,0.0208220415537488,2.506513286188446,0.0868743784055636,0.0851409394886375,0.0667977620650093,0.0,0.000154284607611,0.0201620556479064,0.0,-0.0002976872554795,0.0147474303990521
UCI Electricity,lightgbm_quantile__c90__h6,0.9,6.0,2014-08,7,0.0,0.0,rolling_user_norm,0.0086501218893467,0.0064969333903864,rolling_group_norm,0.0376989803622376,0.0086501218893467,2.4629381097656973,0.0394380259592069,0.0064969333903864,0.0086501218893467,0.0,0.0198957275015713,0.0200837742504408,0.0,0.0132412168231542,0.0143600890296521
UCI Electricity,lightgbm_quantile__c90__h6,0.9,6.0,2014-08,7,0.0,0.01,rolling_user_norm,0.0332795029870037,0.032385041123986,rolling_group_norm,0.0376989803622376,0.0086501218893467,2.4629381097656973,0.0654298887001959,0.032385041123986,0.0332795029870037,0.0,0.0199770829523264,0.0216492708744325,0.0,0.0133181208232484,0.015864915686308
UCI Electricity,lightgbm_quantile__c90__h6,0.9,6.0,2014-08,7,0.25,0.0,rolling_user_norm,0.0159123365075694,0.0159123365075694,rolling_user_norm,0.0376989803622376,0.0086501218893467,2.4629381097656973,0.0448644432230709,0.0196927137121347,0.0159123365075694,0.0,0.0149435424725221,0.0210499775015903,0.0,0.009936859782392,0.0161382786058164
UCI Electricity,lightgbm_quantile__c90__h6,0.9,6.0,2014-08,7,0.25,0.01,rolling_user_norm,0.0405417176052264,0.0405417176052264,rolling_user_norm,0.0376989803622376,0.0086501218893467,2.4629381097656973,0.0708563059640599,0.0455808214457343,0.0405417176052264,0.0,0.0150248979232772,0.022615474125582,0.0,0.0100137672407266,0.0176431079135691
UCI Electricity,lightgbm_quantile__c90__h6,0.9,6.0,2014-08,7,0.5,0.0,rolling_user_norm,0.0231745511257922,0.0231745511257922,rolling_user_norm,0.0376989803622376,0.0086501218893467,2.4629381097656973,0.0502908604869348,0.032888494033883,0.0231745511257922,0.0,0.0099913574434729,0.0220161807527398,0.0,0.0066324869013515,0.0179163877729196
UCI Electricity,lightgbm_quantile__c90__h6,0.9,6.0,2014-08,7,0.5,0.01,rolling_user_norm,0.0478039322234491,0.0478039322234491,rolling_user_norm,0.0376989803622376,0.0086501218893467,2.4629381097656973,0.0762827232279238,0.0587766017674826,0.0478039322234491,0.0,0.010072712894228,0.0235816773767315,0.0,0.006709401227536,0.019421221939052
UCI Electricity,lightgbm_quantile__c90__h6,0.9,6.0,2014-08,7,0.75,0.0,rolling_user_norm,0.0304367657440149,0.0304367657440149,rolling_user_norm,0.0376989803622376,0.0086501218893467,2.4629381097656973,0.0557172777507988,0.0460842743556313,0.0304367657440149,0.0,0.0050391724144237,0.0229823840038893,0.0,0.0033280524167572,0.0196943569646783
UCI Electricity,lightgbm_quantile__c90__h6,0.9,6.0,2014-08,7,0.75,0.01,rolling_user_norm,0.0550661468416718,0.0550661468416718,rolling_user_norm,0.0376989803622376,0.0086501218893467,2.4629381097656973,0.0817091404917877,0.0719723820892309,0.0550661468416718,0.0,0.0051205278651787,0.024547880627881,0.0,0.0034049869634182,0.0211992008805731
UCI Electricity,lightgbm_quantile__c90__h6,0.9,6.0,2014-08,7,1.0,0.0,rolling_user_norm,0.0376989803622376,0.0376989803622376,rolling_user_norm,0.0376989803622376,0.0086501218893467,2.4629381097656973,0.0611436950146627,0.0592800546773796,0.0376989803622376,0.0,8.698738537448365e-05,0.0239485872550388,0.0,1.892460039945865e-05,0.021472048532881
UCI Electricity,lightgbm_quantile__c90__h6,0.9,6.0,2014-08,7,1.0,0.01,rolling_user_norm,0.0623283614598946,0.0623283614598946,rolling_user_norm,0.0376989803622376,0.0086501218893467,2.4629381097656973,0.0871355577556517,0.0851681624109792,0.0623283614598946,0.0,0.0001683428361295,0.0255140838790305,0.0,9.709416932181056e-05,0.0229769150731156
UCI Electricity,lightgbm_quantile__c90__h6,0.9,6.0,2014-09,8,0.0,0.0,rolling_group_norm,0.0095583438854993,0.0095583438854993,rolling_group_norm,0.0613155819512555,0.0095583438854993,2.484300731260896,0.0433547103051746,0.0095583438854993,0.0097629919547727,0.0,0.0270545190135833,0.01790548903122,0.0,0.0224485550133322,0.0159241025006546
UCI Electricity,lightgbm_quantile__c90__h6,0.9,6.0,2014-09,8,0.0,0.01,rolling_group_norm,0.0344013511981083,0.0331411723714252,rolling_user_norm,0.0613155819512555,0.0095583438854993,2.484300731260896,0.068263270193345,0.0344013511981083,0.0331411723714252,0.0,0.0271668286665218,0.0194446990198133,0.0,0.0225640179603201,0.0174528786282119
UCI Electricity,lightgbm_quantile__c90__h6,0.9,6.0,2014-09,8,0.25,0.0,rolling_user_norm,0.0156230276226506,0.0156230276226506,rolling_user_norm,0.0332031346262845,0.0097629919547727,2.337818041665253,0.0475230252619646,0.0224976534019384,0.0156230276226506,0.0,0.0205097396302475,0.0208279175693932,0.0,0.0169714340359996,0.0191694146971115
UCI Electricity,lightgbm_quantile__c90__h6,0.9,6.0,2014-09,8,0.25,0.01,rolling_user_norm,0.0390012080393031,0.0390012080393031,rolling_user_norm,0.0332031346262845,0.0097629919547727,2.337818041665253,0.0724315851501349,0.0473406607145473,0.0390012080393031,0.0,0.0206220492831861,0.0223671275579865,0.0,0.0170857993499127,0.0206990427377288
UCI Electricity,lightgbm_quantile__c90__h6,0.9,6.0,2014-09,8,0.5,0.0,rolling_user_norm,0.0214830632905286,0.0214830632905286,rolling_user_norm,0.0332031346262845,0.0097629919547727,2.337818041665253,0.0516913402187545,0.0354369629183774,0.0214830632905286,0.0,0.0139649602469117,0.0237503461075664,0.0,0.0114822224107858,0.0223882592823972
UCI Electricity,lightgbm_quantile__c90__h6,0.9,6.0,2014-09,8,0.5,0.01,rolling_user_norm,0.0448612437071811,0.0448612437071811,rolling_user_norm,0.0332031346262845,0.0097629919547727,2.337818041665253,0.0765999001069249,0.0602799702309864,0.0448612437071811,0.0,0.0140772698998503,0.0252895560961597,0.0,0.0115945416904012,0.0239193097639911
UCI Electricity,lightgbm_quantile__c90__h6,0.9,6.0,2014-09,8,0.75,0.0,rolling_user_norm,0.0273430989584065,0.0273430989584065,rolling_user_norm,0.0332031346262845,0.0097629919547727,2.337818041665253,0.0558596551755445,0.0483762724348165,0.0273430989584065,0.0,0.0074201808635759,0.0266727746457396,0.0,0.0059545593484694,0.0255592941522848
UCI Electricity,lightgbm_quantile__c90__h6,0.9,6.0,2014-09,8,0.75,0.01,rolling_user_norm,0.050721279375059,0.050721279375059,rolling_user_norm,0.0332031346262845,0.0097629919547727,2.337818041665253,0.0807682150637148,0.0732192797474254,0.050721279375059,0.0,0.0075324905165145,0.0282119846343329,0.0,0.0060619485377257,0.0270928096693963
UCI Electricity,lightgbm_quantile__c90__h6,0.9,6.0,2014-09,8,1.0,0.0,rolling_user_norm,0.0332031346262845,0.0332031346262845,rolling_user_norm,0.0332031346262845,0.0097629919547727,2.337818041665253,0.0600279701323344,0.0613155819512555,0.0332031346262845,0.0,0.0008754014802401,0.0295952031839128,0.0,0.0001885359430911,0.0286442527922616
UCI Electricity,lightgbm_quantile__c90__h6,0.9,6.0,2014-09,8,1.0,0.01,rolling_user_norm,0.056581315042937,0.056581315042937,rolling_user_norm,0.0332031346262845,0.0097629919547727,2.337818041665253,0.0849365300205048,0.0861585892638645,0.056581315042937,0.0,0.0009877111331787,0.0311344131725061,0.0,0.0002800907273584,0.0301818168563614
UCI Electricity,lightgbm_quantile__c90__h6,0.9,6.0,2014-10,9,0.0,0.0,rolling_group_norm,0.0391741548994437,0.0230278056205219,rolling_global_norm,0.0665667294502857,0.0391741548994437,2.455246922295807,0.0230278056205219,0.0391741548994437,0.0520146911995436,0.0,0.0336557718497155,0.0331557823401731,0.0,0.0313226130778642,0.0299435289006853
UCI Electricity,lightgbm_quantile__c90__h6,0.9,6.0,2014-10,9,0.0,0.01,rolling_user_norm,0.0753423316307851,0.0475977316869706,rolling_global_norm,0.0506506846593392,0.0520146911995436,2.3327640431241576,0.0475977316869706,0.0637266241224018,0.0753423316307851,0.0,0.0337335364739469,0.034757167557446,0.0,0.0313824669303405,0.0316051072713642
UCI Electricity,lightgbm_quantile__c90__h6,0.9,6.0,2014-10,9,0.25,0.0,rolling_user_norm,0.0516736895644925,0.0333036745509262,rolling_global_norm,0.0506506846593392,0.0520146911995436,2.3327640431241576,0.0333036745509262,0.0460222985371542,0.0516736895644925,0.0,0.0252064084385597,0.0310462140534587,0.0,0.0231522280805714,0.028868955301793
UCI Electricity,lightgbm_quantile__c90__h6,0.9,6.0,2014-10,9,0.25,0.01,rolling_user_norm,0.0750013299957341,0.0578736006173749,rolling_global_norm,0.0506506846593392,0.0520146911995436,2.3327640431241576,0.0578736006173749,0.0705747677601123,0.0750013299957341,0.0,0.0252841730627911,0.0326475992707316,0.0,0.0232117449632101,0.0305244766319851
UCI Electricity,lightgbm_quantile__c90__h6,0.9,6.0,2014-10,9,0.5,0.0,rolling_user_norm,0.0513326879294414,0.0435795434813304,rolling_global_norm,0.0506506846593392,0.0520146911995436,2.3327640431241576,0.0435795434813304,0.0528704421748647,0.0513326879294414,0.0,0.0167570450274039,0.0289366457667443,0.0,0.0149801967850734,0.0276639777463647
UCI Electricity,lightgbm_quantile__c90__h6,0.9,6.0,2014-10,9,0.5,0.01,rolling_user_norm,0.074660328360683,0.0681494695477791,rolling_global_norm,0.0506506846593392,0.0520146911995436,2.3327640431241576,0.0681494695477791,0.0774229113978228,0.074660328360683,0.0,0.0168348096516353,0.0305380309840173,0.0,0.0150392890859934,0.0292982083606513
UCI Electricity,lightgbm_quantile__c90__h6,0.9,6.0,2014-10,9,0.75,0.0,rolling_user_norm,0.0509916862943903,0.0509916862943903,rolling_user_norm,0.0506506846593392,0.0520146911995436,2.3327640431241576,0.0538554124117347,0.0597185858125752,0.0509916862943903,0.0,0.0083076816162481,0.0268270774800299,0.0,0.0068056070328629,0.0258491936348434
UCI Electricity,lightgbm_quantile__c90__h6,0.9,6.0,2014-10,9,0.75,0.01,rolling_user_norm,0.0743193267256319,0.0743193267256319,rolling_user_norm,0.0506506846593392,0.0520146911995436,2.3327640431241576,0.0784253384781833,0.0842710550355333,0.0743193267256319,0.0,0.0083854462404795,0.0284284626973029,0.0,0.0068641521794895,0.0274165263149894
UCI Electricity,lightgbm_quantile__c90__h6,0.9,6.0,2014-10,9,1.0,0.0,rolling_user_norm,0.0506506846593392,0.0506506846593392,rolling_user_norm,0.0506506846593392,0.0520146911995436,2.3327640431241576,0.0641312813421389,0.0665667294502857,0.0506506846593392,0.0,-0.0001416817949076,0.0247175091933156,0.0,-0.0013732548039009,0.0230591442016915
UCI Electricity,lightgbm_quantile__c90__h6,0.9,6.0,2014-10,9,1.0,0.01,rolling_user_norm,0.0739783250905808,0.0739783250905808,rolling_user_norm,0.0506506846593392,0.0520146911995436,2.3327640431241576,0.0887012074085876,0.0911191986732437,0.0739783250905808,0.0,-6.39171706762522e-05,0.0263188944105885,0.0,-0.0013154293691841,0.0245960435602602
UCI Electricity,lightgbm_quantile__c90__h6,0.9,6.0,2014-11,10,0.0,0.0,rolling_global_norm,0.0230465870558749,0.0038367978770456,rolling_group_norm,0.0645253702654082,0.0230465870558749,2.333591768601746,0.0230465870558749,0.0038367978770456,0.0185426802299867,0.0,0.0055828625343165,0.001020128114977,0.0,-0.0040144545019554,-0.0088324995869025
UCI Electricity,lightgbm_quantile__c90__h6,0.9,6.0,2014-11,10,0.0,0.01,rolling_global_norm,0.0463825047418923,0.0271416736585068,rolling_group_norm,0.0645253702654082,0.0230465870558749,2.333591768601746,0.0463825047418923,0.0271416736585068,0.041084744751366,0.0,0.0056304568373833,0.0026892242967917,0.0,-0.0039770935650972,-0.0070991678717521
UCI Electricity,lightgbm_quantile__c90__h6,0.9,6.0,2014-11,10,0.25,0.0,rolling_global_norm,0.0334162828582582,0.0190099677778196,rolling_group_norm,0.0645253702654082,0.0230465870558749,2.333591768601746,0.0334162828582582,0.0190099677778196,0.0277358481592976,0.0,0.0043102093221869,0.0075330201424633,0.0,-0.0030331478901495,-0.0001123024709065
UCI Electricity,lightgbm_quantile__c90__h6,0.9,6.0,2014-11,10,0.25,0.01,rolling_user_norm,0.050277912680677,0.0423148435592808,rolling_group_norm,0.0553153519472305,0.0185426802299867,2.2542064521379346,0.0567522005442757,0.0423148435592808,0.050277912680677,0.0,0.0043578036252537,0.0092021163242779,0.0,-0.0029960204554594,0.001616926511008
UCI Electricity,lightgbm_quantile__c90__h6,0.9,6.0,2014-11,10,0.5,0.0,rolling_user_norm,0.0369290160886086,0.0341831376785936,rolling_group_norm,0.0553153519472305,0.0185426802299867,2.2542064521379346,0.0437859786606415,0.0341831376785936,0.0369290160886086,0.0,0.0030375561100572,0.0140459121699495,0.0,-0.0020548538272639,0.0085362315130862
UCI Electricity,lightgbm_quantile__c90__h6,0.9,6.0,2014-11,10,0.5,0.01,rolling_user_norm,0.0594710806099879,0.0574880134600548,rolling_group_norm,0.0553153519472305,0.0185426802299867,2.2542064521379346,0.067121896346659,0.0574880134600548,0.0594710806099879,0.0,0.0030851504131241,0.0157150083517641,0.0,-0.0020181598314569,0.0102573050244562
UCI Electricity,lightgbm_quantile__c90__h6,0.9,6.0,2014-11,10,0.75,0.0,rolling_user_norm,0.0461221840179195,0.0461221840179195,rolling_user_norm,0.0553153519472305,0.0185426802299867,2.2542064521379346,0.0541556744630248,0.0493563075793676,0.0461221840179195,0.0,0.0017649028979276,0.0205588041974357,0.0,-0.0010867151971157,0.016982333609527
UCI Electricity,lightgbm_quantile__c90__h6,0.9,6.0,2014-11,10,0.75,0.01,rolling_user_norm,0.0686642485392989,0.0686642485392989,rolling_user_norm,0.0553153519472305,0.0185426802299867,2.2542064521379346,0.0774915921490423,0.0726611833608288,0.0686642485392989,0.0,0.0018124972009944,0.0222279003792504,0.0,-0.0010510958677412,0.0186829201872133
UCI Electricity,lightgbm_quantile__c90__h6,0.9,6.0,2014-11,10,1.0,0.0,rolling_user_norm,0.0553153519472305,0.0553153519472305,rolling_user_norm,0.0553153519472305,0.0185426802299867,2.2542064521379346,0.0645253702654082,0.0645294774801416,0.0553153519472305,0.0,0.000492249685798,0.027071696224922,0.0,-0.0002303536069749,0.0246728130182628
UCI Electricity,lightgbm_quantile__c90__h6,0.9,6.0,2014-11,10,1.0,0.01,rolling_user_norm,0.0778574164686098,0.0778574164686098,rolling_user_norm,0.0553153519472305,0.0185426802299867,2.2542064521379346,0.0878612879514256,0.0878343532616028,0.0778574164686098,0.0,0.0005398439888648,0.0287407924067366,0.0,-0.0002003573639261,0.026316708793819
UCI Electricity,lightgbm_quantile__c90__h6,0.9,6.0,2014-12,11,0.0,0.0,rolling_group_norm,0.0400620453572957,0.0400620453572957,rolling_group_norm,0.0731381478037654,0.0400620453572957,2.789025617561156,0.0501064211555357,0.0400620453572957,0.0549634331959758,0.0,0.0181748845095996,0.0062262136823539,0.0,0.0159881029810887,0.002717116326245
UCI Electricity,lightgbm_quantile__c90__h6,0.9,6.0,2014-12,11,0.0,0.01,rolling_group_norm,0.0679523015329073,0.0679523015329073,rolling_group_norm,0.0731381478037654,0.0400620453572957,2.789025617561156,0.0780693817302612,0.0679523015329073,0.0823031015198066,0.0,0.0182076123210536,0.007361572545529,0.0,0.016022370239701,0.0038881116842585
UCI Electricity,lightgbm_quantile__c90__h6,0.9,6.0,2014-12,11,0.25,0.0,rolling_group_norm,0.0483310709689131,0.0483310709689131,rolling_group_norm,0.0731381478037654,0.0400620453572957,2.789025617561156,0.056460052139689,0.0483310709689131,0.0595445634687737,0.0,0.0137396066862075,0.010372425238724,0.0,0.0120779625818723,0.0080666510327051
UCI Electricity,lightgbm_quantile__c90__h6,0.9,6.0,2014-12,11,0.25,0.01,rolling_group_norm,0.0762213271445247,0.0762213271445247,rolling_group_norm,0.0731381478037654,0.0400620453572957,2.789025617561156,0.0844230127144145,0.0762213271445247,0.0868842317926045,0.0,0.0137723344976615,0.011507784101899,0.0,0.0121122546293093,0.0092347329084228
UCI Electricity,lightgbm_quantile__c90__h6,0.9,6.0,2014-12,11,0.5,0.0,rolling_user_norm,0.0641256937415716,0.0566000965805305,rolling_group_norm,0.0732879542871675,0.0549634331959758,2.7339668323830817,0.0628136831238423,0.0566000965805305,0.0641256937415716,0.0,0.0093043288628154,0.014518636795094,0.0,0.0081677406732005,0.0132349353408552
UCI Electricity,lightgbm_quantile__c90__h6,0.9,6.0,2014-12,11,0.5,0.01,rolling_user_norm,0.0914653620654025,0.0844903527561421,rolling_group_norm,0.0732879542871675,0.0549634331959758,2.7339668323830817,0.0907766436985678,0.0844903527561421,0.0914653620654025,0.0,0.0093370566742694,0.0156539956582691,0.0,0.0082020803345309,0.0143902482936699
UCI Electricity,lightgbm_quantile__c90__h6,0.9,6.0,2014-12,11,0.75,0.0,rolling_user_norm,0.0687068240143696,0.064869122192148,rolling_group_norm,0.0732879542871675,0.0549634331959758,2.7339668323830817,0.0691673141079955,0.064869122192148,0.0687068240143696,0.0,0.0048690510394233,0.018664848351464,0.0,0.004257227369289,0.0175213237745224
UCI Electricity,lightgbm_quantile__c90__h6,0.9,6.0,2014-12,11,0.75,0.01,rolling_user_norm,0.0960464923382004,0.0927593783677595,rolling_group_norm,0.0732879542871675,0.0549634331959758,2.7339668323830817,0.097130274682721,0.0927593783677595,0.0960464923382004,0.0,0.0049017788508773,0.0198002072146391,0.0,0.0042916958061295,0.0186358115023143
UCI Electricity,lightgbm_quantile__c90__h6,0.9,6.0,2014-12,11,1.0,0.0,rolling_user_norm,0.0732879542871675,0.0731381478037654,rolling_group_norm,0.0732879542871675,0.0549634331959758,2.7339668323830817,0.0755209450921488,0.0731381478037654,0.0732879542871675,0.0,0.0004337732160312,0.022811059907834,0.0,0.0003413199783087,0.0207384114107401
UCI Electricity,lightgbm_quantile__c90__h6,0.9,6.0,2014-12,11,1.0,0.01,rolling_user_norm,0.1006276226109983,0.1006276226109983,rolling_user_norm,0.0732879542871675,0.0549634331959758,2.7339668323830817,0.1034839056668743,0.1010284039793769,0.1006276226109983,0.0,0.0004665010274852,0.0239464187710091,0.0,0.0003773087717922,0.0218385663928262
