alignment,flip_probability,replicate,realized_flip_rate,strict_gcr,material_gcr_0_5pp,mean_pareto_conflict_margin,user_tci
0.0,0.0,0,0.0,0.0,0.0,0.0,0.27537917766542896
0.0,0.0,1,0.0,0.041666666666666664,0.0,0.0009424603174605917,0.3063733185210233
0.0,0.0,2,0.0,0.0,0.0,0.0,0.3653367622721483
0.0,0.0,3,0.0,0.0,0.0,0.0,0.26350913320367614
0.0,0.0,4,0.0,0.08333333333333333,0.0,0.0017857142857141683,0.23263666718643317
0.0,0.0,5,0.0,0.041666666666666664,0.041666666666666664,0.0050595238095236805,0.2614142979531479
0.0,0.0,6,0.0,0.0,0.0,0.0,0.28431533484657234
0.0,0.0,7,0.0,0.0,0.0,0.0,0.2887456854777005
0.0,0.0,8,0.0,0.0,0.0,0.0,0.2833019477781836
0.0,0.0,9,0.0,0.0,0.0,0.0,0.2572483831253662
0.0,0.0,10,0.0,0.0,0.0,0.0,0.27181511816863163
0.0,0.0,11,0.0,0.041666666666666664,0.0,0.0012400793650793052,0.26310780273826945
0.0,0.0,12,0.0,0.0,0.0,0.0,0.27971366828741223
0.0,0.0,13,0.0,0.041666666666666664,0.0,0.000694444444444664,0.3084611753599247
0.0,0.0,14,0.0,0.0,0.0,0.0,0.2872211190281511
0.0,0.0,15,0.0,0.041666666666666664,0.0,0.0018353174603178424,0.28379009354932616
0.0,0.0,16,0.0,0.041666666666666664,0.0,0.00024801587301592765,0.25330814900606713
0.0,0.0,17,0.0,0.0,0.0,0.0,0.2832613313864446
0.0,0.0,18,0.0,0.0,0.0,0.0,0.2775057945615921
0.0,0.0,19,0.0,0.0,0.0,0.0,0.29011262536509363
0.0,0.0,20,0.0,0.041666666666666664,0.0,0.0019345238095239692,0.2607960317595448
0.0,0.0,21,0.0,0.08333333333333333,0.0,0.0025049603174601698,0.28557090531537505
0.0,0.0,22,0.0,0.0,0.0,0.0,0.27184339172754696
0.0,0.0,23,0.0,0.0,0.0,0.0,0.24452307709240192
0.0,0.0,24,0.0,0.041666666666666664,0.0,0.0005456349206353073,0.2543895359595651
0.0,0.0,25,0.0,0.0,0.0,0.0,0.279064555529409
0.0,0.0,26,0.0,0.0,0.0,0.0,0.25449740607163357
0.0,0.0,27,0.0,0.0,0.0,0.0,0.27892159886932755
0.0,0.0,28,0.0,0.0,0.0,0.0,0.26019574519243943
0.0,0.0,29,0.0,0.041666666666666664,0.0,0.002182539682539786,0.29429510105165374
0.0,0.0,30,0.0,0.041666666666666664,0.0,1.1102230246251565e-16,0.31434086359736907
0.0,0.0,31,0.0,0.0,0.0,0.0,0.30047074489831693
0.0,0.0,32,0.0,0.041666666666666664,0.0,0.0004464285714287364,0.26387877414725996
0.0,0.0,33,0.0,0.0,0.0,0.0,0.26155421626068126
0.0,0.0,34,0.0,0.0,0.0,0.0,0.2904186956618413
0.0,0.0,35,0.0,0.0,0.0,0.0,0.2635959311286273
0.0,0.0,36,0.0,0.0,0.0,0.0,0.28099327856609413
0.0,0.0,37,0.0,0.08333333333333333,0.0,0.001438492063492114,0.28711780773636436
0.0,0.0,38,0.0,0.0,0.0,0.0,0.29961754701351806
0.0,0.0,39,0.0,0.0,0.0,0.0,0.28641139050123116
0.0,0.0,40,0.0,0.0,0.0,0.0,0.2677844256887414
0.0,0.0,41,0.0,0.041666666666666664,0.0,0.0024305555555558245,0.26423989193268776
0.0,0.0,42,0.0,0.0,0.0,0.0,0.25319913731128685
0.0,0.0,43,0.0,0.041666666666666664,0.0,0.0002976190476192686,0.3247184358009702
0.0,0.0,44,0.0,0.08333333333333333,0.0,0.001066468253968167,0.28272863055903086
0.0,0.0,45,0.0,0.08333333333333333,0.0,0.001711309523809601,0.2963553390101658
0.0,0.0,46,0.0,0.0,0.0,0.0,0.2502494081611745
0.0,0.0,47,0.0,0.041666666666666664,0.0,0.0015873015873015817,0.2757783977502084
0.0,0.0,48,0.0,0.0,0.0,0.0,0.33161390616167347
0.0,0.0,49,0.0,0.0,0.0,0.0,0.2855687358998618
0.0,0.0,50,0.0,0.125,0.0,0.0017857142857142794,0.26955634936999495
0.0,0.0,51,0.0,0.0,0.0,0.0,0.2418889789347754
0.0,0.0,52,0.0,0.041666666666666664,0.0,0.004513888888888928,0.2704039846896993
0.0,0.0,53,0.0,0.0,0.0,0.0,0.2720718358786132
0.0,0.0,54,0.0,0.0,0.0,0.0,0.2941536420356741
0.0,0.0,55,0.0,0.0,0.0,0.0,0.22558530727970974
0.0,0.0,56,0.0,0.041666666666666664,0.0,0.0017857142857142794,0.28596947691351804
0.0,0.0,57,0.0,0.041666666666666664,0.0,0.000694444444444331,0.23743200050801178
0.0,0.0,58,0.0,0.041666666666666664,0.0,0.0008928571428572507,0.23606571454640146
0.0,0.0,59,0.0,0.0,0.0,0.0,0.28527285707911304
0.0,0.0,60,0.0,0.0,0.0,0.0,0.27183987327497144
0.0,0.0,61,0.0,0.041666666666666664,0.0,0.0010416666666668295,0.2833987221163547
0.0,0.0,62,0.0,0.041666666666666664,0.0,0.0005456349206349742,0.24445188284518832
0.0,0.0,63,0.0,0.0,0.0,0.0,0.30079784067002757
0.0,0.0,64,0.0,0.041666666666666664,0.0,0.0022321428571429047,0.2709715331849158
0.0,0.0,65,0.0,0.0,0.0,0.0,0.2969278968085471
0.0,0.0,66,0.0,0.0,0.0,0.0,0.29566597288501983
0.0,0.0,67,0.0,0.041666666666666664,0.0,0.0009920634920632665,0.2971380182406997
0.0,0.0,68,0.0,0.08333333333333333,0.0,0.0004960317460317998,0.2768158807173798
0.0,0.0,69,0.0,0.041666666666666664,0.0,0.0002480158730162607,0.28110811850711803
0.0,0.0,70,0.0,0.0,0.0,0.0,0.2648155466588775
0.0,0.0,71,0.0,0.0,0.0,0.0,0.2892977748993851
0.0,0.0,72,0.0,0.041666666666666664,0.0,0.001289682539682535,0.29986669163903173
0.0,0.0,73,0.0,0.0,0.0,0.0,0.26897281238746873
0.0,0.0,74,0.0,0.0,0.0,0.0,0.2688293448627214
0.0,0.0,75,0.0,0.08333333333333333,0.0,0.0015128968253969033,0.2698979703305587
0.0,0.0,76,0.0,0.041666666666666664,0.0,0.0007440476190475609,0.2678114541650249
0.0,0.0,77,0.0,0.0,0.0,0.0,0.2818230312729214
0.0,0.0,78,0.0,0.041666666666666664,0.0,0.0036706349206347966,0.30716462544657647
0.0,0.0,79,0.0,0.041666666666666664,0.0,9.920634920634885e-05,0.2674780978947829
0.0,0.0,80,0.0,0.041666666666666664,0.0,0.0012896825396827571,0.25361740290704676
0.0,0.0,81,0.0,0.125,0.041666666666666664,0.003373015873015935,0.26971831782253236
0.0,0.0,82,0.0,0.08333333333333333,0.0,4.960317460328545e-05,0.2762141726177014
0.0,0.0,83,0.0,0.0,0.0,0.0,0.28993631167075545
0.0,0.0,84,0.0,0.0,0.0,0.0,0.24894204641632173
0.0,0.0,85,0.0,0.125,0.0,0.0010582010582010914,0.27713904557355834
0.0,0.0,86,0.0,0.041666666666666664,0.0,0.0008928571428569176,0.2904746450750556
0.0,0.0,87,0.0,0.0,0.0,0.0,0.29861543927911993
0.0,0.0,88,0.0,0.0,0.0,0.0,0.28658223761953905
0.0,0.0,89,0.0,0.0,0.0,0.0,0.2699319574874881
0.0,0.0,90,0.0,0.08333333333333333,0.0,0.002281746031746079,0.2578301951543162
0.0,0.0,91,0.0,0.08333333333333333,0.0,0.000644841269841212,0.24927715148955512
0.0,0.0,92,0.0,0.0,0.0,0.0,0.3108650457481463
0.0,0.0,93,0.0,0.0,0.0,0.0,0.3043075802184547
0.0,0.0,94,0.0,0.0,0.0,0.0,0.2728737925817099
0.0,0.0,95,0.0,0.0,0.0,0.0,0.27198110163884226
0.0,0.0,96,0.0,0.041666666666666664,0.0,0.001339285714285765,0.25942048925456096
0.0,0.0,97,0.0,0.0,0.0,0.0,0.27289573676020173
0.0,0.0,98,0.0,0.041666666666666664,0.0,0.0011904761904762973,0.28808517829981434
0.0,0.0,99,0.0,0.0,0.0,0.0,0.2899911416045547
0.0,0.0,100,0.0,0.08333333333333333,0.0,0.0008184523809524058,0.29231108659680094
0.0,0.0,101,0.0,0.041666666666666664,0.0,0.00044642857142851433,0.3107803858632276
0.0,0.0,102,0.0,0.0,0.0,0.0,0.26870413798320597
0.0,0.0,103,0.0,0.041666666666666664,0.0,0.0011408730158731784,0.2946124119117982
0.0,0.0,104,0.0,0.041666666666666664,0.0,0.0015376984126986848,0.26155795516982333
0.0,0.0,105,0.0,0.041666666666666664,0.0,0.0025297619047618403,0.29717104144225887
0.0,0.0,106,0.0,0.041666666666666664,0.0,0.0010416666666664964,0.2864207069731508
0.0,0.0,107,0.0,0.0,0.0,0.0,0.28918222503503477
0.0,0.0,108,0.0,0.041666666666666664,0.0,0.0006944444444442199,0.21611429921858533
0.0,0.0,109,0.0,0.0,0.0,0.0,0.32177478197421927
0.0,0.0,110,0.0,0.041666666666666664,0.0,0.0005456349206348632,0.3017211178790586
0.0,0.0,111,0.0,0.0,0.0,0.0,0.231334970094853
0.0,0.0,112,0.0,0.041666666666666664,0.0,0.0037202380952381375,0.250515034744831
0.0,0.0,113,0.0,0.041666666666666664,0.0,0.0007440476190477829,0.2710827008476879
0.0,0.0,114,0.0,0.0,0.0,0.0,0.28266996100837755
0.0,0.0,115,0.0,0.041666666666666664,0.0,0.00039682539682550644,0.29378306659384434
0.0,0.0,116,0.0,0.0,0.0,0.0,0.29323619597573825
0.0,0.0,117,0.0,0.041666666666666664,0.0,4.9603174603118916e-05,0.2999081288917624
0.0,0.0,118,0.0,0.041666666666666664,0.0,0.00257936507936507,0.25879699167740183
0.0,0.0,119,0.0,0.041666666666666664,0.0,0.0007440476190474499,0.2811900245637005
0.0,0.0,120,0.0,0.041666666666666664,0.0,0.0023313492063491426,0.25322463688501157
0.0,0.0,121,0.0,0.0,0.0,0.0,0.29611219800718885
0.0,0.0,122,0.0,0.0,0.0,0.0,0.2971851596797797
0.0,0.0,123,0.0,0.0,0.0,0.0,0.3039282425019019
0.0,0.0,124,0.0,0.0,0.0,0.0,0.3108732494871112
0.0,0.0,125,0.0,0.041666666666666664,0.0,0.0014880952380951218,0.2710452150471759
0.0,0.0,126,0.0,0.0,0.0,0.0,0.30207053204810863
0.0,0.0,127,0.0,0.041666666666666664,0.0,0.0002976190476191576,0.2803872111255029
0.0,0.0,128,0.0,0.0,0.0,0.0,0.23585323656004759
0.0,0.0,129,0.0,0.0,0.0,0.0,0.24927194269072972
0.0,0.0,130,0.0,0.08333333333333333,0.0,0.0013640873015872135,0.31207255595889705
0.0,0.0,131,0.0,0.0,0.0,0.0,0.2814150304671632
0.0,0.0,132,0.0,0.041666666666666664,0.0,0.0002480158730158166,0.273076599444647
0.0,0.0,133,0.0,0.041666666666666664,0.0,0.0001488095238095788,0.2490505827645939
0.0,0.0,134,0.0,0.0,0.0,0.0,0.29708334041673046
0.0,0.0,135,0.0,0.041666666666666664,0.0,0.0005456349206351963,0.2861722565562579
0.0,0.0,136,0.0,0.041666666666666664,0.0,0.0032242063492066153,0.2652778473300282
0.0,0.0,137,0.0,0.041666666666666664,0.0,0.0005456349206348632,0.2684364810118246
0.0,0.0,138,0.0,0.0,0.0,0.0,0.24886348589839785
0.0,0.0,139,0.0,0.08333333333333333,0.0,0.0011656746031745158,0.2696402877697841
0.0,0.0,140,0.0,0.041666666666666664,0.0,0.002132936507936445,0.24303474452241716
0.0,0.0,141,0.0,0.041666666666666664,0.0,0.0002480158730161497,0.24735993117539531
0.0,0.0,142,0.0,0.0,0.0,0.0,0.272829851852268
0.0,0.0,143,0.0,0.0,0.0,0.0,0.32911407151969174
0.0,0.0,144,0.0,0.041666666666666664,0.0,0.000644841269841212,0.2332145506985883
0.0,0.0,145,0.0,0.08333333333333333,0.0,0.0008928571428571952,0.2639750883544523
0.0,0.0,146,0.0,0.041666666666666664,0.0,0.0029761904761904656,0.28725461204249236
0.0,0.0,147,0.0,0.041666666666666664,0.0,0.0005456349206348632,0.3003788168894599
0.0,0.0,148,0.0,0.041666666666666664,0.0,0.0005952380952380931,0.2843245707170373
0.0,0.0,149,0.0,0.08333333333333333,0.0,0.00037202380952383596,0.2743443622239235
0.0,0.0,150,0.0,0.0,0.0,0.0,0.2585158454315154
0.0,0.0,151,0.0,0.08333333333333333,0.0,0.0003968253968253399,0.2513544817289063
0.0,0.0,152,0.0,0.041666666666666664,0.0,0.0012896825396826461,0.28580846119616987
0.0,0.0,153,0.0,0.0,0.0,0.0,0.26204001649060626
0.0,0.0,154,0.0,0.041666666666666664,0.0,0.003273809523809512,0.29429923619071424
0.0,0.0,155,0.0,0.0,0.0,0.0,0.26581503945037827
0.0,0.0,156,0.0,0.0,0.0,0.0,0.27674248806515045
0.0,0.0,157,0.0,0.041666666666666664,0.0,0.0005952380952380931,0.27421130684882256
0.0,0.0,158,0.0,0.0,0.0,0.0,0.27947641720722666
0.0,0.0,159,0.0,0.08333333333333333,0.0,0.0011656746031746268,0.2696723069455576
0.0,0.0,160,0.0,0.0,0.0,0.0,0.30116240527597143
0.0,0.0,161,0.0,0.041666666666666664,0.0,0.0003472222222222765,0.2546518921179177
0.0,0.0,162,0.0,0.0,0.0,0.0,0.24193706073411048
0.0,0.0,163,0.0,0.041666666666666664,0.0,0.0023313492063492536,0.27809888657391857
0.0,0.0,164,0.0,0.0,0.0,0.0,0.2798820312323443
0.0,0.0,165,0.0,0.041666666666666664,0.0,0.0010912698412698374,0.2592047128129605
0.0,0.0,166,0.0,0.0,0.0,0.0,0.28388688786716915
0.0,0.0,167,0.0,0.0,0.0,0.0,0.24690986166889783
0.0,0.0,168,0.0,0.0,0.0,0.0,0.2840073052836559
0.0,0.0,169,0.0,0.041666666666666664,0.0,0.0011408730158730673,0.3047175599658238
0.0,0.0,170,0.0,0.0,0.0,0.0,0.25143644640250895
0.0,0.0,171,0.0,0.041666666666666664,0.0,0.0018353174603175093,0.298722783960758
0.0,0.0,172,0.0,0.041666666666666664,0.0,0.0005952380952380931,0.32415492452333694
0.0,0.0,173,0.0,0.041666666666666664,0.0,0.0007936507936506798,0.25799791310525483
0.0,0.0,174,0.0,0.041666666666666664,0.0,0.001438492063492225,0.25057849456565706
0.0,0.0,175,0.0,0.041666666666666664,0.041666666666666664,0.005009920634920673,0.2674919178801362
0.0,0.0,176,0.0,0.041666666666666664,0.0,0.0029761904761904656,0.24503102324114015
0.0,0.0,177,0.0,0.041666666666666664,0.0,0.0014880952380954549,0.29268487690102396
0.0,0.0,178,0.0,0.041666666666666664,0.0,0.001388888888888662,0.26295383622679724
0.0,0.0,179,0.0,0.0,0.0,0.0,0.2738014248472018
0.0,0.0,180,0.0,0.041666666666666664,0.0,0.0007440476190475609,0.27290944908633935
0.0,0.0,181,0.0,0.0,0.0,0.0,0.3203346103660099
0.0,0.0,182,0.0,0.0,0.0,0.0,0.27428844662402124
0.0,0.0,183,0.0,0.0,0.0,0.0,0.24959291200868458
0.0,0.0,184,0.0,0.041666666666666664,0.0,0.0005952380952382041,0.3042103932229107
0.0,0.0,185,0.0,0.0,0.0,0.0,0.31077058564509047
0.0,0.0,186,0.0,0.041666666666666664,0.0,0.0009920634920633775,0.27486508843108687
0.0,0.0,187,0.0,0.041666666666666664,0.0,0.0018353174603175093,0.26484265107427546
0.0,0.0,188,0.0,0.08333333333333333,0.0,0.000669642857142827,0.2830019722971597
0.0,0.0,189,0.0,0.041666666666666664,0.0,0.0007440476190476719,0.2576738175805162
0.0,0.0,190,0.0,0.0,0.0,0.0,0.2562150941531163
0.0,0.0,191,0.0,0.041666666666666664,0.0,0.0008432539682540208,0.2710654082943567
0.0,0.0,192,0.0,0.0,0.0,0.0,0.261108835025634
0.0,0.0,193,0.0,0.0,0.0,0.0,0.23616568612552366
0.0,0.0,194,0.0,0.0,0.0,0.0,0.3052491724793552
0.0,0.0,195,0.0,0.0,0.0,0.0,0.26156596965706297
0.0,0.0,196,0.0,0.041666666666666664,0.0,0.0009920634920637106,0.26102709260008083
0.0,0.0,197,0.0,0.0,0.0,0.0,0.29417891708377225
0.0,0.0,198,0.0,0.0,0.0,0.0,0.24416092740728074
0.0,0.0,199,0.0,0.0,0.0,0.0,0.25361745760770593
0.0,0.25,0,0.2608695652173913,0.0,0.0,0.0,0.7473711292238467
0.0,0.25,1,0.13043478260869565,0.041666666666666664,0.0,0.0005456349206346411,0.5245065885954108
0.0,0.25,2,0.2608695652173913,0.041666666666666664,0.0,0.0011408730158728453,0.8230502866172796
0.0,0.25,3,0.17391304347826086,0.0,0.0,0.0,0.513450415629211
0.0,0.25,4,0.17391304347826086,0.0,0.0,0.0,0.8507623444595389
0.0,0.25,5,0.21739130434782608,0.041666666666666664,0.0,0.0009424603174601476,0.816860154001273
0.0,0.25,6,0.21739130434782608,0.041666666666666664,0.0,0.0005456349206348632,0.5335113714679534
0.0,0.25,7,0.2608695652173913,0.041666666666666664,0.0,0.004017857142857073,0.8502581178626499
0.0,0.25,8,0.391304347826087,0.0,0.0,0.0,0.85589352153734
0.0,0.25,9,0.21739130434782608,0.08333333333333333,0.0,0.0008184523809522948,0.6781402689860132
0.0,0.25,10,0.13043478260869565,0.0,0.0,0.0,0.8454036788691556
0.0,0.25,11,0.2608695652173913,0.0,0.0,0.0,0.71905893429577
0.0,0.25,12,0.21739130434782608,0.0,0.0,0.0,0.561162174881917
0.0,0.25,13,0.30434782608695654,0.08333333333333333,0.0,0.0021081349206348854,0.8342398164084911
0.0,0.25,14,0.391304347826087,0.0,0.0,0.0,0.6628686170585352
0.0,0.25,15,0.21739130434782608,0.0,0.0,0.0,0.780409224199599
0.0,0.25,16,0.13043478260869565,0.041666666666666664,0.0,0.0011904761904760752,0.634602337815444
0.0,0.25,17,0.13043478260869565,0.041666666666666664,0.0,9.920634920645988e-05,0.4432876829948913
0.0,0.25,18,0.08695652173913043,0.0,0.0,0.0,0.668524954976657
0.0,0.25,19,0.13043478260869565,0.041666666666666664,0.0,0.0007936507936509019,0.8528071824710326
0.0,0.25,20,0.2608695652173913,0.0,0.0,0.0,0.626510676965016
0.0,0.25,21,0.17391304347826086,0.0,0.0,0.0,0.8451140949363901
0.0,0.25,22,0.4782608695652174,0.041666666666666664,0.0,0.0010912698412699484,0.8310994957776273
0.0,0.25,23,0.4782608695652174,0.041666666666666664,0.0,0.00014880952380935675,0.810421704119435
0.0,0.25,24,0.21739130434782608,0.0,0.0,0.0,0.5651279965656703
0.0,0.25,25,0.34782608695652173,0.125,0.0,0.0009093915343916237,0.6661361473920941
0.0,0.25,26,0.30434782608695654,0.0,0.0,0.0,0.6479747002820876
0.0,0.25,27,0.34782608695652173,0.0,0.0,0.0,0.6820811871752401
0.0,0.25,28,0.17391304347826086,0.041666666666666664,0.0,0.0002976190476191576,0.6718581566654689
0.0,0.25,29,0.391304347826087,0.08333333333333333,0.0,0.0012152777777775792,0.8350997738269058
0.0,0.25,30,0.391304347826087,0.0,0.0,0.0,0.8212801790522197
0.0,0.25,31,0.17391304347826086,0.0,0.0,0.0,0.5453730291740947
0.0,0.25,32,0.30434782608695654,0.08333333333333333,0.0,0.0015128968253965702,0.7938511467839952
0.0,0.25,33,0.13043478260869565,0.0,0.0,0.0,0.7805339322199895
0.0,0.25,34,0.391304347826087,0.08333333333333333,0.0,0.0026289682539683,0.7148847792903471
0.0,0.25,35,0.2608695652173913,0.041666666666666664,0.0,0.001388888888888773,0.8158240721634289
0.0,0.25,36,0.17391304347826086,0.08333333333333333,0.0,0.0012896825396825906,0.6701163717875087
0.0,0.25,37,0.34782608695652173,0.08333333333333333,0.0,0.0007936507936507353,0.6691855776984219
0.0,0.25,38,0.2608695652173913,0.0,0.0,0.0,0.7628481226744844
0.0,0.25,39,0.30434782608695654,0.041666666666666664,0.0,0.0003472222222222765,0.7677334305668526
0.0,0.25,40,0.2608695652173913,0.0,0.0,0.0,0.8443185038254463
0.0,0.25,41,0.391304347826087,0.0,0.0,0.0,0.8515693173821253
0.0,0.25,42,0.17391304347826086,0.08333333333333333,0.0,0.000992063492063433,0.8328809053029037
0.0,0.25,43,0.21739130434782608,0.0,0.0,0.0,0.8185347949442638
0.0,0.25,44,0.34782608695652173,0.0,0.0,0.0,0.7311766066823542
0.0,0.25,45,0.08695652173913043,0.16666666666666666,0.0,0.0016865079365079305,0.39815577903927646
0.0,0.25,46,0.13043478260869565,0.041666666666666664,0.0,0.004017857142857184,0.7231899078376964
0.0,0.25,47,0.21739130434782608,0.0,0.0,0.0,0.5157765803895412
0.0,0.25,48,0.2608695652173913,0.041666666666666664,0.0,0.0017857142857141683,0.6689591185850975
0.0,0.25,49,0.34782608695652173,0.0,0.0,0.0,0.7339474597584081
0.0,0.25,50,0.21739130434782608,0.041666666666666664,0.0,0.0010416666666666075,0.8466462106964929
0.0,0.25,51,0.17391304347826086,0.0,0.0,0.0,0.5580968188105119
0.0,0.25,52,0.17391304347826086,0.0,0.0,0.0,0.8256089121068024
0.0,0.25,53,0.21739130434782608,0.0,0.0,0.0,0.6727638090254777
0.0,0.25,54,0.2608695652173913,0.0,0.0,0.0,0.7276506349710516
0.0,0.25,55,0.391304347826087,0.041666666666666664,0.0,4.9603174603118916e-05,0.7216810781250846
0.0,0.25,56,0.13043478260869565,0.0,0.0,0.0,0.8475634098205802
0.0,0.25,57,0.21739130434782608,0.0,0.0,0.0,0.5825039753583385
0.0,0.25,58,0.17391304347826086,0.0,0.0,0.0,0.7237547508387112
0.0,0.25,59,0.34782608695652173,0.0,0.0,0.0,0.8434213248491694
0.0,0.25,60,0.34782608695652173,0.0,0.0,0.0,0.8116467846194471
0.0,0.25,61,0.30434782608695654,0.0,0.0,0.0,0.5671512233513113
0.0,0.25,62,0.30434782608695654,0.041666666666666664,0.0,0.004513888888889039,0.8616055967306228
0.0,0.25,63,0.13043478260869565,0.08333333333333333,0.0,0.0004960317460317443,0.8517024544962261
0.0,0.25,64,0.08695652173913043,0.041666666666666664,0.0,0.000644841269841101,0.700235107431845
0.0,0.25,65,0.2608695652173913,0.08333333333333333,0.0,0.0005456349206350852,0.7887680469528792
0.0,0.25,66,0.34782608695652173,0.041666666666666664,0.0,0.0002480158730157056,0.7994387926458002
0.0,0.25,67,0.34782608695652173,0.0,0.0,0.0,0.6153067073272528
0.0,0.25,68,0.17391304347826086,0.0,0.0,0.0,0.5834284358368833
0.0,0.25,69,0.2608695652173913,0.0,0.0,0.0,0.8101564548553449
0.0,0.25,70,0.43478260869565216,0.041666666666666664,0.0,0.0001488095238095788,0.7186005284811186
0.0,0.25,71,0.17391304347826086,0.041666666666666664,0.0,0.0004960317460318553,0.42208295113122696
0.0,0.25,72,0.17391304347826086,0.125,0.0,0.0008928571428570287,0.5464436809676596
0.0,0.25,73,0.2608695652173913,0.0,0.0,0.0,0.7485917294301552
0.0,0.25,74,0.34782608695652173,0.08333333333333333,0.0,0.0008432539682538542,0.8361289164802013
0.0,0.25,75,0.2608695652173913,0.041666666666666664,0.0,0.0003968253968252844,0.8627038953534188
0.0,0.25,76,0.21739130434782608,0.0,0.0,0.0,0.8448502282533925
0.0,0.25,77,0.21739130434782608,0.0,0.0,0.0,0.6193205029276928
0.0,0.25,78,0.21739130434782608,0.041666666666666664,0.0,0.001984126984126866,0.8137435327615543
0.0,0.25,79,0.30434782608695654,0.041666666666666664,0.0,0.0015376984126981297,0.6255028598802947
0.0,0.25,80,0.17391304347826086,0.041666666666666664,0.0,0.002132936507936556,0.7960346373406877
0.0,0.25,81,0.2608695652173913,0.08333333333333333,0.0,0.0005952380952380931,0.7266312927806496
0.0,0.25,82,0.17391304347826086,0.0,0.0,0.0,0.6653039913795976
0.0,0.25,83,0.17391304347826086,0.0,0.0,0.0,0.7822430281855786
0.0,0.25,84,0.21739130434782608,0.0,0.0,0.0,0.661666031820446
0.0,0.25,85,0.08695652173913043,0.0,0.0,0.0,0.5919653920566944
0.0,0.25,86,0.21739130434782608,0.0,0.0,0.0,0.827581985911888
0.0,0.25,87,0.2608695652173913,0.0,0.0,0.0,0.5295018899997765
0.0,0.25,88,0.2608695652173913,0.08333333333333333,0.0,0.0004712301587301848,0.8443737071810029
0.0,0.25,89,0.13043478260869565,0.041666666666666664,0.0,0.00019841269841258669,0.8648780281212943
0.0,0.25,90,0.2608695652173913,0.0,0.0,0.0,0.8012297734627833
0.0,0.25,91,0.30434782608695654,0.041666666666666664,0.0,0.0009920634920633775,0.6201345466253196
0.0,0.25,92,0.13043478260869565,0.0,0.0,0.0,0.8482158323228823
0.0,0.25,93,0.17391304347826086,0.0,0.0,0.0,0.8138141742593706
0.0,0.25,94,0.2608695652173913,0.041666666666666664,0.0,0.0011408730158730673,0.7364720566596241
0.0,0.25,95,0.30434782608695654,0.0,0.0,0.0,0.6697869593285991
0.0,0.25,96,0.30434782608695654,0.0,0.0,0.0,0.7876903703120695
0.0,0.25,97,0.2608695652173913,0.0,0.0,0.0,0.8582335512079282
0.0,0.25,98,0.5217391304347826,0.0,0.0,0.0,0.7845911063518011
0.0,0.25,99,0.30434782608695654,0.041666666666666664,0.0,0.0010416666666666075,0.7124844118054594
0.0,0.25,100,0.2608695652173913,0.0,0.0,0.0,0.5434273275618553
0.0,0.25,101,0.13043478260869565,0.041666666666666664,0.0,0.0007440476190477829,0.5549946458620163
0.0,0.25,102,0.17391304347826086,0.041666666666666664,0.0,0.0010912698412698374,0.668572861800853
0.0,0.25,103,0.2608695652173913,0.041666666666666664,0.0,0.0018849206349207392,0.7665301019212092
0.0,0.25,104,0.13043478260869565,0.0,0.0,0.0,0.8089668728348022
0.0,0.25,105,0.17391304347826086,0.0,0.0,0.0,0.7141875171844928
0.0,0.25,106,0.13043478260869565,0.041666666666666664,0.0,0.0038194444444444864,0.7161950579962184
0.0,0.25,107,0.13043478260869565,0.041666666666666664,0.0,0.002777777777777768,0.8611635664612428
0.0,0.25,108,0.2608695652173913,0.0,0.0,0.0,0.8541903709688943
0.0,0.25,109,0.2608695652173913,0.041666666666666664,0.0,0.0009424603174603696,0.7387354510519477
0.0,0.25,110,0.2608695652173913,0.0,0.0,0.0,0.5690358599957055
0.0,0.25,111,0.17391304347826086,0.0,0.0,0.0,0.6897261169302817
0.0,0.25,112,0.21739130434782608,0.0,0.0,0.0,0.8107579194795967
0.0,0.25,113,0.30434782608695654,0.0,0.0,0.0,0.7178637060141888
0.0,0.25,114,0.08695652173913043,0.0,0.0,0.0,0.4349568363444848
0.0,0.25,115,0.21739130434782608,0.041666666666666664,0.0,0.0007936507936510129,0.729376066755168
0.0,0.25,116,0.34782608695652173,0.0,0.0,0.0,0.8492844108296702
0.0,0.25,117,0.17391304347826086,0.08333333333333333,0.0,0.0005952380952382041,0.745340103319727
0.0,0.25,118,0.17391304347826086,0.041666666666666664,0.0,0.0019345238095237471,0.6715623526241324
0.0,0.25,119,0.08695652173913043,0.125,0.0,0.0004794973544973713,0.7301088530216097
0.0,0.25,120,0.13043478260869565,0.041666666666666664,0.0,0.0010416666666664964,0.791059280855199
0.0,0.25,121,0.21739130434782608,0.08333333333333333,0.0,0.001066468253968167,0.6732338836766626
0.0,0.25,122,0.17391304347826086,0.08333333333333333,0.0,0.0014880952380952328,0.7585895461890435
0.0,0.25,123,0.08695652173913043,0.0,0.0,0.0,0.5634099099358
0.0,0.25,124,0.08695652173913043,0.041666666666666664,0.0,0.0010416666666664964,0.3417769504529226
0.0,0.25,125,0.30434782608695654,0.0,0.0,0.0,0.7992776616289076
0.0,0.25,126,0.2608695652173913,0.0,0.0,0.0,0.6672333430906758
0.0,0.25,127,0.391304347826087,0.041666666666666664,0.0,4.960317460322994e-05,0.6674524311704132
0.0,0.25,128,0.30434782608695654,0.041666666666666664,0.0,0.0022321428571431268,0.6979388349111693
0.0,0.25,129,0.2608695652173913,0.041666666666666664,0.0,0.0014384920634920029,0.7924831606950813
0.0,0.25,130,0.2608695652173913,0.041666666666666664,0.0,9.920634920634885e-05,0.8465867005693438
0.0,0.25,131,0.17391304347826086,0.0,0.0,0.0,0.8398333761672236
0.0,0.25,132,0.21739130434782608,0.0,0.0,0.0,0.7082269274284793
0.0,0.25,133,0.21739130434782608,0.0,0.0,0.0,0.847614901709206
0.0,0.25,134,0.21739130434782608,0.0,0.0,0.0,0.6063162460354037
0.0,0.25,135,0.21739130434782608,0.0,0.0,0.0,0.730150781728148
0.0,0.25,136,0.30434782608695654,0.041666666666666664,0.0,0.00024801587301592765,0.6734172402417682
0.0,0.25,137,0.13043478260869565,0.0,0.0,0.0,0.5897473280473716
0.0,0.25,138,0.13043478260869565,0.0,0.0,0.0,0.842496325879467
0.0,0.25,139,0.34782608695652173,0.041666666666666664,0.0,0.0014384920634920029,0.7635892913670692
0.0,0.25,140,0.17391304347826086,0.0,0.0,0.0,0.49809831565100526
0.0,0.25,141,0.21739130434782608,0.0,0.0,0.0,0.8285978591251487
0.0,0.25,142,0.43478260869565216,0.0,0.0,0.0,0.8151692205930989
0.0,0.25,143,0.2608695652173913,0.0,0.0,0.0,0.8510009882190959
0.0,0.25,144,0.2608695652173913,0.041666666666666664,0.0,0.001438492063492114,0.8201206059714663
0.0,0.25,145,0.30434782608695654,0.08333333333333333,0.0,0.0004464285714287919,0.8482927927680537
0.0,0.25,146,0.391304347826087,0.041666666666666664,0.0,0.0003472222222221655,0.8574397475654209
0.0,0.25,147,0.21739130434782608,0.0,0.0,0.0,0.756453697744065
0.0,0.25,148,0.08695652173913043,0.041666666666666664,0.0,0.004861111111110872,0.8492292101538278
0.0,0.25,149,0.17391304347826086,0.041666666666666664,0.0,0.000694444444444442,0.8393123633460974
0.0,0.25,150,0.13043478260869565,0.0,0.0,0.0,0.5512768813491911
0.0,0.25,151,0.21739130434782608,0.041666666666666664,0.0,4.960317460322994e-05,0.7754436105453849
0.0,0.25,152,0.21739130434782608,0.041666666666666664,0.0,0.004067460317460303,0.6041551571158322
0.0,0.25,153,0.30434782608695654,0.041666666666666664,0.0,0.002728174603174427,0.8479419727689056
0.0,0.25,154,0.2608695652173913,0.0,0.0,0.0,0.7885476630149302
0.0,0.25,155,0.21739130434782608,0.0,0.0,0.0,0.5115681803086324
0.0,0.25,156,0.17391304347826086,0.0,0.0,0.0,0.8501077397938382
0.0,0.25,157,0.17391304347826086,0.0,0.0,0.0,0.7754812352859712
0.0,0.25,158,0.34782608695652173,0.0,0.0,0.0,0.8307855998822817
0.0,0.25,159,0.21739130434782608,0.0,0.0,0.0,0.8492782657533772
0.0,0.25,160,0.30434782608695654,0.0,0.0,0.0,0.8201345603223791
0.0,0.25,161,0.30434782608695654,0.0,0.0,0.0,0.7719052897871009
0.0,0.25,162,0.13043478260869565,0.08333333333333333,0.0,0.001760912698412831,0.8463766801399101
0.0,0.25,163,0.2608695652173913,0.0,0.0,0.0,0.6186937525673103
0.0,0.25,164,0.21739130434782608,0.08333333333333333,0.0,0.00141369047619061,0.5781425431313945
0.0,0.25,165,0.391304347826087,0.041666666666666664,0.0,9.92063492065709e-05,0.8182171636743236
0.0,0.25,166,0.17391304347826086,0.0,0.0,0.0,0.5689949472323197
0.0,0.25,167,0.13043478260869565,0.08333333333333333,0.0,0.0010416666666666075,0.8464305329700506
0.0,0.25,168,0.391304347826087,0.041666666666666664,0.0,0.002033730158730096,0.8228113963893203
0.0,0.25,169,0.34782608695652173,0.041666666666666664,0.0,9.920634920645988e-05,0.7707121386383967
0.0,0.25,170,0.34782608695652173,0.0,0.0,0.0,0.8090323573375537
0.0,0.25,171,0.2608695652173913,0.0,0.0,0.0,0.5625887636595549
0.0,0.25,172,0.13043478260869565,0.0,0.0,0.0,0.8517729892399852
0.0,0.25,173,0.043478260869565216,0.041666666666666664,0.0,0.0037202380952380265,0.8332979644743709
0.0,0.25,174,0.2608695652173913,0.041666666666666664,0.0,0.0022817460317460236,0.645295158436545
0.0,0.25,175,0.13043478260869565,0.041666666666666664,0.0,0.0030257936507938066,0.8158191595386993
0.0,0.25,176,0.17391304347826086,0.0,0.0,0.0,0.6637346400475589
0.0,0.25,177,0.043478260869565216,0.0,0.0,0.0,0.5193789828397302
0.0,0.25,178,0.17391304347826086,0.041666666666666664,0.0,0.0009424603174602586,0.4525617285687754
0.0,0.25,179,0.13043478260869565,0.0,0.0,0.0,0.6877146792187749
0.0,0.25,180,0.21739130434782608,0.0,0.0,0.0,0.7135122034514478
0.0,0.25,181,0.17391304347826086,0.08333333333333333,0.0,0.0002728174603175426,0.8277477436202868
0.0,0.25,182,0.2608695652173913,0.0,0.0,0.0,0.8566771464723205
0.0,0.25,183,0.30434782608695654,0.0,0.0,0.0,0.8241467901382543
0.0,0.25,184,0.30434782608695654,0.041666666666666664,0.0,0.0003968253968253954,0.713994366197183
0.0,0.25,185,0.08695652173913043,0.0,0.0,0.0,0.8561028848535113
0.0,0.25,186,0.34782608695652173,0.0,0.0,0.0,0.8165394250591119
0.0,0.25,187,0.34782608695652173,0.0,0.0,0.0,0.7124065570861338
0.0,0.25,188,0.21739130434782608,0.041666666666666664,0.0,0.0030753968253967034,0.7625354264998347
0.0,0.25,189,0.2608695652173913,0.041666666666666664,0.0,0.0014880952380952328,0.7751155374409524
0.0,0.25,190,0.30434782608695654,0.08333333333333333,0.0,0.00044642857142851433,0.8319617351729315
0.0,0.25,191,0.17391304347826086,0.0,0.0,0.0,0.5587678503036605
0.0,0.25,192,0.30434782608695654,0.0,0.0,0.0,0.6492801864025961
0.0,0.25,193,0.2608695652173913,0.125,0.0,0.0008267195767194998,0.6674499187872224
0.0,0.25,194,0.391304347826087,0.08333333333333333,0.0,0.0012400793650794162,0.8153243274525042
0.0,0.25,195,0.21739130434782608,0.041666666666666664,0.0,0.001438492063492114,0.7768792723203021
0.0,0.25,196,0.34782608695652173,0.08333333333333333,0.0,0.0012400793650794717,0.7812442713107243
0.0,0.25,197,0.30434782608695654,0.0,0.0,0.0,0.8379819287535919
0.0,0.25,198,0.2608695652173913,0.041666666666666664,0.0,0.0024305555555556024,0.7427939620053333
0.0,0.25,199,0.13043478260869565,0.0,0.0,0.0,0.6141892084485364
0.0,0.5,0,0.6086956521739131,0.0,0.0,0.0,0.8329248059941129
0.0,0.5,1,0.4782608695652174,0.041666666666666664,0.0,0.001339285714285654,0.8530241790167608
0.0,0.5,2,0.6956521739130435,0.125,0.0,0.0016699735449735205,0.7822653596481748
0.0,0.5,3,0.4782608695652174,0.0,0.0,0.0,0.8430204872202337
0.0,0.5,4,0.4782608695652174,0.0,0.0,0.0,0.8583156913504681
0.0,0.5,5,0.5217391304347826,0.041666666666666664,0.0,0.0014880952380953438,0.8189626044970517
0.0,0.5,6,0.43478260869565216,0.08333333333333333,0.0,0.0023561507936508685,0.8458084326608777
0.0,0.5,7,0.7391304347826086,0.041666666666666664,0.0,0.0009424603174600366,0.8145146992877181
0.0,0.5,8,0.5652173913043478,0.0,0.0,0.0,0.8450715512306813
0.0,0.5,9,0.4782608695652174,0.0,0.0,0.0,0.7252126457609415
0.0,0.5,10,0.34782608695652173,0.0,0.0,0.0,0.7718633586863273
0.0,0.5,11,0.5217391304347826,0.0,0.0,0.0,0.7721123829344434
0.0,0.5,12,0.4782608695652174,0.0,0.0,0.0,0.830604781374659
0.0,0.5,13,0.43478260869565216,0.0,0.0,0.0,0.7473077699937278
0.0,0.5,14,0.5652173913043478,0.0,0.0,0.0,0.8543435302429817
0.0,0.5,15,0.13043478260869565,0.0,0.0,0.0,0.6045864126031181
0.0,0.5,16,0.4782608695652174,0.0,0.0,0.0,0.8521487941136395
0.0,0.5,17,0.5652173913043478,0.0,0.0,0.0,0.8513770529700421
0.0,0.5,18,0.6086956521739131,0.041666666666666664,0.0,0.0022817460317460236,0.8110560965120256
0.0,0.5,19,0.30434782608695654,0.08333333333333333,0.0,0.0022073412698414008,0.8126371215445374
0.0,0.5,20,0.43478260869565216,0.0,0.0,0.0,0.6204465598724758
0.0,0.5,21,0.4782608695652174,0.08333333333333333,0.0,0.0015376984126985183,0.7868087200901858
0.0,0.5,22,0.5217391304347826,0.0,0.0,0.0,0.8455756484448576
0.0,0.5,23,0.43478260869565216,0.08333333333333333,0.0,0.0015128968253969588,0.8025811433141218
0.0,0.5,24,0.6521739130434783,0.041666666666666664,0.0,1.1102230246251565e-16,0.8682868417471766
0.0,0.5,25,0.4782608695652174,0.08333333333333333,0.0,0.0012400793650793052,0.8244972368089155
0.0,0.5,26,0.5652173913043478,0.08333333333333333,0.041666666666666664,0.0028769841269841723,0.7545639808661323
0.0,0.5,27,0.5217391304347826,0.0,0.0,0.0,0.7780341485925242
0.0,0.5,28,0.6521739130434783,0.0,0.0,0.0,0.858603432351741
0.0,0.5,29,0.391304347826087,0.0,0.0,0.0,0.8586434298717195
0.0,0.5,30,0.6521739130434783,0.0,0.0,0.0,0.80319324328233
0.0,0.5,31,0.6086956521739131,0.041666666666666664,0.0,0.0004960317460319663,0.8111500991652684
0.0,0.5,32,0.5652173913043478,0.0,0.0,0.0,0.8427002846685646
0.0,0.5,33,0.5652173913043478,0.0,0.0,0.0,0.8418339206818274
0.0,0.5,34,0.391304347826087,0.041666666666666664,0.0,4.960317460322994e-05,0.776886296364563
0.0,0.5,35,0.5652173913043478,0.08333333333333333,0.0,0.0007688492063492314,0.8568127433960492
0.0,0.5,36,0.391304347826087,0.0,0.0,0.0,0.6132444289996093
0.0,0.5,37,0.30434782608695654,0.08333333333333333,0.0,0.0009424603174604251,0.605711200229483
0.0,0.5,38,0.34782608695652173,0.0,0.0,0.0,0.8480967155000304
0.0,0.5,39,0.391304347826087,0.08333333333333333,0.0,0.001066468253968389,0.7133884440223609
0.0,0.5,40,0.5652173913043478,0.041666666666666664,0.0,0.0009920634920633775,0.8542001280424112
0.0,0.5,41,0.43478260869565216,0.08333333333333333,0.0,0.0033482142857145236,0.718988787317297
0.0,0.5,42,0.5652173913043478,0.041666666666666664,0.0,0.002132936507936445,0.8565844972938936
0.0,0.5,43,0.4782608695652174,0.041666666666666664,0.0,0.0006448412698414341,0.8047438944115319
0.0,0.5,44,0.5217391304347826,0.041666666666666664,0.041666666666666664,0.005853174603174804,0.8610445068621407
0.0,0.5,45,0.5652173913043478,0.041666666666666664,0.0,0.0003472222222221655,0.8419360502117763
0.0,0.5,46,0.5652173913043478,0.041666666666666664,0.0,9.920634920634885e-05,0.8235086071122657
0.0,0.5,47,0.34782608695652173,0.041666666666666664,0.0,0.0003472222222221655,0.8506032705785352
0.0,0.5,48,0.5217391304347826,0.0,0.0,0.0,0.7823599438531655
0.0,0.5,49,0.5217391304347826,0.08333333333333333,0.0,0.0008928571428571397,0.8155750415879549
0.0,0.5,50,0.6086956521739131,0.08333333333333333,0.0,7.44047619047894e-05,0.8621426259574926
0.0,0.5,51,0.5652173913043478,0.041666666666666664,0.0,0.00014880952380935675,0.8141844965040678
0.0,0.5,52,0.6086956521739131,0.041666666666666664,0.0,0.0007440476190474499,0.8428655171269616
0.0,0.5,53,0.391304347826087,0.0,0.0,0.0,0.7647620801583829
0.0,0.5,54,0.391304347826087,0.0,0.0,0.0,0.8430777560942593
0.0,0.5,55,0.5217391304347826,0.041666666666666664,0.0,9.920634920634885e-05,0.7660191524691217
0.0,0.5,56,0.6086956521739131,0.0,0.0,0.0,0.8427196266504605
0.0,0.5,57,0.6521739130434783,0.041666666666666664,0.041666666666666664,0.005456349206349409,0.8453418478075605
0.0,0.5,58,0.43478260869565216,0.041666666666666664,0.0,9.920634920645988e-05,0.8439890238105526
0.0,0.5,59,0.6086956521739131,0.0,0.0,0.0,0.8541330846240518
0.0,0.5,60,0.34782608695652173,0.041666666666666664,0.0,0.0002976190476191576,0.8649909081185154
0.0,0.5,61,0.30434782608695654,0.0,0.0,0.0,0.7271390557704441
0.0,0.5,62,0.34782608695652173,0.0,0.0,0.0,0.7201007461231129
0.0,0.5,63,0.5217391304347826,0.041666666666666664,0.0,0.0010912698412697264,0.8409319334268373
0.0,0.5,64,0.2608695652173913,0.0,0.0,0.0,0.6179818433810721
0.0,0.5,65,0.34782608695652173,0.041666666666666664,0.0,0.0014880952380951218,0.840185698174771
0.0,0.5,66,0.6956521739130435,0.041666666666666664,0.0,0.00034722222222205446,0.8100199990909505
0.0,0.5,67,0.43478260869565216,0.0,0.0,0.0,0.6132611164497248
0.0,0.5,68,0.6086956521739131,0.0,0.0,0.0,0.8620691560181424
0.0,0.5,69,0.4782608695652174,0.0,0.0,0.0,0.7961860389522443
0.0,0.5,70,0.43478260869565216,0.0,0.0,0.0,0.6877446944613907
0.0,0.5,71,0.5652173913043478,0.08333333333333333,0.0,0.002901785714285565,0.8395608789085277
0.0,0.5,72,0.391304347826087,0.0,0.0,0.0,0.8488467499316256
0.0,0.5,73,0.6521739130434783,0.0,0.0,0.0,0.8760641971216266
0.0,0.5,74,0.6086956521739131,0.041666666666666664,0.0,0.0004464285714284033,0.8444733145677532
0.0,0.5,75,0.34782608695652173,0.0,0.0,0.0,0.7637209452236553
0.0,0.5,76,0.5217391304347826,0.08333333333333333,0.0,0.0006200396825397636,0.8527210103329504
0.0,0.5,77,0.34782608695652173,0.041666666666666664,0.0,0.001339285714285765,0.7580620426762477
0.0,0.5,78,0.391304347826087,0.0,0.0,0.0,0.7790110998990918
0.0,0.5,79,0.43478260869565216,0.0,0.0,0.0,0.8496288203490492
0.0,0.5,80,0.43478260869565216,0.041666666666666664,0.0,0.003422619047619091,0.6998330005021666
0.0,0.5,81,0.5217391304347826,0.0,0.0,0.0,0.868737921807641
0.0,0.5,82,0.30434782608695654,0.0,0.0,0.0,0.8413249140970146
0.0,0.5,83,0.5652173913043478,0.08333333333333333,0.0,0.0003968253968254509,0.8431675727800224
0.0,0.5,84,0.5652173913043478,0.041666666666666664,0.0,0.0002480158730157056,0.7806715099601821
0.0,0.5,85,0.5652173913043478,0.0,0.0,0.0,0.7913958082708842
0.0,0.5,86,0.43478260869565216,0.0,0.0,0.0,0.7764973144517315
0.0,0.5,87,0.391304347826087,0.0,0.0,0.0,0.72871284914952
0.0,0.5,88,0.34782608695652173,0.041666666666666664,0.0,0.003918650793650724,0.5889525597797154
0.0,0.5,89,0.4782608695652174,0.0,0.0,0.0,0.8226435634582238
0.0,0.5,90,0.4782608695652174,0.0,0.0,0.0,0.6594644030981167
0.0,0.5,91,0.34782608695652173,0.041666666666666664,0.0,0.0005456349206349742,0.8245089403434752
0.0,0.5,92,0.5652173913043478,0.0,0.0,0.0,0.8487432675044885
0.0,0.5,93,0.2608695652173913,0.0,0.0,0.0,0.850817878585724
0.0,0.5,94,0.5652173913043478,0.0,0.0,0.0,0.8426086423399975
0.0,0.5,95,0.7391304347826086,0.0,0.0,0.0,0.7726878194618576
0.0,0.5,96,0.391304347826087,0.08333333333333333,0.0,0.002306547619047583,0.8505471824106933
0.0,0.5,97,0.4782608695652174,0.08333333333333333,0.0,0.00017361111111097172,0.7219189934861753
0.0,0.5,98,0.6956521739130435,0.0,0.0,0.0,0.8481277197261561
0.0,0.5,99,0.43478260869565216,0.041666666666666664,0.0,0.0010416666666666075,0.8388886000034664
0.0,0.5,100,0.34782608695652173,0.0,0.0,0.0,0.8396910625609525
0.0,0.5,101,0.5217391304347826,0.041666666666666664,0.0,0.0005952380952382041,0.6815600866714819
0.0,0.5,102,0.5652173913043478,0.0,0.0,0.0,0.7783842363419824
0.0,0.5,103,0.4782608695652174,0.0,0.0,0.0,0.7617644829042702
0.0,0.5,104,0.5652173913043478,0.0,0.0,0.0,0.8553176361199988
0.0,0.5,105,0.5652173913043478,0.0,0.0,0.0,0.7565978806469603
0.0,0.5,106,0.5652173913043478,0.0,0.0,0.0,0.8543448872546371
0.0,0.5,107,0.34782608695652173,0.0,0.0,0.0,0.8436377665942322
0.0,0.5,108,0.4782608695652174,0.0,0.0,0.0,0.8311372685172226
0.0,0.5,109,0.43478260869565216,0.0,0.0,0.0,0.7650304966598898
0.0,0.5,110,0.43478260869565216,0.0,0.0,0.0,0.8092373031321889
0.0,0.5,111,0.4782608695652174,0.041666666666666664,0.0,2.220446049250313e-16,0.7827525706798144
0.0,0.5,112,0.5652173913043478,0.041666666666666664,0.0,4.960317460322994e-05,0.7859373796160753
0.0,0.5,113,0.4782608695652174,0.0,0.0,0.0,0.8447155830408377
0.0,0.5,114,0.5217391304347826,0.041666666666666664,0.0,0.0010912698412697264,0.8553664275585522
0.0,0.5,115,0.6521739130434783,0.0,0.0,0.0,0.8451028652608317
0.0,0.5,116,0.5217391304347826,0.125,0.0,0.0015376984126984998,0.8493220274863945
0.0,0.5,117,0.391304347826087,0.041666666666666664,0.0,0.0004464285714284033,0.8540534552001108
0.0,0.5,118,0.6956521739130435,0.041666666666666664,0.0,0.0001984126984126977,0.8503613966126453
0.0,0.5,119,0.6521739130434783,0.041666666666666664,0.0,0.00044642857142851433,0.8583183730485694
0.0,0.5,120,0.34782608695652173,0.041666666666666664,0.0,0.0030257936507936956,0.8491370290006721
0.0,0.5,121,0.4782608695652174,0.0,0.0,0.0,0.8578856722868835
0.0,0.5,122,0.5217391304347826,0.0,0.0,0.0,0.8127594781408496
0.0,0.5,123,0.391304347826087,0.041666666666666664,0.0,0.00014880952380946777,0.7295362137527367
0.0,0.5,124,0.30434782608695654,0.0,0.0,0.0,0.7404972765962416
0.0,0.5,125,0.34782608695652173,0.08333333333333333,0.0,0.0006448412698412676,0.5998711480923368
0.0,0.5,126,0.34782608695652173,0.08333333333333333,0.0,0.000694444444444553,0.612279292387378
0.0,0.5,127,0.6956521739130435,0.08333333333333333,0.0,0.002306547619047694,0.8520282839211099
0.0,0.5,128,0.5217391304347826,0.0,0.0,0.0,0.8626981191447546
0.0,0.5,129,0.5652173913043478,0.0,0.0,0.0,0.7435625905696135
0.0,0.5,130,0.43478260869565216,0.041666666666666664,0.0,0.0011904761904761862,0.8623811508011667
0.0,0.5,131,0.6086956521739131,0.041666666666666664,0.0,0.0007440476190474499,0.852730600415
0.0,0.5,132,0.43478260869565216,0.041666666666666664,0.0,0.0017857142857141683,0.8051745348717478
0.0,0.5,133,0.34782608695652173,0.0,0.0,0.0,0.7280780161349468
0.0,0.5,134,0.5217391304347826,0.041666666666666664,0.0,0.0005456349206347522,0.8469550285697368
0.0,0.5,135,0.5652173913043478,0.0,0.0,0.0,0.8541651748089963
0.0,0.5,136,0.391304347826087,0.0,0.0,0.0,0.7191984507500732
0.0,0.5,137,0.43478260869565216,0.0,0.0,0.0,0.619644675794953
0.0,0.5,138,0.6086956521739131,0.0,0.0,0.0,0.7793579249614994
0.0,0.5,139,0.5652173913043478,0.0,0.0,0.0,0.8066374063861381
0.0,0.5,140,0.4782608695652174,0.041666666666666664,0.0,0.0006448412698414341,0.7127379176527328
0.0,0.5,141,0.5217391304347826,0.041666666666666664,0.0,0.0024305555555554914,0.8096846785188269
0.0,0.5,142,0.43478260869565216,0.0,0.0,0.0,0.8381878662006318
0.0,0.5,143,0.43478260869565216,0.0,0.0,0.0,0.8451571863805284
0.0,0.5,144,0.6086956521739131,0.0,0.0,0.0,0.8472613579341491
0.0,0.5,145,0.4782608695652174,0.0,0.0,0.0,0.8527513577515522
0.0,0.5,146,0.5217391304347826,0.0,0.0,0.0,0.8096916099257724
0.0,0.5,147,0.6521739130434783,0.08333333333333333,0.0,0.0017361111111110494,0.8437770751521837
0.0,0.5,148,0.4782608695652174,0.041666666666666664,0.0,0.0017361111111111605,0.8234877437119043
0.0,0.5,149,0.4782608695652174,0.0,0.0,0.0,0.8462076960556455
0.0,0.5,150,0.43478260869565216,0.08333333333333333,0.0,0.0018105158730157278,0.802118596025203
0.0,0.5,151,0.5652173913043478,0.041666666666666664,0.0,0.0009920634920635996,0.8259928027769815
0.0,0.5,152,0.4782608695652174,0.0,0.0,0.0,0.7815976080556287
0.0,0.5,153,0.34782608695652173,0.0,0.0,0.0,0.756153719952705
0.0,0.5,154,0.43478260869565216,0.08333333333333333,0.0,0.0019345238095238582,0.8398808822787155
0.0,0.5,155,0.5217391304347826,0.0,0.0,0.0,0.7213264138153288
0.0,0.5,156,0.43478260869565216,0.041666666666666664,0.0,0.0024801587301586103,0.7059069501298475
0.0,0.5,157,0.391304347826087,0.08333333333333333,0.0,0.0015128968253968478,0.7891955106188512
0.0,0.5,158,0.391304347826087,0.0,0.0,0.0,0.8359644137195088
0.0,0.5,159,0.34782608695652173,0.0,0.0,0.0,0.8499291101911189
0.0,0.5,160,0.5217391304347826,0.0,0.0,0.0,0.8157739781577394
0.0,0.5,161,0.6086956521739131,0.041666666666666664,0.0,0.0030257936507935845,0.8413255008963705
0.0,0.5,162,0.6521739130434783,0.0,0.0,0.0,0.8511311393326961
0.0,0.5,163,0.6956521739130435,0.041666666666666664,0.0,0.0004960317460316332,0.8438311540389085
0.0,0.5,164,0.6521739130434783,0.0,0.0,0.0,0.8393388769120214
0.0,0.5,165,0.6956521739130435,0.0,0.0,0.0,0.8705527497947113
0.0,0.5,166,0.4782608695652174,0.041666666666666664,0.0,0.00014880952380968981,0.8479662783638592
0.0,0.5,167,0.5652173913043478,0.041666666666666664,0.0,0.0009424603174602586,0.8419199129029212
0.0,0.5,168,0.43478260869565216,0.0,0.0,0.0,0.7747064775702286
0.0,0.5,169,0.4782608695652174,0.041666666666666664,0.0,0.0019345238095236361,0.8371505802754893
0.0,0.5,170,0.5217391304347826,0.041666666666666664,0.0,0.0015873015873013596,0.8425249398796443
0.0,0.5,171,0.5217391304347826,0.0,0.0,0.0,0.7391587138278878
0.0,0.5,172,0.391304347826087,0.0,0.0,0.0,0.8145564271412933
0.0,0.5,173,0.391304347826087,0.08333333333333333,0.0,0.0001488095238095788,0.8648425265355836
0.0,0.5,174,0.4782608695652174,0.041666666666666664,0.0,9.920634920623783e-05,0.730710259172495
0.0,0.5,175,0.5217391304347826,0.0,0.0,0.0,0.7262447045961827
0.0,0.5,176,0.7391304347826086,0.0,0.0,0.0,0.8750014478149575
0.0,0.5,177,0.34782608695652173,0.0,0.0,0.0,0.6646771987114426
0.0,0.5,178,0.4782608695652174,0.0,0.0,0.0,0.8449879125203802
0.0,0.5,179,0.43478260869565216,0.0,0.0,0.0,0.8597554043299603
0.0,0.5,180,0.4782608695652174,0.0,0.0,0.0,0.8574335681239421
0.0,0.5,181,0.43478260869565216,0.041666666666666664,0.0,0.0015873015873015817,0.854214901978372
0.0,0.5,182,0.4782608695652174,0.0,0.0,0.0,0.7651521739130434
0.0,0.5,183,0.5217391304347826,0.0,0.0,0.0,0.7552408674901007
0.0,0.5,184,0.6956521739130435,0.0,0.0,0.0,0.8492996049053313
0.0,0.5,185,0.43478260869565216,0.0,0.0,0.0,0.5646041207011999
0.0,0.5,186,0.6956521739130435,0.041666666666666664,0.0,0.0009424603174601476,0.716414525165007
0.0,0.5,187,0.6956521739130435,0.041666666666666664,0.0,0.0012896825396826461,0.8340177979371332
0.0,0.5,188,0.43478260869565216,0.0,0.0,0.0,0.8281571923263009
0.0,0.5,189,0.4782608695652174,0.0,0.0,0.0,0.8163887242868026
0.0,0.5,190,0.6521739130434783,0.08333333333333333,0.0,0.00176091269841272,0.8468568844076977
0.0,0.5,191,0.6956521739130435,0.08333333333333333,0.0,0.001314484126984039,0.8533086585291524
0.0,0.5,192,0.5217391304347826,0.0,0.0,0.0,0.8381653924755362
0.0,0.5,193,0.5652173913043478,0.041666666666666664,0.0,0.0009920634920635996,0.8526181670575503
0.0,0.5,194,0.4782608695652174,0.0,0.0,0.0,0.866248227923355
0.0,0.5,195,0.6086956521739131,0.0,0.0,0.0,0.780698587352073
0.0,0.5,196,0.43478260869565216,0.0,0.0,0.0,0.8443494086497904
0.0,0.5,197,0.30434782608695654,0.041666666666666664,0.0,0.002182539682539675,0.7832005906304532
0.0,0.5,198,0.6086956521739131,0.0,0.0,0.0,0.8431989093627688
0.0,0.5,199,0.4782608695652174,0.0,0.0,0.0,0.7753600947098416
0.5,0.0,0,0.0,0.8333333333333334,0.25,0.003712797619047625,0.2592322643343052
0.5,0.0,1,0.0,0.875,0.4166666666666667,0.004459561602418687,0.2315386009893043
0.5,0.0,2,0.0,0.7916666666666666,0.3333333333333333,0.00402046783625736,0.20613575011558613
0.5,0.0,3,0.0,0.9166666666666666,0.4166666666666667,0.00496708152958156,0.19290862092151093
0.5,0.0,4,0.0,1.0,0.3333333333333333,0.004261739417989435,0.20320404721753824
0.5,0.0,5,0.0,0.9583333333333334,0.4166666666666667,0.0035606452726018177,0.22432828018818637
0.5,0.0,6,0.0,0.9166666666666666,0.2916666666666667,0.0044958513708514055,0.2330641681563214
0.5,0.0,7,0.0,0.875,0.25,0.004223356009070306,0.2081603085367968
0.5,0.0,8,0.0,0.9166666666666666,0.3333333333333333,0.004549963924963899,0.21639844077715628
0.5,0.0,9,0.0,0.875,0.25,0.004294217687074836,0.2263750662964467
0.5,0.0,10,0.0,0.9166666666666666,0.4166666666666667,0.004701028138528195,0.2124519646701407
0.5,0.0,11,0.0,0.9166666666666666,0.2916666666666667,0.004367334054834087,0.22246905426635857
0.5,0.0,12,0.0,0.8333333333333334,0.2916666666666667,0.0033804563492063344,0.2201563221318393
0.5,0.0,13,0.0,0.9583333333333334,0.4583333333333333,0.005074620427881306,0.23996637294890574
0.5,0.0,14,0.0,0.7916666666666666,0.2916666666666667,0.004957706766917284,0.2196132383968952
0.5,0.0,15,0.0,0.9166666666666666,0.125,0.0030348124098124847,0.23789728716265465
0.5,0.0,16,0.0,0.9166666666666666,0.3333333333333333,0.004416937229437257,0.2121613109567035
0.5,0.0,17,0.0,0.75,0.25,0.0042410714285714786,0.2297880660447742
0.5,0.0,18,0.0,0.9166666666666666,0.4583333333333333,0.005131673881673949,0.21898239353088655
0.5,0.0,19,0.0,0.9166666666666666,0.25,0.003217442279942261,0.21945845712120923
0.5,0.0,20,0.0,0.8333333333333334,0.25,0.003407738095238083,0.23107784461586178
0.5,0.0,21,0.0,0.9166666666666666,0.4583333333333333,0.005228625541125525,0.20449630080323947
0.5,0.0,22,0.0,0.7916666666666666,0.375,0.004902882205513819,0.21585025472882563
0.5,0.0,23,0.0,1.0,0.5416666666666666,0.00564649470899474,0.23173112050519284
0.5,0.0,24,0.0,0.9583333333333334,0.3333333333333333,0.004121376811594152,0.19989429441522172
0.5,0.0,25,0.0,0.7083333333333334,0.375,0.004741479925303415,0.19580694646579858
0.5,0.0,26,0.0,0.7916666666666666,0.4583333333333333,0.005388471177944884,0.21426269556629776
0.5,0.0,27,0.0,0.8333333333333334,0.125,0.003261408730158677,0.23288096549651982
0.5,0.0,28,0.0,0.8333333333333334,0.3333333333333333,0.0044394841269841554,0.20078016634869125
0.5,0.0,29,0.0,0.875,0.4166666666666667,0.0044571995464852895,0.20579470865380764
0.5,0.0,30,0.0,0.875,0.375,0.00466742252456537,0.21684407364787125
0.5,0.0,31,0.0,0.875,0.375,0.005170540438397576,0.24459511057449213
0.5,0.0,32,0.0,0.9166666666666666,0.2916666666666667,0.004126082251082267,0.23163266856023212
0.5,0.0,33,0.0,0.9166666666666666,0.375,0.004218524531024544,0.2323338504245592
0.5,0.0,34,0.0,0.8333333333333334,0.375,0.005057043650793641,0.2108263257986573
0.5,0.0,35,0.0,0.9166666666666666,0.3333333333333333,0.004031385281385277,0.2256051729286149
0.5,0.0,36,0.0,0.75,0.2916666666666667,0.0038718033509699636,0.23137341030789835
0.5,0.0,37,0.0,0.875,0.3333333333333333,0.004235166288737742,0.24277933652417913
0.5,0.0,38,0.0,0.9166666666666666,0.2916666666666667,0.0037112193362193384,0.21168054123261945
0.5,0.0,39,0.0,0.875,0.4583333333333333,0.0047453703703704145,0.23502188547879313
0.5,0.0,40,0.0,0.7916666666666666,0.2916666666666667,0.004675751879699264,0.2232211210196355
0.5,0.0,41,0.0,0.8333333333333334,0.3333333333333333,0.004744543650793675,0.22471796581740663
0.5,0.0,42,0.0,0.8333333333333334,0.3333333333333333,0.004461805555555559,0.210938565949254
0.5,0.0,43,0.0,0.7083333333333334,0.125,0.003422619047619065,0.23497965942310453
0.5,0.0,44,0.0,0.8333333333333334,0.375,0.005076884920634894,0.2041739979962418
0.5,0.0,45,0.0,0.9583333333333334,0.375,0.004101966873706028,0.2123898264940512
0.5,0.0,46,0.0,0.8333333333333334,0.3333333333333333,0.004312996031746064,0.21599131693198267
0.5,0.0,47,0.0,0.875,0.25,0.003944633408919088,0.24422973698336034
0.5,0.0,48,0.0,0.9166666666666666,0.2916666666666667,0.004299693362193349,0.22779698607064586
0.5,0.0,49,0.0,0.9166666666666666,0.375,0.004867875180375206,0.23221349553475815
0.5,0.0,50,0.0,0.75,0.2916666666666667,0.004056437389770783,0.22709810493747593
0.5,0.0,51,0.0,0.8333333333333334,0.2916666666666667,0.003978174603174611,0.27749920386033344
0.5,0.0,52,0.0,0.9583333333333334,0.2916666666666667,0.004026483781918586,0.24768107780741042
0.5,0.0,53,0.0,0.8333333333333334,0.25,0.003474702380952399,0.21831062613773664
0.5,0.0,54,0.0,0.7916666666666666,0.4166666666666667,0.004952485380116933,0.21063123927084565
0.5,0.0,55,0.0,0.8333333333333334,0.25,0.004335317460317445,0.23341854035160947
0.5,0.0,56,0.0,0.8333333333333334,0.2916666666666667,0.004275793650793724,0.22962758897042276
0.5,0.0,57,0.0,0.9583333333333334,0.375,0.004522515527950316,0.23322373337318794
0.5,0.0,58,0.0,0.9166666666666666,0.3333333333333333,0.004719065656565677,0.21943999460835423
0.5,0.0,59,0.0,0.9166666666666666,0.4166666666666667,0.004223033910533958,0.2343291107657282
0.5,0.0,60,0.0,0.875,0.2916666666666667,0.004095804988662133,0.2411952483123137
0.5,0.0,61,0.0,0.8333333333333334,0.5416666666666666,0.005724206349206401,0.20571468858270897
0.5,0.0,62,0.0,0.9583333333333334,0.20833333333333334,0.004037267080745385,0.2254419613075386
0.5,0.0,63,0.0,0.8333333333333334,0.2916666666666667,0.004188988095238116,0.20893710720215097
0.5,0.0,64,0.0,0.9166666666666666,0.375,0.0054743867243866795,0.21334250206794853
0.5,0.0,65,0.0,0.9583333333333334,0.3333333333333333,0.0039251207729468504,0.22681232211618968
0.5,0.0,66,0.0,0.875,0.3333333333333333,0.003767479213907801,0.21812281240085912
0.5,0.0,67,0.0,0.9166666666666666,0.20833333333333334,0.004080988455988482,0.23180048559946437
0.5,0.0,68,0.0,0.8333333333333334,0.25,0.004241071428571458,0.21869294450141316
0.5,0.0,69,0.0,0.75,0.16666666666666666,0.003855268959435671,0.22795410234282637
0.5,0.0,70,0.0,0.9166666666666666,0.4583333333333333,0.005104617604617647,0.25299724634611315
0.5,0.0,71,0.0,0.875,0.4166666666666667,0.004924886621315199,0.2543487216104142
0.5,0.0,72,0.0,0.875,0.5,0.005446900982615312,0.22464681234696945
0.5,0.0,73,0.0,0.9583333333333334,0.375,0.004412525879917207,0.2265303216483755
0.5,0.0,74,0.0,0.75,0.25,0.0038497574955908675,0.21112131354718972
0.5,0.0,75,0.0,0.875,0.375,0.004249338624338564,0.23020976401548277
0.5,0.0,76,0.0,0.8333333333333334,0.375,0.00453621031746036,0.24320229730942441
0.5,0.0,77,0.0,0.875,0.25,0.003819444444444444,0.23401445027390266
0.5,0.0,78,0.0,0.875,0.3333333333333333,0.004863473167044581,0.216786994234665
0.5,0.0,79,0.0,0.7083333333333334,0.20833333333333334,0.004417600373482737,0.2213415862813684
0.5,0.0,80,0.0,0.9166666666666666,0.2916666666666667,0.004211760461760462,0.24646864620131367
0.5,0.0,81,0.0,0.875,0.2916666666666667,0.004013133030990183,0.2252216678034247
0.5,0.0,82,0.0,0.875,0.375,0.005005196523053693,0.21779598675875605
0.5,0.0,83,0.0,0.875,0.4166666666666667,0.004353269085411951,0.19580002024086637
0.5,0.0,84,0.0,0.875,0.4166666666666667,0.004773715041572197,0.19228998736545197
0.5,0.0,85,0.0,0.7916666666666666,0.25,0.003957811194653269,0.1938346782674719
0.5,0.0,86,0.0,0.7916666666666666,0.125,0.0031980994152046934,0.22656064439510512
0.5,0.0,87,0.0,0.7916666666666666,0.4166666666666667,0.004970760233918175,0.22383903047660153
0.5,0.0,88,0.0,0.875,0.375,0.0047500944822372985,0.2072248556145393
0.5,0.0,89,0.0,0.9583333333333334,0.375,0.004772688060731568,0.222855898337191
0.5,0.0,90,0.0,0.7916666666666666,0.4583333333333333,0.005179615705931559,0.22415692847277208
0.5,0.0,91,0.0,0.7916666666666666,0.3333333333333333,0.004717522974101931,0.23091930898531937
0.5,0.0,92,0.0,0.8333333333333334,0.2916666666666667,0.0036408730158730917,0.2329974079724645
0.5,0.0,93,0.0,0.875,0.4166666666666667,0.004620181405895681,0.24899665815028366
0.5,0.0,94,0.0,0.7916666666666666,0.25,0.004197994987468616,0.22261726546906188
0.5,0.0,95,0.0,1.0,0.4166666666666667,0.004288607804232856,0.2213740069519723
0.5,0.0,96,0.0,0.9583333333333334,0.4583333333333333,0.004636818495514156,0.2097016269436274
0.5,0.0,97,0.0,0.9583333333333334,0.4166666666666667,0.004930124223602511,0.23018813552344505
0.5,0.0,98,0.0,0.8333333333333334,0.4583333333333333,0.00456845238095242,0.22923246194910263
0.5,0.0,99,0.0,0.9166666666666666,0.4583333333333333,0.005472132034632053,0.20697411703816498
0.5,0.0,100,0.0,0.7916666666666666,0.4166666666666667,0.006208228905597387,0.21017445004712795
0.5,0.0,101,0.0,0.875,0.4166666666666667,0.004783163265306124,0.24473727261693057
0.5,0.0,102,0.0,0.875,0.25,0.00389975434618288,0.21863170436207713
0.5,0.0,103,0.0,0.9166666666666666,0.4166666666666667,0.004410173160173175,0.21639180409795145
0.5,0.0,104,0.0,0.9166666666666666,0.4166666666666667,0.004563492063492062,0.23169086808994935
0.5,0.0,105,0.0,0.875,0.4583333333333333,0.004837490551776312,0.19681018786935597
0.5,0.0,106,0.0,0.7916666666666666,0.16666666666666666,0.0030649540517961754,0.2743518508586572
0.5,0.0,107,0.0,0.75,0.25,0.004188712522045797,0.2037521815008728
0.5,0.0,108,0.0,0.9166666666666666,0.4166666666666667,0.0045206529581530205,0.2246806132639282
0.5,0.0,109,0.0,0.9583333333333334,0.375,0.004043737060041405,0.21362168001412649
0.5,0.0,110,0.0,0.875,0.2916666666666667,0.0041973733938020005,0.20943635149013395
0.5,0.0,111,0.0,0.875,0.4166666666666667,0.004764266817838238,0.21550749082250223
0.5,0.0,112,0.0,0.7916666666666666,0.375,0.0048193400167084385,0.2178379906836458
0.5,0.0,113,0.0,0.8333333333333334,0.375,0.004074900793650832,0.21366569771835361
0.5,0.0,114,0.0,0.7916666666666666,0.16666666666666666,0.004002192982456158,0.236471062858427
0.5,0.0,115,0.0,0.875,0.4166666666666667,0.005255574452003061,0.24568307387177513
0.5,0.0,116,0.0,0.9583333333333334,0.2916666666666667,0.004071773636991106,0.23679845806598884
0.5,0.0,117,0.0,0.8333333333333334,0.3333333333333333,0.004655257936507962,0.2296061940571395
0.5,0.0,118,0.0,0.9583333333333334,0.2916666666666667,0.003961783988957958,0.21962708134069728
0.5,0.0,119,0.0,0.9166666666666666,0.375,0.003970508658008707,0.2499409596369277
0.5,0.0,120,0.0,0.875,0.375,0.005061885865457268,0.21673783002765273
0.5,0.0,121,0.0,0.875,0.20833333333333334,0.003654100529100545,0.2252228822287185
0.5,0.0,122,0.0,0.75,0.2916666666666667,0.004031635802469131,0.21826577366876723
0.5,0.0,123,0.0,0.7916666666666666,0.375,0.004874164578111991,0.22730718793541543
0.5,0.0,124,0.0,0.9166666666666666,0.25,0.004689754689754719,0.2512214425156969
0.5,0.0,125,0.0,0.875,0.375,0.004395786092214709,0.23486489448878087
0.5,0.0,126,0.0,0.8333333333333334,0.2916666666666667,0.004114583333333338,0.22154244607250845
0.5,0.0,127,0.0,0.875,0.20833333333333334,0.003916288737717385,0.19754806077489998
0.5,0.0,128,0.0,0.9166666666666666,0.375,0.005095598845598918,0.22014090172981127
0.5,0.0,129,0.0,0.9583333333333334,0.25,0.0037935645272601875,0.24159798437032962
0.5,0.0,130,0.0,0.9166666666666666,0.2916666666666667,0.004234307359307385,0.24266254596267908
0.5,0.0,131,0.0,0.9166666666666666,0.4583333333333333,0.0045499639249639645,0.2192509374486458
0.5,0.0,132,0.0,0.8333333333333334,0.375,0.00462053571428569,0.1953841068226669
0.5,0.0,133,0.0,0.75,0.125,0.00390211640211645,0.23111955053131863
0.5,0.0,134,0.0,0.875,0.2916666666666667,0.004469009826152705,0.23191301300725425
0.5,0.0,135,0.0,0.9166666666666666,0.3333333333333333,0.0041215728715728464,0.25834610303830924
0.5,0.0,136,0.0,0.875,0.4583333333333333,0.005113851095994011,0.23731057420499502
0.5,0.0,137,0.0,0.7916666666666666,0.375,0.0049812030075188024,0.21863201514298877
0.5,0.0,138,0.0,0.9166666666666666,0.4166666666666667,0.0042207792207792465,0.23780131312765493
0.5,0.0,139,0.0,0.8333333333333334,0.375,0.004556051587301602,0.2226084052207768
0.5,0.0,140,0.0,0.875,0.3333333333333333,0.0042493386243386755,0.23048589057489371
0.5,0.0,141,0.0,0.9583333333333334,0.375,0.0046325051759833966,0.23102884485577602
0.5,0.0,142,0.0,0.875,0.375,0.004920162509448204,0.18809859298740048
0.5,0.0,143,0.0,0.875,0.25,0.003850151171579777,0.21982095796291792
0.5,0.0,144,0.0,0.875,0.2916666666666667,0.004095804988662138,0.2091620181048343
0.5,0.0,145,0.0,0.7916666666666666,0.25,0.004221491228070175,0.21001518663576052
0.5,0.0,146,0.0,0.8333333333333334,0.375,0.004660218253968301,0.2384074184177451
0.5,0.0,147,0.0,0.9583333333333334,0.5,0.00533988957901997,0.22214464659739633
0.5,0.0,148,0.0,0.9583333333333334,0.2916666666666667,0.004084713595583146,0.21007894375194058
0.5,0.0,149,0.0,0.9166666666666666,0.5416666666666666,0.0054991883116883656,0.18253644185783366
0.5,0.0,150,0.0,0.875,0.20833333333333334,0.003670634920634934,0.20039554387282524
0.5,0.0,151,0.0,0.9166666666666666,0.4166666666666667,0.005269209956709945,0.22907646616810398
0.5,0.0,152,0.0,0.875,0.125,0.0033139644746787563,0.20404052550882376
0.5,0.0,153,0.0,0.75,0.16666666666666666,0.003342702821869486,0.23554948564425612
0.5,0.0,154,0.0,0.9166666666666666,0.3333333333333333,0.004534181096681103,0.26294114804533786
0.5,0.0,155,0.0,1.0,0.2916666666666667,0.0038814484126984314,0.2199809627964438
0.5,0.0,156,0.0,0.875,0.4166666666666667,0.004598922902494281,0.2616693298738011
0.5,0.0,157,0.0,0.875,0.4583333333333333,0.00496504157218447,0.22698912466425253
0.5,0.0,158,0.0,1.0,0.2916666666666667,0.003567294973544998,0.22377791569801092
0.5,0.0,159,0.0,1.0,0.3333333333333333,0.004354745370370362,0.23952175835021053
0.5,0.0,160,0.0,0.9166666666666666,0.5416666666666666,0.005230880230880222,0.2237578875205788
0.5,0.0,161,0.0,0.9166666666666666,0.4166666666666667,0.004389880952380945,0.19713377538787555
0.5,0.0,162,0.0,0.875,0.3333333333333333,0.004936696900982635,0.21328626477092585
0.5,0.0,163,0.0,0.9166666666666666,0.3333333333333333,0.0041711760461760365,0.19721257228859776
0.5,0.0,164,0.0,0.9166666666666666,0.3333333333333333,0.004405663780663821,0.22362128018985744
0.5,0.0,165,0.0,0.875,0.2916666666666667,0.003913926681783861,0.21413438024882978
0.5,0.0,166,0.0,0.875,0.4166666666666667,0.004617819349962278,0.23011078595317733
0.5,0.0,167,0.0,0.9583333333333334,0.4166666666666667,0.004060990338164239,0.20915973315343697
0.5,0.0,168,0.0,0.8333333333333334,0.25,0.0045163690476190625,0.23418533556497745
0.5,0.0,169,0.0,0.9166666666666666,0.5,0.0053887085137084845,0.21424515740019612
0.5,0.0,170,0.0,1.0,0.4583333333333333,0.004941716269841352,0.22809600790798734
0.5,0.0,171,0.0,0.75,0.3333333333333333,0.00575672398589066,0.240986608972663
0.5,0.0,172,0.0,0.7083333333333334,0.3333333333333333,0.004864028944911232,0.20946809531748095
0.5,0.0,173,0.0,0.7916666666666666,0.16666666666666666,0.0033912907268170978,0.20684848721147872
0.5,0.0,174,0.0,0.8333333333333334,0.25,0.004848710317460303,0.223954163070492
0.5,0.0,175,0.0,0.875,0.25,0.00415958049886618,0.19700294751442815
0.5,0.0,176,0.0,0.875,0.375,0.004674508692365869,0.21405424428010747
0.5,0.0,177,0.0,0.7916666666666666,0.3333333333333333,0.004620927318295758,0.20126459867589053
0.5,0.0,178,0.0,0.75,0.4166666666666667,0.005004409171075881,0.23238586037523165
0.5,0.0,179,0.0,0.75,0.20833333333333334,0.0042355599647267116,0.19694995245306962
0.5,0.0,180,0.0,0.875,0.2916666666666667,0.004263510959939572,0.23119372640139432
0.5,0.0,181,0.0,0.9583333333333334,0.2916666666666667,0.0038625776397515944,0.18760072644766143
0.5,0.0,182,0.0,0.875,0.4166666666666667,0.005194160997732395,0.22656592538211348
0.5,0.0,183,0.0,0.75,0.25,0.004122574955908275,0.22385030965871675
0.5,0.0,184,0.0,0.875,0.4583333333333333,0.004341458805744542,0.21879569977471247
0.5,0.0,185,0.0,0.8333333333333334,0.375,0.0051215277777778125,0.23183927430420975
0.5,0.0,186,0.0,0.875,0.20833333333333334,0.004157218442932772,0.243748396185409
0.5,0.0,187,0.0,0.8333333333333334,0.3333333333333333,0.004208829365079348,0.22681824972054704
0.5,0.0,188,0.0,0.9166666666666666,0.2916666666666667,0.0036390692640692513,0.22096747700394215
0.5,0.0,189,0.0,0.875,0.3333333333333333,0.005137471655328793,0.23996840196032593
0.5,0.0,190,0.0,0.9583333333333334,0.5,0.00498188405797105,0.23228213482153548
0.5,0.0,191,0.0,0.9583333333333334,0.5,0.005234213250517611,0.2181698091788187
0.5,0.0,192,0.0,0.7083333333333334,0.375,0.005062441643324021,0.2320728881398779
0.5,0.0,193,0.0,0.8333333333333334,0.4166666666666667,0.004861111111111105,0.2143759702516337
0.5,0.0,194,0.0,0.9583333333333334,0.4166666666666667,0.004958160800552099,0.19718942308673637
0.5,0.0,195,0.0,1.0,0.25,0.0035569609788359915,0.22134543507529802
0.5,0.0,196,0.0,0.7083333333333334,0.16666666666666666,0.0037873482726423703,0.20187867858346065
0.5,0.0,197,0.0,0.9166666666666666,0.2916666666666667,0.004437229437229487,0.24047162336850023
0.5,0.0,198,0.0,0.8333333333333334,0.25,0.003908730158730172,0.21675478889504574
0.5,0.0,199,0.0,0.875,0.3333333333333333,0.004332010582010646,0.2224276094618065
0.5,0.25,0,0.13043478260869565,0.9583333333333334,0.3333333333333333,0.003748274672187678,0.530779500872959
0.5,0.25,1,0.2608695652173913,0.8333333333333334,0.4166666666666667,0.00476686507936509,0.723102939147938
0.5,0.25,2,0.43478260869565216,0.9166666666666666,0.2916666666666667,0.004290674603174605,0.8429917562031777
0.5,0.25,3,0.17391304347826086,0.9166666666666666,0.5416666666666666,0.005846410533910506,0.8501811594202899
0.5,0.25,4,0.21739130434782608,0.8333333333333334,0.2916666666666667,0.0047743055555555525,0.5241485412783883
0.5,0.25,5,0.21739130434782608,0.875,0.25,0.003748582766439899,0.7238799047648496
0.5,0.25,6,0.043478260869565216,0.7916666666666666,0.25,0.004088345864661686,0.6711272911189666
0.5,0.25,7,0.21739130434782608,0.8333333333333334,0.2916666666666667,0.0038566468253968035,0.8703894797430088
0.5,0.25,8,0.43478260869565216,0.7083333333333334,0.20833333333333334,0.004190009337068218,0.8760332218661003
0.5,0.25,9,0.13043478260869565,0.9166666666666666,0.3333333333333333,0.004297438672438728,0.8218309784509715
0.5,0.25,10,0.13043478260869565,0.875,0.2916666666666667,0.004076908541194209,0.41562562577981804
0.5,0.25,11,0.13043478260869565,0.9583333333333334,0.375,0.004740338164251191,0.8417176506178053
0.5,0.25,12,0.17391304347826086,0.9583333333333334,0.4166666666666667,0.004705831608005538,0.6020128374531916
0.5,0.25,13,0.17391304347826086,0.9583333333333334,0.375,0.003970410628019379,0.4767831306602855
0.5,0.25,14,0.21739130434782608,0.8333333333333334,0.16666666666666666,0.004015376984126929,0.6399421911228026
0.5,0.25,15,0.21739130434782608,0.9583333333333334,0.375,0.003603778467908902,0.7138759041987844
0.5,0.25,16,0.17391304347826086,0.75,0.20833333333333334,0.0033482142857142647,0.7124956984676426
0.5,0.25,17,0.30434782608695654,0.9583333333333334,0.5,0.005346359558316141,0.7165673295005006
0.5,0.25,18,0.5217391304347826,0.8333333333333334,0.4583333333333333,0.004605654761904748,0.8530069652146888
0.5,0.25,19,0.21739130434782608,0.9166666666666666,0.4166666666666667,0.0044778138528138575,0.5918392799609218
0.5,0.25,20,0.30434782608695654,1.0,0.5,0.005861441798941778,0.7762122653619055
0.5,0.25,21,0.30434782608695654,0.875,0.3333333333333333,0.005340608465608423,0.818626101679071
0.5,0.25,22,0.2608695652173913,0.7083333333333334,0.25,0.004405929038282003,0.5431601114632746
0.5,0.25,23,0.08695652173913043,0.7083333333333334,0.2916666666666667,0.0037785947712418787,0.6666327542793195
0.5,0.25,24,0.30434782608695654,0.7083333333333334,0.3333333333333333,0.005284197012138173,0.8242644493848503
0.5,0.25,25,0.34782608695652173,0.8333333333333334,0.4583333333333333,0.005280257936507954,0.7275643645279936
0.5,0.25,26,0.21739130434782608,0.75,0.2916666666666667,0.0046737213403879535,0.6577113618099142
0.5,0.25,27,0.17391304347826086,0.7916666666666666,0.2916666666666667,0.00408312447786134,0.5727383655075523
0.5,0.25,28,0.43478260869565216,0.875,0.3333333333333333,0.00463671579743008,0.8558575774322
0.5,0.25,29,0.2608695652173913,0.8333333333333334,0.125,0.0036086309523809925,0.6472393868870878
0.5,0.25,30,0.2608695652173913,0.8333333333333334,0.16666666666666666,0.004377480158730185,0.6698908022283538
0.5,0.25,31,0.2608695652173913,0.9166666666666666,0.4166666666666667,0.004579274891774873,0.8496678810864848
0.5,0.25,32,0.30434782608695654,0.6666666666666666,0.20833333333333334,0.004340277777777818,0.8590073445785081
0.5,0.25,33,0.391304347826087,0.875,0.375,0.004683956916099817,0.7642893405000288
0.5,0.25,34,0.08695652173913043,0.875,0.5,0.005196523053665919,0.27458495614533507
0.5,0.25,35,0.2608695652173913,0.875,0.3333333333333333,0.005064247921390824,0.8200905345608058
0.5,0.25,36,0.34782608695652173,0.9583333333333334,0.4583333333333333,0.004470755693581743,0.8143817685661107
0.5,0.25,37,0.08695652173913043,0.875,0.4166666666666667,0.004674508692365858,0.397919101822542
0.5,0.25,38,0.17391304347826086,0.7916666666666666,0.25,0.003848162071846257,0.8676194038645806
0.5,0.25,39,0.30434782608695654,0.75,0.2916666666666667,0.00516424162257495,0.6650977322728043
0.5,0.25,40,0.30434782608695654,0.875,0.4166666666666667,0.004667422524565376,0.659042165592587
0.5,0.25,41,0.2608695652173913,0.8333333333333334,0.4166666666666667,0.005577876984126984,0.8647010112669694
0.5,0.25,42,0.21739130434782608,0.8333333333333334,0.375,0.00525049603174606,0.8358641243323224
0.5,0.25,43,0.30434782608695654,0.9166666666666666,0.3333333333333333,0.004554473304473278,0.8195139882371639
0.5,0.25,44,0.30434782608695654,0.7916666666666666,0.3333333333333333,0.005286654135338313,0.8157316121710759
0.5,0.25,45,0.30434782608695654,0.8333333333333334,0.4583333333333333,0.0056944444444444135,0.7025500339127175
0.5,0.25,46,0.13043478260869565,0.9166666666666666,0.375,0.004202741702741693,0.7744379386988175
0.5,0.25,47,0.30434782608695654,0.875,0.3333333333333333,0.004095804988662154,0.7743096689563305
0.5,0.25,48,0.4782608695652174,0.875,0.25,0.0041832010582010404,0.8679288666851308
0.5,0.25,49,0.30434782608695654,0.8333333333333334,0.4166666666666667,0.005151289682539695,0.8649125144784182
0.5,0.25,50,0.2608695652173913,0.9583333333333334,0.2916666666666667,0.0048999309868874965,0.8227003516108513
0.5,0.25,51,0.30434782608695654,0.8333333333333334,0.5416666666666666,0.005605158730158743,0.6053911160183457
0.5,0.25,52,0.34782608695652173,0.875,0.3333333333333333,0.004362717309145915,0.8148001768116697
0.5,0.25,53,0.34782608695652173,0.8333333333333334,0.3333333333333333,0.004665178571428513,0.8532690883681154
0.5,0.25,54,0.21739130434782608,0.9583333333333334,0.4166666666666667,0.0050681504485853,0.7788044924681963
0.5,0.25,55,0.21739130434782608,0.9166666666666666,0.3333333333333333,0.004640151515151503,0.6469946966784462
0.5,0.25,56,0.08695652173913043,0.9583333333333334,0.625,0.005361456176673588,0.5277211757324998
0.5,0.25,57,0.21739130434782608,0.7916666666666666,0.2916666666666667,0.004571324143692575,0.6523154045704682
0.5,0.25,58,0.08695652173913043,0.8333333333333334,0.25,0.003804563492063484,0.8412418906394811
0.5,0.25,59,0.17391304347826086,0.9166666666666666,0.4166666666666667,0.004259108946608909,0.8547983703944507
0.5,0.25,60,0.17391304347826086,0.7916666666666666,0.2916666666666667,0.004861111111111135,0.6712918320323998
0.5,0.25,61,0.17391304347826086,0.875,0.3333333333333333,0.0044666477702192805,0.6455405626474301
0.5,0.25,62,0.17391304347826086,0.875,0.5,0.005005196523053656,0.8464539435340322
0.5,0.25,63,0.34782608695652173,0.7916666666666666,0.125,0.003265977443608985,0.8526838397754152
0.5,0.25,64,0.21739130434782608,0.8333333333333334,0.375,0.00452628968253968,0.7604209819766434
0.5,0.25,65,0.2608695652173913,0.875,0.4583333333333333,0.005184712773998441,0.845314345010198
0.5,0.25,66,0.30434782608695654,0.9583333333333334,0.4583333333333333,0.004755434782608715,0.8164561108227553
0.5,0.25,67,0.34782608695652173,0.9166666666666666,0.4583333333333333,0.004040404040404061,0.8265643103967497
0.5,0.25,68,0.21739130434782608,0.875,0.125,0.003743858654572935,0.6613212151106957
0.5,0.25,69,0.08695652173913043,0.7916666666666666,0.375,0.004748851294903924,0.26317619783616714
0.5,0.25,70,0.43478260869565216,0.9583333333333334,0.4166666666666667,0.004270186335403711,0.8329639170111226
0.5,0.25,71,0.13043478260869565,0.8333333333333334,0.375,0.004846230158730142,0.8523785824523302
0.5,0.25,72,0.08695652173913043,0.8333333333333334,0.375,0.0045461309523809335,0.835916319346093
0.5,0.25,73,0.13043478260869565,0.875,0.20833333333333334,0.004246976568405109,0.5824653577158144
0.5,0.25,74,0.21739130434782608,0.875,0.4583333333333333,0.005061885865457279,0.8497743391360411
0.5,0.25,75,0.391304347826087,0.7916666666666666,0.25,0.0040622389306599685,0.7640037864756967
0.5,0.25,76,0.391304347826087,0.9166666666666666,0.25,0.004241071428571406,0.8528762247807724
0.5,0.25,77,0.17391304347826086,0.9166666666666666,0.375,0.0041080447330447585,0.7960682408767372
0.5,0.25,78,0.2608695652173913,0.9583333333333334,0.3333333333333333,0.003938060731539017,0.6340721195283198
0.5,0.25,79,0.08695652173913043,0.75,0.4166666666666667,0.004924492945326314,0.8171625024817912
0.5,0.25,80,0.21739130434782608,0.9166666666666666,0.20833333333333334,0.0036525974025974,0.8516392685155715
0.5,0.25,81,0.21739130434782608,0.9166666666666666,0.3333333333333333,0.004333513708513718,0.7733428700262776
0.5,0.25,82,0.34782608695652173,0.7916666666666666,0.3333333333333333,0.004466896407685915,0.8181951503198565
0.5,0.25,83,0.30434782608695654,0.875,0.3333333333333333,0.00400368480725624,0.8069267082907308
0.5,0.25,84,0.2608695652173913,0.9166666666666666,0.4583333333333333,0.00452065295815297,0.8489104933065492
0.5,0.25,85,0.34782608695652173,0.9166666666666666,0.375,0.004543199855699862,0.7631494192717245
0.5,0.25,86,0.2608695652173913,0.8333333333333334,0.25,0.004441964285714301,0.6526424383567243
0.5,0.25,87,0.17391304347826086,0.8333333333333334,0.25,0.004206349206349274,0.35091366781830613
0.5,0.25,88,0.17391304347826086,0.75,0.4166666666666667,0.004987874779541478,0.7182206682206685
0.5,0.25,89,0.13043478260869565,0.9166666666666666,0.3333333333333333,0.004570256132756114,0.6378781517793201
0.5,0.25,90,0.43478260869565216,0.9166666666666666,0.16666666666666666,0.003945707070707057,0.8764367816091954
0.5,0.25,91,0.17391304347826086,0.9166666666666666,0.4583333333333333,0.005106872294372355,0.3514288213831756
0.5,0.25,92,0.30434782608695654,0.9166666666666666,0.25,0.0037315115440115483,0.8729649302769625
0.5,0.25,93,0.17391304347826086,0.6666666666666666,0.25,0.004526289682539618,0.7310128909574187
0.5,0.25,94,0.34782608695652173,0.9583333333333334,0.375,0.004423309178743957,0.8041634077372002
0.5,0.25,95,0.30434782608695654,0.9583333333333334,0.5,0.005081090407177374,0.7610031539824583
0.5,0.25,96,0.17391304347826086,0.875,0.5416666666666666,0.005954743008314402,0.8531579299243499
0.5,0.25,97,0.4782608695652174,0.9166666666666666,0.4583333333333333,0.004908459595959591,0.7620896242747278
0.5,0.25,98,0.30434782608695654,0.9583333333333334,0.5,0.004930124223602453,0.7538517530025476
0.5,0.25,99,0.21739130434782608,0.875,0.375,0.0047548185941042945,0.7663779864818276
0.5,0.25,100,0.2608695652173913,0.9583333333333334,0.4583333333333333,0.005208333333333365,0.8155706840228425
0.5,0.25,101,0.21739130434782608,0.8333333333333334,0.25,0.0043105158730158185,0.8554491612208489
0.5,0.25,102,0.2608695652173913,0.875,0.3333333333333333,0.004039115646258489,0.6100654384904475
0.5,0.25,103,0.2608695652173913,0.7083333333333334,0.25,0.004321311858076545,0.5510984159958455
0.5,0.25,104,0.2608695652173913,0.9166666666666666,0.2916666666666667,0.004507124819624827,0.8213056514399454
0.5,0.25,105,0.13043478260869565,0.9166666666666666,0.4166666666666667,0.004622113997113975,0.75698131302999
0.5,0.25,106,0.08695652173913043,0.8333333333333334,0.20833333333333334,0.004099702380952386,0.7062220489886352
0.5,0.25,107,0.5217391304347826,0.7916666666666666,0.25,0.004273705096073464,0.8222224501728432
0.5,0.25,108,0.17391304347826086,0.7916666666666666,0.20833333333333334,0.004244987468671641,0.8065728799480304
0.5,0.25,109,0.43478260869565216,0.9583333333333334,0.5416666666666666,0.005059523809523767,0.8565277388696944
0.5,0.25,110,0.2608695652173913,0.9166666666666666,0.4166666666666667,0.004441738816738816,0.8359835962673141
0.5,0.25,111,0.30434782608695654,0.9583333333333334,0.375,0.004660541752933101,0.6960197463750013
0.5,0.25,112,0.17391304347826086,0.875,0.16666666666666666,0.003476946334089163,0.5423598656124488
0.5,0.25,113,0.17391304347826086,0.9166666666666666,0.2916666666666667,0.00477092352092355,0.8253164043896363
0.5,0.25,114,0.21739130434782608,0.9166666666666666,0.25,0.0038014069264069583,0.5948734773359864
0.5,0.25,115,0.043478260869565216,0.7083333333333334,0.2916666666666667,0.004735644257703068,0.8619721145618362
0.5,0.25,116,0.17391304347826086,0.9166666666666666,0.25,0.003548881673881671,0.5369073191992779
0.5,0.25,117,0.17391304347826086,0.9166666666666666,0.20833333333333334,0.004146374458874472,0.6023358243226321
0.5,0.25,118,0.2608695652173913,0.875,0.4166666666666667,0.005165816326530628,0.7791990838267046
0.5,0.25,119,0.30434782608695654,0.7916666666666666,0.5,0.005965434419381816,0.7102438154845607
0.5,0.25,120,0.30434782608695654,0.8333333333333334,0.25,0.003749999999999981,0.850762463186364
0.5,0.25,121,0.34782608695652173,0.875,0.5,0.005201247165532973,0.847046541424346
0.5,0.25,122,0.21739130434782608,0.875,0.375,0.005288643235071838,0.8553499825552291
0.5,0.25,123,0.21739130434782608,0.8333333333333334,0.4166666666666667,0.005233134920634891,0.5914577530176414
0.5,0.25,124,0.34782608695652173,0.9583333333333334,0.5416666666666666,0.005143633540372645,0.7131537578006317
0.5,0.25,125,0.34782608695652173,0.9583333333333334,0.375,0.00447722567287786,0.8460494686717048
0.5,0.25,126,0.30434782608695654,0.8333333333333334,0.25,0.0036706349206348963,0.8561167317907533
0.5,0.25,127,0.2608695652173913,0.9166666666666666,0.3333333333333333,0.0041689213564213646,0.8715110994103826
0.5,0.25,128,0.21739130434782608,0.8333333333333334,0.375,0.004407242063492062,0.6391899792527898
0.5,0.25,129,0.13043478260869565,0.9583333333333334,0.4166666666666667,0.004403899240855723,0.8492881483494656
0.5,0.25,130,0.30434782608695654,0.8333333333333334,0.375,0.004831349206349233,0.8465371003776274
0.5,0.25,131,0.21739130434782608,0.9166666666666666,0.3333333333333333,0.004281655844155877,0.8470264695771742
0.5,0.25,132,0.34782608695652173,0.9583333333333334,0.4583333333333333,0.004852484472049653,0.8699904457617194
0.5,0.25,133,0.13043478260869565,0.8333333333333334,0.3333333333333333,0.004670138888888892,0.6377346556828019
0.5,0.25,134,0.21739130434782608,0.875,0.4166666666666667,0.005050075585789874,0.6555063655491085
0.5,0.25,135,0.2608695652173913,0.8333333333333334,0.5,0.0054489087301587465,0.854435380485686
0.5,0.25,136,0.2608695652173913,0.9166666666666666,0.5416666666666666,0.006114718614718603,0.7655644463557109
0.5,0.25,137,0.34782608695652173,0.9166666666666666,0.3333333333333333,0.004358315295815308,0.7223424480220049
0.5,0.25,138,0.391304347826087,0.7916666666666666,0.4583333333333333,0.004910714285714283,0.8463892223839524
0.5,0.25,139,0.2608695652173913,0.9166666666666666,0.375,0.004153138528138523,0.8607191671719403
0.5,0.25,140,0.21739130434782608,0.8333333333333334,0.25,0.004285714285714287,0.633624095722173
0.5,0.25,141,0.34782608695652173,0.9166666666666666,0.5,0.0050482503607503955,0.855495472704466
0.5,0.25,142,0.4782608695652174,0.8333333333333334,0.4583333333333333,0.005243055555555609,0.8655466909265608
0.5,0.25,143,0.08695652173913043,0.875,0.25,0.003821806500377942,0.40027969392360013
0.5,0.25,144,0.08695652173913043,0.7916666666666666,0.20833333333333334,0.00374634502923982,0.5770200279643161
0.5,0.25,145,0.21739130434782608,0.8333333333333334,0.4166666666666667,0.005104166666666671,0.8028113695090441
0.5,0.25,146,0.13043478260869565,0.8333333333333334,0.3333333333333333,0.0042832341269841145,0.7588644796391769
0.5,0.25,147,0.13043478260869565,0.75,0.25,0.004059193121693135,0.6494896534607392
0.5,0.25,148,0.2608695652173913,0.9166666666666666,0.3333333333333333,0.004640151515151509,0.8127300326464412
0.5,0.25,149,0.34782608695652173,0.8333333333333334,0.2916666666666667,0.0040302579365079525,0.6865828857485526
0.5,0.25,150,0.34782608695652173,0.8333333333333334,0.375,0.0047668650793650956,0.5845781106083058
0.5,0.25,151,0.08695652173913043,0.875,0.3333333333333333,0.004636715797430037,0.38596385117085524
0.5,0.25,152,0.21739130434782608,0.875,0.375,0.003916288737717306,0.7077489598280181
0.5,0.25,153,0.2608695652173913,0.9166666666666666,0.5,0.005706619769119781,0.6980875851295197
0.5,0.25,154,0.391304347826087,0.8333333333333334,0.20833333333333334,0.004104662698412709,0.8489411950710973
0.5,0.25,155,0.21739130434782608,0.8333333333333334,0.25,0.004092261904761874,0.8495941362400109
0.5,0.25,156,0.30434782608695654,0.875,0.25,0.004265873015873033,0.7270677322593498
0.5,0.25,157,0.391304347826087,0.875,0.20833333333333334,0.0034108087679516658,0.8052933467046581
0.5,0.25,158,0.13043478260869565,0.875,0.625,0.005964191232048335,0.8717288940745062
0.5,0.25,159,0.30434782608695654,0.7916666666666666,0.25,0.004359857978279021,0.6371834894207421
0.5,0.25,160,0.30434782608695654,0.9583333333333334,0.3333333333333333,0.00418823326432024,0.7699696030366918
0.5,0.25,161,0.30434782608695654,0.9166666666666666,0.4583333333333333,0.005354888167388156,0.849085668853111
0.5,0.25,162,0.30434782608695654,0.9583333333333334,0.5,0.005238526570048351,0.5382824242733043
0.5,0.25,163,0.21739130434782608,0.875,0.375,0.004858749055177606,0.770273521687715
0.5,0.25,164,0.13043478260869565,1.0,0.25,0.003676835317460348,0.6603983730944021
0.5,0.25,165,0.30434782608695654,0.875,0.25,0.003550170068027227,0.8201267914421175
0.5,0.25,166,0.17391304347826086,0.9166666666666666,0.375,0.004863365800865781,0.7226607906360867
0.5,0.25,167,0.2608695652173913,0.8333333333333334,0.4166666666666667,0.004625496031746073,0.5926254318647386
0.5,0.25,168,0.2608695652173913,0.9583333333333334,0.375,0.004039423740510704,0.6575911471407357
0.5,0.25,169,0.2608695652173913,0.75,0.3333333333333333,0.004728835978835987,0.8237959214088777
0.5,0.25,170,0.2608695652173913,0.7916666666666666,0.3333333333333333,0.004803675856307406,0.854147354962442
0.5,0.25,171,0.17391304347826086,1.0,0.5416666666666666,0.0046068948412698275,0.7717421470922167
0.5,0.25,172,0.2608695652173913,0.6666666666666666,0.25,0.0046099950396825615,0.8221402737394511
0.5,0.25,173,0.2608695652173913,0.875,0.20833333333333334,0.00409344293272873,0.8214657811640123
0.5,0.25,174,0.2608695652173913,0.75,0.3333333333333333,0.00478395061728402,0.6048310149148799
0.5,0.25,175,0.21739130434782608,0.8333333333333334,0.375,0.004419642857142869,0.8247292437163148
0.5,0.25,176,0.2608695652173913,0.9166666666666666,0.25,0.003544372294372292,0.8584473912742344
0.5,0.25,177,0.2608695652173913,0.7916666666666666,0.2916666666666667,0.0041692773600668625,0.8682983156362177
0.5,0.25,178,0.21739130434782608,0.875,0.375,0.004556405895691628,0.8596667624245907
0.5,0.25,179,0.34782608695652173,0.75,0.20833333333333334,0.004188712522045816,0.776899136178862
0.5,0.25,180,0.17391304347826086,0.9166666666666666,0.4166666666666667,0.00496257215007213,0.7133365999125396
0.5,0.25,181,0.21739130434782608,0.875,0.4166666666666667,0.004764266817838243,0.85145706916664
0.5,0.25,182,0.30434782608695654,0.8333333333333334,0.2916666666666667,0.0044444444444444505,0.856747654558576
0.5,0.25,183,0.391304347826087,0.7083333333333334,0.2916666666666667,0.003746498599439717,0.754273041687568
0.5,0.25,184,0.4782608695652174,0.7916666666666666,0.16666666666666666,0.004007414369256457,0.8246935947991048
0.5,0.25,185,0.21739130434782608,0.75,0.08333333333333333,0.0034198633156966645,0.8675814272840408
0.5,0.25,186,0.30434782608695654,0.7916666666666666,0.3333333333333333,0.005310150375939889,0.8242572655826156
0.5,0.25,187,0.13043478260869565,0.9583333333333334,0.4583333333333333,0.004919340924775731,0.7624486420837748
0.5,0.25,188,0.34782608695652173,0.875,0.25,0.003854875283446693,0.7222386462103064
0.5,0.25,189,0.34782608695652173,0.9166666666666666,0.4583333333333333,0.00478219696969695,0.8379947007612395
0.5,0.25,190,0.21739130434782608,0.9166666666666666,0.4166666666666667,0.004734848484848539,0.8231984759665595
0.5,0.25,191,0.17391304347826086,0.875,0.20833333333333334,0.003462773998488277,0.3769488870307061
0.5,0.25,192,0.21739130434782608,0.9166666666666666,0.3333333333333333,0.003941197691197662,0.7583377703405085
0.5,0.25,193,0.391304347826087,0.7916666666666666,0.2916666666666667,0.004419903926482861,0.7744706574823819
0.5,0.25,194,0.30434782608695654,0.8333333333333334,0.20833333333333334,0.0034523809523809347,0.8177937024290329
0.5,0.25,195,0.13043478260869565,0.875,0.5,0.005047713529856382,0.6536896898648356
0.5,0.25,196,0.17391304347826086,0.9166666666666666,0.375,0.004655934343434395,0.858488493857431
0.5,0.25,197,0.391304347826087,0.875,0.375,0.004830404383975877,0.6557890614802248
0.5,0.25,198,0.34782608695652173,0.9166666666666666,0.2916666666666667,0.003968253968253969,0.5889585167538456
0.5,0.25,199,0.30434782608695654,0.875,0.375,0.004686318972033225,0.4631221787390779
0.5,0.5,0,0.4782608695652174,0.7916666666666666,0.4583333333333333,0.005526837928153783,0.8587458840509063
0.5,0.5,1,0.4782608695652174,0.9166666666666666,0.5416666666666666,0.004894931457431432,0.8582654498992479
0.5,0.5,2,0.5652173913043478,0.9166666666666666,0.375,0.004507124819624852,0.7288153248403662
0.5,0.5,3,0.4782608695652174,0.7916666666666666,0.4166666666666667,0.004874164578111979,0.8213458715272347
0.5,0.5,4,0.43478260869565216,0.875,0.4583333333333333,0.005583900226757323,0.8015721448187249
0.5,0.5,5,0.5217391304347826,0.7916666666666666,0.2916666666666667,0.004584377610693384,0.8613223030631499
0.5,0.5,6,0.6521739130434783,0.7916666666666666,0.3333333333333333,0.004667919799498754,0.8273497460424521
0.5,0.5,7,0.34782608695652173,0.8333333333333334,0.3333333333333333,0.004265873015873061,0.8158009493401237
0.5,0.5,8,0.782608695652174,0.7916666666666666,0.5,0.005007309941520444,0.8613658121476436
0.5,0.5,9,0.5652173913043478,0.9166666666666666,0.4583333333333333,0.005350378787878792,0.8213331917491835
0.5,0.5,10,0.5652173913043478,0.875,0.375,0.004653250188964532,0.821362282220454
0.5,0.5,11,0.43478260869565216,0.9166666666666666,0.5,0.005399981962481971,0.7059623227811223
0.5,0.5,12,0.5652173913043478,0.9166666666666666,0.25,0.0043087121212121585,0.7746716276933832
0.5,0.5,13,0.4782608695652174,0.9166666666666666,0.20833333333333334,0.004281655844155832,0.8629421432235238
0.5,0.5,14,0.4782608695652174,0.9166666666666666,0.4166666666666667,0.004491341991342036,0.8580080858746948
0.5,0.5,15,0.5217391304347826,0.8333333333333334,0.375,0.004456845238095197,0.6522360245376941
0.5,0.5,16,0.4782608695652174,0.875,0.375,0.004303665910808742,0.8179778343975757
0.5,0.5,17,0.34782608695652173,0.75,0.2916666666666667,0.004577270723104049,0.777614424127334
0.5,0.5,18,0.4782608695652174,0.7916666666666666,0.25,0.0044538429406850415,0.8621776381855862
0.5,0.5,19,0.2608695652173913,0.9166666666666666,0.4166666666666667,0.004180194805194795,0.8317815953868333
0.5,0.5,20,0.391304347826087,0.7916666666666666,0.125,0.003111946532999148,0.8494700142264614
0.5,0.5,21,0.391304347826087,0.75,0.3333333333333333,0.004803240740740757,0.8296558180401344
0.5,0.5,22,0.6521739130434783,0.9166666666666666,0.4166666666666667,0.0051632395382395805,0.8541836814315812
0.5,0.5,23,0.5217391304347826,0.6666666666666666,0.25,0.003531125992063476,0.8626171684274346
0.5,0.5,24,0.34782608695652173,0.9166666666666666,0.375,0.003880321067821112,0.872821555990029
0.5,0.5,25,0.4782608695652174,0.7916666666666666,0.25,0.004077903091061012,0.8069345941686368
0.5,0.5,26,0.34782608695652173,0.9166666666666666,0.5,0.005158730158730115,0.6048598548750992
0.5,0.5,27,0.5217391304347826,0.7083333333333334,0.2916666666666667,0.00430380485527538,0.8408699945430448
0.5,0.5,28,0.6086956521739131,0.8333333333333334,0.4166666666666667,0.005007440476190434,0.8245348786333433
0.5,0.5,29,0.43478260869565216,0.9166666666666666,0.4583333333333333,0.005030212842712873,0.6449155114843673
0.5,0.5,30,0.43478260869565216,0.9166666666666666,0.2916666666666667,0.0040539321789321795,0.5903566939941001
0.5,0.5,31,0.6521739130434783,0.8333333333333334,0.2916666666666667,0.004476686507936478,0.8506762322860509
0.5,0.5,32,0.391304347826087,0.9166666666666666,0.375,0.00431998556998557,0.8522271977374498
0.5,0.5,33,0.43478260869565216,0.7916666666666666,0.3333333333333333,0.003910818713450273,0.8213859083461074
0.5,0.5,34,0.5652173913043478,0.7916666666666666,0.3333333333333333,0.004200605680868821,0.8803696377432021
0.5,0.5,35,0.6086956521739131,0.9583333333333334,0.2916666666666667,0.0037288647342994963,0.8204788746961785
0.5,0.5,36,0.391304347826087,0.7083333333333334,0.2916666666666667,0.003898225957049479,0.6960461707209561
0.5,0.5,37,0.5217391304347826,1.0,0.3333333333333333,0.0037595072751322226,0.8673113124064808
0.5,0.5,38,0.4782608695652174,0.7916666666666666,0.375,0.004130116959064324,0.8543318964415196
0.5,0.5,39,0.4782608695652174,0.875,0.3333333333333333,0.004830404383975771,0.8837801795346429
0.5,0.5,40,0.43478260869565216,0.75,0.4583333333333333,0.005420524691358027,0.8176397113007666
0.5,0.5,41,0.5652173913043478,0.9166666666666666,0.16666666666666666,0.0038104256854256872,0.8770765117606417
0.5,0.5,42,0.5217391304347826,0.8333333333333334,0.4166666666666667,0.005104166666666693,0.8770727160660866
0.5,0.5,43,0.4782608695652174,0.625,0.20833333333333334,0.004566798941798937,0.8652792643639373
0.5,0.5,44,0.391304347826087,0.9166666666666666,0.5416666666666666,0.005893759018759028,0.8356244025975305
0.5,0.5,45,0.391304347826087,0.7916666666666666,0.375,0.004842836257310015,0.7200575592059264
0.5,0.5,46,0.6521739130434783,0.875,0.20833333333333334,0.003739134542705966,0.8516841524019876
0.5,0.5,47,0.5652173913043478,0.8333333333333334,0.375,0.0050694444444445205,0.8610438740162045
0.5,0.5,48,0.391304347826087,0.8333333333333334,0.4166666666666667,0.004890873015873059,0.5421668046357617
0.5,0.5,49,0.34782608695652173,0.875,0.375,0.004627267573696137,0.7628355375494492
0.5,0.5,50,0.5217391304347826,0.8333333333333334,0.4166666666666667,0.004578373015872999,0.8550230578590179
0.5,0.5,51,0.4782608695652174,0.7916666666666666,0.3333333333333333,0.004453842940685007,0.8439437046332257
0.5,0.5,52,0.5652173913043478,0.9583333333333334,0.3333333333333333,0.004067460317460274,0.7698202028162006
0.5,0.5,53,0.6086956521739131,0.7916666666666666,0.2916666666666667,0.004310254803675832,0.7728713503973551
0.5,0.5,54,0.6086956521739131,0.7083333333333334,0.2916666666666667,0.004971988795518268,0.8691361534283293
0.5,0.5,55,0.34782608695652173,0.8333333333333334,0.2916666666666667,0.004794146825396845,0.7785621159469975
0.5,0.5,56,0.391304347826087,0.875,0.375,0.004379251700680246,0.6435637669798873
0.5,0.5,57,0.21739130434782608,0.9583333333333334,0.25,0.0038302277432712465,0.5928761892904205
0.5,0.5,58,0.5217391304347826,0.7916666666666666,0.4583333333333333,0.005678258145363409,0.854323059946224
0.5,0.5,59,0.43478260869565216,0.875,0.16666666666666666,0.0027825018896447317,0.7172113566673554
0.5,0.5,60,0.5217391304347826,0.875,0.2916666666666667,0.004613095238095224,0.8765643904083777
0.5,0.5,61,0.391304347826087,0.7916666666666666,0.16666666666666666,0.0034904970760233707,0.8498759756839537
0.5,0.5,62,0.5652173913043478,0.9583333333333334,0.4583333333333333,0.005279503105590082,0.8823761499672811
0.5,0.5,63,0.391304347826087,0.9166666666666666,0.4166666666666667,0.004457521645021617,0.7577899837099534
0.5,0.5,64,0.391304347826087,0.8333333333333334,0.4166666666666667,0.005034722222222199,0.6910829528118396
0.5,0.5,65,0.2608695652173913,0.7916666666666666,0.4166666666666667,0.005103905597326646,0.846325898261958
0.5,0.5,66,0.5217391304347826,0.9583333333333334,0.4166666666666667,0.004975414078674933,0.8419532826656362
0.5,0.5,67,0.6086956521739131,0.875,0.3333333333333333,0.00443594104308399,0.8605981584240476
0.5,0.5,68,0.391304347826087,0.875,0.375,0.004098167044595646,0.8192048942304708
0.5,0.5,69,0.391304347826087,0.9166666666666666,0.4583333333333333,0.005025703463203488,0.8236385535993439
0.5,0.5,70,0.6086956521739131,0.9583333333333334,0.3333333333333333,0.004319789510006849,0.872976332462722
0.5,0.5,71,0.4782608695652174,0.875,0.2916666666666667,0.004447751322751384,0.8688232083630713
0.5,0.5,72,0.4782608695652174,1.0,0.25,0.0035197585978835877,0.8451562835057338
0.5,0.5,73,0.6521739130434783,1.0,0.6666666666666666,0.0061941964285714595,0.8501723844714831
0.5,0.5,74,0.6086956521739131,0.9583333333333334,0.2916666666666667,0.003912180814354738,0.8702115850463994
0.5,0.5,75,0.5652173913043478,0.7916666666666666,0.16666666666666666,0.002999686716791955,0.8441484736620135
0.5,0.5,76,0.30434782608695654,0.7916666666666666,0.2916666666666667,0.004015246449456979,0.8261745563006786
0.5,0.5,77,0.5652173913043478,0.7916666666666666,0.375,0.005325814536340862,0.8003593817001206
0.5,0.5,78,0.4782608695652174,1.0,0.2916666666666667,0.0030443948412698743,0.8667422694420199
0.5,0.5,79,0.4782608695652174,0.8333333333333334,0.20833333333333334,0.0035689484126983973,0.7569141193595342
0.5,0.5,80,0.4782608695652174,0.9166666666666666,0.3333333333333333,0.00429518398268397,0.6551921915878446
0.5,0.5,81,0.391304347826087,0.875,0.4166666666666667,0.00515873015873013,0.870722852902242
0.5,0.5,82,0.391304347826087,0.9583333333333334,0.5,0.005566338854382344,0.7018517519819186
0.5,0.5,83,0.5217391304347826,0.9583333333333334,0.375,0.004697204968944151,0.8202642265974402
0.5,0.5,84,0.391304347826087,0.875,0.4166666666666667,0.005111489040060514,0.7641672102466082
0.5,0.5,85,0.30434782608695654,0.875,0.375,0.0049390589569161215,0.6789554844192922
0.5,0.5,86,0.5217391304347826,0.875,0.3333333333333333,0.004700491307634148,0.8767796693322868
0.5,0.5,87,0.6521739130434783,0.9583333333333334,0.375,0.004524672187715684,0.7793855262430451
0.5,0.5,88,0.5217391304347826,0.75,0.20833333333333334,0.003775352733686054,0.8114127394304285
0.5,0.5,89,0.5217391304347826,0.9166666666666666,0.2916666666666667,0.004241071428571461,0.8646062946240811
0.5,0.5,90,0.30434782608695654,0.8333333333333334,0.20833333333333334,0.003534226190476192,0.7730681336458298
0.5,0.5,91,0.4782608695652174,0.75,0.20833333333333334,0.004276895943562638,0.8339121063345709
0.5,0.5,92,0.43478260869565216,0.9583333333333334,0.25,0.0037267080745340855,0.8702942809550249
0.5,0.5,93,0.4782608695652174,0.875,0.2916666666666667,0.0040721844293273145,0.8605254639333909
0.5,0.5,94,0.34782608695652173,0.875,0.4583333333333333,0.004901266061980386,0.841121592474208
0.5,0.5,95,0.5217391304347826,0.9583333333333334,0.4166666666666667,0.005087560386473434,0.5865605433097142
0.5,0.5,96,0.2608695652173913,0.9166666666666666,0.4583333333333333,0.004288419913419913,0.7138743223750336
0.5,0.5,97,0.4782608695652174,0.9166666666666666,0.2916666666666667,0.0045882936507936675,0.7779299570368444
0.5,0.5,98,0.2608695652173913,0.8333333333333334,0.375,0.004672619047619059,0.8317072797949897
0.5,0.5,99,0.43478260869565216,0.7083333333333334,0.4166666666666667,0.005342553688141953,0.8167969796102688
0.5,0.5,100,0.43478260869565216,0.875,0.4166666666666667,0.00492488662131512,0.8514038028785889
0.5,0.5,101,0.4782608695652174,0.75,0.20833333333333334,0.004599316578483257,0.8705426074479201
0.5,0.5,102,0.4782608695652174,0.9583333333333334,0.2916666666666667,0.004032953761214602,0.7537916891287314
0.5,0.5,103,0.43478260869565216,0.9166666666666666,0.375,0.004405663780663785,0.8240793333993404
0.5,0.5,104,0.4782608695652174,0.8333333333333334,0.2916666666666667,0.004742063492063492,0.8557011230232766
0.5,0.5,105,0.6086956521739131,0.875,0.375,0.00456349206349201,0.8619066300510002
0.5,0.5,106,0.6521739130434783,0.8333333333333334,0.4583333333333333,0.0052876984126984826,0.8222883228394413
0.5,0.5,107,0.4782608695652174,0.875,0.375,0.004412320483749124,0.8634314228029247
0.5,0.5,108,0.5217391304347826,0.9166666666666666,0.375,0.00413961038961041,0.7121907032677558
0.5,0.5,109,0.5217391304347826,0.9166666666666666,0.5416666666666666,0.005533008658008668,0.816296605552699
0.5,0.5,110,0.391304347826087,0.9583333333333334,0.3333333333333333,0.00439311594202902,0.8093847253975769
0.5,0.5,111,0.6086956521739131,0.875,0.2916666666666667,0.004065098261526827,0.8086891327038139
0.5,0.5,112,0.34782608695652173,0.9583333333333334,0.375,0.004371549344375428,0.6756857045672411
0.5,0.5,113,0.34782608695652173,0.8333333333333334,0.3333333333333333,0.004017857142857145,0.8539667973638108
0.5,0.5,114,0.5217391304347826,0.9583333333333334,0.4583333333333333,0.004209799861973789,0.6338899478968105
0.5,0.5,115,0.4782608695652174,0.9166666666666666,0.20833333333333334,0.004164411976912,0.8756443396751363
0.5,0.5,116,0.4782608695652174,0.7916666666666666,0.3333333333333333,0.004153613199665837,0.7878361929789717
0.5,0.5,117,0.43478260869565216,0.9166666666666666,0.2916666666666667,0.003945707070707052,0.8655329987264962
0.5,0.5,118,0.6086956521739131,0.875,0.3333333333333333,0.004530423280423296,0.8579824959993677
0.5,0.5,119,0.6086956521739131,0.7916666666666666,0.20833333333333334,0.004072681704260661,0.8566146197467567
0.5,0.5,120,0.34782608695652173,0.8333333333333334,0.25,0.004109623015873027,0.83335748292279
0.5,0.5,121,0.30434782608695654,0.75,0.3333333333333333,0.004654431216931222,0.7680118419441235
0.5,0.5,122,0.391304347826087,0.75,0.3333333333333333,0.005685074955908303,0.6629415645428922
0.5,0.5,123,0.6086956521739131,0.9166666666666666,0.3333333333333333,0.004433922558922581,0.7732702228367812
0.5,0.5,124,0.6086956521739131,0.8333333333333334,0.20833333333333334,0.003876488095238101,0.8745319302233541
0.5,0.5,125,0.34782608695652173,0.9166666666666666,0.375,0.004105790043290117,0.85259800173991
0.5,0.5,126,0.391304347826087,0.75,0.25,0.0044505070546737085,0.829213318237095
0.5,0.5,127,0.5217391304347826,0.8333333333333334,0.3333333333333333,0.004655257936507923,0.75305084494442
0.5,0.5,128,0.6956521739130435,1.0,0.25,0.003949652777777808,0.811637765731403
0.5,0.5,129,0.6521739130434783,0.875,0.25,0.00484221466364325,0.8706261231247602
0.5,0.5,130,0.34782608695652173,0.75,0.4583333333333333,0.005541776895943564,0.8535710128203181
0.5,0.5,131,0.5217391304347826,0.8333333333333334,0.375,0.0043105158730158966,0.8145987347353096
0.5,0.5,132,0.43478260869565216,0.75,0.16666666666666666,0.004494598765432067,0.8783217955906785
0.5,0.5,133,0.6521739130434783,0.9166666666666666,0.5,0.004773178210678181,0.8458223015824149
0.5,0.5,134,0.34782608695652173,0.8333333333333334,0.3333333333333333,0.0047495039682539765,0.543491516158197
0.5,0.5,135,0.6086956521739131,0.9583333333333334,0.4166666666666667,0.005009920634920673,0.8047320240671976
0.5,0.5,136,0.30434782608695654,0.875,0.4583333333333333,0.004754818594104326,0.8524427287357631
0.5,0.5,137,0.4782608695652174,0.8333333333333334,0.4166666666666667,0.004548611111111123,0.7092840124379112
0.5,0.5,138,0.391304347826087,0.875,0.4583333333333333,0.004809145880574456,0.8544913815922647
0.5,0.5,139,0.6521739130434783,0.9583333333333334,0.4166666666666667,0.004800724637681148,0.8499721840262836
0.5,0.5,140,0.34782608695652173,0.7916666666666666,0.2916666666666667,0.00425281954887218,0.8358376411622224
0.5,0.5,141,0.5652173913043478,0.75,0.375,0.005693342151675502,0.8478601117364759
0.5,0.5,142,0.6086956521739131,0.9166666666666666,0.4166666666666667,0.0045657467532467496,0.806327845531621
0.5,0.5,143,0.43478260869565216,0.75,0.2916666666666667,0.004511133156966484,0.8590475422070721
0.5,0.5,144,0.43478260869565216,0.8333333333333334,0.2916666666666667,0.004518849206349235,0.8616789490547899
0.5,0.5,145,0.43478260869565216,0.7083333333333334,0.25,0.00435340802987857,0.8284673618796727
0.5,0.5,146,0.5217391304347826,0.9583333333333334,0.4583333333333333,0.005135006901311291,0.8276792731694538
0.5,0.5,147,0.43478260869565216,0.9583333333333334,0.16666666666666666,0.003288906142167007,0.7107542584206282
0.5,0.5,148,0.5652173913043478,0.9166666666666666,0.5,0.004899440836940847,0.868403200383088
0.5,0.5,149,0.5217391304347826,0.9166666666666666,0.4583333333333333,0.004888167388167391,0.6087877615041454
0.5,0.5,150,0.391304347826087,0.9583333333333334,0.375,0.004787784679089024,0.644644826992946
0.5,0.5,151,0.5217391304347826,0.9583333333333334,0.25,0.00412569013112494,0.8651787806974138
0.5,0.5,152,0.4782608695652174,0.75,0.3333333333333333,0.004761904761904788,0.8493732475672107
0.5,0.5,153,0.6086956521739131,0.875,0.25,0.004509164777021886,0.861762378711531
0.5,0.5,154,0.43478260869565216,0.9166666666666666,0.4583333333333333,0.005003156565656606,0.7839710600100546
0.5,0.5,155,0.5217391304347826,0.9166666666666666,0.375,0.004642406204906211,0.8284884019427643
0.5,0.5,156,0.43478260869565216,0.7916666666666666,0.3333333333333333,0.00464442355889727,0.8158203705663307
0.5,0.5,157,0.6086956521739131,0.875,0.2916666666666667,0.005064247921390787,0.8431161094849277
0.5,0.5,158,0.5217391304347826,0.9166666666666666,0.375,0.004536435786435755,0.8018026656438777
0.5,0.5,159,0.43478260869565216,0.7083333333333334,0.4583333333333333,0.005503034547152208,0.6428923615653209
0.5,0.5,160,0.5652173913043478,0.875,0.25,0.004662698412698444,0.8234400274496348
0.5,0.5,161,0.6086956521739131,0.9583333333333334,0.5,0.005236369910282945,0.8566842179566952
0.5,0.5,162,0.21739130434782608,0.8333333333333334,0.4166666666666667,0.004593253968253936,0.8672358810821933
0.5,0.5,163,0.6086956521739131,0.8333333333333334,0.4166666666666667,0.004134424603174614,0.8607022466028771
0.5,0.5,164,0.391304347826087,0.7083333333333334,0.041666666666666664,0.0031629318394024684,0.8579934721628413
0.5,0.5,165,0.5217391304347826,0.7916666666666666,0.3333333333333333,0.0048062865497075944,0.8149893776461267
0.5,0.5,166,0.43478260869565216,0.9166666666666666,0.4166666666666667,0.0048588564213564575,0.7568087854652816
0.5,0.5,167,0.4782608695652174,0.875,0.375,0.004497354497354482,0.8672018809844229
0.5,0.5,168,0.43478260869565216,0.875,0.3333333333333333,0.004235166288737683,0.8614265354318554
0.5,0.5,169,0.4782608695652174,0.9166666666666666,0.4583333333333333,0.005048250360750365,0.8629902197084123
0.5,0.5,170,0.5652173913043478,0.8333333333333334,0.20833333333333334,0.0035218253968254064,0.8112666153106434
0.5,0.5,171,0.4782608695652174,0.9583333333333334,0.3333333333333333,0.0046238785369220135,0.8681764669434291
0.5,0.5,172,0.391304347826087,0.875,0.25,0.0039328231292517,0.8200657165319414
0.5,0.5,173,0.391304347826087,0.875,0.4166666666666667,0.0048516628873772035,0.8832546915734815
0.5,0.5,174,0.5652173913043478,0.875,0.2916666666666667,0.004303665910808753,0.820592010465179
0.5,0.5,175,0.391304347826087,0.7083333333333334,0.3333333333333333,0.00487861811391226,0.857669824931951
0.5,0.5,176,0.43478260869565216,0.8333333333333334,0.25,0.003918650793650824,0.7393450262667346
0.5,0.5,177,0.34782608695652173,0.9166666666666666,0.375,0.004694264069264032,0.8517162287231904
0.5,0.5,178,0.4782608695652174,0.75,0.25,0.0040895061728394855,0.8533067055841463
0.5,0.5,179,0.5652173913043478,0.9166666666666666,0.375,0.004572510822510811,0.817527181647407
0.5,0.5,180,0.7391304347826086,0.7916666666666666,0.20833333333333334,0.00411445279866331,0.8187495962993692
0.5,0.5,181,0.391304347826087,0.7916666666666666,0.16666666666666666,0.0035688178780284296,0.848017687553389
0.5,0.5,182,0.43478260869565216,0.875,0.4583333333333333,0.00485874905517757,0.8668496107770711
0.5,0.5,183,0.4782608695652174,0.9166666666666666,0.25,0.0037495490620490612,0.76323937452999
0.5,0.5,184,0.34782608695652173,0.7083333333333334,0.20833333333333334,0.004210434173669541,0.768559851304943
0.5,0.5,185,0.4782608695652174,0.75,0.3333333333333333,0.004833553791887139,0.8762866555625032
0.5,0.5,186,0.43478260869565216,0.9166666666666666,0.4166666666666667,0.005149711399711387,0.845914940110068
0.5,0.5,187,0.2608695652173913,0.8333333333333334,0.4166666666666667,0.00538194444444442,0.81588202889953
0.5,0.5,188,0.4782608695652174,0.875,0.3333333333333333,0.003972978080120939,0.7746268965659994
0.5,0.5,189,0.4782608695652174,0.875,0.20833333333333334,0.0037863756613756346,0.6453437478957644
0.5,0.5,190,0.5652173913043478,0.9166666666666666,0.4583333333333333,0.005436056998556971,0.8511930497413491
0.5,0.5,191,0.391304347826087,0.9583333333333334,0.375,0.004453502415458938,0.6195118130792328
0.5,0.5,192,0.5217391304347826,0.9166666666666666,0.375,0.0047551406926407335,0.8644335274965528
0.5,0.5,193,0.5217391304347826,0.8333333333333334,0.5833333333333334,0.005446428571428597,0.8597135420569619
0.5,0.5,194,0.43478260869565216,1.0,0.4166666666666667,0.004329943783068789,0.7720967394332514
0.5,0.5,195,0.5652173913043478,0.8333333333333334,0.2916666666666667,0.004203869047619091,0.8231072183446617
0.5,0.5,196,0.391304347826087,0.9166666666666666,0.16666666666666666,0.003197150072150051,0.8684371532566654
0.5,0.5,197,0.4782608695652174,0.9583333333333334,0.25,0.003791407867494825,0.8441194118642592
0.5,0.5,198,0.5652173913043478,0.9583333333333334,0.375,0.004576432022084237,0.765284602784603
0.5,0.5,199,0.43478260869565216,0.7916666666666666,0.2916666666666667,0.004524331662489526,0.8531789829052572
1.0,0.0,0,0.0,1.0,1.0,0.011666253306878357,0.15841832282432125
1.0,0.0,1,0.0,1.0,1.0,0.012776399911816576,0.14597843132101615
1.0,0.0,2,0.0,1.0,1.0,0.012435653659612014,0.16281497077071266
1.0,0.0,3,0.0,1.0,1.0,0.012967234347442716,0.14244238952394972
1.0,0.0,4,0.0,1.0,1.0,0.013103091931216962,0.14776938675617102
1.0,0.0,5,0.0,1.0,1.0,0.013543595679012426,0.12536359912446554
1.0,0.0,6,0.0,1.0,1.0,0.012922315917107583,0.15271853146853173
1.0,0.0,7,0.0,1.0,0.9583333333333334,0.012049300044091738,0.1395782250411172
1.0,0.0,8,0.0,1.0,1.0,0.013277116402116445,0.1427458246391746
1.0,0.0,9,0.0,1.0,1.0,0.013116870590828925,0.143506724137175
1.0,0.0,10,0.0,1.0,1.0,0.012641093474426828,0.15308414392969985
1.0,0.0,11,0.0,1.0,1.0,0.01282379850088181,0.1447861965491375
1.0,0.0,12,0.0,1.0,1.0,0.013471808862433895,0.13252115174382265
1.0,0.0,13,0.0,1.0,1.0,0.012488012566137593,0.15736771882854106
1.0,0.0,14,0.0,1.0,1.0,0.013927331349206326,0.12748587972851108
1.0,0.0,15,0.0,1.0,1.0,0.01326003086419753,0.13169803449112588
1.0,0.0,16,0.0,1.0,0.9583333333333334,0.011774829144620837,0.14940776672913306
1.0,0.0,17,0.0,1.0,1.0,0.012317846119929442,0.15100919370178598
1.0,0.0,18,0.0,1.0,1.0,0.012648947310405662,0.14740072041624055
1.0,0.0,19,0.0,1.0,1.0,0.012678158068783094,0.15654905301265795
1.0,0.0,20,0.0,1.0,1.0,0.013483934082892472,0.14314239470813858
1.0,0.0,21,0.0,1.0,1.0,0.01108327821869492,0.14527181361352212
1.0,0.0,22,0.0,1.0,1.0,0.013033096340388003,0.13469323791365198
1.0,0.0,23,0.0,0.9583333333333334,0.9583333333333334,0.012583822176213547,0.16020814929086
1.0,0.0,24,0.0,1.0,1.0,0.013204365079365078,0.14615452228179707
1.0,0.0,25,0.0,1.0,1.0,0.012994240520282233,0.14818948304574905
1.0,0.0,26,0.0,1.0,1.0,0.013323274911816589,0.17078338271023696
1.0,0.0,27,0.0,1.0,1.0,0.012644538139329786,0.14363876863876865
1.0,0.0,28,0.0,1.0,1.0,0.012191082451499075,0.14185238245694537
1.0,0.0,29,0.0,1.0,1.0,0.013660163139329808,0.1255230488757707
1.0,0.0,30,0.0,1.0,1.0,0.01297701719576723,0.14445459610027875
1.0,0.0,31,0.0,1.0,1.0,0.013164682539682561,0.1523499654580709
1.0,0.0,32,0.0,1.0,0.9583333333333334,0.01110656415343912,0.14378256708376178
1.0,0.0,33,0.0,1.0,1.0,0.012703648589065307,0.15185063584827233
1.0,0.0,34,0.0,1.0,1.0,0.012966958774250461,0.13849888321563444
1.0,0.0,35,0.0,1.0,1.0,0.012230076058201063,0.15048431529369943
1.0,0.0,36,0.0,1.0,0.9583333333333334,0.011247382054673754,0.14183485413763675
1.0,0.0,37,0.0,1.0,1.0,0.012657490079365044,0.156475788464062
1.0,0.0,38,0.0,1.0,1.0,0.013929673721340338,0.1309941119500845
1.0,0.0,39,0.0,1.0,1.0,0.013905147707231051,0.14434425912309912
1.0,0.0,40,0.0,1.0,1.0,0.014063464506172853,0.14477739726027383
1.0,0.0,41,0.0,1.0,1.0,0.011108079805996485,0.14555187587896398
1.0,0.0,42,0.0,1.0,1.0,0.013677386463844777,0.13061168608357485
1.0,0.0,43,0.0,1.0,1.0,0.011919505070546758,0.13757905856850827
1.0,0.0,44,0.0,1.0,1.0,0.012772679673721372,0.13110871998306067
1.0,0.0,45,0.0,1.0,1.0,0.012440751763668456,0.1289293178053921
1.0,0.0,46,0.0,1.0,1.0,0.01314373897707224,0.14901559342375828
1.0,0.0,47,0.0,1.0,1.0,0.013843419312169281,0.1381522130653092
1.0,0.0,48,0.0,1.0,1.0,0.014265184082892382,0.13442532281052574
1.0,0.0,49,0.0,1.0,1.0,0.012737957451499126,0.16460102315278755
1.0,0.0,50,0.0,1.0,1.0,0.014091848544973562,0.1496983840429748
1.0,0.0,51,0.0,1.0,1.0,0.012548914241622572,0.13876611541751194
1.0,0.0,52,0.0,1.0,1.0,0.012789902998236369,0.15161476099765228
1.0,0.0,53,0.0,1.0,1.0,0.012546709656084705,0.16397601269283535
1.0,0.0,54,0.0,1.0,1.0,0.011723159171075836,0.14277196885428295
1.0,0.0,55,0.0,1.0,1.0,0.013030616181657857,0.14528542945937967
1.0,0.0,56,0.0,1.0,1.0,0.012099867724867744,0.14281203197459372
1.0,0.0,57,0.0,1.0,1.0,0.013215663580246936,0.14400861186978983
1.0,0.0,58,0.0,1.0,1.0,0.013484485229276902,0.14994298745724075
1.0,0.0,59,0.0,1.0,0.9583333333333334,0.010432512125220486,0.15509832667711454
1.0,0.0,60,0.0,1.0,1.0,0.013655753968253944,0.1570903963625494
1.0,0.0,61,0.0,1.0,1.0,0.013958608906525602,0.14183517137466933
1.0,0.0,62,0.0,1.0,0.9583333333333334,0.01229828042328047,0.13757678364076342
1.0,0.0,63,0.0,1.0,1.0,0.013531332671957656,0.10686738993537925
1.0,0.0,64,0.0,1.0,1.0,0.013996224647266345,0.146906036486582
1.0,0.0,65,0.0,1.0,1.0,0.013731123236331555,0.145266456034098
1.0,0.0,66,0.0,1.0,1.0,0.013417934303350957,0.1459900617882903
1.0,0.0,67,0.0,1.0,1.0,0.012304756393298108,0.1449172746338752
1.0,0.0,68,0.0,1.0,1.0,0.011342592592592576,0.14636440855992033
1.0,0.0,69,0.0,1.0,1.0,0.012684496252204573,0.14904086589983573
1.0,0.0,70,0.0,1.0,1.0,0.012938436948853604,0.15640534359907127
1.0,0.0,71,0.0,1.0,1.0,0.01336116622574956,0.16196746505068865
1.0,0.0,72,0.0,1.0,1.0,0.01221905313051152,0.15638624437866852
1.0,0.0,73,0.0,1.0,0.9583333333333334,0.011966352513227523,0.1632605003962414
1.0,0.0,74,0.0,1.0,1.0,0.013361717372134046,0.148431858041886
1.0,0.0,75,0.0,1.0,1.0,0.013459545855379194,0.1430932009101214
1.0,0.0,76,0.0,1.0,1.0,0.014615162037037041,0.14231235840729145
1.0,0.0,77,0.0,1.0,1.0,0.012757798721340438,0.16361335079336584
1.0,0.0,78,0.0,1.0,1.0,0.013249834656084683,0.1344376971439608
1.0,0.0,79,0.0,1.0,1.0,0.013444113756613842,0.15490344008255502
1.0,0.0,80,0.0,1.0,1.0,0.013182870370370392,0.14080021291696265
1.0,0.0,81,0.0,1.0,1.0,0.011575314153439167,0.16302847087488168
1.0,0.0,82,0.0,1.0,1.0,0.012771301807760094,0.14568634678346107
1.0,0.0,83,0.0,1.0,1.0,0.012969025573192247,0.1507706720795878
1.0,0.0,84,0.0,1.0,1.0,0.011800733024691383,0.13704889688693644
1.0,0.0,85,0.0,1.0,1.0,0.011930114638447974,0.14419320679498457
1.0,0.0,86,0.0,1.0,1.0,0.0127761243386244,0.14770757838348833
1.0,0.0,87,0.0,1.0,1.0,0.012344438932980607,0.14989658878462478
1.0,0.0,88,0.0,1.0,1.0,0.012266451719576695,0.14249416227532596
1.0,0.0,89,0.0,1.0,1.0,0.012400104717813026,0.14507918552036234
1.0,0.0,90,0.0,1.0,1.0,0.012825038580246908,0.14708805232443592
1.0,0.0,91,0.0,1.0,1.0,0.012834408068783068,0.14764430301423168
1.0,0.0,92,0.0,1.0,1.0,0.01413979828042331,0.14453764144606537
1.0,0.0,93,0.0,1.0,1.0,0.014021577380952402,0.16119865446670847
1.0,0.0,94,0.0,1.0,1.0,0.012994378306878301,0.1376315595790095
1.0,0.0,95,0.0,1.0,1.0,0.013090277777777755,0.17064003533218589
1.0,0.0,96,0.0,1.0,1.0,0.013079530423280417,0.13054055452992652
1.0,0.0,97,0.0,1.0,1.0,0.01373098544973543,0.1341975412634164
1.0,0.0,98,0.0,1.0,1.0,0.014273864638447938,0.14669031900591464
1.0,0.0,99,0.0,1.0,1.0,0.014495838844797207,0.12923426055872403
1.0,0.0,100,0.0,1.0,1.0,0.012841159611992883,0.16468926932375239
1.0,0.0,101,0.0,1.0,0.9583333333333334,0.012873539462081121,0.12934859724023862
1.0,0.0,102,0.0,1.0,1.0,0.01313244047619049,0.15668255751218388
1.0,0.0,103,0.0,1.0,1.0,0.011493331128747822,0.160696110505271
1.0,0.0,104,0.0,1.0,1.0,0.01315200617283952,0.1566206869048517
1.0,0.0,105,0.0,1.0,1.0,0.013982997134038814,0.15743166095775424
1.0,0.0,106,0.0,1.0,1.0,0.012500413359788349,0.14428089272145744
1.0,0.0,107,0.0,1.0,1.0,0.012450396825396871,0.15354620493857443
1.0,0.0,108,0.0,1.0,1.0,0.01383377425044093,0.13468039108674232
1.0,0.0,109,0.0,1.0,1.0,0.013424823633156979,0.14691478099205582
1.0,0.0,110,0.0,1.0,1.0,0.013430472883597888,0.15155206818707798
1.0,0.0,111,0.0,1.0,1.0,0.01228711970899469,0.14903741871511245
1.0,0.0,112,0.0,1.0,1.0,0.012739473104056459,0.14246093485760697
1.0,0.0,113,0.0,1.0,1.0,0.011362847222222224,0.1589721895232493
1.0,0.0,114,0.0,1.0,1.0,0.01188285383597885,0.13955815735053834
1.0,0.0,115,0.0,1.0,1.0,0.012225115740740755,0.13723321417194675
1.0,0.0,116,0.0,1.0,1.0,0.01300278328924163,0.1317490009352948
1.0,0.0,117,0.0,1.0,1.0,0.012709022266313966,0.14259542661964666
1.0,0.0,118,0.0,1.0,1.0,0.012991622574955924,0.14221299396008288
1.0,0.0,119,0.0,1.0,1.0,0.012405340608465603,0.1519461993071124
1.0,0.0,120,0.0,1.0,1.0,0.011998319003527403,0.16065901456013626
1.0,0.0,121,0.0,1.0,1.0,0.013721478174603183,0.13638947573836974
1.0,0.0,122,0.0,1.0,0.9583333333333334,0.012585014329806023,0.14744533267523977
1.0,0.0,123,0.0,1.0,1.0,0.012627452601410927,0.13517601698452816
1.0,0.0,124,0.0,1.0,1.0,0.012039103835978893,0.14173623977712696
1.0,0.0,125,0.0,1.0,1.0,0.012396246693121718,0.14152599714312256
1.0,0.0,126,0.0,1.0,1.0,0.011213073192239862,0.14257921445383198
1.0,0.0,127,0.0,1.0,1.0,0.011071015211640224,0.13489580761997969
1.0,0.0,128,0.0,1.0,1.0,0.012791143077601458,0.1522354948051319
1.0,0.0,129,0.0,1.0,1.0,0.012323495370370384,0.13343500462661478
1.0,0.0,130,0.0,1.0,1.0,0.012722525352733714,0.17287594881009155
1.0,0.0,131,0.0,1.0,1.0,0.011375385802469185,0.1406833932409895
1.0,0.0,132,0.0,1.0,1.0,0.01360945767195767,0.14427248134369555
1.0,0.0,133,0.0,1.0,1.0,0.012046682098765443,0.16276950306210947
1.0,0.0,134,0.0,1.0,1.0,0.013698054453262798,0.14692251647920537
1.0,0.0,135,0.0,1.0,1.0,0.013169367283950628,0.14655195095640292
1.0,0.0,136,0.0,1.0,1.0,0.012319637345679044,0.15126293696171383
1.0,0.0,137,0.0,1.0,1.0,0.012572475749559109,0.15956071767523874
1.0,0.0,138,0.0,1.0,1.0,0.012495039682539675,0.16679983757515443
1.0,0.0,139,0.0,1.0,1.0,0.013199129188712558,0.14971875913651006
1.0,0.0,140,0.0,1.0,1.0,0.012597966269841292,0.1496811315376943
1.0,0.0,141,0.0,1.0,1.0,0.01323164682539686,0.15311919994759485
1.0,0.0,142,0.0,1.0,1.0,0.013503361992945348,0.13725082413327727
1.0,0.0,143,0.0,1.0,1.0,0.012358079805996491,0.14362541011179522
1.0,0.0,144,0.0,1.0,1.0,0.011389440035273387,0.1606960646424535
1.0,0.0,145,0.0,1.0,1.0,0.011647789902998251,0.16025325042396843
1.0,0.0,146,0.0,1.0,1.0,0.010047398589065277,0.14605206418374542
1.0,0.0,147,0.0,1.0,1.0,0.013462577160493816,0.13168868486526253
1.0,0.0,148,0.0,1.0,1.0,0.01383212081128754,0.13568360742884653
1.0,0.0,149,0.0,1.0,1.0,0.013079805996472684,0.13777855610524956
1.0,0.0,150,0.0,1.0,1.0,0.01314070767195768,0.14037613844156105
1.0,0.0,151,0.0,1.0,1.0,0.013562610229276927,0.13780378152871972
1.0,0.0,152,0.0,1.0,1.0,0.012751047178130517,0.14380190643146712
1.0,0.0,153,0.0,1.0,1.0,0.013815724206349222,0.14185848843865467
1.0,0.0,154,0.0,1.0,1.0,0.013461199294532608,0.14680635875625656
1.0,0.0,155,0.0,1.0,1.0,0.011653852513227543,0.15987063225315506
1.0,0.0,156,0.0,1.0,1.0,0.011346588403880092,0.16036577544026845
1.0,0.0,157,0.0,1.0,1.0,0.013339258156966481,0.1358617798120262
1.0,0.0,158,0.0,1.0,1.0,0.012405340608465635,0.1377411945554157
1.0,0.0,159,0.0,1.0,1.0,0.0123353450176367,0.15141390124326995
1.0,0.0,160,0.0,1.0,0.9583333333333334,0.012265900573192276,0.14931077694235603
1.0,0.0,161,0.0,1.0,1.0,0.0121396880511464,0.15222851078882213
1.0,0.0,162,0.0,1.0,1.0,0.011760361552028224,0.13037931356380508
1.0,0.0,163,0.0,1.0,1.0,0.011995563271604968,0.1404160475482916
1.0,0.0,164,0.0,1.0,1.0,0.012900545634920643,0.1452727603818905
1.0,0.0,165,0.0,1.0,1.0,0.013331817680776037,0.15033321458671853
1.0,0.0,166,0.0,1.0,1.0,0.013319003527336865,0.14889938301113806
1.0,0.0,167,0.0,1.0,1.0,0.012691110008818297,0.1467740565004092
1.0,0.0,168,0.0,1.0,1.0,0.013423996913580283,0.14937031793136424
1.0,0.0,169,0.0,1.0,1.0,0.012877673059964729,0.1494676243886649
1.0,0.0,170,0.0,1.0,1.0,0.014319885361552055,0.1555590498903654
1.0,0.0,171,0.0,1.0,1.0,0.01448702050264553,0.14153363492971419
1.0,0.0,172,0.0,1.0,1.0,0.01309358465608467,0.13350221768789838
1.0,0.0,173,0.0,1.0,1.0,0.012434689153439154,0.15405081572125642
1.0,0.0,174,0.0,1.0,1.0,0.013331404320987623,0.1559965750507691
1.0,0.0,175,0.0,1.0,1.0,0.01328813932980605,0.13345635338822615
1.0,0.0,176,0.0,1.0,1.0,0.013503913139329788,0.16245272633653549
1.0,0.0,177,0.0,1.0,1.0,0.013657407407407382,0.13222693011783132
1.0,0.0,178,0.0,1.0,0.9166666666666666,0.010559138007054707,0.14959028568033594
1.0,0.0,179,0.0,1.0,1.0,0.012947530864197539,0.13669314294997623
1.0,0.0,180,0.0,1.0,1.0,0.01352099867724873,0.14717995386341026
1.0,0.0,181,0.0,1.0,1.0,0.013705632716049368,0.13162823286783867
1.0,0.0,182,0.0,1.0,0.9583333333333334,0.01180734678130513,0.15160829163688347
1.0,0.0,183,0.0,1.0,1.0,0.013722167107583774,0.14130284370026983
1.0,0.0,184,0.0,1.0,1.0,0.011415206128747796,0.15041967005251058
1.0,0.0,185,0.0,1.0,1.0,0.013162340167548525,0.1495070222726632
1.0,0.0,186,0.0,1.0,1.0,0.01259727733686066,0.1636698776175749
1.0,0.0,187,0.0,1.0,1.0,0.011919505070546765,0.13441041478424665
1.0,0.0,188,0.0,1.0,1.0,0.013221726190476166,0.14101776458677684
1.0,0.0,189,0.0,1.0,1.0,0.012780809082892433,0.1444927382593025
1.0,0.0,190,0.0,1.0,1.0,0.013320656966490303,0.14087575839781594
1.0,0.0,191,0.0,1.0,1.0,0.013466848544973575,0.15434144904175737
1.0,0.0,192,0.0,1.0,1.0,0.012238618827160569,0.15576904398195168
1.0,0.0,193,0.0,1.0,1.0,0.01333126653439159,0.14083841969954047
1.0,0.0,194,0.0,1.0,1.0,0.012692763447971779,0.15820567271691183
1.0,0.0,195,0.0,1.0,1.0,0.01358920304232805,0.14776420291618156
1.0,0.0,196,0.0,1.0,1.0,0.014256227954144593,0.16217030896759624
1.0,0.0,197,0.0,1.0,1.0,0.013283041225749534,0.15832639755860742
1.0,0.0,198,0.0,1.0,1.0,0.012337136243386235,0.12577483720262572
1.0,0.0,199,0.0,1.0,1.0,0.012635719797178188,0.15259867135599858
1.0,0.25,0,0.30434782608695654,1.0,1.0,0.013149801587301576,0.6936480833262184
1.0,0.25,1,0.43478260869565216,1.0,1.0,0.0133544146825397,0.6424995148457212
1.0,0.25,2,0.21739130434782608,1.0,1.0,0.012744984567901243,0.695123660849549
1.0,0.25,3,0.30434782608695654,1.0,1.0,0.01343088624338623,0.7618773292682383
1.0,0.25,4,0.2608695652173913,1.0,1.0,0.013599537037037071,0.34827649511753794
1.0,0.25,5,0.30434782608695654,1.0,1.0,0.013340498236331539,0.8903892870419199
1.0,0.25,6,0.21739130434782608,1.0,1.0,0.012856178350970013,0.8228628458882032
1.0,0.25,7,0.17391304347826086,1.0,1.0,0.01185612323633158,0.5067595193816857
1.0,0.25,8,0.08695652173913043,1.0,0.9583333333333334,0.012126047178130492,0.6310601678079584
1.0,0.25,9,0.43478260869565216,1.0,1.0,0.012586116622574967,0.761478493110956
1.0,0.25,10,0.34782608695652173,1.0,1.0,0.010756035052910035,0.8793839794415943
1.0,0.25,11,0.21739130434782608,1.0,0.9583333333333334,0.01294449955908291,0.8759369940666085
1.0,0.25,12,0.17391304347826086,1.0,1.0,0.012218088624338657,0.8689371770126395
1.0,0.25,13,0.21739130434782608,1.0,1.0,0.012899167768959474,0.5010458638835681
1.0,0.25,14,0.08695652173913043,1.0,1.0,0.01226934523809528,0.42597416381784686
1.0,0.25,15,0.391304347826087,1.0,0.9583333333333334,0.012611744929453278,0.8271289274106176
1.0,0.25,16,0.5217391304347826,1.0,0.9583333333333334,0.011687610229276868,0.7588536597182157
1.0,0.25,17,0.17391304347826086,1.0,0.9583333333333334,0.012233796296296368,0.5640170694496653
1.0,0.25,18,0.21739130434782608,1.0,1.0,0.012570133377425033,0.8216319602994774
1.0,0.25,19,0.13043478260869565,1.0,1.0,0.012857831790123467,0.8739193052225783
1.0,0.25,20,0.30434782608695654,1.0,1.0,0.012421461640211642,0.7575586806356039
1.0,0.25,21,0.21739130434782608,1.0,1.0,0.013032958553791843,0.6293014125639936
1.0,0.25,22,0.21739130434782608,1.0,1.0,0.01248856371252205,0.7593903455543511
1.0,0.25,23,0.21739130434782608,1.0,1.0,0.01184826940035276,0.8695895696549152
1.0,0.25,24,0.13043478260869565,1.0,1.0,0.014187196869488543,0.7222606801617293
1.0,0.25,25,0.17391304347826086,1.0,1.0,0.01218322861552028,0.8237204260749065
1.0,0.25,26,0.34782608695652173,1.0,1.0,0.013016148589065302,0.8722652186943569
1.0,0.25,27,0.2608695652173913,1.0,1.0,0.012031801146384488,0.7856923644871039
1.0,0.25,28,0.2608695652173913,1.0,1.0,0.012559799382716045,0.8632549687677454
1.0,0.25,29,0.08695652173913043,1.0,1.0,0.012630346119929461,0.28637423834234393
1.0,0.25,30,0.30434782608695654,1.0,1.0,0.012330660273368635,0.8828871515438678
1.0,0.25,31,0.391304347826087,1.0,1.0,0.012766203703703712,0.8812243922727717
1.0,0.25,32,0.2608695652173913,1.0,1.0,0.012803957231040539,0.5678771806389923
1.0,0.25,33,0.34782608695652173,1.0,0.9583333333333334,0.012743468915343939,0.7756647020301246
1.0,0.25,34,0.21739130434782608,1.0,1.0,0.013099509479717811,0.89200655418272
1.0,0.25,35,0.391304347826087,1.0,1.0,0.011689952601410944,0.890258563456604
1.0,0.25,36,0.30434782608695654,1.0,1.0,0.012933063271604935,0.8256969591204572
1.0,0.25,37,0.34782608695652173,1.0,1.0,0.011877755731922408,0.8896658461193574
1.0,0.25,38,0.30434782608695654,1.0,1.0,0.012546985229276863,0.6934408573437655
1.0,0.25,39,0.21739130434782608,1.0,1.0,0.011754436728395058,0.750880636511803
1.0,0.25,40,0.17391304347826086,1.0,1.0,0.013702601410934769,0.8253188772786864
1.0,0.25,41,0.30434782608695654,1.0,1.0,0.013075396825396837,0.819358879260184
1.0,0.25,42,0.08695652173913043,1.0,1.0,0.012227458112874729,0.6317360510094145
1.0,0.25,43,0.2608695652173913,1.0,1.0,0.012680224867724873,0.764942229265625
1.0,0.25,44,0.13043478260869565,1.0,1.0,0.013179150132275103,0.8348472808215271
1.0,0.25,45,0.34782608695652173,1.0,1.0,0.01367104828042326,0.8097531554840742
1.0,0.25,46,0.21739130434782608,1.0,1.0,0.012449983465608458,0.5769371491803428
1.0,0.25,47,0.391304347826087,1.0,1.0,0.013252452601410886,0.8728815426026354
1.0,0.25,48,0.17391304347826086,1.0,1.0,0.012522045855379221,0.7530509461026256
1.0,0.25,49,0.2608695652173913,1.0,1.0,0.012574818121693164,0.8790859265814686
1.0,0.25,50,0.21739130434782608,1.0,1.0,0.013307842813051168,0.7049159880975711
1.0,0.25,51,0.21739130434782608,1.0,1.0,0.012289186507936497,0.8677963082541026
1.0,0.25,52,0.13043478260869565,1.0,1.0,0.011921709656084694,0.631842960384964
1.0,0.25,53,0.2608695652173913,1.0,1.0,0.013717757936507946,0.8798715691886564
1.0,0.25,54,0.21739130434782608,1.0,1.0,0.013486138668430354,0.6920609119685172
1.0,0.25,55,0.21739130434782608,1.0,1.0,0.01342358355379191,0.7701431758615463
1.0,0.25,56,0.2608695652173913,1.0,1.0,0.012359733245149945,0.8694346100203839
1.0,0.25,57,0.4782608695652174,1.0,0.9583333333333334,0.012682567239858932,0.8905130919864411
1.0,0.25,58,0.13043478260869565,1.0,1.0,0.011968557098765424,0.6367830294612375
1.0,0.25,59,0.17391304347826086,1.0,1.0,0.011127232142857135,0.7067049646838411
1.0,0.25,60,0.30434782608695654,1.0,1.0,0.013023589065255756,0.7186701852338974
1.0,0.25,61,0.34782608695652173,1.0,1.0,0.012395833333333363,0.5629506675233815
1.0,0.25,62,0.2608695652173913,1.0,1.0,0.0127489803791887,0.3718516419285134
1.0,0.25,63,0.17391304347826086,1.0,1.0,0.014017443783068823,0.4871786142860792
1.0,0.25,64,0.13043478260869565,1.0,0.9583333333333334,0.012919146825396806,0.4997372054696893
1.0,0.25,65,0.4782608695652174,1.0,1.0,0.012745535714285697,0.813771462976229
1.0,0.25,66,0.30434782608695654,1.0,1.0,0.01157889660493829,0.8265137006482024
1.0,0.25,67,0.17391304347826086,1.0,1.0,0.012902061287477918,0.5597521022405149
1.0,0.25,68,0.34782608695652173,1.0,0.9583333333333334,0.011311590608465547,0.7601966700189964
1.0,0.25,69,0.17391304347826086,1.0,1.0,0.012716600529100558,0.5027041835309917
1.0,0.25,70,0.30434782608695654,1.0,1.0,0.013000303130511448,0.6932376527920959
1.0,0.25,71,0.17391304347826086,1.0,1.0,0.01365520282186948,0.7117589944104761
1.0,0.25,72,0.21739130434782608,1.0,0.9583333333333334,0.012179370590828915,0.8692112048398463
1.0,0.25,73,0.21739130434782608,1.0,1.0,0.013314594356261039,0.5659907490628491
1.0,0.25,74,0.30434782608695654,1.0,1.0,0.01279169422398591,0.8521846807005131
1.0,0.25,75,0.17391304347826086,1.0,1.0,0.013074432319223978,0.6402469114425963
1.0,0.25,76,0.13043478260869565,1.0,1.0,0.012447089947089937,0.5693033735773402
1.0,0.25,77,0.21739130434782608,1.0,1.0,0.01282476300705468,0.8713845671922316
1.0,0.25,78,0.34782608695652173,1.0,1.0,0.013449625220458524,0.701235866421246
1.0,0.25,79,0.2608695652173913,1.0,1.0,0.012789489638447971,0.6536820561087899
1.0,0.25,80,0.2608695652173913,1.0,1.0,0.012832065696649022,0.5746753246753249
1.0,0.25,81,0.34782608695652173,1.0,0.9583333333333334,0.011802662037037032,0.8671157928753206
1.0,0.25,82,0.17391304347826086,1.0,1.0,0.012556216931216892,0.6217715656563445
1.0,0.25,83,0.21739130434782608,1.0,1.0,0.012744571208112863,0.7092945284809848
1.0,0.25,84,0.13043478260869565,1.0,1.0,0.012573715828924137,0.4827342327209722
1.0,0.25,85,0.17391304347826086,1.0,1.0,0.012056327160493811,0.8235103072648995
1.0,0.25,86,0.21739130434782608,1.0,1.0,0.011819196428571516,0.6958392015874657
1.0,0.25,87,0.30434782608695654,1.0,0.9583333333333334,0.01396012455908286,0.6918089548185612
1.0,0.25,88,0.08695652173913043,1.0,1.0,0.013301642416225777,0.8715142759512613
1.0,0.25,89,0.17391304347826086,1.0,1.0,0.012141341490299865,0.2786126856085448
1.0,0.25,90,0.08695652173913043,1.0,1.0,0.013077601410934716,0.2120351588911428
1.0,0.25,91,0.2608695652173913,1.0,1.0,0.012420359347442697,0.7619782494235556
1.0,0.25,92,0.08695652173913043,1.0,0.9583333333333334,0.012083333333333335,0.687485399033191
1.0,0.25,93,0.2608695652173913,1.0,1.0,0.011778962742504428,0.8696265478666896
1.0,0.25,94,0.30434782608695654,1.0,1.0,0.013023726851851825,0.6301756698973777
1.0,0.25,95,0.30434782608695654,1.0,1.0,0.012769648368606676,0.8207540047341796
1.0,0.25,96,0.34782608695652173,1.0,1.0,0.012384534832451546,0.816530242024689
1.0,0.25,97,0.17391304347826086,1.0,0.9583333333333334,0.012634893077601359,0.7683849829110404
1.0,0.25,98,0.13043478260869565,1.0,1.0,0.011789847883597866,0.775733546959226
1.0,0.25,99,0.2608695652173913,1.0,1.0,0.013085179673721347,0.8335836378946635
1.0,0.25,100,0.17391304347826086,1.0,1.0,0.013340498236331566,0.8139547218514358
1.0,0.25,101,0.2608695652173913,1.0,1.0,0.01310116291887129,0.560851741895856
1.0,0.25,102,0.17391304347826086,1.0,1.0,0.012603891093474434,0.860206776171508
1.0,0.25,103,0.13043478260869565,1.0,1.0,0.012888282627865974,0.4951470042253772
1.0,0.25,104,0.21739130434782608,1.0,0.9583333333333334,0.011304012345679007,0.5743849665608445
1.0,0.25,105,0.34782608695652173,1.0,1.0,0.012902888007054697,0.6952794322930461
1.0,0.25,106,0.2608695652173913,1.0,1.0,0.012821731701940084,0.7670203750132423
1.0,0.25,107,0.2608695652173913,1.0,1.0,0.011694912918871278,0.7026952499555242
1.0,0.25,108,0.30434782608695654,1.0,1.0,0.012790591931216918,0.7548265051943351
1.0,0.25,109,0.21739130434782608,1.0,1.0,0.01251364087301589,0.6913532050059226
1.0,0.25,110,0.43478260869565216,1.0,1.0,0.013682208994708955,0.8817934137295288
1.0,0.25,111,0.17391304347826086,1.0,1.0,0.012093805114638477,0.4902867886432996
1.0,0.25,112,0.21739130434782608,1.0,1.0,0.013703565917107578,0.6220009446184916
1.0,0.25,113,0.2608695652173913,1.0,1.0,0.012889660493827193,0.8769132793113292
1.0,0.25,114,0.21739130434782608,1.0,1.0,0.013504188712522092,0.8672815882447058
1.0,0.25,115,0.13043478260869565,1.0,1.0,0.012411816578483262,0.69393033503842
1.0,0.25,116,0.2608695652173913,1.0,1.0,0.013090139991181688,0.8277813560049807
1.0,0.25,117,0.13043478260869565,1.0,1.0,0.012357942019400341,0.703030802400472
1.0,0.25,118,0.13043478260869565,1.0,1.0,0.013132440476190424,0.8019849842784108
1.0,0.25,119,0.21739130434782608,1.0,1.0,0.012432760141093471,0.8139029814441591
1.0,0.25,120,0.21739130434782608,1.0,1.0,0.011607005070546732,0.8746951414452351
1.0,0.25,121,0.2608695652173913,1.0,1.0,0.0133333333333333,0.7694169243941218
1.0,0.25,122,0.2608695652173913,1.0,1.0,0.01340332892416223,0.8912643576992476
1.0,0.25,123,0.21739130434782608,1.0,1.0,0.012615465167548488,0.6359410102987296
1.0,0.25,124,0.30434782608695654,1.0,1.0,0.013695987654320967,0.7766107107409482
1.0,0.25,125,0.17391304347826086,1.0,1.0,0.013362819664903013,0.7035795893936153
1.0,0.25,126,0.30434782608695654,1.0,1.0,0.012472029320987644,0.7668931076920347
1.0,0.25,127,0.30434782608695654,1.0,1.0,0.012740299823633136,0.622598757029222
1.0,0.25,128,0.2608695652173913,1.0,1.0,0.01317294973544972,0.8851037167983172
1.0,0.25,129,0.2608695652173913,1.0,1.0,0.012735063932980567,0.8953651592690216
1.0,0.25,130,0.21739130434782608,1.0,1.0,0.012248263888888916,0.5612993473577205
1.0,0.25,131,0.13043478260869565,1.0,1.0,0.011915784832451511,0.6341973750970982
1.0,0.25,132,0.391304347826087,1.0,1.0,0.012655974426807723,0.8604360396968037
1.0,0.25,133,0.17391304347826086,1.0,1.0,0.012448467813051171,0.8903083298185501
1.0,0.25,134,0.30434782608695654,1.0,1.0,0.011937417328042333,0.8923916926510216
1.0,0.25,135,0.30434782608695654,1.0,0.9583333333333334,0.01197833994708994,0.8897801726777296
1.0,0.25,136,0.30434782608695654,1.0,1.0,0.011779789462081131,0.7612516381523434
1.0,0.25,137,0.13043478260869565,1.0,0.9583333333333334,0.013857473544973542,0.8276680640436382
1.0,0.25,138,0.391304347826087,1.0,1.0,0.014221505731922402,0.6872950417699011
1.0,0.25,139,0.30434782608695654,1.0,1.0,0.013371775793650786,0.8549820566213283
1.0,0.25,140,0.34782608695652173,1.0,1.0,0.01397734788359789,0.8668448510476092
1.0,0.25,141,0.391304347826087,1.0,1.0,0.01232955798059967,0.8223585171155317
1.0,0.25,142,0.13043478260869565,1.0,1.0,0.012323357583774272,0.8795463029174594
1.0,0.25,143,0.391304347826087,1.0,0.9583333333333334,0.011971175044091694,0.8739401844777788
1.0,0.25,144,0.21739130434782608,1.0,1.0,0.013788580246913526,0.7062051684738978
1.0,0.25,145,0.43478260869565216,1.0,1.0,0.011798390652557278,0.815708974330432
1.0,0.25,146,0.21739130434782608,1.0,1.0,0.013323274911816554,0.7617932893523448
1.0,0.25,147,0.30434782608695654,1.0,1.0,0.013741870590828936,0.8296302770736825
1.0,0.25,148,0.043478260869565216,1.0,1.0,0.01188023589065255,0.27698740322094834
1.0,0.25,149,0.21739130434782608,1.0,0.9583333333333334,0.01283702601410936,0.6141704394262071
1.0,0.25,150,0.2608695652173913,1.0,0.9583333333333334,0.014381338183421499,0.809758041946181
1.0,0.25,151,0.21739130434782608,1.0,0.9583333333333334,0.010658206569664888,0.8258200720279595
1.0,0.25,152,0.34782608695652173,1.0,1.0,0.01353767085537915,0.6968936757076251
1.0,0.25,153,0.13043478260869565,1.0,1.0,0.013136711860670175,0.682191980205225
1.0,0.25,154,0.2608695652173913,1.0,1.0,0.013018904320987672,0.7009142777380352
1.0,0.25,155,0.30434782608695654,1.0,0.9583333333333334,0.013019593253968237,0.8694527734505515
1.0,0.25,156,0.2608695652173913,1.0,1.0,0.012954971340388014,0.6349619570322462
1.0,0.25,157,0.21739130434782608,1.0,1.0,0.013531057098765389,0.6349457229700388
1.0,0.25,158,0.34782608695652173,1.0,1.0,0.012365933641975321,0.9025429528986307
1.0,0.25,159,0.30434782608695654,1.0,1.0,0.012801063712522048,0.8791242551153639
1.0,0.25,160,0.30434782608695654,1.0,1.0,0.013202160493827135,0.763791626559754
1.0,0.25,161,0.21739130434782608,1.0,1.0,0.010943975970017644,0.7698023182757708
1.0,0.25,162,0.391304347826087,1.0,1.0,0.012577298280423256,0.8252624035377505
1.0,0.25,163,0.2608695652173913,1.0,0.9583333333333334,0.011869075176366824,0.8249007601256212
1.0,0.25,164,0.2608695652173913,1.0,1.0,0.012703648589065216,0.6287535441897271
1.0,0.25,165,0.17391304347826086,1.0,1.0,0.012375027557319215,0.48404303880013066
1.0,0.25,166,0.30434782608695654,1.0,1.0,0.012448605599647243,0.8116099471279571
1.0,0.25,167,0.391304347826087,1.0,0.9583333333333334,0.011873759920634877,0.8755474534692683
1.0,0.25,168,0.2608695652173913,1.0,1.0,0.01233947861552031,0.7654695273631844
1.0,0.25,169,0.21739130434782608,1.0,1.0,0.013154486331569647,0.8937900630874862
1.0,0.25,170,0.21739130434782608,1.0,1.0,0.01244185405643735,0.8263465121824136
1.0,0.25,171,0.34782608695652173,1.0,1.0,0.013209187610229283,0.7080978789392072
1.0,0.25,172,0.30434782608695654,1.0,1.0,0.012170965608465626,0.6304102846118478
1.0,0.25,173,0.30434782608695654,1.0,1.0,0.012630208333333328,0.8845750494488719
1.0,0.25,174,0.21739130434782608,1.0,1.0,0.013262511022927604,0.6924520638720851
1.0,0.25,175,0.34782608695652173,1.0,1.0,0.011828014770723117,0.8868204675031062
1.0,0.25,176,0.4782608695652174,1.0,0.9583333333333334,0.012374889770723105,0.8636510698577311
1.0,0.25,177,0.2608695652173913,1.0,0.9583333333333334,0.011539902998236304,0.5716710522770752
1.0,0.25,178,0.21739130434782608,1.0,1.0,0.012929343033509707,0.8215213785885965
1.0,0.25,179,0.30434782608695654,1.0,1.0,0.012367173721340384,0.7566670404844675
1.0,0.25,180,0.43478260869565216,1.0,1.0,0.0127730930335097,0.766963559922033
1.0,0.25,181,0.30434782608695654,1.0,1.0,0.01136353615520285,0.8574932924492145
1.0,0.25,182,0.4782608695652174,1.0,1.0,0.011504629629629623,0.865816736728459
1.0,0.25,183,0.2608695652173913,1.0,1.0,0.0124283509700176,0.5634885687110298
1.0,0.25,184,0.13043478260869565,1.0,1.0,0.012582671957671944,0.817308695198693
1.0,0.25,185,0.43478260869565216,1.0,0.9583333333333334,0.012113370811287445,0.861969056799546
1.0,0.25,186,0.08695652173913043,1.0,1.0,0.011756916887125235,0.22737451650116514
1.0,0.25,187,0.08695652173913043,1.0,1.0,0.013054039902998213,0.5620618124672605
1.0,0.25,188,0.21739130434782608,1.0,1.0,0.011631255511463856,0.8497289714232444
1.0,0.25,189,0.2608695652173913,1.0,1.0,0.011967454805996446,0.549539066587289
1.0,0.25,190,0.08695652173913043,1.0,0.9583333333333334,0.012406718474426833,0.5621358704366886
1.0,0.25,191,0.30434782608695654,1.0,1.0,0.012865134479717821,0.7091582875505336
1.0,0.25,192,0.21739130434782608,1.0,0.9583333333333334,0.012080439814814789,0.7630507037854957
1.0,0.25,193,0.34782608695652173,1.0,1.0,0.012306823192239844,0.8691017762288612
1.0,0.25,194,0.21739130434782608,1.0,1.0,0.013057622354497318,0.5641161186273633
1.0,0.25,195,0.2608695652173913,1.0,0.9583333333333334,0.012537615740740712,0.8851176553972642
1.0,0.25,196,0.30434782608695654,1.0,0.9166666666666666,0.011628637566137514,0.8727620980085186
1.0,0.25,197,0.30434782608695654,1.0,1.0,0.01177882495590832,0.8892153295328454
1.0,0.25,198,0.30434782608695654,1.0,1.0,0.012396797839506141,0.854936073523926
1.0,0.25,199,0.391304347826087,1.0,1.0,0.012651565255731906,0.6418439557386089
1.0,0.5,0,0.6521739130434783,1.0,1.0,0.013063684964726647,0.8872077269350116
1.0,0.5,1,0.5652173913043478,1.0,1.0,0.011964699074074062,0.8568537783364085
1.0,0.5,2,0.6521739130434783,1.0,1.0,0.01337439373897703,0.8241704811756716
1.0,0.5,3,0.4782608695652174,1.0,1.0,0.012899305555555518,0.8846440895241942
1.0,0.5,4,0.4782608695652174,1.0,1.0,0.013350556657848303,0.76919376142616
1.0,0.5,5,0.4782608695652174,1.0,0.9583333333333334,0.011025958994709007,0.8854671077274389
1.0,0.5,6,0.6086956521739131,1.0,1.0,0.013075672398589084,0.6595212826607496
1.0,0.5,7,0.34782608695652173,1.0,1.0,0.013083388447971763,0.6448573812706933
1.0,0.5,8,0.6086956521739131,1.0,1.0,0.013444527116402113,0.7543977557028825
1.0,0.5,9,0.34782608695652173,1.0,1.0,0.013597056878306884,0.7153764487304252
1.0,0.5,10,0.4782608695652174,1.0,1.0,0.012242063492063478,0.8271728450200981
1.0,0.5,11,0.4782608695652174,1.0,1.0,0.011135637125220463,0.7490119925234324
1.0,0.5,12,0.5652173913043478,1.0,1.0,0.01284474206349206,0.8966242657087082
1.0,0.5,13,0.7391304347826086,1.0,1.0,0.013654100529100535,0.8637564419037719
1.0,0.5,14,0.34782608695652173,1.0,1.0,0.013496197089947077,0.7102951993548328
1.0,0.5,15,0.6521739130434783,1.0,1.0,0.01265060074955905,0.8746422883188524
1.0,0.5,16,0.4782608695652174,1.0,1.0,0.01260885141093473,0.7129125910045113
1.0,0.5,17,0.6521739130434783,1.0,1.0,0.01343350418871257,0.8780161494275195
1.0,0.5,18,0.5652173913043478,1.0,1.0,0.012720871913580284,0.868336811000661
1.0,0.5,19,0.6086956521739131,1.0,1.0,0.013235091490299826,0.8733823946141359
1.0,0.5,20,0.5217391304347826,1.0,1.0,0.012387703924162248,0.8630923696554654
1.0,0.5,21,0.5217391304347826,1.0,1.0,0.012600584215167554,0.8052569827360209
1.0,0.5,22,0.5217391304347826,1.0,0.9583333333333334,0.01397569444444445,0.8748075520622314
1.0,0.5,23,0.6521739130434783,1.0,1.0,0.01322007275132274,0.8783088267529441
1.0,0.5,24,0.391304347826087,1.0,1.0,0.01082327491181657,0.8674924345004952
1.0,0.5,25,0.5217391304347826,1.0,0.9583333333333334,0.014179480820105832,0.861811045410233
1.0,0.5,26,0.5217391304347826,1.0,1.0,0.012228698192239868,0.8509810177061734
1.0,0.5,27,0.5652173913043478,1.0,1.0,0.013051284171075818,0.6959371568544643
1.0,0.5,28,0.4782608695652174,1.0,1.0,0.012489666005291023,0.8820464317929047
1.0,0.5,29,0.6086956521739131,1.0,1.0,0.012661210317460236,0.8116877013389846
1.0,0.5,30,0.391304347826087,1.0,1.0,0.01350694444444446,0.8614977965856924
1.0,0.5,31,0.6956521739130435,1.0,1.0,0.011979855599647269,0.8170405146930971
1.0,0.5,32,0.4782608695652174,1.0,1.0,0.01136229607583774,0.7644905045925208
1.0,0.5,33,0.5217391304347826,1.0,1.0,0.01282035383597884,0.695471920414229
1.0,0.5,34,0.391304347826087,1.0,1.0,0.013831156305114639,0.8682322100990265
1.0,0.5,35,0.43478260869565216,1.0,1.0,0.012731757054673776,0.8887110036065273
1.0,0.5,36,0.43478260869565216,1.0,1.0,0.013395199514991222,0.7644556086240392
1.0,0.5,37,0.5217391304347826,1.0,1.0,0.012890349426807788,0.888336651212919
1.0,0.5,38,0.4782608695652174,1.0,1.0,0.01231426366843035,0.7556983062231443
1.0,0.5,39,0.4782608695652174,1.0,1.0,0.013013392857142862,0.8624602698459302
1.0,0.5,40,0.5217391304347826,1.0,1.0,0.012289599867724885,0.8265633125469471
1.0,0.5,41,0.4782608695652174,1.0,1.0,0.012189980158730148,0.8811566432957366
1.0,0.5,42,0.5217391304347826,1.0,0.9583333333333334,0.013891231261022924,0.8804259391190346
1.0,0.5,43,0.6086956521739131,1.0,1.0,0.012719080687830698,0.8174204948561354
1.0,0.5,44,0.5217391304347826,1.0,1.0,0.012996582892416224,0.859387407321491
1.0,0.5,45,0.4782608695652174,1.0,1.0,0.013262786596119963,0.8099865131330034
1.0,0.5,46,0.6521739130434783,1.0,0.9583333333333334,0.012834683641975325,0.828344847463252
1.0,0.5,47,0.6521739130434783,1.0,1.0,0.012072861552028191,0.8560707490663095
1.0,0.5,48,0.5217391304347826,1.0,1.0,0.01323715828924162,0.8833152935748887
1.0,0.5,49,0.4782608695652174,1.0,1.0,0.011960841049382715,0.895398858446479
1.0,0.5,50,0.34782608695652173,1.0,1.0,0.013314456569664927,0.8573329365009891
1.0,0.5,51,0.4782608695652174,1.0,1.0,0.01162657076719576,0.7694498889324445
1.0,0.5,52,0.34782608695652173,1.0,1.0,0.012112681878306898,0.7782292500067423
1.0,0.5,53,0.43478260869565216,1.0,1.0,0.012570271164021164,0.7644644338675171
1.0,0.5,54,0.4782608695652174,1.0,1.0,0.012193700396825392,0.8223631426978466
1.0,0.5,55,0.5652173913043478,1.0,1.0,0.013869736552028217,0.8777529253479223
1.0,0.5,56,0.6086956521739131,1.0,1.0,0.014288470017636673,0.9005324471880792
1.0,0.5,57,0.43478260869565216,1.0,1.0,0.0136881338183422,0.6921151276962789
1.0,0.5,58,0.5217391304347826,1.0,1.0,0.01222663139329804,0.8754740805880631
1.0,0.5,59,0.5652173913043478,1.0,1.0,0.011742311507936488,0.8745808954774359
1.0,0.5,60,0.5217391304347826,1.0,0.9583333333333334,0.011616925705467393,0.8633672662151941
1.0,0.5,61,0.5652173913043478,1.0,1.0,0.012166556437389786,0.756938107015479
1.0,0.5,62,0.43478260869565216,1.0,1.0,0.014846781305114666,0.8716559545041558
1.0,0.5,63,0.4782608695652174,1.0,1.0,0.013466848544973516,0.86131674549318
1.0,0.5,64,0.43478260869565216,1.0,1.0,0.013146632495590812,0.819874208361444
1.0,0.5,65,0.43478260869565216,1.0,0.9583333333333334,0.012253224206349203,0.8781462315626428
1.0,0.5,66,0.7391304347826086,1.0,1.0,0.013637290564373891,0.858106679819617
1.0,0.5,67,0.5652173913043478,1.0,1.0,0.013219108245149958,0.7567346270367644
1.0,0.5,68,0.6521739130434783,1.0,1.0,0.013102954144620817,0.879675826931707
1.0,0.5,69,0.5652173913043478,1.0,1.0,0.012450947971781317,0.822708712460729
1.0,0.5,70,0.391304347826087,1.0,1.0,0.014132357804232805,0.8896839039094984
1.0,0.5,71,0.5217391304347826,1.0,0.9583333333333334,0.013655202821869522,0.882089875005406
1.0,0.5,72,0.6086956521739131,1.0,1.0,0.011582065696649027,0.8584677808907354
1.0,0.5,73,0.43478260869565216,1.0,1.0,0.011777171516754835,0.8125987747491791
1.0,0.5,74,0.30434782608695654,1.0,1.0,0.014192570546737249,0.8686065196944709
1.0,0.5,75,0.6521739130434783,1.0,1.0,0.012107308201058193,0.8199300625198687
1.0,0.5,76,0.30434782608695654,1.0,0.9583333333333334,0.013809248236331612,0.8187065614324424
1.0,0.5,77,0.34782608695652173,1.0,1.0,0.011980682319223994,0.5712802274113786
1.0,0.5,78,0.391304347826087,1.0,1.0,0.011686094576719583,0.5799145741535054
1.0,0.5,79,0.5652173913043478,1.0,0.9583333333333334,0.01242518187830685,0.7022504684792983
1.0,0.5,80,0.43478260869565216,1.0,1.0,0.013246803350970065,0.8202914383380616
1.0,0.5,81,0.5217391304347826,1.0,1.0,0.012519427910052916,0.8171975340923698
1.0,0.5,82,0.5652173913043478,1.0,1.0,0.014100666887125196,0.8720692768180343
1.0,0.5,83,0.43478260869565216,1.0,1.0,0.013434882054673686,0.751035778199145
1.0,0.5,84,0.6086956521739131,1.0,1.0,0.012653218694885407,0.8652298951974311
1.0,0.5,85,0.5217391304347826,1.0,1.0,0.01246265983245154,0.8535456786016034
1.0,0.5,86,0.6521739130434783,1.0,1.0,0.011356922398589037,0.8283799441125017
1.0,0.5,87,0.391304347826087,1.0,1.0,0.012708195546737236,0.49334829018631815
1.0,0.5,88,0.43478260869565216,1.0,1.0,0.012966820987654308,0.7536828422876952
1.0,0.5,89,0.34782608695652173,1.0,1.0,0.01297315917107584,0.8900863889592865
1.0,0.5,90,0.4782608695652174,1.0,1.0,0.013351934523809547,0.8207514014093173
1.0,0.5,91,0.30434782608695654,1.0,1.0,0.012682842813051149,0.8133697013056693
1.0,0.5,92,0.6521739130434783,1.0,1.0,0.012523423721340405,0.8287428755780192
1.0,0.5,93,0.5652173913043478,1.0,1.0,0.012159253747795423,0.8717391875443314
1.0,0.5,94,0.4782608695652174,1.0,1.0,0.013406911375661393,0.6378590784705928
1.0,0.5,95,0.30434782608695654,1.0,1.0,0.013132027116402087,0.7007559267028136
1.0,0.5,96,0.43478260869565216,1.0,1.0,0.01298900462962962,0.7114498530704283
1.0,0.5,97,0.5652173913043478,1.0,1.0,0.013429370590828951,0.8487122499673162
1.0,0.5,98,0.43478260869565216,1.0,1.0,0.012361662257495595,0.8290537221453135
1.0,0.5,99,0.6521739130434783,1.0,1.0,0.012187224426807792,0.8740488621986207
1.0,0.5,100,0.30434782608695654,1.0,1.0,0.011411348104056432,0.8728489788483869
1.0,0.5,101,0.43478260869565216,1.0,1.0,0.013922371031746034,0.8727924485306363
1.0,0.5,102,0.391304347826087,1.0,1.0,0.013385141093474447,0.6974746460273437
1.0,0.5,103,0.5652173913043478,1.0,1.0,0.01199446097883597,0.8850970474420305
1.0,0.5,104,0.43478260869565216,1.0,1.0,0.012715636022927738,0.8928236669910106
1.0,0.5,105,0.391304347826087,1.0,0.9583333333333334,0.012132936507936475,0.821211799472669
1.0,0.5,106,0.6086956521739131,1.0,1.0,0.013596367945326315,0.8611420377502351
1.0,0.5,107,0.4782608695652174,1.0,0.9166666666666666,0.012151262125220462,0.8683071872677041
1.0,0.5,108,0.30434782608695654,1.0,0.9166666666666666,0.011359402557319214,0.7083935995051347
1.0,0.5,109,0.391304347826087,1.0,0.9583333333333334,0.012222911155202834,0.7125827576604173
1.0,0.5,110,0.30434782608695654,1.0,1.0,0.01257316468253973,0.8701876315277558
1.0,0.5,111,0.4782608695652174,1.0,1.0,0.011995563271604915,0.8756359779228018
1.0,0.5,112,0.43478260869565216,1.0,1.0,0.012545745149911825,0.7636947437871128
1.0,0.5,113,0.43478260869565216,1.0,1.0,0.012937334656084635,0.8256210552224895
1.0,0.5,114,0.2608695652173913,1.0,1.0,0.01188602292768962,0.5461763329182457
1.0,0.5,115,0.6521739130434783,1.0,1.0,0.014790977733686109,0.8326432391465386
1.0,0.5,116,0.5652173913043478,1.0,1.0,0.012098352072310406,0.5988011113394144
1.0,0.5,117,0.5652173913043478,1.0,1.0,0.013273809523809557,0.865488755902151
1.0,0.5,118,0.34782608695652173,1.0,0.9583333333333334,0.011982335758377401,0.8351637602155607
1.0,0.5,119,0.6086956521739131,1.0,1.0,0.011833526234567916,0.8252399271661897
1.0,0.5,120,0.391304347826087,1.0,1.0,0.013208636463844797,0.7577393479122819
1.0,0.5,121,0.6086956521739131,1.0,0.9583333333333334,0.013421792328042317,0.7636793217274115
1.0,0.5,122,0.5217391304347826,1.0,1.0,0.0137505511463845,0.7044823790923024
1.0,0.5,123,0.34782608695652173,1.0,1.0,0.012484567901234549,0.8166196575822362
1.0,0.5,124,0.6521739130434783,1.0,1.0,0.014133184523809489,0.8251635397069232
1.0,0.5,125,0.6521739130434783,1.0,1.0,0.013047150573192235,0.8739779642388011
1.0,0.5,126,0.5217391304347826,1.0,1.0,0.013728643077601422,0.7047253075046941
1.0,0.5,127,0.43478260869565216,1.0,1.0,0.012796930114638463,0.6968246341996066
1.0,0.5,128,0.391304347826087,1.0,1.0,0.01195381393298061,0.8950915796545017
1.0,0.5,129,0.6521739130434783,1.0,1.0,0.012347470238095256,0.8586274797420135
1.0,0.5,130,0.7391304347826086,1.0,1.0,0.01249242173721341,0.9003029336037732
1.0,0.5,131,0.4782608695652174,1.0,1.0,0.012950699955908288,0.8044275176824208
1.0,0.5,132,0.6956521739130435,1.0,1.0,0.011834077380952407,0.7659213358496907
1.0,0.5,133,0.5652173913043478,1.0,1.0,0.012816633597883575,0.8134652325105381
1.0,0.5,134,0.5652173913043478,1.0,1.0,0.013114528218694875,0.8641121453998717
1.0,0.5,135,0.391304347826087,1.0,1.0,0.012475749559082844,0.7637081837253856
1.0,0.5,136,0.34782608695652173,1.0,1.0,0.013493027998236354,0.8284625808596044
1.0,0.5,137,0.4782608695652174,1.0,1.0,0.0125669642857143,0.865733280500154
1.0,0.5,138,0.6521739130434783,1.0,1.0,0.013890955687830686,0.8244409320529336
1.0,0.5,139,0.5652173913043478,1.0,1.0,0.01234333664021161,0.8654035477115293
1.0,0.5,140,0.391304347826087,1.0,1.0,0.011651096781305109,0.6041091689665744
1.0,0.5,141,0.6521739130434783,1.0,1.0,0.012564208553791903,0.891778498010682
1.0,0.5,142,0.7391304347826086,1.0,1.0,0.012837026014109328,0.8778420490254868
1.0,0.5,143,0.43478260869565216,1.0,1.0,0.012355186287477948,0.7041966220320394
1.0,0.5,144,0.6956521739130435,1.0,1.0,0.013417796516754876,0.8947891548041935
1.0,0.5,145,0.4782608695652174,1.0,1.0,0.013423859126984109,0.7762532300890858
1.0,0.5,146,0.4782608695652174,1.0,1.0,0.012195629409171073,0.8601434564893763
1.0,0.5,147,0.391304347826087,1.0,1.0,0.012450121252204618,0.7448147902723475
1.0,0.5,148,0.4782608695652174,1.0,1.0,0.013993882275132272,0.8790611606349646
1.0,0.5,149,0.391304347826087,1.0,1.0,0.01319444444444444,0.880081072961181
1.0,0.5,150,0.5217391304347826,1.0,1.0,0.011206321649030022,0.8774235195804909
1.0,0.5,151,0.4782608695652174,1.0,1.0,0.01202256944444445,0.8904086999540006
1.0,0.5,152,0.391304347826087,1.0,1.0,0.013306602733686045,0.813234780841466
1.0,0.5,153,0.5217391304347826,1.0,1.0,0.011946097883597852,0.6314135519738631
1.0,0.5,154,0.5217391304347826,1.0,1.0,0.012415399029982345,0.8962657432119461
1.0,0.5,155,0.43478260869565216,1.0,1.0,0.011394538139329809,0.87089743766962
1.0,0.5,156,0.6086956521739131,1.0,1.0,0.012877397486772475,0.7706078521859516
1.0,0.5,157,0.6521739130434783,1.0,1.0,0.012584463183421485,0.741174683182298
1.0,0.5,158,0.30434782608695654,1.0,1.0,0.013263062169312187,0.567171050884074
1.0,0.5,159,0.6521739130434783,1.0,1.0,0.013353587962963015,0.7024388526256952
1.0,0.5,160,0.43478260869565216,1.0,1.0,0.013025931437389789,0.7654008111474592
1.0,0.5,161,0.21739130434782608,1.0,1.0,0.01295662477954144,0.8813278151703403
1.0,0.5,162,0.4782608695652174,1.0,1.0,0.013785686728395084,0.8822218960202398
1.0,0.5,163,0.5217391304347826,1.0,0.9166666666666666,0.012759038800705466,0.628767711464148
1.0,0.5,164,0.4782608695652174,1.0,1.0,0.013792438271604915,0.8273899526759706
1.0,0.5,165,0.30434782608695654,1.0,1.0,0.011655781525573167,0.6938706580865364
1.0,0.5,166,0.391304347826087,1.0,1.0,0.01189704585537915,0.7743889190657248
1.0,0.5,167,0.43478260869565216,1.0,1.0,0.013544973544973532,0.8719021106937672
1.0,0.5,168,0.4782608695652174,1.0,1.0,0.012035245811287463,0.8365956565397309
1.0,0.5,169,0.391304347826087,1.0,1.0,0.012175650352733658,0.7064420716244537
1.0,0.5,170,0.43478260869565216,1.0,1.0,0.013587825176366827,0.8856671957026007
1.0,0.5,171,0.4782608695652174,1.0,1.0,0.012713569223985898,0.6975687024742985
1.0,0.5,172,0.4782608695652174,1.0,1.0,0.013766809964726623,0.860273582724087
1.0,0.5,173,0.6086956521739131,1.0,1.0,0.012582396384479702,0.8644241112335825
1.0,0.5,174,0.391304347826087,1.0,1.0,0.013305087081128764,0.8678107626683687
1.0,0.5,175,0.6086956521739131,1.0,0.9583333333333334,0.012504133597883646,0.867063079177717
1.0,0.5,176,0.6086956521739131,1.0,1.0,0.013402639991181612,0.8719738296041687
1.0,0.5,177,0.5652173913043478,1.0,1.0,0.012775710978835916,0.6891071215000463
1.0,0.5,178,0.6521739130434783,1.0,1.0,0.012121638007054682,0.8301890168884909
1.0,0.5,179,0.4782608695652174,1.0,1.0,0.013549520502645488,0.6298143384604615
1.0,0.5,180,0.43478260869565216,1.0,1.0,0.014479993386243386,0.8773592428598409
1.0,0.5,181,0.5217391304347826,1.0,1.0,0.013873456790123473,0.6892923867867446
1.0,0.5,182,0.4782608695652174,1.0,1.0,0.01268270502645498,0.8721666334969237
1.0,0.5,183,0.4782608695652174,1.0,1.0,0.012306409832451569,0.7573961895886271
1.0,0.5,184,0.43478260869565216,1.0,1.0,0.013562196869488572,0.6874331527167622
1.0,0.5,185,0.4782608695652174,1.0,1.0,0.012778053350969985,0.8191073375574172
1.0,0.5,186,0.4782608695652174,1.0,1.0,0.01402639991181657,0.8683517126963991
1.0,0.5,187,0.43478260869565216,1.0,1.0,0.01156360229276897,0.8647809344666656
1.0,0.5,188,0.4782608695652174,1.0,1.0,0.013193204365079392,0.8892267287116847
1.0,0.5,189,0.391304347826087,1.0,1.0,0.013076223544973545,0.8728994473889016
1.0,0.5,190,0.4782608695652174,1.0,1.0,0.01379918981481483,0.6945114321711382
1.0,0.5,191,0.34782608695652173,1.0,1.0,0.013314456569664894,0.634751954222654
1.0,0.5,192,0.391304347826087,1.0,1.0,0.01228532848324513,0.8698887427799494
1.0,0.5,193,0.5652173913043478,1.0,0.9583333333333334,0.012900958994708979,0.8626800274821432
1.0,0.5,194,0.4782608695652174,1.0,0.9583333333333334,0.013394510582010575,0.8640631366746017
1.0,0.5,195,0.5217391304347826,1.0,1.0,0.012631586199294552,0.8236743570182133
1.0,0.5,196,0.30434782608695654,1.0,1.0,0.0131798390652557,0.8890513411685319
1.0,0.5,197,0.4782608695652174,1.0,0.9583333333333334,0.01307732583774253,0.8238979078344193
1.0,0.5,198,0.4782608695652174,1.0,1.0,0.01301256613756611,0.8632728471306639
1.0,0.5,199,0.30434782608695654,1.0,1.0,0.013888062169312203,0.8230835227624513
