dataset,configuration,window,coverage,horizon_hours,method,half_life_days,n,picp,mpiw,winkler_interval_score,macro_user_abs_coverage_gap,user_coverage_std,max_abs_cluster_coverage_gap,mean_calibration_age_days,effective_weight_sum,erw_global_correction,picp_abs_gap,l05
London,persistence_qi__c80__h1,2013-03,0.8,1.0,rolling_global_norm,,743942,0.8057819023526027,0.4100307390446697,1.0412367994773426,0.041879848138498,0.0630894860279978,0.0305214233603567,16.475218077458383,454158.6059482677,0.1295416697593301,0.005781902352602675,0.03620063574942735
London,persistence_qi__c80__h1,2013-03,0.8,1.0,rolling_group_norm,,743942,0.8057146928120741,0.4335881948056164,1.0389582466746925,0.0393475893372047,0.0599497178838783,0.0078708096141681,16.475218077458383,454158.6059482677,0.1295416697593301,0.00571469281207404,0.023609199475686397
London,persistence_qi__c80__h1,2013-03,0.8,1.0,rolling_user_norm,,743942,0.8058477677023209,0.4462708421717844,1.0267276053636976,0.0289708551691943,0.046380930648509,0.0062814880660398,16.475218077458383,454158.6059482677,0.1295416697593301,0.005847767702320872,0.01762617161761705
London,persistence_qi__c80__h1,2013-03,0.8,1.0,erw_global_norm,14.0,743942,0.8051286256186638,0.4086760006568215,1.0412844256704294,0.0417712847085518,0.0633130032072799,0.0311935930750125,16.475218077458383,454158.6059482677,0.1295416697593301,0.005128625618663785,0.03648243889178215
London,persistence_qi__c80__h1,2013-03,0.8,1.0,erw_group_norm,14.0,743942,0.8051447559083907,0.4316134591170209,1.0389268734202732,0.0393287902594852,0.0606615693482832,0.0063194295764913,16.475218077458383,454158.6059482677,0.1295416697593301,0.005144755908390697,0.02282410991798825
London,persistence_qi__c80__h1,2013-03,0.8,1.0,erw_user_norm,14.0,743942,0.8056985625223472,0.4458606737646294,1.0263145476907545,0.0280519750482229,0.0456516925723139,0.0078912921523405,16.475218077458383,454158.6059482677,0.1295416697593301,0.005698562522347128,0.0179716336002817
London,persistence_qi__c80__h1,2013-04,0.8,1.0,rolling_global_norm,,719837,0.8244241404651331,0.4006838853390632,0.9235721037797716,0.0404613404641158,0.0520065575429172,0.0287525834980983,16.47428342436319,454184.8835762049,0.1158462904215067,0.024424140465133082,0.03460696198110705
London,persistence_qi__c80__h1,2013-04,0.8,1.0,rolling_group_norm,,719837,0.8242421548211609,0.4247607903937214,0.926057247987884,0.0403796586809992,0.0521054236876602,0.0378914024849875,16.47428342436319,454184.8835762049,0.1158462904215067,0.024242154821160877,0.03913553058299335
London,persistence_qi__c80__h1,2013-04,0.8,1.0,rolling_user_norm,,719837,0.8213665038057227,0.4388158919235085,0.9249930817411132,0.0375817243419501,0.0472529784306962,0.0312088693899329,16.47428342436319,454184.8835762049,0.1158462904215067,0.021366503805722692,0.0343952968659415
London,persistence_qi__c80__h1,2013-04,0.8,1.0,erw_global_norm,14.0,719837,0.8249228644818202,0.4018768766826074,0.9236842197769816,0.0407183130755579,0.051986832775906,0.0293098909469745,16.47428342436319,454184.8835762049,0.1158462904215067,0.02492286448182013,0.0350141020112662
London,persistence_qi__c80__h1,2013-04,0.8,1.0,erw_group_norm,14.0,719837,0.8247353220242916,0.4267772789308447,0.926397003637289,0.0406366381639684,0.0520250337509805,0.0391872549102643,16.47428342436319,454184.8835762049,0.1158462904215067,0.024735322024291517,0.03991194653711635
London,persistence_qi__c80__h1,2013-04,0.8,1.0,erw_user_norm,14.0,719837,0.8218985687037482,0.4434528940558083,0.925817543639338,0.0373319546760639,0.0447272966882685,0.033343214560977,16.47428342436319,454184.8835762049,0.1158462904215067,0.021898568703748178,0.03533758461852045
London,persistence_qi__c80__h1,2013-05,0.8,1.0,rolling_global_norm,,743923,0.8324584668036881,0.3725492735190747,0.8174198161790813,0.0466701577607178,0.0550660296555309,0.033138925683557,16.477457535826368,454093.2824229622,0.0194892570052623,0.032458466803688024,0.0399045417221374
London,persistence_qi__c80__h1,2013-05,0.8,1.0,rolling_group_norm,,743923,0.8323065693626894,0.3894731795552431,0.8214555325758369,0.0473391843274014,0.0564781844951834,0.055387817991083,16.477457535826368,454093.2824229622,0.0194892570052623,0.032306569362689386,0.051363501159242195
London,persistence_qi__c80__h1,2013-05,0.8,1.0,rolling_user_norm,,743923,0.8299649291660561,0.4021058287320966,0.825145622680827,0.0449704991359335,0.0548201654527728,0.0489624311565696,16.477457535826368,454093.2824229622,0.0194892570052623,0.029964929166056087,0.04696646514625155
London,persistence_qi__c80__h1,2013-05,0.8,1.0,erw_global_norm,14.0,743923,0.8234481256796738,0.354289230612398,0.8148886749758887,0.0425550799292822,0.0574494378856419,0.0250370692552539,16.477457535826368,454093.2824229622,0.0194892570052623,0.023448125679673804,0.03379607459226805
London,persistence_qi__c80__h1,2013-05,0.8,1.0,erw_group_norm,14.0,743923,0.8236793324040257,0.3635751892254172,0.816326499308789,0.0430609582903905,0.0579432616831794,0.0381277865198006,16.477457535826368,454093.2824229622,0.0194892570052623,0.023679332404025644,0.04059437240509555
London,persistence_qi__c80__h1,2013-05,0.8,1.0,erw_user_norm,14.0,743923,0.8234776986327886,0.3756026905563287,0.8156503292645801,0.0373799473922445,0.0447344410720058,0.0372590479937057,16.477457535826368,454093.2824229622,0.0194892570052623,0.02347769863278859,0.0373194976929751
London,persistence_qi__c80__h1,2013-06,0.8,1.0,rolling_global_norm,,719798,0.8173404205068644,0.3330386183333307,0.7572859131709494,0.0468151195408305,0.0690155922515733,0.0375338753387533,16.475202524211305,454131.41277060425,-0.0358867972593502,0.01734042050686435,0.0421744974397919
London,persistence_qi__c80__h1,2013-06,0.8,1.0,rolling_group_norm,,719798,0.8173251384416184,0.3349185047658443,0.757758999691268,0.0471747391974871,0.0703295936405758,0.0419292005420053,16.475202524211305,454131.41277060425,-0.0358867972593502,0.017325138441618315,0.0445519698697462
London,persistence_qi__c80__h1,2013-06,0.8,1.0,rolling_user_norm,,719798,0.8164846248530838,0.3355746956633825,0.7538923379825446,0.0383416000956836,0.0514501113412731,0.0429623983739837,16.475202524211305,454131.41277060425,-0.0358867972593502,0.016484624853083774,0.04065199923483365
London,persistence_qi__c80__h1,2013-06,0.8,1.0,erw_global_norm,14.0,719798,0.8129239036507464,0.3269617844436205,0.75659550613767,0.0465692778141215,0.0721165739612386,0.0326642953929539,16.475202524211305,454131.41277060425,-0.0358867972593502,0.01292390365074636,0.0396167866035377
London,persistence_qi__c80__h1,2013-06,0.8,1.0,erw_group_norm,14.0,719798,0.8129725284038022,0.3268211869458549,0.7565827840750217,0.0466319165868933,0.0725641697949879,0.0324864498644985,16.475202524211305,454131.41277060425,-0.0358867972593502,0.012972528403802142,0.039559183225695904
London,persistence_qi__c80__h1,2013-06,0.8,1.0,erw_user_norm,14.0,719798,0.8094812711344016,0.3231101353456071,0.7508698228715699,0.0378165062157275,0.0606038545739368,0.0320376016260162,16.475202524211305,454131.41277060425,-0.0358867972593502,0.009481271134401559,0.03492705392087185
London,persistence_qi__c80__h1,2013-07,0.8,1.0,rolling_global_norm,,743871,0.8277658357430253,0.3175848388674572,0.6668287230511953,0.0595619886725939,0.082258082822937,0.051880081300813,16.474492204305264,454112.5572665912,-0.0619720216231447,0.02776583574302527,0.05572103498670345
London,persistence_qi__c80__h1,2013-07,0.8,1.0,rolling_group_norm,,743871,0.827935219950771,0.3150989981875953,0.6660150929603948,0.0594692693889301,0.0805940588146809,0.0427911093627064,16.474492204305264,454112.5572665912,-0.0619720216231447,0.027935219950770973,0.05113018937581825
London,persistence_qi__c80__h1,2013-07,0.8,1.0,rolling_user_norm,,743871,0.8251592009904943,0.3028716308846237,0.6556779204617393,0.0453789091696023,0.0537448613017175,0.0409470889063728,16.474492204305264,454112.5572665912,-0.0619720216231447,0.02515920099049429,0.04316299903798755
London,persistence_qi__c80__h1,2013-07,0.8,1.0,erw_global_norm,14.0,743871,0.8248768939775848,0.3140835358468212,0.666189120595956,0.059331307468023,0.0861436009163313,0.0490935615001311,16.474492204305264,454112.5572665912,-0.0619720216231447,0.024876893977584746,0.054212434484077046
London,persistence_qi__c80__h1,2013-07,0.8,1.0,erw_group_norm,14.0,743871,0.8249642747196758,0.3097395190104511,0.6649860900032037,0.0595416992821731,0.0846847312155197,0.0310631392604248,16.474492204305264,454112.5572665912,-0.0619720216231447,0.024964274719675772,0.04530241927129895
London,persistence_qi__c80__h1,2013-07,0.8,1.0,erw_user_norm,14.0,743871,0.8216881690508167,0.2946784214191281,0.6534492503450601,0.043228623659124,0.0533976229119513,0.0272685549436139,16.474492204305264,454112.5572665912,-0.0619720216231447,0.021688169050816608,0.03524858930136895
London,persistence_qi__c80__h1,2013-08,0.8,1.0,rolling_global_norm,,743970,0.8098659892199954,0.2987669245230511,0.660442228660825,0.0595820443574126,0.0991344998124696,0.0328142416890695,16.47457465421572,454128.0111259274,-0.1087894308266812,0.009865989219995375,0.046198143023241045
London,persistence_qi__c80__h1,2013-08,0.8,1.0,rolling_group_norm,,743970,0.8094694678548866,0.2963153630506652,0.6601768814664947,0.0608759135715042,0.1020050797204454,0.0118234508061263,16.47457465421572,454128.0111259274,-0.1087894308266812,0.00946946785488656,0.03634968218881525
London,persistence_qi__c80__h1,2013-08,0.8,1.0,rolling_user_norm,,743970,0.807894135516217,0.2688767214258467,0.64652711999849,0.035119491412973,0.0506152817396479,0.0117206588175757,16.47457465421572,454128.0111259274,-0.1087894308266812,0.007894135516216982,0.02342007511527435
London,persistence_qi__c80__h1,2013-08,0.8,1.0,erw_global_norm,14.0,743970,0.8031278142935872,0.291108778632434,0.6596145310908446,0.0605139420944893,0.1035814267204825,0.0223723034555111,16.47457465421572,454128.0111259274,-0.1087894308266812,0.0031278142935871056,0.0414431227750002
London,persistence_qi__c80__h1,2013-08,0.8,1.0,erw_group_norm,14.0,743970,0.8030901783674073,0.2888682083036235,0.6595598875839394,0.061725146931511,0.1069247315001803,0.0060908206754224,16.47457465421572,454128.0111259274,-0.1087894308266812,0.0030901783674072147,0.0339079838034667
London,persistence_qi__c80__h1,2013-08,0.8,1.0,erw_user_norm,14.0,743970,0.7999247281476404,0.256766393737385,0.644506736259499,0.0346835955595119,0.0508738841655918,0.0033866006689385,16.47457465421572,454128.0111259274,-0.1087894308266812,7.527185235967071e-05,0.0190350981142252
London,persistence_qi__c80__h1,2013-09,0.8,1.0,rolling_global_norm,,719894,0.7717705662222494,0.2872173594001199,0.7646049621633817,0.060316077291107,0.1081289424224024,0.0430718954248366,16.47424968251318,454181.36776626576,-0.1094207586558109,0.028229433777750668,0.0516939863579718
London,persistence_qi__c80__h1,2013-09,0.8,1.0,rolling_group_norm,,719894,0.7723164799262113,0.2853683085507453,0.7649021216302698,0.0599336701076101,0.1089461214680623,0.0360317917605789,16.47424968251318,454181.36776626576,-0.1094207586558109,0.027683520073788714,0.0479827309340945
London,persistence_qi__c80__h1,2013-09,0.8,1.0,rolling_user_norm,,719894,0.7652737764170836,0.2484230324127508,0.761837705912976,0.0531385103890005,0.0680666886969819,0.0466572895659984,16.47424968251318,454181.36776626576,-0.1094207586558109,0.03472622358291644,0.04989789997749945
London,persistence_qi__c80__h1,2013-09,0.8,1.0,erw_global_norm,14.0,719894,0.7751016121817934,0.2907920565991417,0.7642989734869959,0.0587298851739277,0.1058800067142725,0.039750816993464,16.47424968251318,454181.36776626576,-0.1094207586558109,0.024898387818206635,0.04924035108369585
London,persistence_qi__c80__h1,2013-09,0.8,1.0,erw_group_norm,14.0,719894,0.7756211331112636,0.2885260445617519,0.7646296042313813,0.058421152297552,0.107189955051377,0.0343371350133031,16.47424968251318,454181.36776626576,-0.1094207586558109,0.024378866888736472,0.04637914365542755
London,persistence_qi__c80__h1,2013-09,0.8,1.0,erw_user_norm,14.0,719894,0.7687215062217493,0.2518032398074373,0.7616902624960917,0.0503949769493266,0.0678598186066577,0.0431069836804555,16.47424968251318,454181.36776626576,-0.1094207586558109,0.03127849377825076,0.04675098031489105
London,persistence_qi__c80__h1,2013-10,0.8,1.0,rolling_global_norm,,743789,0.7700934001443958,0.3068794304282577,0.8357115122797074,0.0548831496244839,0.0937010775593548,0.0446458511277719,16.475335257666952,454151.106037536,-0.055930929786789,0.029906599855604288,0.049764500376127896
London,persistence_qi__c80__h1,2013-10,0.8,1.0,rolling_group_norm,,743789,0.7700772665366119,0.3019281794895792,0.8362972053413988,0.0545787111879476,0.0900223233976696,0.0340666185823881,16.475335257666952,454151.106037536,-0.055930929786789,0.02992273346338814,0.04432266488516785
London,persistence_qi__c80__h1,2013-10,0.8,1.0,rolling_user_norm,,743789,0.7643404245021101,0.2760808917390068,0.8317845484451594,0.0473227988168486,0.0573759129199476,0.0393941380893057,16.475335257666952,454151.106037536,-0.055930929786789,0.035659575497889895,0.04335846845307715
London,persistence_qi__c80__h1,2013-10,0.8,1.0,erw_global_norm,14.0,743789,0.781303568619595,0.3170576234244341,0.8348502751761026,0.0483361086699207,0.0764935510719733,0.0276620480212584,16.475335257666952,454151.106037536,-0.055930929786789,0.018696431380405,0.03799907834558955
London,persistence_qi__c80__h1,2013-10,0.8,1.0,erw_group_norm,14.0,743789,0.7816168295040663,0.312849430401811,0.83501209158745,0.0484936419946025,0.0784766384757321,0.020592092321815,16.475335257666952,454151.106037536,-0.055930929786789,0.018383170495933743,0.03454286715820875
London,persistence_qi__c80__h1,2013-10,0.8,1.0,erw_user_norm,14.0,743789,0.7767323797474821,0.2972291806532146,0.8267473079956554,0.0378928193415022,0.051702094739222,0.0248900699123723,16.475335257666952,454151.106037536,-0.055930929786789,0.02326762025251794,0.03139144462693725
London,persistence_qi__c80__h1,2013-11,0.8,1.0,rolling_global_norm,,719796,0.766910346820488,0.3342949972026465,0.9780721263163088,0.0551329660470291,0.0772395346442289,0.0503408850307008,16.47705827452298,454061.0655911695,-0.0061715991301327,0.03308965317951207,0.05273692553886495
London,persistence_qi__c80__h1,2013-11,0.8,1.0,rolling_group_norm,,719796,0.7658836670389944,0.327469349955855,0.9805906729271412,0.0564563488599672,0.0802818367324365,0.0720050815159856,16.47705827452298,454061.0655911695,-0.0061715991301327,0.03411633296100569,0.0642307151879764
London,persistence_qi__c80__h1,2013-11,0.8,1.0,rolling_user_norm,,719796,0.7611295422591957,0.323376357244497,0.9768807836118836,0.0516315258522112,0.0686239533484183,0.0806097819182722,16.47705827452298,454061.0655911695,-0.0061715991301327,0.03887045774080433,0.0661206538852417
London,persistence_qi__c80__h1,2013-11,0.8,1.0,erw_global_norm,14.0,719796,0.7721673918721416,0.3416149027065792,0.9768260885414736,0.0520763761139233,0.0762023808419093,0.0449544780859623,16.47705827452298,454061.0655911695,-0.0061715991301327,0.027832608127858482,0.048515427099942804
London,persistence_qi__c80__h1,2013-11,0.8,1.0,erw_group_norm,14.0,719796,0.7727064334894886,0.3344472459574767,0.9792933741603156,0.0525230311593294,0.075086395051501,0.0662375608723269,16.47705827452298,454061.0655911695,-0.0061715991301327,0.027293566510511402,0.05938029601582816
London,persistence_qi__c80__h1,2013-11,0.8,1.0,erw_user_norm,14.0,719796,0.7696805761632463,0.3371020506036825,0.9729953531884198,0.0449189744524729,0.0630412315819983,0.0729282235867033,16.47705827452298,454061.0655911695,-0.0061715991301327,0.03031942383675379,0.0589235990195881
London,persistence_qi__c80__h1,2013-12,0.8,1.0,rolling_global_norm,,743832,0.7893368395013928,0.3658774283153468,0.9908023578045562,0.0501621560759703,0.0739558601616901,0.0199845906691584,16.474375073616077,454081.3817507471,0.0814653959229583,0.010663160498607271,0.035073373372564345
London,persistence_qi__c80__h1,2013-12,0.8,1.0,rolling_group_norm,,743832,0.7893180180470859,0.3663397741442011,0.9907813394897556,0.0501836355743286,0.0739844863159824,0.019746893544474,16.474375073616077,454081.3817507471,0.0814653959229583,0.010681981952914144,0.0349652645594013
London,persistence_qi__c80__h1,2013-12,0.8,1.0,rolling_user_norm,,743832,0.788609524731391,0.375946589581056,0.9808591590007426,0.0373867074619474,0.0560998479802514,0.0211402904822792,16.474375073616077,454081.3817507471,0.0814653959229583,0.011390475268609035,0.0292634989721133
London,persistence_qi__c80__h1,2013-12,0.8,1.0,erw_global_norm,14.0,743832,0.7992826337129889,0.3849264780549449,0.98972962529943,0.0477087415660431,0.0710072211859475,0.0100013114324121,16.474375073616077,454081.3817507471,0.0814653959229583,0.0007173662870111341,0.0288550264992276
London,persistence_qi__c80__h1,2013-12,0.8,1.0,erw_group_norm,14.0,743832,0.7991105518450403,0.3922996561087737,0.9894952431322832,0.0476718293979101,0.0710170275556684,0.003359554155666,16.474375073616077,454081.3817507471,0.0814653959229583,0.0008894481549597266,0.02551569177678805
London,persistence_qi__c80__h1,2013-12,0.8,1.0,erw_user_norm,14.0,743832,0.7999575172888501,0.4057806192175859,0.97706985115052,0.0305347875188746,0.0480515539970991,0.0019611719584041,16.474375073616077,454081.3817507471,0.0814653959229583,4.248271114992708e-05,0.01624797973863935
London,persistence_qi__c80__h1,2014-01,0.8,1.0,rolling_global_norm,,743764,0.7982720325264465,0.3886940072367221,1.0103609847081243,0.0494310869994198,0.0730590203878555,0.0227750002052393,16.473123240144634,454139.5357476623,0.0809617841700048,0.0017279674735535266,0.03610304360232955
London,persistence_qi__c80__h1,2014-01,0.8,1.0,rolling_group_norm,,743764,0.7981147245631679,0.3972606918997849,1.0095462102840906,0.0493231420755041,0.0730118785938215,0.0090732211905524,16.473123240144634,454139.5357476623,0.0809617841700048,0.0018852754368321456,0.02919818163302825
London,persistence_qi__c80__h1,2014-01,0.8,1.0,rolling_user_norm,,743764,0.7993758772944106,0.4135031348658213,0.992030674310577,0.029389835689327,0.0459127862812639,0.0061588224187046,16.473123240144634,454139.5357476623,0.0809617841700048,0.000624122705589425,0.0177743290540158
London,persistence_qi__c80__h1,2014-01,0.8,1.0,erw_global_norm,14.0,743764,0.7961100564157447,0.3845721413597559,1.0105735450434328,0.0499075200879118,0.0737597183637575,0.024802764984525,16.473123240144634,454139.5357476623,0.0809617841700048,0.0038899435842553176,0.0373551425362184
London,persistence_qi__c80__h1,2014-01,0.8,1.0,erw_group_norm,14.0,743764,0.796206861316224,0.3883953862355511,1.010035372534438,0.0499063637263389,0.0738480964554889,0.0173566813618041,16.473123240144634,454139.5357476623,0.0809617841700048,0.003793138683776065,0.0336315225440715
London,persistence_qi__c80__h1,2014-01,0.8,1.0,erw_user_norm,14.0,743764,0.794813946359329,0.4075724361795456,0.9963517709772728,0.0350928798548672,0.0541419325845092,0.0206158822418704,16.473123240144634,454139.5357476623,0.0809617841700048,0.00518605364067104,0.0278543810483688
London,persistence_qi__c80__h6,2013-03,0.8,6.0,rolling_global_norm,,743917,0.8089692801750733,0.8028767867071315,1.5843126894242925,0.0646429334382899,0.0852348181026599,0.0617495880573523,16.475265326230687,454145.0578593136,0.2758346638282774,0.008969280175073258,0.0631962607478211
London,persistence_qi__c80__h6,2013-03,0.8,6.0,rolling_group_norm,,743917,0.8092381273717364,0.8671644484679045,1.5658963803965813,0.0588488803613166,0.0786963880094097,0.0125513915243515,16.475265326230687,454145.0578593136,0.2758346638282774,0.009238127371736349,0.03570013594283405
London,persistence_qi__c80__h6,2013-03,0.8,6.0,rolling_user_norm,,743917,0.8074301299741772,0.9241433341950648,1.51841836986437,0.0399140062565921,0.0610864316974825,0.0093009263525343,16.475265326230687,454145.0578593136,0.2758346638282774,0.007430129974177135,0.0246074663045632
London,persistence_qi__c80__h6,2013-03,0.8,6.0,erw_global_norm,14.0,743917,0.8079879879072531,0.8002489272769185,1.5845763379417177,0.0643993011197521,0.0853815222372072,0.0625611765573892,16.475265326230687,454145.0578593136,0.2758346638282774,0.00798798790725308,0.06348023883857065
London,persistence_qi__c80__h6,2013-03,0.8,6.0,erw_group_norm,14.0,743917,0.8084987975809129,0.8646526710017419,1.56589798381342,0.0587951169204564,0.0789194156777458,0.0109503478810878,16.475265326230687,454145.0578593136,0.2758346638282774,0.008498797580912876,0.0348727324007721
London,persistence_qi__c80__h6,2013-03,0.8,6.0,erw_user_norm,14.0,743917,0.8068010275339856,0.9222473680375032,1.515792588836149,0.0373518741599273,0.0586558633969706,0.0095285846699224,16.475265326230687,454145.0578593136,0.2758346638282774,0.006801027533985593,0.02344022941492485
London,persistence_qi__c80__h6,2013-04,0.8,6.0,rolling_global_norm,,719770,0.847128943968212,0.7865516621794514,1.3357389243590547,0.0641443397151121,0.0600240348841293,0.0582587410237164,16.474119538185843,454173.618391171,0.247448056208622,0.04712894396821199,0.06120154036941425
London,persistence_qi__c80__h6,2013-04,0.8,6.0,rolling_group_norm,,719770,0.8467524348055628,0.8555238571470146,1.3473268708319526,0.0615011495550383,0.0588745972941793,0.0668411512595076,16.474119538185843,454173.618391171,0.247448056208622,0.04675243480556279,0.06417115040727295
London,persistence_qi__c80__h6,2013-04,0.8,6.0,rolling_user_norm,,719770,0.8419300609917056,0.9114036105458628,1.350645695680467,0.0570763615199178,0.0566461888588242,0.0622249326624992,16.474119538185843,454173.618391171,0.247448056208622,0.0419300609917056,0.0596506470912085
London,persistence_qi__c80__h6,2013-04,0.8,6.0,erw_global_norm,14.0,719770,0.8470191866846354,0.7861660285789088,1.335673970963855,0.0640679508262232,0.0600353643951415,0.0581159046861521,16.474119538185843,454173.618391171,0.247448056208622,0.04701918668463534,0.06109192775618765
London,persistence_qi__c80__h6,2013-04,0.8,6.0,erw_group_norm,14.0,719770,0.8462897870152966,0.8587484403370678,1.3484701121473004,0.0612217805301154,0.0590808073749704,0.069043383984686,16.474119538185843,454173.618391171,0.247448056208622,0.04628978701529651,0.0651325822574007
London,persistence_qi__c80__h6,2013-04,0.8,6.0,erw_user_norm,14.0,719770,0.8415341011712074,0.918535835133414,1.3468876864951995,0.0559060898939058,0.0537948212565846,0.0652402974708203,16.474119538185843,454173.618391171,0.247448056208622,0.04153410117120737,0.06057319368236305
London,persistence_qi__c80__h6,2013-05,0.8,6.0,rolling_global_norm,,743892,0.8586891645561453,0.7166364400555628,1.127071641086788,0.0713817843147071,0.0622378664116629,0.0748442827170207,16.478299222847763,454047.134457336,0.0064964472363214,0.05868916455614526,0.0731130335158639
London,persistence_qi__c80__h6,2013-05,0.8,6.0,rolling_group_norm,,743892,0.857831513176644,0.7646072530954884,1.1518854649483157,0.0718429826367987,0.0660481422175685,0.1074957382638341,16.478299222847763,454047.134457336,0.0064964472363214,0.05783151317664392,0.0896693604503164
London,persistence_qi__c80__h6,2013-05,0.8,6.0,rolling_user_norm,,743892,0.8530378065633183,0.8151642677050961,1.187752959214392,0.0687727904961175,0.0694155068096782,0.0940302911093626,16.478299222847763,454047.134457336,0.0064964472363214,0.053037806563318246,0.08140154080274005
London,persistence_qi__c80__h6,2013-05,0.8,6.0,erw_global_norm,14.0,743892,0.8408613078242541,0.6671688323256313,1.1135161650069014,0.0608319718905145,0.0684792439732722,0.0588709677419354,16.478299222847763,454047.134457336,0.0064964472363214,0.04086130782425401,0.05985146981622495
London,persistence_qi__c80__h6,2013-05,0.8,6.0,erw_group_norm,14.0,743892,0.8411839353024364,0.68809532945078,1.1215759641674254,0.0613531510041699,0.0696035194747226,0.0783192368214004,16.478299222847763,454047.134457336,0.0064964472363214,0.04118393530243636,0.06983619391278516
London,persistence_qi__c80__h6,2013-05,0.8,6.0,erw_user_norm,14.0,743892,0.8385464556682959,0.7127711856646327,1.130820078197034,0.0550515525723666,0.0600818747821956,0.0690253737214791,16.478299222847763,454047.134457336,0.0064964472363214,0.03854645566829584,0.06203846314692285
London,persistence_qi__c80__h6,2013-06,0.8,6.0,rolling_global_norm,,719730,0.8355605574312589,0.6195023284788411,1.01412871286967,0.0688434186432641,0.0913981594018358,0.0830623306233061,16.47530456906572,454099.51835758414,-0.1240532711731562,0.035560557431258855,0.0759528746332851
London,persistence_qi__c80__h6,2013-06,0.8,6.0,rolling_group_norm,,719730,0.8354730246064497,0.6119474261379799,1.01050859057901,0.0677149874504528,0.088542179284936,0.0763042005420053,16.47530456906572,454099.51835758414,-0.1240532711731562,0.03547302460644963,0.07200959399622905
London,persistence_qi__c80__h6,2013-06,0.8,6.0,rolling_user_norm,,719730,0.8343406555235992,0.5975497650316667,0.993304080027381,0.0523422388981896,0.0594163005649531,0.0733231707317072,16.47530456906572,454099.51835758414,-0.1240532711731562,0.034340655523599106,0.0628327048149484
London,persistence_qi__c80__h6,2013-06,0.8,6.0,erw_global_norm,14.0,719730,0.826908701874314,0.6028913176662286,1.0100323933464943,0.0680629886844443,0.1011758567804397,0.078150406504065,16.47530456906572,454099.51835758414,-0.1240532711731562,0.026908701874313934,0.07310669759425464
London,persistence_qi__c80__h6,2013-06,0.8,6.0,erw_group_norm,14.0,719730,0.8272838425520681,0.5834329506358398,1.0017367541098443,0.0657609384979844,0.0924368280846584,0.0573678861788617,16.47530456906572,454099.51835758414,-0.1240532711731562,0.02728384255206806,0.06156441233842305
London,persistence_qi__c80__h6,2013-06,0.8,6.0,erw_user_norm,14.0,719730,0.823569949842302,0.5549679425873347,0.9743923329042176,0.048693834324815,0.0686205898265869,0.0581216124661245,16.47530456906572,454099.51835758414,-0.1240532711731562,0.023569949842301985,0.05340772339546975
London,persistence_qi__c80__h6,2013-07,0.8,6.0,rolling_global_norm,,743820,0.8380670054583098,0.5726516987859257,0.9046194535080484,0.0813585714279187,0.1087301839538845,0.1013981772882244,16.474200994432888,454081.09167763096,-0.2169035715382324,0.038067005458309766,0.09137837435807156
London,persistence_qi__c80__h6,2013-07,0.8,6.0,rolling_group_norm,,743820,0.8394450270226668,0.5386128671088757,0.887107570149336,0.0794377640423118,0.1025730287365094,0.0658454628901127,16.474200994432888,454081.09167763096,-0.2169035715382324,0.03944502702266672,0.07264161346621226
London,persistence_qi__c80__h6,2013-07,0.8,6.0,rolling_user_norm,,743820,0.8369430776263075,0.5012412535074399,0.8499461969631387,0.0579670717075105,0.065346118411683,0.0646816810910043,16.474200994432888,454081.09167763096,-0.2169035715382324,0.03694307762630744,0.061324376399257405
London,persistence_qi__c80__h6,2013-07,0.8,6.0,erw_global_norm,14.0,743820,0.830553090801538,0.5574197107815938,0.8999031497660996,0.0806778032626416,0.1115559590237918,0.0975134408602149,16.474200994432888,454081.09167763096,-0.2169035715382324,0.030553090801538008,0.08909562206142825
London,persistence_qi__c80__h6,2013-07,0.8,6.0,erw_group_norm,14.0,743820,0.8318181818181818,0.5189954185970119,0.8815192756670246,0.0796183636237229,0.1107666918360894,0.048126475216365,16.474200994432888,454081.09167763096,-0.2169035715382324,0.031818181818181746,0.06387241942004396
London,persistence_qi__c80__h6,2013-07,0.8,6.0,erw_user_norm,14.0,743820,0.8293283321233632,0.4724829167124554,0.8375964025488857,0.0526628011080142,0.0622168530630254,0.0456677812745869,16.474200994432888,454081.09167763096,-0.2169035715382324,0.029328332123363166,0.049165291191300545
London,persistence_qi__c80__h6,2013-08,0.8,6.0,rolling_global_norm,,743950,0.80432824786612,0.5265090031344941,0.8976379709410696,0.0813730687786919,0.1219623707348284,0.0853726107340742,16.47462599231635,454095.72600290686,-0.3097077797329914,0.004328247866119961,0.08337283975638304
London,persistence_qi__c80__h6,2013-08,0.8,6.0,rolling_group_norm,,743950,0.8044142751529001,0.4832829194397319,0.8811178574636188,0.0792708437821954,0.1228990186818624,0.0129979344939509,16.47462599231635,454095.72600290686,-0.3097077797329914,0.004414275152900049,0.04613438913807315
London,persistence_qi__c80__h6,2013-08,0.8,6.0,rolling_user_norm,,743950,0.802251495396196,0.4192803329584746,0.8339246222100882,0.0423008263895734,0.0598853794247377,0.0113914297891871,16.47462599231635,454095.72600290686,-0.3097077797329914,0.002251495396195957,0.02684612808938025
London,persistence_qi__c80__h6,2013-08,0.8,6.0,erw_global_norm,14.0,743950,0.795476846562269,0.5119426375155718,0.8950588297206693,0.0833181772619574,0.1268589304892539,0.0805121143569063,16.47462599231635,454095.72600290686,-0.3097077797329914,0.00452315343773102,0.08191514580943185
London,persistence_qi__c80__h6,2013-08,0.8,6.0,erw_group_norm,14.0,743950,0.7954566839169299,0.4672499955867032,0.8794477054098688,0.0817878337809843,0.1271885177370993,0.0077019380853278,16.47462599231635,454095.72600290686,-0.3097077797329914,0.004543316083070126,0.04474488593315605
London,persistence_qi__c80__h6,2013-08,0.8,6.0,erw_user_norm,14.0,743950,0.7910101485314873,0.3952242980372007,0.8316024182701853,0.0441825297741609,0.0624412345058811,0.013864138917794,16.47462599231635,454095.72600290686,-0.3097077797329914,0.008989851468512722,0.02902333434597745
London,persistence_qi__c80__h6,2013-09,0.8,6.0,rolling_global_norm,,719852,0.7503459044359119,0.5125601622683329,1.048252448574163,0.0892410956555167,0.1227605847201531,0.0678962418300653,16.47406547941306,454164.0337915111,-0.2884706957027858,0.049654095564088174,0.078568668742791
London,persistence_qi__c80__h6,2013-09,0.8,6.0,rolling_group_norm,,719852,0.7503097859004351,0.4668605371825505,1.0461430588817753,0.0862733677799024,0.1246983732509906,0.0671610169491525,16.47406547941306,454164.0337915111,-0.2884706957027858,0.04969021409956498,0.07671719236452745
London,persistence_qi__c80__h6,2013-09,0.8,6.0,rolling_user_norm,,719852,0.7371987575223796,0.3919611724012056,1.0303811813481456,0.0780712599010834,0.085033620012566,0.0814576271186441,16.47406547941306,454164.0337915111,-0.2884706957027858,0.06280124247762042,0.07976444350986375
London,persistence_qi__c80__h6,2013-09,0.8,6.0,erw_global_norm,14.0,719852,0.7572778848985625,0.5223906938382574,1.047494621434548,0.0849545910934369,0.118886163973992,0.0604207516339869,16.47406547941306,454164.0337915111,-0.2884706957027858,0.04272211510143753,0.0726876713637119
London,persistence_qi__c80__h6,2013-09,0.8,6.0,erw_group_norm,14.0,719852,0.7568903052294083,0.475373854691919,1.044592898883376,0.0823535005323653,0.122460679329664,0.0605338983050848,16.47406547941306,454164.0337915111,-0.2884706957027858,0.04310969477059179,0.07144369941872505
London,persistence_qi__c80__h6,2013-09,0.8,6.0,erw_user_norm,14.0,719852,0.7416718992237293,0.4022720484790477,1.0282058731567616,0.0745270660320638,0.091648431599025,0.0740677966101694,16.47406547941306,454164.0337915111,-0.2884706957027858,0.05832810077627071,0.0742974313211166
London,persistence_qi__c80__h6,2013-10,0.8,6.0,rolling_global_norm,,743725,0.7470489764361827,0.5623347761554156,1.1598834883763374,0.0839566382892559,0.1141243691324889,0.0669437418158453,16.47559438775206,454123.751343607,-0.148467187233909,0.05295102356381731,0.0754501900525506
London,persistence_qi__c80__h6,2013-10,0.8,6.0,rolling_group_norm,,743725,0.7466711486100374,0.5154103102848863,1.1621159707732025,0.0825248643304002,0.1150654018521972,0.0644831317006,16.47559438775206,454123.751343607,-0.148467187233909,0.053328851389962684,0.07350399801550009
London,persistence_qi__c80__h6,2013-10,0.8,6.0,rolling_user_norm,,743725,0.7359091061884433,0.4591238471250904,1.155511705778787,0.0756854868887752,0.0791993039905325,0.0744746073899217,16.47559438775206,454123.751343607,-0.148467187233909,0.06409089381155675,0.07508004713934846
London,persistence_qi__c80__h6,2013-10,0.8,6.0,erw_global_norm,14.0,743725,0.7646952838750882,0.5908990828430785,1.1574292104147172,0.074447027503164,0.1108643684516357,0.0495135802078555,16.47559438775206,454123.751343607,-0.148467187233909,0.03530471612491182,0.06198030385550975
London,persistence_qi__c80__h6,2013-10,0.8,6.0,erw_group_norm,14.0,743725,0.7638871894853608,0.5430046635377547,1.156281696128384,0.0723460823427524,0.1022344940934664,0.0399675420478017,16.47559438775206,454123.751343607,-0.148467187233909,0.036112810514639215,0.05615681219527705
London,persistence_qi__c80__h6,2013-10,0.8,6.0,erw_user_norm,14.0,743725,0.7569841003058926,0.5009086503634301,1.1381616596008648,0.0575769516951772,0.0693772918303375,0.0458116127340088,16.47559438775206,454123.751343607,-0.148467187233909,0.04301589969410746,0.051694282214593004
London,persistence_qi__c80__h6,2013-11,0.8,6.0,rolling_global_norm,,719740,0.736192236085253,0.6292111506872216,1.4558557437312722,0.0845996848740458,0.0975819273360202,0.0785202500127039,16.477609902805145,454014.8043621853,-0.0349126160381536,0.06380776391474707,0.08155996744337485
London,persistence_qi__c80__h6,2013-11,0.8,6.0,rolling_group_norm,,719740,0.7349751299080224,0.585146074977041,1.4834375384046268,0.0872904946322341,0.1032236324498333,0.1448261259887867,16.477609902805145,454014.8043621853,-0.0349126160381536,0.06502487009197766,0.11605831031051039
London,persistence_qi__c80__h6,2013-11,0.8,6.0,rolling_user_norm,,719740,0.7271000639119682,0.5620269335245356,1.4901078886258847,0.0852131001689358,0.0931945244737119,0.1592069380219185,16.477609902805145,454014.8043621853,-0.0349126160381536,0.0728999360880318,0.12221001909542714
London,persistence_qi__c80__h6,2013-11,0.8,6.0,erw_global_norm,14.0,719740,0.7478394975963543,0.6467713184586102,1.450486599672458,0.0769153784072225,0.0955570793891871,0.0698392533495944,16.477609902805145,454014.8043621853,-0.0349126160381536,0.05216050240364578,0.07337731587840846
London,persistence_qi__c80__h6,2013-11,0.8,6.0,erw_group_norm,14.0,719740,0.7467988440270098,0.6058853867642352,1.4741282894547594,0.07995326731365,0.099637027786576,0.1315632569405627,16.477609902805145,454014.8043621853,-0.0349126160381536,0.053201155972990244,0.10575826212710634
London,persistence_qi__c80__h6,2013-11,0.8,6.0,erw_user_norm,14.0,719740,0.7406619056881651,0.5896316843122663,1.4724299934144018,0.0734809687855539,0.0865914097467312,0.1427088097294917,16.477609902805145,454014.8043621853,-0.0349126160381536,0.0593380943118349,0.10809488925752281
London,persistence_qi__c80__h6,2013-12,0.8,6.0,rolling_global_norm,,743796,0.7692485574001473,0.7052746542764757,1.5258291731125126,0.074096653710283,0.0986028111050718,0.0534344262295082,16.47428879347855,454043.6423835613,0.1607644421058091,0.03075144259985274,0.06376553996989559
London,persistence_qi__c80__h6,2013-12,0.8,6.0,rolling_group_norm,,743796,0.7690993229326321,0.6992238952349746,1.5283294916397394,0.0743935206969019,0.0989046626200239,0.0634918032786885,16.47428879347855,454043.6423835613,0.1607644421058091,0.030900677067367988,0.0689426619877952
London,persistence_qi__c80__h6,2013-12,0.8,6.0,rolling_user_norm,,743796,0.7658430537405417,0.717617055440922,1.5064472010425536,0.0627587664362063,0.0868066493468707,0.0716065573770492,16.47428879347855,454043.6423835613,0.1607644421058091,0.03415694625945831,0.06718266190662775
London,persistence_qi__c80__h6,2013-12,0.8,6.0,erw_global_norm,14.0,743796,0.7871459378646833,0.74344024683469,1.5192638646020986,0.0693534291919098,0.0951942044293608,0.0380409836065573,16.47428879347855,454043.6423835613,0.1607644421058091,0.012854062135316702,0.053697206399233546
London,persistence_qi__c80__h6,2013-12,0.8,6.0,erw_group_norm,14.0,743796,0.7868810802962103,0.7632124348790388,1.5150592418818305,0.0693797102993808,0.0949196520996091,0.0190983606557377,16.47428879347855,454043.6423835613,0.1607644421058091,0.013118919703789755,0.044239035477559245
London,persistence_qi__c80__h6,2013-12,0.8,6.0,erw_user_norm,14.0,743796,0.7862639756062146,0.800638356401346,1.4750545060105869,0.0481140973630013,0.0728533269030489,0.0204180327868852,16.47428879347855,454043.6423835613,0.1607644421058091,0.013736024393785407,0.034266065074943244
London,persistence_qi__c80__h6,2014-01,0.8,6.0,rolling_global_norm,,743708,0.7978184986580755,0.7683500054664547,1.54290294223516,0.0691962669356131,0.0963116413148117,0.043729776784981,16.47269132205285,454121.4281190213,0.2164323021608525,0.002181501341924519,0.056463021860297044
London,persistence_qi__c80__h6,2014-01,0.8,6.0,rolling_group_norm,,743708,0.7980618737461477,0.801137291541708,1.5357373481359478,0.0684129897997708,0.0954991809600089,0.0122431549036677,16.47269132205285,454121.4281190213,0.2164323021608525,0.001938126253852368,0.04032807235171925
London,persistence_qi__c80__h6,2014-01,0.8,6.0,rolling_user_norm,,743708,0.7987731744179167,0.8466351067853769,1.472777271025304,0.0417849322839639,0.0615349207267013,0.0110194964111492,16.47269132205285,454121.4281190213,0.2164323021608525,0.001226825582083313,0.02640221434755655
London,persistence_qi__c80__h6,2014-01,0.8,6.0,erw_global_norm,14.0,743708,0.7986118207683661,0.7704804483802795,1.5426879198411452,0.0691661520694266,0.0961537538975409,0.0429413793669826,16.47269132205285,454121.4281190213,0.2164323021608525,0.0013881792316339236,0.0560537657182046
London,persistence_qi__c80__h6,2014-01,0.8,6.0,erw_group_norm,14.0,743708,0.7989036019513035,0.7965505311985873,1.5365578337878465,0.0686774985949342,0.0958141131322575,0.016948901992346,16.47269132205285,454121.4281190213,0.2164323021608525,0.0010963980486965452,0.0428132002936401
London,persistence_qi__c80__h6,2014-01,0.8,6.0,erw_user_norm,14.0,743708,0.7943211583040656,0.8430493146586749,1.471161710288623,0.0466657149624016,0.0694671467457302,0.0244304649902271,16.47269132205285,454121.4281190213,0.2164323021608525,0.005678841695934467,0.035548089976314354
London,persistence_qi__c90__h1,2013-03,0.9,1.0,rolling_global_norm,,743942,0.9017934193794678,0.7850206060060411,1.4832631960982343,0.0276751894274875,0.0412174490401782,0.0139327666341512,16.475218077458383,454158.6059482677,0.2225966113122281,0.0017934193794677533,0.020803978030819348
London,persistence_qi__c90__h1,2013-03,0.9,1.0,rolling_group_norm,,743942,0.9017208330756968,0.8050893434295331,1.481112521688443,0.0265288262986589,0.0398094737363437,0.0040836495888677,16.475218077458383,454158.6059482677,0.2225966113122281,0.0017208330756968149,0.0153062379437633
London,persistence_qi__c90__h1,2013-03,0.9,1.0,rolling_user_norm,,743942,0.9008376997131496,0.8193386054315291,1.4609165133287534,0.0205167158203637,0.039427220859418,0.0015851421045071,16.475218077458383,454158.6059482677,0.2225966113122281,0.00083769971314962,0.011050928962435399
London,persistence_qi__c90__h1,2013-03,0.9,1.0,erw_global_norm,14.0,743942,0.9019856386653798,0.7860614017047496,1.4832194865951218,0.0276470073311504,0.0411260767506017,0.0136868508848868,16.475218077458383,454158.6059482677,0.2225966113122281,0.0019856386653798186,0.0206669291080186
London,persistence_qi__c90__h1,2013-03,0.9,1.0,erw_group_norm,14.0,743942,0.9019520338951156,0.8045576453281408,1.4810751468605656,0.0265605505194354,0.0398757050596215,0.0029214104996837,16.475218077458383,454158.6059482677,0.2225966113122281,0.001952033895115557,0.01474098050955955
London,persistence_qi__c90__h1,2013-03,0.9,1.0,erw_user_norm,14.0,743942,0.9013242967865774,0.8215168419946617,1.459382706378273,0.0196483336960665,0.0385902211190891,0.0034849277349731,16.475218077458383,454158.6059482677,0.2225966113122281,0.001324296786577417,0.0115666307155198
London,persistence_qi__c90__h1,2013-04,0.9,1.0,rolling_global_norm,,719837,0.9152919341462026,0.7765837576713663,1.3351969358578684,0.0249810597841546,0.0297975595425884,0.0179945893568279,16.47428342436319,454184.8835762049,0.2153304938715724,0.015291934146202557,0.021487824570491247
London,persistence_qi__c90__h1,2013-04,0.9,1.0,rolling_group_norm,,719837,0.9151488461971252,0.7988188660019697,1.3381478348253113,0.0249546732417488,0.0293050820316501,0.0206057474866391,16.47428342436319,454184.8835762049,0.2153304938715724,0.015148846197125199,0.02278021036419395
London,persistence_qi__c90__h1,2013-04,0.9,1.0,rolling_user_norm,,719837,0.9127594163678722,0.8113218162258767,1.3368923439404856,0.0235675220413707,0.0291079664917609,0.0172348372561806,16.47428342436319,454184.8835762049,0.2153304938715724,0.012759416367872145,0.02040117964877565
London,persistence_qi__c90__h1,2013-04,0.9,1.0,erw_global_norm,14.0,719837,0.9161851919253944,0.7824147403237545,1.335958275010769,0.0253994413589386,0.0295682191544777,0.0189187675383813,16.47428342436319,454184.8835762049,0.2153304938715724,0.01618519192539436,0.02215910444865995
London,persistence_qi__c90__h1,2013-04,0.9,1.0,erw_group_norm,14.0,719837,0.9160379363661496,0.8041919378125256,1.3390544824500634,0.0253300990876699,0.0290717214636458,0.0214018921139333,16.47428342436319,454184.8835762049,0.2153304938715724,0.016037936366149586,0.0233659956008016
London,persistence_qi__c90__h1,2013-04,0.9,1.0,erw_user_norm,14.0,719837,0.9132373023337228,0.8198643781514077,1.3380789996563358,0.0240653341120272,0.0290388875655307,0.0181834351099779,16.47428342436319,454184.8835762049,0.2153304938715724,0.013237302333722778,0.02112438461100255
London,persistence_qi__c90__h1,2013-05,0.9,1.0,rolling_global_norm,,743923,0.9200401116782247,0.7321597577239963,1.1991243228477622,0.0284641098007957,0.0317062475966313,0.0233215316024127,16.477457535826368,454093.2824229622,0.0459736773268827,0.020040111678224726,0.0258928207016042
London,persistence_qi__c90__h1,2013-05,0.9,1.0,rolling_group_norm,,743923,0.9197941184773156,0.7509031270698941,1.2048790356559862,0.0283963040689368,0.032221347534194,0.032435090479937,16.477457535826368,454093.2824229622,0.0459736773268827,0.019794118477315603,0.030415697274436902
London,persistence_qi__c90__h1,2013-05,0.9,1.0,rolling_user_norm,,743923,0.9172669752111442,0.7595669835592165,1.2108997282894416,0.0269976424314422,0.0355162805413828,0.0284356150013113,16.477457535826368,454093.2824229622,0.0459736773268827,0.017266975211144175,0.02771662871637675
London,persistence_qi__c90__h1,2013-05,0.9,1.0,erw_global_norm,14.0,743923,0.9144266274869846,0.6987860586110947,1.193134275037233,0.0256166865000238,0.0341307160292336,0.0179943613952268,16.477457535826368,454093.2824229622,0.0459736773268827,0.014426627486984533,0.021805523947625298
London,persistence_qi__c90__h1,2013-05,0.9,1.0,erw_group_norm,14.0,743923,0.9143325317270738,0.7081086493184631,1.1951613824123428,0.0257290883895937,0.0343220963304347,0.0228625753999475,16.477457535826368,454093.2824229622,0.0459736773268827,0.014332531727073827,0.0242958318947706
London,persistence_qi__c90__h1,2013-05,0.9,1.0,erw_user_norm,14.0,743923,0.9137840878693092,0.7158689002450085,1.1915461914211587,0.0234965555294361,0.0283995018827412,0.021461119853134,16.477457535826368,454093.2824229622,0.0459736773268827,0.01378408786930918,0.02247883769128505
London,persistence_qi__c90__h1,2013-06,0.9,1.0,rolling_global_norm,,719798,0.9105804684091926,0.6588432886929665,1.120440758252378,0.0295169550885788,0.0497949074432916,0.0277015582655826,16.475202524211305,454131.41277060425,-0.0541543548850594,0.010580468409192578,0.0286092566770807
London,persistence_qi__c90__h1,2013-06,0.9,1.0,rolling_group_norm,,719798,0.9104637690018588,0.6566310410928985,1.1198442828303523,0.0297001011439665,0.0503642858681521,0.0266006097560975,16.475202524211305,454131.41277060425,-0.0541543548850594,0.010463769001858747,0.028150355450032
London,persistence_qi__c90__h1,2013-06,0.9,1.0,rolling_user_norm,,719798,0.9104818296244224,0.6552168998177036,1.111537991912334,0.023532550501743,0.0356660558559359,0.0262025745257452,16.475202524211305,454131.41277060425,-0.0541543548850594,0.010481829624422345,0.0248675625137441
London,persistence_qi__c90__h1,2013-06,0.9,1.0,erw_global_norm,14.0,719798,0.9083284477033836,0.6493378735600446,1.1190778312752616,0.0292958189718324,0.0513414222133215,0.0258384146341462,16.475202524211305,454131.41277060425,-0.0541543548850594,0.00832844770338359,0.027567116802989303
London,persistence_qi__c90__h1,2013-06,0.9,1.0,erw_group_norm,14.0,719798,0.9079769602027236,0.6413274871213432,1.117079893656899,0.0295528186134225,0.0523312936376089,0.0197577913279132,16.475202524211305,454131.41277060425,-0.0541543548850594,0.007976960202723538,0.024655304970667848
London,persistence_qi__c90__h1,2013-06,0.9,1.0,erw_user_norm,14.0,719798,0.9070655934025936,0.6315001192274553,1.1020117304444474,0.0223666311014673,0.037051800472263,0.0209095528455284,16.475202524211305,454131.41277060425,-0.0541543548850594,0.007065593402593606,0.02163809197349785
London,persistence_qi__c90__h1,2013-07,0.9,1.0,rolling_global_norm,,743871,0.9187036461967196,0.6315595711638171,1.0003464075405069,0.0386084243986638,0.0580555333173362,0.0367378048780487,16.474492204305264,454112.5572665912,-0.1036226760687343,0.018703646196719603,0.03767311463835625
London,persistence_qi__c90__h1,2013-07,0.9,1.0,rolling_group_norm,,743871,0.919172813565793,0.6213888319933741,0.995754338728657,0.0386461527792301,0.0570092199700007,0.0260752688172042,16.474492204305264,454112.5572665912,-0.1036226760687343,0.019172813565792923,0.032360710798217146
London,persistence_qi__c90__h1,2013-07,0.9,1.0,rolling_user_norm,,743871,0.918143065128228,0.5949084278561736,0.9714588551365853,0.0279932423950319,0.0336576550813242,0.0270013768686073,16.474492204305264,454112.5572665912,-0.1036226760687343,0.018143065128227942,0.0274973096318196
London,persistence_qi__c90__h1,2013-07,0.9,1.0,erw_global_norm,14.0,743871,0.9169183904198444,0.6248646438150945,0.9987275621973052,0.0384608847139001,0.0621185991301785,0.0352052189876737,16.474492204305264,454112.5572665912,-0.1036226760687343,0.01691839041984433,0.036833051850786905
London,persistence_qi__c90__h1,2013-07,0.9,1.0,erw_group_norm,14.0,743871,0.9172934554512812,0.6129991420945006,0.9937297424680036,0.0387749503975433,0.0616638097547766,0.0200268817204301,16.474492204305264,454112.5572665912,-0.1036226760687343,0.017293455451281137,0.0294009160589867
London,persistence_qi__c90__h1,2013-07,0.9,1.0,erw_user_norm,14.0,743871,0.9158375578561336,0.5772435776098677,0.965424013116786,0.0264423813254229,0.0306020695239068,0.018797534749541,16.474492204305264,454112.5572665912,-0.1036226760687343,0.01583755785613361,0.02261995803748195
London,persistence_qi__c90__h1,2013-08,0.9,1.0,rolling_global_norm,,743970,0.9058913665873624,0.5957611077070134,0.9872898811976164,0.0383668499599958,0.0845379473734496,0.0285620615041636,16.47457465421572,454128.0111259274,-0.1982105534581948,0.005891366587362334,0.0334644557320797
London,persistence_qi__c90__h1,2013-08,0.9,1.0,rolling_group_norm,,743970,0.9069895291476808,0.5879568351336593,0.984562916433782,0.0383401726638721,0.079406827365791,0.0091160679692255,16.47457465421572,454128.0111259274,-0.1982105534581948,0.006989529147680806,0.0237281203165488
London,persistence_qi__c90__h1,2013-08,0.9,1.0,rolling_user_norm,,743970,0.9044692662338536,0.5265395488893595,0.953072680891382,0.0218698426343592,0.0304933372289776,0.0101616287456559,16.47457465421572,454128.0111259274,-0.1982105534581948,0.004469266233853575,0.01601573569000755
London,persistence_qi__c90__h1,2013-08,0.9,1.0,erw_global_norm,14.0,743970,0.9012487062650376,0.5783286204992943,0.9841500019070863,0.0389302689552323,0.0877482040243085,0.0216116975936003,16.47457465421572,454128.0111259274,-0.1982105534581948,0.0012487062650375913,0.0302709832744163
London,persistence_qi__c90__h1,2013-08,0.9,1.0,erw_group_norm,14.0,743970,0.9014059706708604,0.5717955306525118,0.982861880666162,0.0402315331916145,0.0980492618570992,0.0019244639695757,16.47457465421572,454128.0111259274,-0.1982105534581948,0.0014059706708603459,0.0210779985805951
London,persistence_qi__c90__h1,2013-08,0.9,1.0,erw_user_norm,14.0,743970,0.8988131241851149,0.5016457535888101,0.949170158008405,0.0216894433213202,0.0305738282454661,0.0036463753035033,16.47457465421572,454128.0111259274,-0.1982105534581948,0.00118687581488508,0.012667909312411749
London,persistence_qi__c90__h1,2013-09,0.9,1.0,rolling_global_norm,,719894,0.8825215934568145,0.5721464497339313,1.1209770006442066,0.0381732610848457,0.08841443844426,0.0227369281045751,16.47424968251318,454181.36776626576,-0.1954073930197019,0.017478406543185554,0.0304550945947104
London,persistence_qi__c90__h1,2013-09,0.9,1.0,rolling_group_norm,,719894,0.8825063134294772,0.563246646063563,1.1223664921942793,0.0387400709981378,0.0980745655583774,0.0234896371739904,16.47424968251318,454181.36776626576,-0.1954073930197019,0.01749368657052286,0.0311148540860641
London,persistence_qi__c90__h1,2013-09,0.9,1.0,rolling_user_norm,,719894,0.8735841665578543,0.4854503461779673,1.1156206711254146,0.0356081902372455,0.0444419599508996,0.0319036079242149,16.47424968251318,454181.36776626576,-0.1954073930197019,0.02641583344214571,0.0337558990807302
London,persistence_qi__c90__h1,2013-09,0.9,1.0,erw_global_norm,14.0,719894,0.8847635901952232,0.5797039847533085,1.1205551112027587,0.037182940998014,0.0867339003600666,0.0212377450980392,16.47424968251318,454181.36776626576,-0.1954073930197019,0.015236409804776807,0.029210343048026603
London,persistence_qi__c90__h1,2013-09,0.9,1.0,erw_group_norm,14.0,719894,0.8847663683820118,0.5706035475079562,1.121923643415841,0.0381986217647933,0.0979214945133111,0.0228795607449711,16.47424968251318,454181.36776626576,-0.1954073930197019,0.015233631617988186,0.0305390912548822
London,persistence_qi__c90__h1,2013-09,0.9,1.0,erw_user_norm,14.0,719894,0.8755789046720768,0.4910656713186858,1.1172349761085474,0.0345732773116675,0.0500403261068029,0.0307843137254901,16.47424968251318,454181.36776626576,-0.1954073930197019,0.024421095327923248,0.0326787955185788
London,persistence_qi__c90__h1,2013-10,0.9,1.0,rolling_global_norm,,743789,0.8807349933919432,0.6092037041943749,1.215915124571703,0.0368976886052949,0.0805942708444068,0.026743854987188,16.475335257666952,454151.106037536,-0.1014912802161943,0.019265006608056856,0.03182077179624145
London,persistence_qi__c90__h1,2013-10,0.9,1.0,rolling_group_norm,,743789,0.8808748179927371,0.5953255340508325,1.217038478477321,0.036626593756147,0.0788296600937602,0.0231722509999344,16.475335257666952,454151.106037536,-0.1014912802161943,0.019125182007262875,0.029899422378040698
London,persistence_qi__c90__h1,2013-10,0.9,1.0,rolling_user_norm,,743789,0.8754633370485447,0.5403014803097327,1.2096738739279067,0.031420590529484,0.0410294845131646,0.0296226476952331,16.475335257666952,454151.106037536,-0.1014912802161943,0.02453666295145529,0.030521619112358546
London,persistence_qi__c90__h1,2013-10,0.9,1.0,erw_global_norm,14.0,743789,0.8877584906472131,0.6259298743286694,1.2141818012891468,0.032702914829581,0.0611833876569883,0.0157056382202969,16.475335257666952,454151.106037536,-0.1014912802161943,0.012241509352786895,0.02420427652493895
London,persistence_qi__c90__h1,2013-10,0.9,1.0,erw_group_norm,14.0,743789,0.8881067076818829,0.6135988890070153,1.2141467758502555,0.0328927802496471,0.0661871047355695,0.0146810045242935,16.475335257666952,454151.106037536,-0.1014912802161943,0.011893292318117088,0.0237868923869703
London,persistence_qi__c90__h1,2013-10,0.9,1.0,erw_user_norm,14.0,743789,0.884492779538283,0.5781960920159326,1.197597827550085,0.0253018003064379,0.0358009043947972,0.0177627696544488,16.475335257666952,454151.106037536,-0.1014912802161943,0.015507220461717042,0.02153228498044335
London,persistence_qi__c90__h1,2013-11,0.9,1.0,rolling_global_norm,,719796,0.8787350860521592,0.6588552253209493,1.4048520779212477,0.0347977076685473,0.0583145420552776,0.0276646199449502,16.47705827452298,454061.0655911695,-0.0162780907085933,0.021264913947840802,0.03123116380674875
London,persistence_qi__c90__h1,2013-11,0.9,1.0,rolling_group_norm,,719796,0.8772485537568978,0.6380652723319244,1.4133126413632764,0.036492084981399,0.0622371797371188,0.0480669066271437,16.47705827452298,454061.0655911695,-0.0162780907085933,0.022751446243102214,0.042279495804271344
London,persistence_qi__c90__h1,2013-11,0.9,1.0,rolling_user_norm,,719796,0.8727319962878372,0.6238195546787316,1.4094450739407265,0.0356550803882112,0.0536387452677561,0.0574338344272707,16.47705827452298,454061.0655911695,-0.0162780907085933,0.02726800371216287,0.04654445740774095
London,persistence_qi__c90__h1,2013-11,0.9,1.0,erw_global_norm,14.0,719796,0.882252749390105,0.6680648930949175,1.4028861114330455,0.0325167548941108,0.0514469989727732,0.0254202837179758,16.47705827452298,454061.0655911695,-0.0162780907085933,0.017747250609895016,0.0289685193060433
London,persistence_qi__c90__h1,2013-11,0.9,1.0,erw_group_norm,14.0,719796,0.8822569172376618,0.6515107854151053,1.4098990186725082,0.0336765206856624,0.0541250871845149,0.0434511962735549,16.47705827452298,454061.0655911695,-0.0162780907085933,0.01774308276233827,0.03856385847960865
London,persistence_qi__c90__h1,2013-11,0.9,1.0,erw_user_norm,14.0,719796,0.8784933508938644,0.6463679455328015,1.3979162089969217,0.0312078609762059,0.0491787764241372,0.0500232902816006,16.47705827452298,454061.0655911695,-0.0162780907085933,0.021506649106135645,0.04061557562890325
London,persistence_qi__c90__h1,2013-12,0.9,1.0,rolling_global_norm,,743832,0.8918304133191366,0.7133279044189079,1.429265997090322,0.0312039163105628,0.0489210197723073,0.0127585980787515,16.474375073616077,454081.3817507471,0.1369799999211942,0.008169586680863428,0.02198125719465715
London,persistence_qi__c90__h1,2013-12,0.9,1.0,rolling_group_norm,,743832,0.8917510943331289,0.7107459175286567,1.4296753301227845,0.0312937087032078,0.0489692283210905,0.0146765679813777,16.474375073616077,454081.3817507471,0.1369799999211942,0.008248905666871087,0.022985138342292752
London,persistence_qi__c90__h1,2013-12,0.9,1.0,rolling_user_norm,,743832,0.8906325621914626,0.7143858504184096,1.406964743416736,0.0248677290637486,0.040387140449044,0.0162502868758401,16.474375073616077,454081.3817507471,0.1369799999211942,0.009367437808537438,0.02055900796979435
London,persistence_qi__c90__h1,2013-12,0.9,1.0,erw_global_norm,14.0,743832,0.8980966132137365,0.7438038614725275,1.426857674059681,0.0298272524603031,0.0463987165479917,0.006422740238025,16.474375073616077,454081.3817507471,0.1369799999211942,0.0019033867862635612,0.01812499634916405
London,persistence_qi__c90__h1,2013-12,0.9,1.0,erw_group_norm,14.0,743832,0.8980697254218695,0.7512087946167636,1.426562300812224,0.0298074727442981,0.0465397600911528,0.0030662640478371,16.474375073616077,454081.3817507471,0.1369799999211942,0.001930274578130553,0.0164368683960676
London,persistence_qi__c90__h1,2013-12,0.9,1.0,erw_user_norm,14.0,743832,0.8980482151883759,0.7603514712166773,1.397126941984464,0.0202281446083517,0.0353306818484607,0.0034403309136448,16.474375073616077,454081.3817507471,0.1369799999211942,0.0019517848116241687,0.01183423776099825
London,persistence_qi__c90__h1,2014-01,0.9,1.0,rolling_global_norm,,743764,0.8983548544968565,0.7534875235149956,1.452747194411715,0.0317269185598338,0.0485825541270403,0.011921122412958,16.473123240144634,454139.5357476623,0.1557356743028842,0.0016451455031435414,0.0218240204863959
London,persistence_qi__c90__h1,2014-01,0.9,1.0,rolling_group_norm,,743764,0.8983198971716835,0.76263791519396,1.451820682256511,0.0316114750029281,0.0485193609826899,0.0050004515265703,16.473123240144634,454139.5357476623,0.1557356743028842,0.0016801028283165431,0.0183059632647492
London,persistence_qi__c90__h1,2014-01,0.9,1.0,rolling_user_norm,,743764,0.8989975314750378,0.7698364179894004,1.4123726098367866,0.0191045054040561,0.0289010451151563,0.0030335617169493,16.473123240144634,454139.5357476623,0.1557356743028842,0.001002468524962219,0.011069033560502699
London,persistence_qi__c90__h1,2014-01,0.9,1.0,erw_global_norm,14.0,743764,0.898208302633631,0.752742773546224,1.4527902033120856,0.0317696201136262,0.0486249379608348,0.0120853138930621,16.473123240144634,454139.5357476623,0.1557356743028842,0.0017916973663689717,0.02192746700334415
London,persistence_qi__c90__h1,2014-01,0.9,1.0,erw_group_norm,14.0,743764,0.8981491440833382,0.7558315862219376,1.452320266406953,0.0318488837136493,0.0488116042469266,0.0090477715111363,16.473123240144634,454139.5357476623,0.1557356743028842,0.0018508559166617866,0.0204483276123928
London,persistence_qi__c90__h1,2014-01,0.9,1.0,erw_user_norm,14.0,743764,0.897073534078014,0.7617400772986828,1.416469002042012,0.0227017083453326,0.0349980453213706,0.0098112618936203,16.473123240144634,454139.5357476623,0.1557356743028842,0.0029264659219859768,0.01625648511947645
London,persistence_qi__c90__h6,2013-03,0.9,6.0,rolling_global_norm,,743917,0.9023157153284572,1.2645693057665526,2.0229272217184486,0.0397267190489385,0.0589127277403196,0.0261323299148241,16.475265326230687,454145.0578593136,0.3769282547201464,0.002315715328457202,0.0329295244818813
London,persistence_qi__c90__h6,2013-03,0.9,6.0,rolling_group_norm,,743917,0.902322436508374,1.3039576110805349,2.012049970489872,0.0379702983289844,0.0563258344667936,0.0040678368121441,16.475265326230687,454145.0578593136,0.3769282547201464,0.0023224365083739373,0.02101906757056425
London,persistence_qi__c90__h6,2013-03,0.9,6.0,rolling_user_norm,,743917,0.9009566927493255,1.3383345793689094,1.9406052354372,0.0270104821360078,0.0491969637433241,0.0037953893770292,16.475265326230687,454145.0578593136,0.3769282547201464,0.0009566927493255273,0.0154029357565185
London,persistence_qi__c90__h6,2013-03,0.9,6.0,erw_global_norm,14.0,743917,0.9026020375929036,1.266371036850168,2.022754407236053,0.0397468894332125,0.0588247997810578,0.0258208110966282,16.475265326230687,454145.0578593136,0.3769282547201464,0.002602037592903561,0.03278385026492035
London,persistence_qi__c90__h6,2013-03,0.9,6.0,erw_group_norm,14.0,743917,0.9026880686958356,1.3055394442631605,2.0119744195741465,0.037972997384315,0.0562241549717519,0.0039390309344289,16.475265326230687,454145.0578593136,0.3769282547201464,0.0026880686958355993,0.020956014159371948
London,persistence_qi__c90__h6,2013-03,0.9,6.0,erw_user_norm,14.0,743917,0.9013532423644036,1.3457294403819906,1.934638218098636,0.0253893721753548,0.0475845984483473,0.0043157512453452,16.475265326230687,454145.0578593136,0.3769282547201464,0.0013532423644035951,0.014852561710350001
London,persistence_qi__c90__h6,2013-04,0.9,6.0,rolling_global_norm,,719770,0.925447017797352,1.2545619486688968,1.760681334757766,0.0364157233910131,0.0355859770694882,0.0294136428307361,16.474119538185843,454173.618391171,0.3715244976831243,0.025447017797351923,0.0329146831108746
London,persistence_qi__c90__h6,2013-04,0.9,6.0,rolling_group_norm,,719770,0.9250788446309236,1.3006361258886054,1.7729720905142337,0.0354574775725136,0.0352237091286149,0.0368043909132489,16.474119538185843,454173.618391171,0.3715244976831243,0.02507884463092358,0.036130934242881246
London,persistence_qi__c90__h6,2013-04,0.9,6.0,rolling_user_norm,,719770,0.92184447809717,1.3380953180007045,1.758327988060304,0.0322075736806553,0.0340731018136806,0.0358980874455794,16.474119538185843,454173.618391171,0.3715244976831243,0.02184447809716994,0.03405283056311735
London,persistence_qi__c90__h6,2013-04,0.9,6.0,erw_global_norm,14.0,719770,0.9265348653041944,1.263598162564519,1.762723380342501,0.0370062447147975,0.0352608442188834,0.0304443050311998,16.474119538185843,454173.618391171,0.3715244976831243,0.026534865304194355,0.03372527487299865
London,persistence_qi__c90__h6,2013-04,0.9,6.0,erw_group_norm,14.0,719770,0.926055545521486,1.3130296207362782,1.7769864025821935,0.035973045454822,0.0349731231359198,0.038972743134963,16.474119538185843,454173.618391171,0.3715244976831243,0.026055545521485923,0.037472894294892506
London,persistence_qi__c90__h6,2013-04,0.9,6.0,erw_user_norm,14.0,719770,0.9217458354752212,1.3444443157884771,1.7603576770430778,0.0321204726851673,0.0342987444185067,0.0367705104097846,16.474119538185843,454173.618391171,0.3715244976831243,0.02174583547522113,0.03444549154747595
London,persistence_qi__c90__h6,2013-05,0.9,6.0,rolling_global_norm,,743892,0.9321433756513042,1.1658759839834556,1.5595930095371695,0.0405629634601927,0.0368094761774395,0.047301993181222,16.478299222847763,454047.134457336,0.0347700326338216,0.03214337565130421,0.04393247832070735
London,persistence_qi__c90__h6,2013-05,0.9,6.0,rolling_group_norm,,743892,0.9313636925790304,1.1989850594991027,1.5813650156150454,0.0403250557955706,0.0381735871157918,0.0589070285864148,16.478299222847763,454047.134457336,0.0347700326338216,0.03136369257903038,0.0496160421909927
London,persistence_qi__c90__h6,2013-05,0.9,6.0,rolling_user_norm,,743892,0.9265457889048412,1.237129348684875,1.61314589873386,0.0390300861980842,0.0469207492961386,0.051539142407553,16.478299222847763,454047.134457336,0.0347700326338216,0.02654578890484116,0.045284614302818604
London,persistence_qi__c90__h6,2013-05,0.9,6.0,erw_global_norm,14.0,743892,0.9227307189753352,1.0972932747008473,1.5373003629981623,0.0356952681755374,0.0420237501175949,0.0386228035667453,16.478299222847763,454047.134457336,0.0347700326338216,0.022730718975335185,0.03715903587114135
London,persistence_qi__c90__h6,2013-05,0.9,6.0,erw_group_norm,14.0,743892,0.9225734380797213,1.1125790670268452,1.5450510257197956,0.0358659032698605,0.0423927155929228,0.0450154078153685,16.478299222847763,454047.134457336,0.0347700326338216,0.02257343807972123,0.0404406555426145
London,persistence_qi__c90__h6,2013-05,0.9,6.0,erw_user_norm,14.0,743892,0.92054491781065,1.128495131621468,1.5494285165359565,0.0331049571961808,0.038290036241932,0.0404914109624967,16.478299222847763,454047.134457336,0.0347700326338216,0.020544917810649932,0.03679818407933875
London,persistence_qi__c90__h6,2013-06,0.9,6.0,rolling_global_norm,,719730,0.9193530907423616,1.0271455159000231,1.4332847914863327,0.0405783398718586,0.0614945782076833,0.0481199186991869,16.47530456906572,454099.51835758414,-0.1460575854824987,0.01935309074236158,0.044349129285522745
London,persistence_qi__c90__h6,2013-06,0.9,6.0,rolling_group_norm,,719730,0.9196031845275312,1.0183802473861463,1.4280455401383298,0.0407588427896636,0.0615926616569256,0.0436737804878049,16.47530456906572,454099.51835758414,-0.1460575854824987,0.01960318452753118,0.04221631163873425
London,persistence_qi__c90__h6,2013-06,0.9,6.0,rolling_user_norm,,719730,0.9189987912133716,0.985906996490344,1.3957539015306268,0.0297638103916977,0.0384269084108283,0.0433180894308943,16.47530456906572,454099.51835758414,-0.1460575854824987,0.018998791213371558,0.036540949911296
London,persistence_qi__c90__h6,2013-06,0.9,6.0,erw_global_norm,14.0,719730,0.9153238019812986,1.0080374000834995,1.4282044019049536,0.0408137092131397,0.0703925114987749,0.0453760162601626,16.47530456906572,454099.51835758414,-0.1460575854824987,0.015323801981298568,0.04309486273665115
London,persistence_qi__c90__h6,2013-06,0.9,6.0,erw_group_norm,14.0,719730,0.9152237644672307,0.9779333622560904,1.4139867841419262,0.0403194227168668,0.0674640679192706,0.0320884146341463,16.47530456906572,454099.51835758414,-0.1460575854824987,0.015223764467230727,0.036203918675506555
London,persistence_qi__c90__h6,2013-06,0.9,6.0,erw_user_norm,14.0,719730,0.9144012337960068,0.920437772250681,1.3501357228593394,0.0267954861649998,0.0351551375148723,0.0346121273712737,16.47530456906572,454099.51835758414,-0.1460575854824987,0.014401233796006774,0.03070380676813675
London,persistence_qi__c90__h6,2013-07,0.9,6.0,rolling_global_norm,,743820,0.9226277862923824,0.9674594316966252,1.302053492781601,0.0498312968993784,0.0836313629801518,0.0548665748754261,16.474200994432888,454081.09167763096,-0.2701446197095111,0.02262778629238238,0.05234893588740225
London,persistence_qi__c90__h6,2013-07,0.9,6.0,rolling_group_norm,,743820,0.9234478771745852,0.9210399719709514,1.2761569462944005,0.0486080638846994,0.074321449092266,0.0348855887752426,16.474200994432888,454081.09167763096,-0.2701446197095111,0.023447877174585186,0.041746826329970996
London,persistence_qi__c90__h6,2013-07,0.9,6.0,rolling_user_norm,,743820,0.9222244629076928,0.8400744420813092,1.1893961058365556,0.0345650101863066,0.0393042538510573,0.0383113690007868,16.474200994432888,454081.09167763096,-0.2701446197095111,0.022224462907692755,0.0364381895935467
London,persistence_qi__c90__h6,2013-07,0.9,6.0,erw_global_norm,14.0,743820,0.9189198999758006,0.9469121357131696,1.2947122714208896,0.0494095920825127,0.0870711110965127,0.052711119853134,16.474200994432888,454081.09167763096,-0.2701446197095111,0.01891989997580057,0.05106035596782335
London,persistence_qi__c90__h6,2013-07,0.9,6.0,erw_group_norm,14.0,743820,0.9195840391492566,0.8927317689876275,1.2672779127331055,0.0482356214598368,0.0796036405064128,0.0273783766063466,16.474200994432888,454081.09167763096,-0.2701446197095111,0.01958403914925655,0.037806999033091704
London,persistence_qi__c90__h6,2013-07,0.9,6.0,erw_user_norm,14.0,743820,0.9181159420289856,0.7985189962870508,1.168516414234016,0.0323333367026169,0.0380119521936343,0.0274275504851821,16.474200994432888,454081.09167763096,-0.2701446197095111,0.018115942028985588,0.0298804435938995
London,persistence_qi__c90__h6,2013-08,0.9,6.0,rolling_global_norm,,743950,0.9035956717521338,0.8947894487120334,1.2845385122836066,0.0484860042798496,0.0927225740443833,0.0451083571030457,16.47462599231635,454095.72600290686,-0.4250119675112643,0.003595671752133822,0.04679718069144765
London,persistence_qi__c90__h6,2013-08,0.9,6.0,rolling_group_norm,,743950,0.9044895490288326,0.8317557126121924,1.2612648370145072,0.0479953365466766,0.0921526336278878,0.0092078948231205,16.47462599231635,454095.72600290686,-0.4250119675112643,0.0044895490288325846,0.02860161568489855
London,persistence_qi__c90__h6,2013-08,0.9,6.0,rolling_user_norm,,743950,0.9022703138651792,0.7169776032277975,1.1558601051773294,0.0267388113247036,0.0383324269344229,0.0121258319399363,16.47462599231635,454095.72600290686,-0.4250119675112643,0.0022703138651791743,0.01943232163231995
London,persistence_qi__c90__h6,2013-08,0.9,6.0,erw_global_norm,14.0,743950,0.8979555077626185,0.8708529483123261,1.279217004244657,0.0494461951809,0.0946130564511159,0.041641257663683,16.47462599231635,454095.72600290686,-0.4250119675112643,0.0020444922373815677,0.0455437264222915
London,persistence_qi__c90__h6,2013-08,0.9,6.0,erw_group_norm,14.0,743950,0.8983533839639761,0.7949122166502169,1.2566226396258544,0.0487273529392757,0.0942700356478162,0.0017179764597882,16.47462599231635,454095.72600290686,-0.4250119675112643,0.0016466160360238957,0.025222664699531952
London,persistence_qi__c90__h6,2013-08,0.9,6.0,erw_user_norm,14.0,743950,0.8937966261173466,0.6725666850293371,1.1532506943901712,0.0273479116436803,0.0394594950741734,0.0085051378772113,16.47462599231635,454095.72600290686,-0.4250119675112643,0.006203373882653462,0.0179265247604458
London,persistence_qi__c90__h6,2013-09,0.9,6.0,rolling_global_norm,,719852,0.8706275734456527,0.8705894212461753,1.4534370116071418,0.0549675438276439,0.0953643521258833,0.0394978882627741,16.47406547941306,454164.0337915111,-0.396521361240241,0.029372426554347353,0.047232716045209
London,persistence_qi__c90__h6,2013-09,0.9,6.0,rolling_group_norm,,719852,0.8691369892700166,0.7909285585106411,1.4590826896444653,0.0553030039351367,0.0983140856476441,0.045228813559322,16.47406547941306,454164.0337915111,-0.396521361240241,0.03086301072998343,0.050265908747229346
London,persistence_qi__c90__h6,2013-09,0.9,6.0,rolling_user_norm,,719852,0.8557675744458583,0.6637451501274754,1.4184023380520567,0.0530540747779706,0.0621851880626484,0.0584830508474576,16.47406547941306,454164.0337915111,-0.396521361240241,0.04423242555414175,0.0557685628127141
London,persistence_qi__c90__h6,2013-09,0.9,6.0,erw_global_norm,14.0,719852,0.8747353622689108,0.8849299687776256,1.4525125974573634,0.0528088323491507,0.0942802898111412,0.03433337441045,16.47406547941306,454164.0337915111,-0.396521361240241,0.025264637731089223,0.04357110337980035
London,persistence_qi__c90__h6,2013-09,0.9,6.0,erw_group_norm,14.0,719852,0.873064185415891,0.8080374867947386,1.455021840820025,0.0533565109435483,0.0973245533365297,0.0406271186440678,16.47406547941306,454164.0337915111,-0.396521361240241,0.026935814584108986,0.046991814793808054
London,persistence_qi__c90__h6,2013-09,0.9,6.0,erw_user_norm,14.0,719852,0.8590390802553858,0.6737440351335288,1.4166084792087537,0.050530242572046,0.0684324126211171,0.0515847457627118,16.47406547941306,454164.0337915111,-0.396521361240241,0.040960919744614244,0.0510574941673789
London,persistence_qi__c90__h6,2013-10,0.9,6.0,rolling_global_norm,,743725,0.868800968099768,0.945872110383665,1.5807505429576978,0.0538229547916951,0.0950238808713757,0.0400530834776997,16.47559438775206,454123.751343607,-0.191152948396883,0.031199031900231988,0.046938019134697404
London,persistence_qi__c90__h6,2013-10,0.9,6.0,rolling_group_norm,,743725,0.868766008941477,0.8818428364225922,1.5867489826564545,0.0524077105674521,0.0898116575903408,0.0403724468050228,16.47559438775206,454123.751343607,-0.191152948396883,0.03123399105852298,0.04639007868623745
London,persistence_qi__c90__h6,2013-10,0.9,6.0,rolling_user_norm,,743725,0.8589868567010656,0.7596781541209404,1.5766217937988027,0.0473546591760118,0.0582433234982261,0.0530769482967772,16.47559438775206,454123.751343607,-0.191152948396883,0.04101314329893446,0.050215803736394504
London,persistence_qi__c90__h6,2013-10,0.9,6.0,erw_global_norm,14.0,743725,0.8797337725637837,0.9857757800988424,1.577000938397033,0.0473077778881596,0.0872618883934402,0.0276199461574123,16.47559438775206,454123.751343607,-0.191152948396883,0.02026622743621631,0.03746386202278595
London,persistence_qi__c90__h6,2013-10,0.9,6.0,erw_group_norm,14.0,743725,0.8802245453628693,0.922605539157374,1.5760445075170353,0.0454179258721131,0.073669667991006,0.024913937247959,16.47559438775206,454123.751343607,-0.191152948396883,0.019775454637130707,0.03516593156003605
London,persistence_qi__c90__h6,2013-10,0.9,6.0,erw_user_norm,14.0,743725,0.8723237755890955,0.8182579303411497,1.537799377914961,0.0364243465212439,0.049633383734652,0.0358234156257172,16.47559438775206,454123.751343607,-0.191152948396883,0.02767622441090456,0.03612388107348055
London,persistence_qi__c90__h6,2013-11,0.9,6.0,rolling_global_norm,,719740,0.8614735876844416,1.033936428391462,1.9163414698408312,0.0528682976217951,0.0769693146945805,0.0525229940545759,16.477609902805145,454014.8043621853,-0.0466198749716169,0.03852641231555842,0.052695645838185506
London,persistence_qi__c90__h6,2013-11,0.9,6.0,rolling_group_norm,,719740,0.8574068413593797,0.9770277266638532,1.971076339123668,0.0574060512089293,0.0841890732949038,0.1096820637905042,16.477609902805145,454014.8043621853,-0.0466198749716169,0.0425931586406203,0.08354405749971675
London,persistence_qi__c90__h6,2013-11,0.9,6.0,rolling_user_norm,,719740,0.8480756940006113,0.907364504645148,2.014166998188048,0.0599898559331863,0.081243279470513,0.1285515862933415,16.477609902805145,454014.8043621853,-0.0466198749716169,0.05192430599938869,0.0942707211132639
London,persistence_qi__c90__h6,2013-11,0.9,6.0,erw_global_norm,14.0,719740,0.867910634395754,1.0571595639323736,1.9074847213278787,0.048710881074574,0.0747975105485945,0.0443078069685113,16.477609902805145,454014.8043621853,-0.0466198749716169,0.03208936560424602,0.04650934402154265
London,persistence_qi__c90__h6,2013-11,0.9,6.0,erw_group_norm,14.0,719740,0.8652374468558091,1.0048914709255576,1.9528213201012412,0.0519277069848517,0.0757586114448889,0.0984179412910547,16.477609902805145,454014.8043621853,-0.0466198749716169,0.034762553144190966,0.0751728241379532
London,persistence_qi__c90__h6,2013-11,0.9,6.0,erw_user_norm,14.0,719740,0.8575277183427349,0.9503000659459095,1.9691401466443728,0.0520593007100344,0.0742075579054575,0.1099107339465081,16.477609902805145,454014.8043621853,-0.0466198749716169,0.04247228165726513,0.08098501732827125
London,persistence_qi__c90__h6,2013-12,0.9,6.0,rolling_global_norm,,743796,0.8810722294822774,1.1366791368326403,1.973471689587676,0.0442001748962567,0.0679061696141782,0.0292704918032786,16.47428879347855,454043.6423835613,0.2171416562879544,0.018927770517722653,0.036735333349767654
London,persistence_qi__c90__h6,2013-12,0.9,6.0,rolling_group_norm,,743796,0.881034584751733,1.1267728140377655,1.97818097408389,0.0446677840444292,0.0681960495458559,0.0404426229508196,16.47428879347855,454043.6423835613,0.2171416562879544,0.018965415248267004,0.0425552034976244
London,persistence_qi__c90__h6,2013-12,0.9,6.0,rolling_user_norm,,743796,0.8754241754459556,1.1126933340033385,1.9489084085849395,0.040608747984613,0.0644756189703789,0.0501475409836066,16.47428879347855,454043.6423835613,0.2171416562879544,0.02457582455404439,0.0453781444841098
London,persistence_qi__c90__h6,2013-12,0.9,6.0,erw_global_norm,14.0,743796,0.8918359335086502,1.1874893986242063,1.9644313821927368,0.0415457493620898,0.064893417851567,0.0166475409836065,16.47428879347855,454043.6423835613,0.2171416562879544,0.00816406649134982,0.02909664517284815
London,persistence_qi__c90__h6,2013-12,0.9,6.0,erw_group_norm,14.0,743796,0.891700143587758,1.1906311837976338,1.9637346711810597,0.0416097451364649,0.0650167158467161,0.0140327868852458,16.47428879347855,454043.6423835613,0.2171416562879544,0.008299856412242068,0.02782126601085535
London,persistence_qi__c90__h6,2013-12,0.9,6.0,erw_user_norm,14.0,743796,0.8890838348149224,1.2020160537754578,1.8872457608140696,0.030247385518091,0.0527872912710586,0.0169262295081967,16.47428879347855,454043.6423835613,0.2171416562879544,0.010916165185077653,0.023586807513143848
London,persistence_qi__c90__h6,2014-01,0.9,6.0,rolling_global_norm,,743708,0.89821542863597,1.2221664950913165,1.9951874570504555,0.0438565268707152,0.0675079361625581,0.020747992050326,16.47269132205285,454121.4281190213,0.3097681282964593,0.0017845713640299854,0.0323022594605206
London,persistence_qi__c90__h6,2014-01,0.9,6.0,rolling_group_norm,,743708,0.8981952594297762,1.2326294802885251,1.991710781807632,0.0438683832098415,0.0675188874528805,0.0128311679779249,16.47269132205285,454121.4281190213,0.3097681282964593,0.0018047405702238395,0.0283497755938832
London,persistence_qi__c90__h6,2014-01,0.9,6.0,rolling_user_norm,,743708,0.8978429706282574,1.2567923036943307,1.8887647636265408,0.0268190285668664,0.042704111103767,0.0111311860453656,16.47269132205285,454121.4281190213,0.3097681282964593,0.002157029371742669,0.018975107306116
London,persistence_qi__c90__h6,2014-01,0.9,6.0,erw_global_norm,14.0,743708,0.8998800604538341,1.2324001580765638,1.9942236385252872,0.0439198675937156,0.0670563576163728,0.0188509107632672,16.47269132205285,454121.4281190213,0.3097681282964593,0.00011993954616595914,0.0313853891784914
London,persistence_qi__c90__h6,2014-01,0.9,6.0,erw_group_norm,14.0,743708,0.8997993836290588,1.2377621115684891,1.9921340992519103,0.0441348447988363,0.067232727870253,0.0134306785145278,16.47269132205285,454121.4281190213,0.3097681282964593,0.0002006163709412645,0.028782761656682053
London,persistence_qi__c90__h6,2014-01,0.9,6.0,erw_user_norm,14.0,743708,0.8971437714802046,1.256804455899623,1.8877122380976343,0.0293400268428473,0.0461490943725875,0.01573017098369,16.47269132205285,454121.4281190213,0.3097681282964593,0.0028562285197953896,0.02253509891326865
Ausgrid,persistence_qi__c80__h1,2012-07,0.8,1.0,rolling_global_norm,,444912,0.7830941849174669,0.6175537421705137,1.5560153476864058,0.0554177005789909,0.0695394720448735,0.0353372434017595,16.47481569652361,271620.33269672527,0.2426283967564527,0.016905815082533193,0.0453774719903752
Ausgrid,persistence_qi__c80__h1,2012-07,0.8,1.0,rolling_group_norm,,444912,0.7831368899917287,0.6242350762783081,1.554278802361039,0.0534177545222426,0.0679179314325585,0.0221275357499168,16.47481569652361,271620.33269672527,0.2426283967564527,0.016863110008271343,0.0377726451360797
Ausgrid,persistence_qi__c80__h1,2012-07,0.8,1.0,rolling_user_norm,,444912,0.7811140180530083,0.6407966623600172,1.535165176145205,0.0408912324234905,0.0584126037638822,0.0253214721206075,16.47481569652361,271620.33269672527,0.2426283967564527,0.01888598194699176,0.033106352272049
Ausgrid,persistence_qi__c80__h1,2012-07,0.8,1.0,erw_global_norm,14.0,444912,0.7956472291149711,0.6591760125710738,1.553618829899427,0.0529358614737296,0.06806244499251,0.0234084799608993,16.47481569652361,271620.33269672527,0.2426283967564527,0.004352770885028945,0.03817217071731445
Ausgrid,persistence_qi__c80__h1,2012-07,0.8,1.0,erw_group_norm,14.0,444912,0.7953460459596504,0.6686516532534194,1.552029601514304,0.050854551012335,0.0660753907119161,0.0062825629087684,16.47481569652361,271620.33269672527,0.2426283967564527,0.004653954040349628,0.0285685569605517
Ausgrid,persistence_qi__c80__h1,2012-07,0.8,1.0,erw_user_norm,14.0,444912,0.7935794044665012,0.6947070204681239,1.528520335602009,0.0342472219225375,0.0546024397542435,0.0084718989025607,16.47481569652361,271620.33269672527,0.2426283967564527,0.00642059553349883,0.0213595604125491
Ausgrid,persistence_qi__c80__h1,2012-08,0.8,1.0,rolling_global_norm,,444912,0.8207780415003416,0.6767997620426065,1.4258357693210315,0.0474314021649225,0.0571974868701919,0.0369234578381436,16.47481569652361,271620.33269672527,0.2712805180103286,0.02077804150034157,0.04217743000153305
Ausgrid,persistence_qi__c80__h1,2012-08,0.8,1.0,rolling_group_norm,,444912,0.8204588772611213,0.6876658054436807,1.425878524400574,0.045885028949545,0.0553939810158558,0.0259637707722384,16.47481569652361,271620.33269672527,0.2712805180103286,0.020458877261121278,0.0359243998608917
Ausgrid,persistence_qi__c80__h1,2012-08,0.8,1.0,rolling_user_norm,,444912,0.8151319811558241,0.7141852803638725,1.4184351904560637,0.0420667457834358,0.0641296295505049,0.0196175464320624,16.47481569652361,271620.33269672527,0.2712805180103286,0.015131981155824037,0.0308421461077491
Ausgrid,persistence_qi__c80__h1,2012-08,0.8,1.0,erw_global_norm,14.0,444912,0.8213107311108714,0.6787718712705216,1.4260279089249963,0.0475577192793181,0.0571413481190079,0.0374893887945669,16.47481569652361,271620.33269672527,0.2712805180103286,0.02131073111087134,0.042523554036942496
Ausgrid,persistence_qi__c80__h1,2012-08,0.8,1.0,erw_group_norm,14.0,444912,0.8211376631783364,0.6896277726856329,1.4260392858951745,0.0461322688531664,0.0553565275937461,0.0255208333333333,16.47481569652361,271620.33269672527,0.2712805180103286,0.02113766317833632,0.03582655109324985
Ausgrid,persistence_qi__c80__h1,2012-08,0.8,1.0,erw_user_norm,14.0,444912,0.8169660517135973,0.7188247508269554,1.41517969443087,0.0388112705433883,0.0545489048971174,0.0193502565982404,16.47481569652361,271620.33269672527,0.2712805180103286,0.01696605171359722,0.02908076357081435
Ausgrid,persistence_qi__c80__h1,2012-09,0.8,1.0,rolling_global_norm,,430560,0.8644648829431438,0.6314234461713277,1.0421196556879893,0.0687105165366034,0.0460156486248702,0.0676689576174112,16.47481569652361,271620.33269672527,0.1483705653804882,0.06446488294314379,0.06818973707700729
Ausgrid,persistence_qi__c80__h1,2012-09,0.8,1.0,rolling_group_norm,,430560,0.8636194723151245,0.6415792977978404,1.0474386102127324,0.0687151616499442,0.0480804467262878,0.0815735479797979,16.47481569652361,271620.33269672527,0.1483705653804882,0.06361947231512444,0.07514435481487106
Ausgrid,persistence_qi__c80__h1,2012-09,0.8,1.0,rolling_user_norm,,430560,0.8540458937198068,0.6587699058724015,1.0605949262799232,0.0773225566703827,0.089915185970083,0.0680913516609392,16.47481569652361,271620.33269672527,0.1483705653804882,0.054045893719806726,0.07270695416566095
Ausgrid,persistence_qi__c80__h1,2012-09,0.8,1.0,erw_global_norm,14.0,430560,0.8539227982162765,0.5947108676647038,1.0307534351261929,0.0602447974730583,0.0475421317641729,0.0575205176767675,16.47481569652361,271620.33269672527,0.1483705653804882,0.053922798216276435,0.0588826575749129
Ausgrid,persistence_qi__c80__h1,2012-09,0.8,1.0,erw_group_norm,14.0,430560,0.8531029357116313,0.6027009804156641,1.0343829948011332,0.0607766629505759,0.049635098807408,0.0689157196969696,16.47481569652361,271620.33269672527,0.1483705653804882,0.05310293571163127,0.06484619132377274
Ausgrid,persistence_qi__c80__h1,2012-09,0.8,1.0,erw_user_norm,14.0,430560,0.8465301003344482,0.6191632161820041,1.0398212926761643,0.0671822742474916,0.0812737183443943,0.0595880681818181,16.47481569652361,271620.33269672527,0.1483705653804882,0.046530100334448155,0.06338517121465485
Ausgrid,persistence_qi__c80__h1,2012-10,0.8,1.0,rolling_global_norm,,444912,0.8378286043082677,0.5144132170902446,0.9342148149262584,0.0485183586866616,0.0455054511189754,0.0459289435761001,16.47481569652361,271620.33269672527,-0.0389035292220614,0.03782860430826762,0.04722365113138085
Ausgrid,persistence_qi__c80__h1,2012-10,0.8,1.0,rolling_group_norm,,444912,0.8380196533247024,0.5154129473818374,0.934606122706928,0.0487894235264501,0.0457982710779165,0.046358496840705,16.47481569652361,271620.33269672527,-0.0389035292220614,0.03801965332470236,0.04757396018357755
Ausgrid,persistence_qi__c80__h1,2012-10,0.8,1.0,rolling_user_norm,,444912,0.831575682382134,0.5171511787822388,0.938915063039161,0.0524139605135397,0.0612014396761869,0.0412177142223699,16.47481569652361,271620.33269672527,-0.0389035292220614,0.03157568238213393,0.046815837367954805
Ausgrid,persistence_qi__c80__h1,2012-10,0.8,1.0,erw_global_norm,14.0,444912,0.8163839141223433,0.4666297153489729,0.9267790101104144,0.0386364045024633,0.0489290421219556,0.0259685733288992,16.47481569652361,271620.33269672527,-0.0389035292220614,0.0163839141223433,0.03230248891568125
Ausgrid,persistence_qi__c80__h1,2012-10,0.8,1.0,erw_group_norm,14.0,444912,0.8162153414607832,0.4624154855098211,0.9260853604176522,0.0383149926277555,0.0482560023557974,0.0197816206628976,16.47481569652361,271620.33269672527,-0.0389035292220614,0.016215341460783184,0.029048306645326552
Ausgrid,persistence_qi__c80__h1,2012-10,0.8,1.0,erw_user_norm,14.0,444912,0.8105288236774912,0.4598949789453583,0.9255063472702876,0.0404969971589887,0.0627196365927663,0.0175368584414143,16.47481569652361,271620.33269672527,-0.0389035292220614,0.010528823677491195,0.0290169278002015
Ausgrid,persistence_qi__c80__h1,2012-11,0.8,1.0,rolling_global_norm,,430560,0.8094365477517651,0.4410367684773673,0.921763982201958,0.0399270717205499,0.0527999657744409,0.0203250286368842,16.47481569652361,271620.33269672527,-0.0879373664980528,0.009436547751765056,0.03012605017871705
Ausgrid,persistence_qi__c80__h1,2012-11,0.8,1.0,rolling_group_norm,,430560,0.8095712560386473,0.4356150150567279,0.9209215127035986,0.0389005016722407,0.0516124488133721,0.0120975378787878,16.47481569652361,271620.33269672527,-0.0879373664980528,0.00957125603864728,0.025499019775514248
Ausgrid,persistence_qi__c80__h1,2012-11,0.8,1.0,rolling_user_norm,,430560,0.8037880899293943,0.4277197334273839,0.9193792422087558,0.0370889074693422,0.0617061947467871,0.0052205165692007,16.47481569652361,271620.33269672527,-0.0879373664980528,0.0037880899293942782,0.02115471201927145
Ausgrid,persistence_qi__c80__h1,2012-11,0.8,1.0,erw_global_norm,14.0,430560,0.8048285953177258,0.4330943221218414,0.9213187468390694,0.0399131363805276,0.0539935582557692,0.0164160939289804,16.47481569652361,271620.33269672527,-0.0879373664980528,0.004828595317725726,0.028164615154754
Ausgrid,persistence_qi__c80__h1,2012-11,0.8,1.0,erw_group_norm,14.0,430560,0.8050515607580825,0.4272827851614832,0.9205530726679216,0.0387007617985878,0.0525837552398516,0.0087515782828282,16.47481569652361,271620.33269672527,-0.0879373664980528,0.005051560758082441,0.023726170040708
Ausgrid,persistence_qi__c80__h1,2012-11,0.8,1.0,erw_user_norm,14.0,430560,0.8027893905611297,0.4206227516481446,0.9140064763630792,0.0289924749163879,0.0439580545960752,0.0056897095959596,16.47481569652361,271620.33269672527,-0.0879373664980528,0.002789390561129701,0.01734109225617375
Ausgrid,persistence_qi__c80__h1,2012-12,0.8,1.0,rolling_global_norm,,444912,0.8107985399359874,0.430772386983781,0.9429693382222156,0.0484329485381378,0.0622714040284288,0.0176472385141739,16.47481569652361,271620.33269672527,-0.094375979304542,0.010798539935987339,0.03304009352615585
Ausgrid,persistence_qi__c80__h1,2012-12,0.8,1.0,rolling_group_norm,,444912,0.8110188082137592,0.4247825325291188,0.9427513984447738,0.048080519293703,0.0621452875698182,0.0173516789285039,16.47481569652361,271620.33269672527,-0.094375979304542,0.011018808213759113,0.03271609911110345
Ausgrid,persistence_qi__c80__h1,2012-12,0.8,1.0,rolling_user_norm,,444912,0.8094971589887439,0.4160180680730541,0.9350034206535688,0.0374127917430862,0.0500704277917301,0.0165558385210337,16.47481569652361,271620.33269672527,-0.094375979304542,0.009497158988743815,0.026984315132059948
Ausgrid,persistence_qi__c80__h1,2012-12,0.8,1.0,erw_global_norm,14.0,444912,0.8095668356888553,0.428690803592178,0.942854772182747,0.0486559139784946,0.0629390699930228,0.0164788000977517,16.47481569652361,271620.33269672527,-0.094375979304542,0.009566835688855302,0.03256735703812315
Ausgrid,persistence_qi__c80__h1,2012-12,0.8,1.0,erw_group_norm,14.0,444912,0.8096410076599417,0.4222711180985317,0.942627301264394,0.0481672780235192,0.0627124595438474,0.0159014808526692,16.47481569652361,271620.33269672527,-0.094375979304542,0.009641007659941692,0.0320343794380942
Ausgrid,persistence_qi__c80__h1,2012-12,0.8,1.0,erw_user_norm,14.0,444912,0.8091060704139246,0.414256199315008,0.9327178557121064,0.0346580896896464,0.0473650262629478,0.0157776834559516,16.47481569652361,271620.33269672527,-0.094375979304542,0.009106070413924527,0.025217886572798998
Ausgrid,persistence_qi__c80__h1,2013-01,0.8,1.0,rolling_global_norm,,444912,0.7951549969432158,0.4176681561054015,1.0409015746260182,0.0491701729780271,0.0656426622920217,0.0122417940011319,16.47481569652361,271620.33269672527,-0.1148111133751955,0.004845003056784258,0.0307059834895795
Ausgrid,persistence_qi__c80__h1,2013-01,0.8,1.0,rolling_group_norm,,444912,0.7953550365016003,0.4138605874018218,1.0408774778558418,0.0491733196677095,0.0654863296492361,0.0076612903225806,16.47481569652361,271620.33269672527,-0.1148111133751955,0.004644963498399712,0.02841730499514505
Ausgrid,persistence_qi__c80__h1,2013-01,0.8,1.0,rolling_user_norm,,444912,0.7938648541734096,0.4031471625670443,1.0278574114464345,0.0350999748264825,0.0463189507066261,0.0089014521671655,16.47481569652361,271620.33269672527,-0.1148111133751955,0.006135145826590471,0.022000713496824
Ausgrid,persistence_qi__c80__h1,2013-01,0.8,1.0,erw_global_norm,14.0,444912,0.7932242780594815,0.4147147352906751,1.0409695061734672,0.0497190455640666,0.0662322581356541,0.014576259196378,16.47481569652361,271620.33269672527,-0.1148111133751955,0.006775721940518564,0.032147652380222304
Ausgrid,persistence_qi__c80__h1,2013-01,0.8,1.0,erw_group_norm,14.0,444912,0.7935097277663897,0.4124434738429646,1.040919779384328,0.049857949437192,0.0666121733408292,0.0068831352574986,16.47481569652361,271620.33269672527,-0.1148111133751955,0.006490272233610317,0.0283705423473453
Ausgrid,persistence_qi__c80__h1,2013-01,0.8,1.0,erw_user_norm,14.0,444912,0.7895583845794224,0.4031310994579044,1.0277394055844875,0.0353732873017585,0.054799278391479,0.0126662422184493,16.47481569652361,271620.33269672527,-0.1148111133751955,0.010441615420577643,0.024019764760103902
Ausgrid,persistence_qi__c80__h1,2013-02,0.8,1.0,rolling_global_norm,,401856,0.8022973403408186,0.4190884502334015,0.9426398866880804,0.0473901098901098,0.0642009851324,0.0103215513009327,16.47481569652361,271620.33269672527,-0.0990573649090425,0.002297340340818521,0.02885583059552125
Ausgrid,persistence_qi__c80__h1,2013-02,0.8,1.0,rolling_group_norm,,401856,0.8023645285873546,0.4173115576756512,0.9424017253714126,0.0477091296384774,0.0649265979396079,0.0070922312223857,16.47481569652361,271620.33269672527,-0.0990573649090425,0.0023645285873545863,0.027400680430431548
Ausgrid,persistence_qi__c80__h1,2013-02,0.8,1.0,rolling_user_norm,,401856,0.7990076047141265,0.4092354607347637,0.9334492993710612,0.0384366539257843,0.0601509654025086,0.0073990549828177,16.47481569652361,271620.33269672527,-0.0990573649090425,0.0009923952858735818,0.022917854454300998
Ausgrid,persistence_qi__c80__h1,2013-02,0.8,1.0,erw_global_norm,14.0,401856,0.8059180402930403,0.4254890941398395,0.9428526503411389,0.047311972447842,0.0636052169606021,0.013305412371134,16.47481569652361,271620.33269672527,-0.0990573649090425,0.0059180402930402165,0.030308692409488
Ausgrid,persistence_qi__c80__h1,2013-02,0.8,1.0,erw_group_norm,14.0,401856,0.8058458751393534,0.4227904051427918,0.942542329568886,0.047403049848702,0.0640315421031625,0.0095698330878742,16.47481569652361,271620.33269672527,-0.0990573649090425,0.005845875139353307,0.0284864414682881
Ausgrid,persistence_qi__c80__h1,2013-02,0.8,1.0,erw_user_norm,14.0,401856,0.8048753782449435,0.4192943016023318,0.931996313874739,0.0356446090141742,0.052021719850263,0.010497974963181,16.47481569652361,271620.33269672527,-0.0990573649090425,0.00487537824494344,0.0230712919886776
Ausgrid,persistence_qi__c80__h1,2013-03,0.8,1.0,rolling_global_norm,,444912,0.8019810659186536,0.4216228043680664,0.9393161505062128,0.0496498183910526,0.064480342206113,0.010751160801564,16.47481569652361,271620.33269672527,-0.1090609878508021,0.001981065918653546,0.0302004895963083
Ausgrid,persistence_qi__c80__h1,2013-03,0.8,1.0,rolling_group_norm,,444912,0.8017495594634445,0.4182667388162325,0.9389931378760212,0.0492510878555759,0.064809795523986,0.0051609848484848,16.47481569652361,271620.33269672527,-0.1090609878508021,0.0017495594634444611,0.027206036352030352
Ausgrid,persistence_qi__c80__h1,2013-03,0.8,1.0,rolling_user_norm,,444912,0.8005223504872874,0.4138521702269805,0.9269051982178288,0.0332389326428597,0.0512483923959628,0.0020798691941026,16.47481569652361,271620.33269672527,-0.1090609878508021,0.0005223504872873264,0.01765940091848115
Ausgrid,persistence_qi__c80__h1,2013-03,0.8,1.0,erw_global_norm,14.0,444912,0.8001200237350308,0.4186473813261142,0.9392676992722424,0.0495931779767684,0.064976200979976,0.0121887379739672,16.47481569652361,271620.33269672527,-0.1090609878508021,0.00012002373503072761,0.030890957975367797
Ausgrid,persistence_qi__c80__h1,2013-03,0.8,1.0,erw_group_norm,14.0,444912,0.7999222318121336,0.4144829374160915,0.9389651833103276,0.0493081777969576,0.0651218195429003,0.0036412512218962,16.47481569652361,271620.33269672527,-0.1090609878508021,7.77681878664227e-05,0.0264747145094269
Ausgrid,persistence_qi__c80__h1,2013-03,0.8,1.0,erw_user_norm,14.0,444912,0.7990479016075089,0.4155979908206549,0.925563536423614,0.0302738519077929,0.0557218315132382,0.0017583970734952,16.47481569652361,271620.33269672527,-0.1090609878508021,0.0009520983924911075,0.01601612449064405
Ausgrid,persistence_qi__c80__h1,2013-04,0.8,1.0,rolling_global_norm,,430560,0.7866383314752879,0.4155348465853243,0.9268754785447284,0.0443167038275734,0.0613817844785376,0.0271016081871345,16.47481569652361,271620.33269672527,-0.1085593375131338,0.0133616685247121,0.03570915600735395
Ausgrid,persistence_qi__c80__h1,2013-04,0.8,1.0,rolling_group_norm,,430560,0.7867660720921591,0.4119483828889019,0.9266424365994036,0.0438498699368264,0.0610921058607974,0.0208017676767676,16.47481569652361,271620.33269672527,-0.1085593375131338,0.013233927907840948,0.032325818806796996
Ausgrid,persistence_qi__c80__h1,2013-04,0.8,1.0,rolling_user_norm,,430560,0.7827805648457823,0.4079511607875253,0.928058134746484,0.045006503158677,0.0727895180992461,0.0289772727272727,16.47481569652361,271620.33269672527,-0.1085593375131338,0.017219435154217755,0.03699188794297485
Ausgrid,persistence_qi__c80__h1,2013-04,0.8,1.0,erw_global_norm,14.0,430560,0.7887750836120402,0.418990471868937,0.9267395866605888,0.04362922705314,0.0606864681690453,0.0248355263157895,16.47481569652361,271620.33269672527,-0.1085593375131338,0.01122491638795986,0.03423237668446475
Ausgrid,persistence_qi__c80__h1,2013-04,0.8,1.0,erw_group_norm,14.0,430560,0.788974823485693,0.4155665240090451,0.926507627001232,0.0432576179858788,0.0607678128398657,0.0193260732323232,16.47481569652361,271620.33269672527,-0.1085593375131338,0.011025176514307011,0.031291845609101004
Ausgrid,persistence_qi__c80__h1,2013-04,0.8,1.0,erw_user_norm,14.0,430560,0.7866592344853215,0.4127578626507909,0.9259183107416764,0.0423169825343738,0.0620516315082835,0.0247238005050505,16.47481569652361,271620.33269672527,-0.1085593375131338,0.013340765514678554,0.033520391519712145
Ausgrid,persistence_qi__c80__h1,2013-05,0.8,1.0,rolling_global_norm,,444912,0.7582712985938792,0.4275323119727203,1.170685955762338,0.0668626604811738,0.0768903553873327,0.0524111016789285,16.47481569652361,271620.33269672527,-0.0801291544129645,0.04172870140612084,0.05963688108005115
Ausgrid,persistence_qi__c80__h1,2013-05,0.8,1.0,rolling_group_norm,,444912,0.7586623871686985,0.4218511848098613,1.171193220930927,0.0662459093034128,0.076525425763383,0.0517106549364614,16.47481569652361,271620.33269672527,-0.0801291544129645,0.04133761283130155,0.0589782821199371
Ausgrid,persistence_qi__c80__h1,2013-05,0.8,1.0,rolling_user_norm,,444912,0.7572418815406192,0.4137545228997797,1.1688154325021989,0.0626389038731255,0.0676082010195588,0.0534365835777126,16.47481569652361,271620.33269672527,-0.0801291544129645,0.04275811845938082,0.05803774372541905
Ausgrid,persistence_qi__c80__h1,2013-05,0.8,1.0,erw_global_norm,14.0,444912,0.7641196461322689,0.4384345418953247,1.1687825140181312,0.0631261912468083,0.0747800045099234,0.0454489718920958,16.47481569652361,271620.33269672527,-0.0801291544129645,0.03588035386773114,0.05428758156945204
Ausgrid,persistence_qi__c80__h1,2013-05,0.8,1.0,erw_group_norm,14.0,444912,0.7644230769230769,0.4320641853356285,1.1691335105951943,0.0626159779911533,0.0740590005588114,0.0428824535679375,16.47481569652361,271620.33269672527,-0.0801291544129645,0.03557692307692317,0.0527492157795454
Ausgrid,persistence_qi__c80__h1,2013-05,0.8,1.0,erw_user_norm,14.0,444912,0.7644545438199014,0.4279244134828396,1.1612800117450066,0.0547960046031575,0.06245418133752,0.0425006109481916,16.47481569652361,271620.33269672527,-0.0801291544129645,0.035545456180098634,0.048648307775674554
Ausgrid,persistence_qi__c80__h1,2013-06,0.8,1.0,rolling_global_norm,,430560,0.7422798216276477,0.4787220857664334,1.4973994367906385,0.08173541434411,0.0825547842065195,0.0705571338383839,16.47481569652361,271620.33269672527,0.0345670976717484,0.057720178372352327,0.07614627409124694
Ausgrid,persistence_qi__c80__h1,2013-06,0.8,1.0,rolling_group_norm,,430560,0.7419778892604979,0.4716711260510999,1.4993786716130033,0.0820930880713489,0.082650724751204,0.0694839015151516,16.47481569652361,271620.33269672527,0.0345670976717484,0.05802211073950214,0.07578849479325026
Ausgrid,persistence_qi__c80__h1,2013-06,0.8,1.0,rolling_user_norm,,430560,0.7426537532515793,0.4753986732120581,1.4803658843087035,0.0738967855815682,0.0680619411375132,0.0705808080808081,16.47481569652361,271620.33269672527,0.0345670976717484,0.057346246748420704,0.07223879683118815
Ausgrid,persistence_qi__c80__h1,2013-06,0.8,1.0,erw_global_norm,14.0,430560,0.7582055927164623,0.5168780029612403,1.4876373729795418,0.0708588814567075,0.0790965400619882,0.0545928030303031,16.47481569652361,271620.33269672527,0.0345670976717484,0.04179440728353778,0.0627258422435053
Ausgrid,persistence_qi__c80__h1,2013-06,0.8,1.0,erw_group_norm,14.0,430560,0.7581405611296915,0.5118964918623485,1.488422085203606,0.0711422333704942,0.078995630972328,0.0513020833333334,16.47481569652361,271620.33269672527,0.0345670976717484,0.04185943887030852,0.0612221583519138
Ausgrid,persistence_qi__c80__h1,2013-06,0.8,1.0,erw_user_norm,14.0,430560,0.758210237829803,0.5238427921483831,1.4615415672808685,0.0578850798959494,0.0623758729275554,0.0511600378787879,16.47481569652361,271620.33269672527,0.0345670976717484,0.04178976217019703,0.05452255888736865
Ausgrid,persistence_qi__c80__h6,2012-07,0.8,6.0,rolling_global_norm,,444912,0.7691273779983457,1.2078349658237275,2.382083743437108,0.089242816556982,0.109311972919739,0.0725821725317693,16.47481569652361,271620.33269672527,0.6126409211467074,0.030872622001654304,0.08091249454437566
Ausgrid,persistence_qi__c80__h6,2012-07,0.8,6.0,rolling_group_norm,,444912,0.7697679541122738,1.2292980101590032,2.3711197247752533,0.0852307872118531,0.1049690388947893,0.0377646602372242,16.47481569652361,271620.33269672527,0.6126409211467074,0.03023204588772621,0.061497723724538655
Ausgrid,persistence_qi__c80__h6,2012-07,0.8,6.0,rolling_user_norm,,444912,0.767055058078901,1.2674341198272476,2.3064207499805085,0.0607877512856475,0.0760783317973894,0.0408200310386875,16.47481569652361,271620.33269672527,0.6126409211467074,0.03294494192109909,0.0508038911621675
Ausgrid,persistence_qi__c80__h6,2012-07,0.8,6.0,erw_global_norm,14.0,444912,0.7920375265220988,1.3217472793590632,2.370083390921211,0.084897238105513,0.1051174920750546,0.051099706744868,16.47481569652361,271620.33269672527,0.6126409211467074,0.007962473477901244,0.0679984724251905
Ausgrid,persistence_qi__c80__h6,2012-07,0.8,6.0,erw_group_norm,14.0,444912,0.7924915488905672,1.3469634434103592,2.3597037110659542,0.0799335598949904,0.1006432500669963,0.0086769916911045,16.47481569652361,271620.33269672527,0.6126409211467074,0.007508451109432879,0.04430527579304745
Ausgrid,persistence_qi__c80__h6,2012-07,0.8,6.0,erw_user_norm,14.0,444912,0.7893246304887258,1.3805806152719415,2.277307263485939,0.0469531053331894,0.068870854928814,0.0148170210166178,16.47481569652361,271620.33269672527,0.6126409211467074,0.010675369511274235,0.030885063174903603
Ausgrid,persistence_qi__c80__h6,2012-08,0.8,6.0,rolling_global_norm,,444912,0.8336435070306039,1.378014353205916,2.204130627726387,0.0785926205631675,0.0875101357629805,0.0639643463497452,16.47481569652361,271620.33269672527,0.6779562603548934,0.033643507030603814,0.07127848345645635
Ausgrid,persistence_qi__c80__h6,2012-08,0.8,6.0,rolling_group_norm,,444912,0.8324342791383464,1.400039358309249,2.2005155107580467,0.0756608048333153,0.0845806879766419,0.0389693304007819,16.47481569652361,271620.33269672527,0.6779562603548934,0.0324342791383464,0.057315067617048604
Ausgrid,persistence_qi__c80__h6,2012-08,0.8,6.0,rolling_user_norm,,444912,0.8197216528212321,1.4332816243603177,2.164871692193146,0.0576033013270039,0.0857422106818072,0.0224584555229716,16.47481569652361,271620.33269672527,0.6779562603548934,0.01972165282123206,0.040030878424987745
Ausgrid,persistence_qi__c80__h6,2012-08,0.8,6.0,erw_global_norm,14.0,444912,0.8317532455856439,1.3664179740823863,2.202459656829702,0.0780806091991225,0.0878315125080945,0.0623785606489341,16.47481569652361,271620.33269672527,0.6779562603548934,0.03175324558564385,0.07022958492402831
Ausgrid,persistence_qi__c80__h6,2012-08,0.8,6.0,erw_group_norm,14.0,444912,0.8305147984320495,1.3881795131852508,2.198541757745655,0.0750908044736936,0.0849745558614299,0.0358458577712609,16.47481569652361,271620.33269672527,0.6779562603548934,0.030514798432049406,0.055468331122477246
Ausgrid,persistence_qi__c80__h6,2012-08,0.8,6.0,erw_user_norm,14.0,444912,0.8206971266227928,1.432943142428037,2.145108316646146,0.0528446074729384,0.0765175496412844,0.0228930862101489,16.47481569652361,271620.33269672527,0.6779562603548934,0.020697126622792772,0.03786884684154365
Ausgrid,persistence_qi__c80__h6,2012-09,0.8,6.0,rolling_global_norm,,430560,0.8995076179858789,1.2541388748249598,1.6187660204623622,0.1061919360832404,0.0571286437117646,0.1037514318442153,16.47481569652361,271620.33269672527,0.3608549615601572,0.09950761798587882,0.10497168396372786
Ausgrid,persistence_qi__c80__h6,2012-09,0.8,6.0,rolling_group_norm,,430560,0.8975009290226682,1.288383347676829,1.6420912053907764,0.1059364548494982,0.060617232764713,0.1198469065656565,16.47481569652361,271620.33269672527,0.3608549615601572,0.09750092902266816,0.11289168070757735
Ausgrid,persistence_qi__c80__h6,2012-09,0.8,6.0,rolling_user_norm,,430560,0.8804254923820142,1.3251304856985178,1.674787139089985,0.1089650687476774,0.1087514020655188,0.1014993686868686,16.47481569652361,271620.33269672527,0.3608549615601572,0.08042549238201413,0.10523221871727301
Ausgrid,persistence_qi__c80__h6,2012-09,0.8,6.0,erw_global_norm,14.0,430560,0.8827503716090672,1.1495449471206087,1.5700118756381016,0.0935688405797101,0.0615949570242316,0.0869415807560136,16.47481569652361,271620.33269672527,0.3608549615601572,0.08275037160906717,0.09025521066786185
Ausgrid,persistence_qi__c80__h6,2012-09,0.8,6.0,erw_group_norm,14.0,430560,0.882329988851728,1.1805369496816436,1.5878091429381784,0.0943794128576736,0.0642482009456221,0.1025252525252524,16.47481569652361,271620.33269672527,0.3608549615601572,0.08232998885172793,0.098452332691463
Ausgrid,persistence_qi__c80__h6,2012-09,0.8,6.0,erw_user_norm,14.0,430560,0.8700575994054255,1.225307031035709,1.6047003404942204,0.0938638052768487,0.0960845714230596,0.0882891414141413,16.47481569652361,271620.33269672527,0.3608549615601572,0.07005759940542544,0.09107647334549501
Ausgrid,persistence_qi__c80__h6,2012-10,0.8,6.0,rolling_global_norm,,444912,0.8705654151832273,0.9625866852865596,1.3606603594615991,0.0810834502103786,0.0594518914936288,0.085641835716661,16.47481569652361,271620.33269672527,-0.0835246179637339,0.07056541518322723,0.0833626429635198
Ausgrid,persistence_qi__c80__h6,2012-10,0.8,6.0,rolling_group_norm,,444912,0.8705766533606646,0.968620393268904,1.364285377379877,0.0809975905347574,0.060675051661586,0.0873946901673872,16.47481569652361,271620.33269672527,-0.0835246179637339,0.07057665336066454,0.0841961403510723
Ausgrid,persistence_qi__c80__h6,2012-10,0.8,6.0,rolling_user_norm,,444912,0.8584079548315172,0.9888882741592157,1.387362538516657,0.0786411694896968,0.0771449684033049,0.0727968074492849,16.47481569652361,271620.33269672527,-0.0835246179637339,0.05840795483151717,0.07571898846949085
Ausgrid,persistence_qi__c80__h6,2012-10,0.8,6.0,erw_global_norm,14.0,444912,0.8360147624698817,0.8456233144228804,1.3255782833721388,0.0627562304455712,0.0697888426443739,0.0561758674204633,16.47481569652361,271620.33269672527,-0.0835246179637339,0.03601476246988167,0.059466048933017254
Ausgrid,persistence_qi__c80__h6,2012-10,0.8,6.0,erw_group_norm,14.0,444912,0.835886647247096,0.8399385125811902,1.323095274596455,0.0621911748840219,0.0686647462643529,0.0492129475667885,16.47481569652361,271620.33269672527,-0.0835246179637339,0.035886647247096004,0.0557020612254052
Ausgrid,persistence_qi__c80__h6,2012-10,0.8,6.0,erw_user_norm,14.0,444912,0.8267073039162801,0.8328762651771561,1.31837336908653,0.0581193584349264,0.0791807173424028,0.0384186897239773,16.47481569652361,271620.33269672527,-0.0835246179637339,0.026707303916280067,0.048269024079451855
Ausgrid,persistence_qi__c80__h6,2012-11,0.8,6.0,rolling_global_norm,,430560,0.8190542549238201,0.778350428852097,1.3273008735801346,0.0679812337421033,0.0820549826878687,0.0401632302405497,16.47481569652361,271620.33269672527,-0.2213534299343204,0.01905425492382007,0.0540722319913265
Ausgrid,persistence_qi__c80__h6,2012-11,0.8,6.0,rolling_group_norm,,430560,0.8189613526570049,0.7648047137340376,1.323162731671138,0.0675678186547751,0.0814594579176858,0.0227233676975944,16.47481569652361,271620.33269672527,-0.2213534299343204,0.018961352657004826,0.045145593176184745
Ausgrid,persistence_qi__c80__h6,2012-11,0.8,6.0,rolling_user_norm,,430560,0.8114455592716462,0.7385952979933459,1.307459890676285,0.0525408769973987,0.0794543107268561,0.0181844215349369,16.47481569652361,271620.33269672527,-0.2213534299343204,0.011445559271646144,0.0353626492661678
Ausgrid,persistence_qi__c80__h6,2012-11,0.8,6.0,erw_global_norm,14.0,430560,0.8074646971386101,0.7513589522564391,1.3246728779498378,0.0705314009661835,0.0869015001848892,0.0305841924398625,16.47481569652361,271620.33269672527,-0.2213534299343204,0.007464697138610088,0.050557796703023
Ausgrid,persistence_qi__c80__h6,2012-11,0.8,6.0,erw_group_norm,14.0,430560,0.8077317911557041,0.7349788914034084,1.3207767474918766,0.0696465068747677,0.0863631391076033,0.0105429292929292,16.47481569652361,271620.33269672527,-0.2213534299343204,0.007731791155704104,0.04009471808384845
Ausgrid,persistence_qi__c80__h6,2012-11,0.8,6.0,erw_user_norm,14.0,430560,0.803962281679673,0.7023759204616915,1.2868458338080713,0.0415784095131921,0.061761373351772,0.0056029040404039,16.47481569652361,271620.33269672527,-0.2213534299343204,0.003962281679672941,0.023590656776798
Ausgrid,persistence_qi__c80__h6,2012-12,0.8,6.0,rolling_global_norm,,444912,0.7993648182112417,0.744421795710026,1.4741372350830848,0.0797771244650627,0.0996746479816666,0.0165275419732126,16.47481569652361,271620.33269672527,-0.2365917776630034,0.0006351817887583211,0.04815233321913765
Ausgrid,persistence_qi__c80__h6,2012-12,0.8,6.0,rolling_group_norm,,444912,0.7985736505196533,0.7276764913129654,1.4738285023305069,0.0808164311144675,0.1026747250647357,0.0179289990023279,16.47481569652361,271620.33269672527,-0.2365917776630034,0.0014263494803467003,0.0493727150583977
Ausgrid,persistence_qi__c80__h6,2012-12,0.8,6.0,rolling_user_norm,,444912,0.7977285395763657,0.6931344736000723,1.435440931786249,0.0532001834070557,0.0697904757678765,0.0209705132468684,16.47481569652361,271620.33269672527,-0.2365917776630034,0.0022714604236343527,0.03708534832696205
Ausgrid,persistence_qi__c80__h6,2012-12,0.8,6.0,erw_global_norm,14.0,444912,0.7978004639119646,0.740937088416649,1.4741318660383629,0.0803435286079044,0.100469741686506,0.018390398038106,16.47481569652361,271620.33269672527,-0.2365917776630034,0.0021995360880354697,0.049366963323005206
Ausgrid,persistence_qi__c80__h6,2012-12,0.8,6.0,erw_group_norm,14.0,444912,0.7970137914913511,0.7247705490940608,1.4737979085188706,0.0811544754917826,0.1032300747839932,0.0176934375346414,16.47481569652361,271620.33269672527,-0.2365917776630034,0.0029862085086489465,0.049423956513212006
Ausgrid,persistence_qi__c80__h6,2012-12,0.8,6.0,erw_user_norm,14.0,444912,0.7971059445463372,0.6960173767864462,1.4271629576442182,0.0484041788038983,0.0652297096870293,0.0186772530761556,16.47481569652361,271620.33269672527,-0.2365917776630034,0.002894055453662836,0.03354071594002695
Ausgrid,persistence_qi__c80__h6,2013-01,0.8,6.0,rolling_global_norm,,444912,0.7767288812169597,0.7412543467295652,1.7819748826204391,0.0831040745136117,0.1060684214583258,0.0399075646104508,16.47481569652361,271620.33269672527,-0.2297880187478512,0.023271118783040334,0.061505819562031244
Ausgrid,persistence_qi__c80__h6,2013-01,0.8,6.0,rolling_group_norm,,444912,0.7765625561908872,0.7301272176002708,1.782381543566203,0.0844104002589276,0.106901559253932,0.0312659350404611,16.47481569652361,271620.33269672527,-0.2297880187478512,0.023437443809112835,0.05783816764969435
Ausgrid,persistence_qi__c80__h6,2013-01,0.8,6.0,rolling_user_norm,,444912,0.7749082964721113,0.707234739409211,1.7316635641435223,0.0582074657460351,0.0708311043501596,0.0310442301296973,16.47481569652361,271620.33269672527,-0.2297880187478512,0.025091703527888698,0.0446258479378662
Ausgrid,persistence_qi__c80__h6,2013-01,0.8,6.0,erw_global_norm,14.0,444912,0.7784191031035351,0.7455903390050959,1.7815021426438051,0.0824477649512712,0.1055605630226253,0.0379975476325221,16.47481569652361,271620.33269672527,-0.2297880187478512,0.02158089689646492,0.060222656291896645
Ausgrid,persistence_qi__c80__h6,2013-01,0.8,6.0,erw_group_norm,14.0,444912,0.7786663430071564,0.7381648563856464,1.781343967953935,0.0831984752040853,0.1059171536485582,0.0235062631637291,16.47481569652361,271620.33269672527,-0.2297880187478512,0.02133365699284362,0.0533523691839072
Ausgrid,persistence_qi__c80__h6,2013-01,0.8,6.0,erw_user_norm,14.0,444912,0.7733799043406336,0.7265217549604699,1.7243243727503108,0.0554887258603948,0.0724530809505071,0.0290841350688549,16.47481569652361,271620.33269672527,-0.2297880187478512,0.026620095659366405,0.04228643046462485
Ausgrid,persistence_qi__c80__h6,2013-02,0.8,6.0,rolling_global_norm,,401856,0.8194079471253384,0.7739063750390234,1.3800827161933351,0.0767070791527313,0.0931431922237119,0.0332873097692685,16.47481569652361,271620.33269672527,-0.1727517050299545,0.019407947125338332,0.0549971944609999
Ausgrid,persistence_qi__c80__h6,2013-02,0.8,6.0,rolling_group_norm,,401856,0.8194203893932155,0.7668817243982605,1.3781707601178994,0.0771943183627966,0.0942822712739206,0.0269283873343151,16.47481569652361,271620.33269672527,-0.1727517050299545,0.019420389393215443,0.05206135284855585
Ausgrid,persistence_qi__c80__h6,2013-02,0.8,6.0,rolling_user_norm,,401856,0.8128234989648033,0.7851063533731655,1.3479243042685845,0.0555014731645166,0.0776129338339361,0.0267979872361314,16.47481569652361,271620.33269672527,-0.1727517050299545,0.012823498964803282,0.041149730200324
Ausgrid,persistence_qi__c80__h6,2013-02,0.8,6.0,erw_global_norm,14.0,401856,0.8235387800605192,0.7845988135523729,1.3814430670779068,0.0766712454212454,0.09160333475177,0.0370075478645065,16.47481569652361,271620.33269672527,-0.1727517050299545,0.023538780060519127,0.05683939664287595
Ausgrid,persistence_qi__c80__h6,2013-02,0.8,6.0,erw_group_norm,14.0,401856,0.8235835722248765,0.7774844284970307,1.3794382753131604,0.0774098184424271,0.0926718076419858,0.031231590574374,16.47481569652361,271620.33269672527,-0.1727517050299545,0.023583572224876503,0.05432070450840055
Ausgrid,persistence_qi__c80__h6,2013-02,0.8,6.0,erw_user_norm,14.0,401856,0.8189824215639433,0.8008655561650107,1.3478196929272668,0.0544647834050007,0.0693945024461178,0.02946735395189,16.47481569652361,271620.33269672527,-0.1727517050299545,0.018982421563943253,0.04196606867844535
Ausgrid,persistence_qi__c80__h6,2013-03,0.8,6.0,rolling_global_norm,,444912,0.8122460171899162,0.7653691506837593,1.3681574563971968,0.0778356169309885,0.0951259410724632,0.0258415811339197,16.47481569652361,271620.33269672527,-0.2368047004106221,0.012246017189916136,0.0518385990324541
Ausgrid,persistence_qi__c80__h6,2013-03,0.8,6.0,rolling_group_norm,,444912,0.8120145107347071,0.7558165031396696,1.366028909030948,0.0783566188369834,0.0959059892151463,0.0143567786276465,16.47481569652361,271620.33269672527,-0.2368047004106221,0.012014510734707051,0.046356698732314953
Ausgrid,persistence_qi__c80__h6,2013-03,0.8,6.0,rolling_user_norm,,444912,0.8072922285755385,0.7587438052985265,1.334486056761334,0.0500602366310641,0.0724070177073387,0.0111351291431104,16.47481569652361,271620.33269672527,-0.2368047004106221,0.007292228575538462,0.03059768288708725
Ausgrid,persistence_qi__c80__h6,2013-03,0.8,6.0,erw_global_norm,14.0,444912,0.8014933290178732,0.7407914654088558,1.3668338269912368,0.0799492933434027,0.099487620145815,0.0211611016789285,16.47481569652361,271620.33269672527,-0.2368047004106221,0.001493329017873135,0.0505551975111656
Ausgrid,persistence_qi__c80__h6,2013-03,0.8,6.0,erw_group_norm,14.0,444912,0.8015292911856726,0.7305518694126361,1.3650768233360338,0.0792741036429675,0.1000307112453959,0.0050235215053763,16.47481569652361,271620.33269672527,-0.2368047004106221,0.0015292911856725766,0.0421488125741719
Ausgrid,persistence_qi__c80__h6,2013-03,0.8,6.0,erw_user_norm,14.0,444912,0.7969148955299026,0.7253632348601817,1.3266989505989688,0.0427828424497428,0.0748551806693226,0.0037953109411373,16.47481569652361,271620.33269672527,-0.2368047004106221,0.003085104470097466,0.02328907669544005
Ausgrid,persistence_qi__c80__h6,2013-04,0.8,6.0,rolling_global_norm,,430560,0.7874605165366035,0.7318748916016483,1.301899346842963,0.0744867149758454,0.0977305290021471,0.0397782651072124,16.47481569652361,271620.33269672527,-0.2362434289319942,0.012539483463396506,0.0571324900415289
Ausgrid,persistence_qi__c80__h6,2013-04,0.8,6.0,rolling_group_norm,,430560,0.7871144555927164,0.720003148870427,1.2999041677724037,0.074405425492382,0.0987703870641151,0.0218276515151515,16.47481569652361,271620.33269672527,-0.2362434289319942,0.012885544407283622,0.04811653850376675
Ausgrid,persistence_qi__c80__h6,2013-04,0.8,6.0,rolling_user_norm,,430560,0.7775896506874768,0.7036455036350794,1.287703378591546,0.063003994797473,0.0903601111072786,0.0339330808080808,16.47481569652361,271620.33269672527,-0.2362434289319942,0.02241034931252328,0.0484685378027769
Ausgrid,persistence_qi__c80__h6,2013-04,0.8,6.0,erw_global_norm,14.0,430560,0.7922031772575251,0.7411753322216609,1.3017957980835115,0.0728469899665551,0.0957137188398452,0.0344968323586745,16.47481569652361,271620.33269672527,-0.2362434289319942,0.0077968227424749514,0.0536719111626148
Ausgrid,persistence_qi__c80__h6,2013-04,0.8,6.0,erw_group_norm,14.0,430560,0.7919802118171684,0.7316742206137222,1.299944497381092,0.0733533073206986,0.0973123126582081,0.0201073232323232,16.47481569652361,271620.33269672527,-0.2362434289319942,0.008019788182831666,0.0467303152765109
Ausgrid,persistence_qi__c80__h6,2013-04,0.8,6.0,erw_user_norm,14.0,430560,0.7844435154217763,0.7136548640568897,1.2826582744776711,0.0604050538833147,0.0828835159448011,0.0269728535353536,16.47481569652361,271620.33269672527,-0.2362434289319942,0.015556484578223784,0.04368895370933415
Ausgrid,persistence_qi__c80__h6,2013-05,0.8,6.0,rolling_global_norm,,444912,0.7296768799223217,0.7474889350804309,1.7253420554852723,0.1006005682022512,0.1101586474036936,0.0887426900584795,16.47481569652361,271620.33269672527,-0.2071313814029272,0.07032312007767838,0.09467162913036535
Ausgrid,persistence_qi__c80__h6,2013-05,0.8,6.0,rolling_group_norm,,444912,0.7302522746071133,0.7341990690150071,1.7273875903091724,0.1005052684575826,0.1116851039449892,0.0844727517106549,16.47481569652361,271620.33269672527,-0.2071313814029272,0.06974772539288676,0.09248901008411875
Ausgrid,persistence_qi__c80__h6,2013-05,0.8,6.0,rolling_user_norm,,444912,0.7221945013845434,0.7052026836585421,1.7263407547052485,0.0999743769554429,0.1023780056823879,0.0911091764418378,16.47481569652361,271620.33269672527,-0.2071313814029272,0.0778054986154566,0.09554177669864035
Ausgrid,persistence_qi__c80__h6,2013-05,0.8,6.0,erw_global_norm,14.0,444912,0.7360669076131909,0.7610857453290069,1.7213015322562897,0.0964905419498687,0.1086107259529484,0.0821106866628937,16.47481569652361,271620.33269672527,-0.2071313814029272,0.06393309238680911,0.0893006143063812
Ausgrid,persistence_qi__c80__h6,2013-05,0.8,6.0,erw_group_norm,14.0,444912,0.7365164347106844,0.7467043427931157,1.7230592969643892,0.0960949581040745,0.1096362465177131,0.0743462854349951,16.47481569652361,271620.33269672527,-0.2071313814029272,0.06348356528931565,0.0852206217695348
Ausgrid,persistence_qi__c80__h6,2013-05,0.8,6.0,erw_user_norm,14.0,444912,0.7314277879670587,0.7269966808104875,1.7039193695638446,0.0881922717301399,0.0921243303875515,0.0791193181818182,16.47481569652361,271620.33269672527,-0.2071313814029272,0.0685722120329414,0.08365579495597905
Ausgrid,persistence_qi__c80__h6,2013-06,0.8,6.0,rolling_global_norm,,430560,0.6940867707172055,0.8480075162966061,2.3171333450161837,0.1308481976960238,0.1234448104129968,0.1330097853535353,16.47481569652361,271620.33269672527,0.0460841802116605,0.10591322928279456,0.13192899152477955
Ausgrid,persistence_qi__c80__h6,2013-06,0.8,6.0,rolling_group_norm,,430560,0.6927884615384615,0.8336130309174852,2.3247267796142075,0.1313429022668153,0.1236292777097514,0.1315893308080808,16.47481569652361,271620.33269672527,0.0460841802116605,0.10721153846153852,0.13146611653744805
Ausgrid,persistence_qi__c80__h6,2013-06,0.8,6.0,rolling_user_norm,,430560,0.6927652359717578,0.8295692611166973,2.296375283163422,0.1239850427350427,0.1071293105555314,0.1317550505050505,16.47481569652361,271620.33269672527,0.0460841802116605,0.10723476402824228,0.1278700466200466
Ausgrid,persistence_qi__c80__h6,2013-06,0.8,6.0,erw_global_norm,14.0,430560,0.7234880156075808,0.9342658158792294,2.2782725785346347,0.1116336863619472,0.1193904571430413,0.1048847853535354,16.47481569652361,271620.33269672527,0.0460841802116605,0.07651198439241924,0.1082592358577413
Ausgrid,persistence_qi__c80__h6,2013-06,0.8,6.0,erw_group_norm,14.0,430560,0.7232232441471572,0.9230937347341658,2.281244490152372,0.1115500743218134,0.1195146792826243,0.099352904040404,16.47481569652361,271620.33269672527,0.0460841802116605,0.07677675585284283,0.10545148918110869
Ausgrid,persistence_qi__c80__h6,2013-06,0.8,6.0,erw_user_norm,14.0,430560,0.7233579524340394,0.932635433555019,2.222888808423274,0.0952828874024526,0.0941154967765066,0.0953361742424242,16.47481569652361,271620.33269672527,0.0460841802116605,0.0766420475659606,0.0953095308224384
Ausgrid,persistence_qi__c90__h1,2012-07,0.9,1.0,rolling_global_norm,,444912,0.8856627827525443,1.135197146803845,2.1749208403455187,0.0404340633653396,0.0492690087424606,0.0326139418377321,16.47481569652361,271620.33269672527,0.4697812037948175,0.014337217247455736,0.03652400260153585
Ausgrid,persistence_qi__c90__h1,2012-07,0.9,1.0,rolling_group_norm,,444912,0.8856178300427949,1.1440152439462512,2.1682831189477207,0.0392904664293163,0.0481715924509567,0.0170948342755792,16.47481569652361,271620.33269672527,0.4697812037948175,0.014382169957205093,0.02819265035244775
Ausgrid,persistence_qi__c90__h1,2012-07,0.9,1.0,rolling_user_norm,,444912,0.8841905815082534,1.1875377878618791,2.1188244128664038,0.0285714927895853,0.0397506886806089,0.0200254960647378,16.47481569652361,271620.33269672527,0.4697812037948175,0.015809418491746663,0.02429849442716155
Ausgrid,persistence_qi__c90__h1,2012-07,0.9,1.0,erw_global_norm,14.0,444912,0.8954669687488762,1.214031001610388,2.167470914601419,0.0381936203114323,0.0475784670076972,0.0232435239491691,16.47481569652361,271620.33269672527,0.4697812037948175,0.004533031251123809,0.0307185721303007
Ausgrid,persistence_qi__c90__h1,2012-07,0.9,1.0,erw_group_norm,14.0,444912,0.895619807962024,1.229319888213012,2.1603182972359,0.0367883986046678,0.0462184937694775,0.0047384927372193,16.47481569652361,271620.33269672527,0.4697812037948175,0.004380192037976016,0.02076344567094355
Ausgrid,persistence_qi__c90__h1,2012-07,0.9,1.0,erw_user_norm,14.0,444912,0.8945656669184019,1.2768234437559371,2.1011888174931337,0.0220587442011004,0.0365257300637409,0.006979547721982,16.47481569652361,271620.33269672527,0.4697812037948175,0.0054343330815981306,0.0145191459615412
Ausgrid,persistence_qi__c90__h1,2012-08,0.9,1.0,rolling_global_norm,,444912,0.91421449634984,1.2518579608019391,2.010268173360686,0.0343964649189053,0.0400482248065854,0.0245543293718165,16.47481569652361,271620.33269672527,0.5324930570802374,0.014214496349839956,0.0294753971453609
Ausgrid,persistence_qi__c90__h1,2012-08,0.9,1.0,rolling_group_norm,,444912,0.9142100010788652,1.2684298191393684,2.0073663728405915,0.0330685618729096,0.0389222926391162,0.0164451979472141,16.47481569652361,271620.33269672527,0.5324930570802374,0.014210001078865164,0.02475687991006185
Ausgrid,persistence_qi__c90__h1,2012-08,0.9,1.0,rolling_user_norm,,444912,0.9085684360053224,1.3099271244996826,1.984372257069158,0.0280572337900528,0.0495440681833436,0.0111901056404452,16.47481569652361,271620.33269672527,0.5324930570802374,0.008568436005322422,0.019623669715249
Ausgrid,persistence_qi__c90__h1,2012-08,0.9,1.0,erw_global_norm,14.0,444912,0.9146752616247708,1.2569211111230674,2.010963663615552,0.0344823245945265,0.0399645270982798,0.0249846727032635,16.47481569652361,271620.33269672527,0.5324930570802374,0.01467526162477073,0.029733498648894997
Ausgrid,persistence_qi__c90__h1,2012-08,0.9,1.0,erw_group_norm,14.0,444912,0.914855072463768,1.2734220434503318,2.008076452119355,0.0332542165641744,0.0388471607341435,0.0164146505376343,16.47481569652361,271620.33269672527,0.5324930570802374,0.014855072463767938,0.02483443355090435
Ausgrid,persistence_qi__c90__h1,2012-08,0.9,1.0,erw_user_norm,14.0,444912,0.9102519149854352,1.3225117243995894,1.9788272429745128,0.0261435969360232,0.0436726480101751,0.0116794001131861,16.47481569652361,271620.33269672527,0.5324930570802374,0.010251914985435207,0.01891149852460465
Ausgrid,persistence_qi__c90__h1,2012-09,0.9,1.0,rolling_global_norm,,430560,0.9464395206243033,1.172320039283531,1.529155264264057,0.0486134336677814,0.0261626053589506,0.0511741122565864,16.47481569652361,271620.33269672527,0.3019553803088983,0.04643952062430323,0.0498937729621839
Ausgrid,persistence_qi__c90__h1,2012-09,0.9,1.0,rolling_group_norm,,430560,0.9457729468599034,1.1869364870552213,1.5391181583013926,0.0485414344109996,0.0273012751926216,0.0554845328282828,16.47481569652361,271620.33269672527,0.3019553803088983,0.04577294685990341,0.0520129836196412
Ausgrid,persistence_qi__c90__h1,2012-09,0.9,1.0,rolling_user_norm,,430560,0.935716276477146,1.2285344648307062,1.5754470853730402,0.0519416573764399,0.0644954952490506,0.0453178694158075,16.47481569652361,271620.33269672527,0.3019553803088983,0.035716276477145925,0.0486297633961237
Ausgrid,persistence_qi__c90__h1,2012-09,0.9,1.0,erw_global_norm,14.0,430560,0.939629784466741,1.0992509787219316,1.4964343987581392,0.0427373652917131,0.0273515310159249,0.0440936426116838,16.47481569652361,271620.33269672527,0.3019553803088983,0.039629784466740925,0.04341550395169845
Ausgrid,persistence_qi__c90__h1,2012-09,0.9,1.0,erw_group_norm,14.0,430560,0.9392372723894464,1.111966905934057,1.5041795910850748,0.0429998141954663,0.0283785924245448,0.0489188762626262,16.47481569652361,271620.33269672527,0.3019553803088983,0.03923727238944641,0.04595934522904625
Ausgrid,persistence_qi__c90__h1,2012-09,0.9,1.0,erw_user_norm,14.0,430560,0.9322765700483092,1.155943158962255,1.527577493549196,0.0457148829431437,0.0583318210071603,0.040693012600229,16.47481569652361,271620.33269672527,0.3019553803088983,0.032276570048309194,0.043203947771686346
Ausgrid,persistence_qi__c90__h1,2012-10,0.9,1.0,rolling_global_norm,,444912,0.9305323299888516,0.93933830047915,1.3386388664000968,0.0362080591218038,0.0287603783403693,0.0361974836492627,16.47481569652361,271620.33269672527,-0.0762522684966208,0.03053232998885158,0.03620277138553325
Ausgrid,persistence_qi__c90__h1,2012-10,0.9,1.0,rolling_group_norm,,444912,0.9304154529435036,0.9424002356552336,1.3406112556293486,0.0360696047757758,0.0291977179350026,0.0391724706744868,16.47481569652361,271620.33269672527,-0.0762522684966208,0.030415452943503563,0.0376210377251313
Ausgrid,persistence_qi__c90__h1,2012-10,0.9,1.0,rolling_user_norm,,444912,0.9257785809328586,0.9492970241399612,1.3504016437451485,0.0349120724997302,0.0368672033717387,0.0315661656891494,16.47481569652361,271620.33269672527,-0.0762522684966208,0.025778580932858564,0.0332391190944398
Ausgrid,persistence_qi__c90__h1,2012-10,0.9,1.0,erw_global_norm,14.0,444912,0.914454993346999,0.8405858838225776,1.313422095045726,0.0292174632286834,0.033574351197551,0.0206149193548387,16.47481569652361,271620.33269672527,-0.0762522684966208,0.014454993346998957,0.02491619129176105
Ausgrid,persistence_qi__c90__h1,2012-10,0.9,1.0,erw_group_norm,14.0,444912,0.9144527457115116,0.8371819821426341,1.312163556435298,0.0290282123206386,0.0333786689489543,0.018468963831867,16.47481569652361,271620.33269672527,-0.0762522684966208,0.014452745711511561,0.0237485880762528
Ausgrid,persistence_qi__c90__h1,2012-10,0.9,1.0,erw_user_norm,14.0,444912,0.9092359837451002,0.8186776093538288,1.3047709704566106,0.0279974466860862,0.0476921133991807,0.0136597938144329,16.47481569652361,271620.33269672527,-0.0762522684966208,0.009235983745100151,0.02082862025025955
Ausgrid,persistence_qi__c90__h1,2012-11,0.9,1.0,rolling_global_norm,,430560,0.9072626347082868,0.7832830790073129,1.31418214614029,0.0296149201040505,0.0374719947225594,0.0173847853535353,16.47481569652361,271620.33269672527,-0.1858332286952482,0.007262634708286808,0.023499852728792903
Ausgrid,persistence_qi__c90__h1,2012-11,0.9,1.0,rolling_group_norm,,430560,0.9073021181716834,0.7760331985654043,1.3119450533736337,0.0288275733927907,0.0367258380091989,0.0108349116161615,16.47481569652361,271620.33269672527,-0.1858332286952482,0.007302118171683358,0.0198312425044761
Ausgrid,persistence_qi__c90__h1,2012-11,0.9,1.0,rolling_user_norm,,430560,0.9032980304719436,0.7482027101239958,1.3022271576866555,0.0253855444072835,0.038503135593839,0.005541237113402,16.47481569652361,271620.33269672527,-0.1858332286952482,0.003298030471943547,0.015463390760342751
Ausgrid,persistence_qi__c90__h1,2012-11,0.9,1.0,erw_global_norm,14.0,430560,0.9034908026755852,0.7656408911880948,1.3127511465738209,0.0299586584912671,0.0387064260221636,0.0139520202020201,16.47481569652361,271620.33269672527,-0.1858332286952482,0.003490802675585214,0.0219553393466436
Ausgrid,persistence_qi__c90__h1,2012-11,0.9,1.0,erw_group_norm,14.0,430560,0.903544221479004,0.7576018571158343,1.3106753462002796,0.0294918246005202,0.0382461978758547,0.0063368055555554,16.47481569652361,271620.33269672527,-0.1858332286952482,0.003544221479004017,0.0179143150780378
Ausgrid,persistence_qi__c90__h1,2012-11,0.9,1.0,erw_user_norm,14.0,430560,0.902087978446674,0.7339739050591397,1.2901958544881396,0.0209053325901151,0.0321544500910197,0.0046164772727272,16.47481569652361,271620.33269672527,-0.1858332286952482,0.002087978446673966,0.01276090493142115
Ausgrid,persistence_qi__c90__h1,2012-12,0.9,1.0,rolling_global_norm,,444912,0.9045519113892184,0.7611896179886605,1.3614928309792165,0.0355261265149063,0.0459541743679005,0.0146352639296187,16.47481569652361,271620.33269672527,-0.1973973461369865,0.004551911389218399,0.0250806952222625
Ausgrid,persistence_qi__c90__h1,2012-12,0.9,1.0,rolling_group_norm,,444912,0.9042057755241486,0.7526541086292545,1.360743687057165,0.0348482396518862,0.0466988950761633,0.0092624033201282,16.47481569652361,271620.33269672527,-0.1973973461369865,0.004205775524148581,0.022055321486007202
Ausgrid,persistence_qi__c90__h1,2012-12,0.9,1.0,rolling_user_norm,,444912,0.9041518322724492,0.7306615431131995,1.3374015579289606,0.0260500952997446,0.032956868613469,0.0086611016789285,16.47481569652361,271620.33269672527,-0.1973973461369865,0.004151832272449196,0.01735559848933655
Ausgrid,persistence_qi__c90__h1,2012-12,0.9,1.0,erw_global_norm,14.0,444912,0.9039203258172402,0.7577319196955337,1.361341227773309,0.0356227748408674,0.0461938916402005,0.0140701368523948,16.47481569652361,271620.33269672527,-0.1973973461369865,0.003920325817240222,0.0248464558466311
Ausgrid,persistence_qi__c90__h1,2012-12,0.9,1.0,erw_group_norm,14.0,444912,0.9036034092135072,0.7500292520836244,1.360589643294149,0.0348167727550616,0.0469730187759824,0.0088910111299754,16.47481569652361,271620.33269672527,-0.1973973461369865,0.0036034092135072138,0.0218538919425185
Ausgrid,persistence_qi__c90__h1,2012-12,0.9,1.0,erw_user_norm,14.0,444912,0.9037877153234796,0.7339003667082047,1.3323211150570546,0.0237323335850684,0.0316947721595211,0.0081835974344463,16.47481569652361,271620.33269672527,-0.1973973461369865,0.0037877153234795458,0.015957965509757352
Ausgrid,persistence_qi__c90__h1,2013-01,0.9,1.0,rolling_global_norm,,444912,0.8920190959111015,0.744639292028958,1.5289170873982427,0.0375813644046463,0.05049159327558,0.0141647802301452,16.47481569652361,271620.33269672527,-0.2164389220570909,0.00798090408889851,0.025873072317395752
Ausgrid,persistence_qi__c90__h1,2013-01,0.9,1.0,rolling_group_norm,,444912,0.8921157442370626,0.7403847029362971,1.5284464763947962,0.0372878232099831,0.0508904575277528,0.0097785722203747,16.47481569652361,271620.33269672527,-0.2164389220570909,0.007884255762937387,0.0235331977151789
Ausgrid,persistence_qi__c90__h1,2013-01,0.9,1.0,rolling_user_norm,,444912,0.8915987880749452,0.7252113598713826,1.4949682263073711,0.0255713489409141,0.0330574698107116,0.0097033846529814,16.47481569652361,271620.33269672527,-0.2164389220570909,0.00840121192505483,0.017637366796947752
Ausgrid,persistence_qi__c90__h1,2013-01,0.9,1.0,erw_global_norm,14.0,444912,0.8920348293595138,0.7447089385659372,1.5289114210444927,0.0375746214981839,0.0504840582776367,0.0141353046594981,16.47481569652361,271620.33269672527,-0.2164389220570909,0.007965170640486186,0.025854963078840998
Ausgrid,persistence_qi__c90__h1,2013-01,0.9,1.0,erw_group_norm,14.0,444912,0.8922123925630236,0.7427579969576653,1.5282043662035794,0.0371938720466069,0.0507518123702163,0.0081399735898887,16.47481569652361,271620.33269672527,-0.2164389220570909,0.007787607436976374,0.022666922818247802
Ausgrid,persistence_qi__c90__h1,2013-01,0.9,1.0,erw_user_norm,14.0,444912,0.8900951199338296,0.730008678092817,1.492801043054683,0.0251636278634876,0.036286790867566,0.0116063006979815,16.47481569652361,271620.33269672527,-0.2164389220570909,0.009904880066170407,0.01838496428073455
Ausgrid,persistence_qi__c90__h1,2013-02,0.9,1.0,rolling_global_norm,,401856,0.9030622909698997,0.7621503403016598,1.3535503158161393,0.0358690675266762,0.047988333783812,0.012312297077922,16.47481569652361,271620.33269672527,-0.1693165482680699,0.003062290969899628,0.0240906823022991
Ausgrid,persistence_qi__c90__h1,2013-02,0.9,1.0,rolling_group_norm,,401856,0.902706442108616,0.759549303937048,1.352479279664637,0.0357750039815257,0.0488984637984649,0.0060198821796759,16.47481569652361,271620.33269672527,-0.1693165482680699,0.002706442108615925,0.0208974430806008
Ausgrid,persistence_qi__c90__h1,2013-02,0.9,1.0,rolling_user_norm,,401856,0.8997202978181239,0.7569371227162278,1.327085322350582,0.0263676540850453,0.0418605811344893,0.0046008222876778,16.47481569652361,271620.33269672527,-0.1693165482680699,0.00027970218187611806,0.01548423818636155
Ausgrid,persistence_qi__c90__h1,2013-02,0.9,1.0,erw_global_norm,14.0,401856,0.905904104953018,0.7769370368924371,1.3544269117748369,0.0357784878165312,0.0470398443469968,0.0149164637445887,16.47481569652361,271620.33269672527,-0.1693165482680699,0.0059041049530179635,0.02534747578055995
Ausgrid,persistence_qi__c90__h1,2013-02,0.9,1.0,erw_group_norm,14.0,401856,0.905540790731008,0.7733112977703209,1.3530938211061465,0.0356142498805542,0.0478026708775566,0.0081062837506136,16.47481569652361,271620.33269672527,-0.1693165482680699,0.005540790731007994,0.0218602668155839
Ausgrid,persistence_qi__c90__h1,2013-02,0.9,1.0,erw_user_norm,14.0,401856,0.9040999761108456,0.7790762195544039,1.3249426802931916,0.0249124064341455,0.0349178979289958,0.0074312714776632,16.47481569652361,271620.33269672527,-0.1693165482680699,0.00409997611084556,0.01617183895590435
Ausgrid,persistence_qi__c90__h1,2013-03,0.9,1.0,rolling_global_norm,,444912,0.903288740245262,0.7665272573220046,1.3473251776506447,0.0367812061711079,0.0480105791996965,0.0156586021505376,16.47481569652361,271620.33269672527,-0.1971596958037664,0.003288740245261934,0.026219904160822753
Ausgrid,persistence_qi__c90__h1,2013-03,0.9,1.0,rolling_group_norm,,444912,0.9035696946811954,0.7632650884756754,1.345720392628403,0.0364543999712302,0.0480997121041855,0.0058910679374388,16.47481569652361,271620.33269672527,-0.1971596958037664,0.00356969468119539,0.0211727339543345
Ausgrid,persistence_qi__c90__h1,2013-03,0.9,1.0,rolling_user_norm,,444912,0.9015850325457618,0.7605772540257442,1.3107728766276736,0.0226507713884992,0.0330729292044114,0.0030733843254627,16.47481569652361,271620.33269672527,-0.1971596958037664,0.0015850325457618109,0.012862077856980951
Ausgrid,persistence_qi__c90__h1,2013-03,0.9,1.0,erw_global_norm,14.0,444912,0.9015018700327256,0.7578944541926312,1.3469881413874272,0.0369893372172474,0.0485788192030522,0.0140014051808405,16.47481569652361,271620.33269672527,-0.1971596958037664,0.0015018700327256163,0.02549537119904395
Ausgrid,persistence_qi__c90__h1,2013-03,0.9,1.0,erw_group_norm,14.0,444912,0.9016164994425864,0.7534758055597149,1.3454153874876174,0.0366742187219045,0.0487463127195456,0.0039131231671554,16.47481569652361,271620.33269672527,-0.1971596958037664,0.00161649944258635,0.02029367094452995
Ausgrid,persistence_qi__c90__h1,2013-03,0.9,1.0,erw_user_norm,14.0,444912,0.8990654331643111,0.7544635723256947,1.3067244080406135,0.0208962671269824,0.0404259168925804,0.0011542633465384,16.47481569652361,271620.33269672527,-0.1971596958037664,0.0009345668356889325,0.0110252652367604
Ausgrid,persistence_qi__c90__h1,2013-04,0.9,1.0,rolling_global_norm,,430560,0.8944792827945002,0.7477120589641072,1.298691551597819,0.032318376068376,0.0440508106266917,0.0162280701754385,16.47481569652361,271620.33269672527,-0.2033270659597783,0.005520717205499848,0.02427322312190725
Ausgrid,persistence_qi__c90__h1,2013-04,0.9,1.0,rolling_group_norm,,430560,0.894442121887774,0.7435388728349807,1.298031891915636,0.0328711445559271,0.0447172514701381,0.0099431818181818,16.47481569652361,271620.33269672527,-0.2033270659597783,0.005557878112225967,0.02140716318705445
Ausgrid,persistence_qi__c90__h1,2013-04,0.9,1.0,rolling_user_norm,,430560,0.8877252879970271,0.7409237163562818,1.3035406357867785,0.0321511519881085,0.0483440054338104,0.0190577651515151,16.47481569652361,271620.33269672527,-0.2033270659597783,0.01227471200297292,0.0256044585698118
Ausgrid,persistence_qi__c90__h1,2013-04,0.9,1.0,erw_global_norm,14.0,430560,0.8958681716833891,0.7536764448167608,1.2985892411038438,0.0320489594946116,0.0437081970036132,0.014875730994152,16.47481569652361,271620.33269672527,-0.2033270659597783,0.004131828316610964,0.0234623452443818
Ausgrid,persistence_qi__c90__h1,2013-04,0.9,1.0,erw_group_norm,14.0,430560,0.8959123002601264,0.7497925240394189,1.297926954356239,0.0326923076923076,0.0443003599642979,0.0091224747474747,16.47481569652361,271620.33269672527,-0.2033270659597783,0.0040876997398736625,0.020907391219891148
Ausgrid,persistence_qi__c90__h1,2013-04,0.9,1.0,erw_user_norm,14.0,430560,0.8900501672240803,0.7475605201329056,1.3046216004586422,0.0310200668896321,0.0436378367254836,0.0159801136363636,16.47481569652361,271620.33269672527,-0.2033270659597783,0.009949832775919765,0.02350009026299785
Ausgrid,persistence_qi__c90__h1,2013-05,0.9,1.0,rolling_global_norm,,444912,0.8643282267055058,0.7599459324819998,1.6727070842044458,0.0490847628295033,0.0548927561076239,0.0424672231654404,16.47481569652361,271620.33269672527,-0.1722203965415427,0.035671773294494225,0.04577599299747186
Ausgrid,persistence_qi__c90__h1,2013-05,0.9,1.0,rolling_group_norm,,444912,0.8645327615348654,0.7536785305650283,1.6753234830081498,0.049480796202395,0.0553630151062132,0.0465664711632454,16.47481569652361,271620.33269672527,-0.1722203965415427,0.035467238465134665,0.0480236336828202
Ausgrid,persistence_qi__c90__h1,2013-05,0.9,1.0,rolling_user_norm,,444912,0.862294116589348,0.7407458395598525,1.663227471942183,0.0484513791491351,0.0499501395310095,0.0492699169110459,16.47481569652361,271620.33269672527,-0.1722203965415427,0.037705883410652064,0.048860648030090506
Ausgrid,persistence_qi__c90__h1,2013-05,0.9,1.0,erw_global_norm,14.0,444912,0.8680637968856763,0.7749510268014813,1.6680162227765971,0.0464775056640414,0.0536700994979992,0.0383347481607244,16.47481569652361,271620.33269672527,-0.1722203965415427,0.03193620311432377,0.0424061269123829
Ausgrid,persistence_qi__c90__h1,2013-05,0.9,1.0,erw_group_norm,14.0,444912,0.8680345776243392,0.7677078700881463,1.6701756033098238,0.0469157945840975,0.0541189548471471,0.0403271627565983,16.47481569652361,271620.33269672527,-0.1722203965415427,0.0319654223756608,0.0436214786703479
Ausgrid,persistence_qi__c90__h1,2013-05,0.9,1.0,erw_user_norm,14.0,444912,0.8678008235336426,0.7612983296346006,1.6464140225142967,0.0414666271082821,0.0459788444432868,0.0424043866080157,16.47481569652361,271620.33269672527,-0.1722203965415427,0.03219917646635739,0.0419355068581489
Ausgrid,persistence_qi__c90__h1,2013-06,0.9,1.0,rolling_global_norm,,430560,0.8474777034559643,0.8597181978103651,2.1416628361844072,0.0640328874024526,0.0613330339953953,0.0640388257575758,16.47481569652361,271620.33269672527,0.0703685280494745,0.05252229654403573,0.0640358565800142
Ausgrid,persistence_qi__c90__h1,2013-06,0.9,1.0,rolling_group_norm,,430560,0.8470503530286139,0.85181782691726,2.146029668296547,0.0642930137495355,0.0611266502808761,0.0659090909090909,16.47481569652361,271620.33269672527,0.0703685280494745,0.052949646971386155,0.06510105232931321
Ausgrid,persistence_qi__c90__h1,2013-06,0.9,1.0,rolling_user_norm,,430560,0.8467762913415088,0.845116396997569,2.110840176534519,0.0607859531772575,0.0521421028059647,0.0671875,16.47481569652361,271620.33269672527,0.0703685280494745,0.05322370865849124,0.06398672658862875
Ausgrid,persistence_qi__c90__h1,2013-06,0.9,1.0,erw_global_norm,14.0,430560,0.8630574136008918,0.9408632905198288,2.105179842092682,0.0529496469713861,0.0581319928871067,0.0499210858585859,16.47481569652361,271620.33269672527,0.0703685280494745,0.03694258639910819,0.051435366414986
Ausgrid,persistence_qi__c90__h1,2013-06,0.9,1.0,erw_group_norm,14.0,430560,0.8629273504273505,0.9345647692781736,2.10569374575731,0.0530239687848383,0.0576544978432787,0.0458175505050505,16.47481569652361,271620.33269672527,0.0703685280494745,0.03707264957264955,0.0494207596449444
Ausgrid,persistence_qi__c90__h1,2013-06,0.9,1.0,erw_user_norm,14.0,430560,0.8629180602006689,0.9363485497218152,2.0514381389593668,0.0454988851727982,0.0460320729265049,0.0473958333333333,16.47481569652361,271620.33269672527,0.0703685280494745,0.037081939799331165,0.04644735925306575
Ausgrid,persistence_qi__c90__h6,2012-07,0.9,6.0,rolling_global_norm,,444912,0.8791918401841263,1.8744311564207008,3.0241483271322283,0.0591096666307044,0.0756480348192266,0.0452682062561095,16.47481569652361,271620.33269672527,0.7823832015378479,0.020808159815873695,0.05218893644340695
Ausgrid,persistence_qi__c90__h6,2012-07,0.9,6.0,rolling_group_norm,,444912,0.8795627000395584,1.878916124558104,3.015259226473204,0.0586489013557737,0.0743929401765936,0.0267043565014964,16.47481569652361,271620.33269672527,0.7823832015378479,0.020437299960441635,0.04267662892863505
Ausgrid,persistence_qi__c90__h6,2012-07,0.9,6.0,rolling_user_norm,,444912,0.8773263027295285,1.8956254130628012,2.878560295361841,0.0386400007192433,0.0503768362679983,0.0319421350182906,16.47481569652361,271620.33269672527,0.7823832015378479,0.022673697270471527,0.03529106786876695
Ausgrid,persistence_qi__c90__h6,2012-07,0.9,6.0,erw_global_norm,14.0,444912,0.8951590426870932,2.00978945263805,3.007727608142077,0.0554550113280828,0.0711158584825381,0.0286427785923754,16.47481569652361,271620.33269672527,0.7823832015378479,0.004840957312906791,0.0420488949602291
Ausgrid,persistence_qi__c90__h6,2012-07,0.9,6.0,erw_group_norm,14.0,444912,0.8948803358866473,2.011610348892669,2.997815152552809,0.0545676448376308,0.0701641332060526,0.0070696153419798,16.47481569652361,271620.33269672527,0.7823832015378479,0.00511966411335274,0.030818630089805298
Ausgrid,persistence_qi__c90__h6,2012-07,0.9,6.0,erw_user_norm,14.0,444912,0.8917336462041932,2.0187705483194094,2.841919322270384,0.0304469198403279,0.0459327908955614,0.0128962975279902,16.47481569652361,271620.33269672527,0.7823832015378479,0.008266353795806869,0.02167160868415905
Ausgrid,persistence_qi__c90__h6,2012-08,0.9,6.0,rolling_global_norm,,444912,0.919217732944942,2.071301880569647,2.829524823874757,0.0508788254755996,0.0593228697210573,0.0299424636860969,16.47481569652361,271620.33269672527,0.8531190316148506,0.019217732944942,0.04041064458084825
Ausgrid,persistence_qi__c90__h6,2012-08,0.9,6.0,rolling_group_norm,,444912,0.9186625669795376,2.074171663688774,2.8228269971144857,0.0500890063653036,0.0593228973976657,0.0229744387851348,16.47481569652361,271620.33269672527,0.8531190316148506,0.01866256697953761,0.0365317225752192
Ausgrid,persistence_qi__c90__h6,2012-08,0.9,6.0,rolling_user_norm,,444912,0.9102676484338476,2.07137596763261,2.7609809599695976,0.0372590534757435,0.0671020076021059,0.0179282210903602,16.47481569652361,271620.33269672527,0.8531190316148506,0.010267648433847532,0.02759363728305185
Ausgrid,persistence_qi__c90__h6,2012-08,0.9,6.0,erw_global_norm,14.0,444912,0.9179837810623224,2.0581673485194267,2.8272377934498705,0.0506850792965799,0.0597100234165311,0.0289285040558384,16.47481569652361,271620.33269672527,0.8531190316148506,0.017983781062322346,0.03980679167620915
Ausgrid,persistence_qi__c90__h6,2012-08,0.9,6.0,erw_group_norm,14.0,444912,0.9175837019455532,2.0609874261092527,2.820549514448795,0.0496979177904843,0.0595364301471382,0.0224026127145821,16.47481569652361,271620.33269672527,0.8531190316148506,0.017583701945553143,0.0360502652525332
Ausgrid,persistence_qi__c90__h6,2012-08,0.9,6.0,erw_user_norm,14.0,444912,0.9089033336929552,2.0429518165372254,2.732020670659092,0.0346666307044988,0.0632892172337156,0.0137957460856441,16.47481569652361,271620.33269672527,0.8531190316148506,0.008903333692955151,0.024231188395071452
Ausgrid,persistence_qi__c90__h6,2012-09,0.9,6.0,rolling_global_norm,,430560,0.9596641583054628,1.9364802781518708,2.213470360738103,0.0630411557041991,0.0318183460543488,0.0673539518900343,16.47481569652361,271620.33269672527,0.501199657847514,0.05966415830546279,0.0651975537971167
Ausgrid,persistence_qi__c90__h6,2012-09,0.9,6.0,rolling_group_norm,,430560,0.958944165737644,1.9468826513846595,2.222241801736546,0.0630179301374953,0.0334504569711825,0.0666982323232323,16.47481569652361,271620.33269672527,0.501199657847514,0.05894416573764394,0.0648580812303638
Ausgrid,persistence_qi__c90__h6,2012-09,0.9,6.0,rolling_user_norm,,430560,0.9427280750650316,1.962004675586171,2.2639404208860614,0.0666132478632478,0.086425585223114,0.0561211340206185,16.47481569652361,271620.33269672527,0.501199657847514,0.04272807506503162,0.061367190941933145
Ausgrid,persistence_qi__c90__h6,2012-09,0.9,6.0,erw_global_norm,14.0,430560,0.9525083612040134,1.817481422301202,2.1439326451445577,0.0580453363062058,0.0355007253611926,0.0598510882016036,16.47481569652361,271620.33269672527,0.501199657847514,0.052508361204013365,0.0589482122539047
Ausgrid,persistence_qi__c90__h6,2012-09,0.9,6.0,erw_group_norm,14.0,430560,0.9514469528056484,1.8299646080903624,2.1537608808051942,0.0574716648086213,0.0366144324125189,0.0599195075757575,16.47481569652361,271620.33269672527,0.501199657847514,0.05144695280564837,0.0586955861921894
Ausgrid,persistence_qi__c90__h6,2012-09,0.9,6.0,erw_user_norm,14.0,430560,0.9396135265700484,1.850440195026738,2.1782900613781013,0.0602053140096618,0.0784730179999167,0.0522479954180984,16.47481569652361,271620.33269672527,0.501199657847514,0.03961352657004835,0.0562266547138801
Ausgrid,persistence_qi__c90__h6,2012-10,0.9,6.0,rolling_global_norm,,444912,0.9466950767792284,1.5530978512032632,1.894037114496983,0.0538137878951343,0.038200069917781,0.0556798026826294,16.47481569652361,271620.33269672527,-0.1761040540033373,0.04669507677922835,0.05474679528888185
Ausgrid,persistence_qi__c90__h6,2012-10,0.9,6.0,rolling_group_norm,,444912,0.9462050922429605,1.5600950376473182,1.8998004023043369,0.0536537562484266,0.0392039883056489,0.0568059628543499,16.47481569652361,271620.33269672527,-0.1761040540033373,0.04620509224296043,0.05522985955138825
Ausgrid,persistence_qi__c90__h6,2012-10,0.9,6.0,rolling_user_norm,,444912,0.9377629733520336,1.5464615182325188,1.907597589861138,0.0488599992807566,0.0460132927620983,0.0457723644828732,16.47481569652361,271620.33269672527,-0.1761040540033373,0.0377629733520336,0.0473161818818149
Ausgrid,persistence_qi__c90__h6,2012-10,0.9,6.0,erw_global_norm,14.0,444912,0.9250570899413816,1.3542575040536329,1.814174869016261,0.0442707771424461,0.0485055252673069,0.0377367424242424,16.47481569652361,271620.33269672527,-0.1761040540033373,0.02505708994138156,0.04100375978334425
Ausgrid,persistence_qi__c90__h6,2012-10,0.9,6.0,erw_group_norm,14.0,444912,0.9253717589096272,1.3421754517164406,1.8071239745148928,0.0440145466968748,0.0473836961826959,0.0331628976831837,16.47481569652361,271620.33269672527,-0.1761040540033373,0.025371758909627173,0.03858872219002925
Ausgrid,persistence_qi__c90__h6,2012-10,0.9,6.0,erw_user_norm,14.0,444912,0.9161452152335744,1.2850916582645773,1.7757525091397504,0.0406408458301866,0.0647668617486771,0.0220430107526881,16.47481569652361,271620.33269672527,-0.1761040540033373,0.016145215233574373,0.03134192829143735
Ausgrid,persistence_qi__c90__h6,2012-11,0.9,6.0,rolling_global_norm,,430560,0.910205314009662,1.2317547697436124,1.8332142970703655,0.0472408026755852,0.0586315353788083,0.0281565656565656,16.47481569652361,271620.33269672527,-0.4129529453706416,0.010205314009661959,0.0376986841660754
Ausgrid,persistence_qi__c90__h6,2012-11,0.9,6.0,rolling_group_norm,,430560,0.9104631178000744,1.2053630106512805,1.822696167714803,0.046444165737644,0.0581627168525718,0.012951030927835,16.47481569652361,271620.33269672527,-0.4129529453706416,0.010463117800074362,0.029697598332739498
Ausgrid,persistence_qi__c90__h6,2012-11,0.9,6.0,rolling_user_norm,,430560,0.9058783909327388,1.1301940204966392,1.7693243735802944,0.0353562801932367,0.0500171643165052,0.0106743986254295,16.47481569652361,271620.33269672527,-0.4129529453706416,0.005878390932738786,0.0230153394093331
Ausgrid,persistence_qi__c90__h6,2012-11,0.9,6.0,erw_global_norm,14.0,430560,0.9035117056856188,1.1922709837665249,1.828912535502759,0.0490802675585284,0.0631994343426912,0.0233270202020201,16.47481569652361,271620.33269672527,-0.4129529453706416,0.00351170568561876,0.03620364388027425
Ausgrid,persistence_qi__c90__h6,2012-11,0.9,6.0,erw_group_norm,14.0,430560,0.9036255109624676,1.1604281418832405,1.8187844022970072,0.0482557599405425,0.0634920319043694,0.0043402777777777,16.47481569652361,271620.33269672527,-0.4129529453706416,0.0036255109624675486,0.0262980188591601
Ausgrid,persistence_qi__c90__h6,2012-11,0.9,6.0,erw_user_norm,14.0,430560,0.9013215347454476,1.0792621622302625,1.7348408151071926,0.0285511891490152,0.0431850528879307,0.0035037878787879,16.47481569652361,271620.33269672527,-0.4129529453706416,0.0013215347454476056,0.01602748851390155
Ausgrid,persistence_qi__c90__h6,2012-12,0.9,6.0,rolling_global_norm,,444912,0.8918752472399036,1.1850997885540968,2.0787887062228707,0.0569002409465242,0.076125264243005,0.0220288624787776,16.47481569652361,271620.33269672527,-0.4180603936778624,0.008124752760096388,0.0394645517126509
Ausgrid,persistence_qi__c90__h6,2012-12,0.9,6.0,rolling_group_norm,,444912,0.8915740640845831,1.1518701322767704,2.077807650010429,0.0564606034451756,0.0784415045526477,0.0198938587739718,16.47481569652361,271620.33269672527,-0.4180603936778624,0.00842593591541696,0.0381772311095737
Ausgrid,persistence_qi__c90__h6,2012-12,0.9,6.0,rolling_user_norm,,444912,0.8919921242852519,1.0728963195461778,1.9817058152166025,0.0384462545402236,0.0496904176125021,0.0198037911539741,16.47481569652361,271620.33269672527,-0.4180603936778624,0.008007875714748147,0.02912502284709885
Ausgrid,persistence_qi__c90__h6,2012-12,0.9,6.0,erw_global_norm,14.0,444912,0.8925967382313806,1.1887778799064683,2.078496154988503,0.0565590498795267,0.0754635365062354,0.021286078098472,16.47481569652361,271620.33269672527,-0.4180603936778624,0.007403261768619385,0.03892256398899935
Ausgrid,persistence_qi__c90__h6,2012-12,0.9,6.0,erw_group_norm,14.0,444912,0.8919831337433021,1.155537225049152,2.076975430210924,0.0561774013737548,0.078178039431052,0.0181410043232458,16.47481569652361,271620.33269672527,-0.4180603936778624,0.008016866256697952,0.0371592028485003
Ausgrid,persistence_qi__c90__h6,2012-12,0.9,6.0,erw_user_norm,14.0,444912,0.8929226453770633,1.088512417186312,1.9563430201393328,0.0346693278670838,0.0450736756647983,0.0172472564017293,16.47481569652361,271620.33269672527,-0.4180603936778624,0.007077354622936682,0.02595829213440655
Ausgrid,persistence_qi__c90__h6,2013-01,0.9,6.0,rolling_global_norm,,444912,0.872642230373647,1.206211394876152,2.5847652234694163,0.0660773366418527,0.0874700503025938,0.0410406055461234,16.47481569652361,271620.33269672527,-0.3584070252095455,0.027357769626353057,0.05355897109398805
Ausgrid,persistence_qi__c90__h6,2013-01,0.9,6.0,rolling_group_norm,,444912,0.8727411263350955,1.1807942542252254,2.5873160802466506,0.0653553961232783,0.0882422915811533,0.0308821084137014,16.47481569652361,271620.33269672527,-0.3584070252095455,0.027258873664904537,0.04811875226848985
Ausgrid,persistence_qi__c90__h6,2013-01,0.9,6.0,rolling_user_norm,,444912,0.8713183730715287,1.1248468183714395,2.4268227355993885,0.0471562915812565,0.0552388653895551,0.0309375346413923,16.47481569652361,271620.33269672527,-0.3584070252095455,0.028681626928471315,0.0390469131113244
Ausgrid,persistence_qi__c90__h6,2013-01,0.9,6.0,erw_global_norm,14.0,444912,0.8764294961700291,1.2295762197109037,2.5784875454677403,0.064380371848815,0.0854142136898277,0.0367725429164308,16.47481569652361,271620.33269672527,-0.3584070252095455,0.023570503829970946,0.0505764573826229
Ausgrid,persistence_qi__c90__h6,2013-01,0.9,6.0,erw_group_norm,14.0,444912,0.8768228323803359,1.210194252723532,2.578854183812368,0.0629980760240227,0.0857588268878955,0.0236940982404691,16.47481569652361,271620.33269672527,-0.3584070252095455,0.023177167619664152,0.0433460871322459
Ausgrid,persistence_qi__c90__h6,2013-01,0.9,6.0,erw_user_norm,14.0,444912,0.8737907721077427,1.1784574579495637,2.385146720386307,0.0424497428705002,0.052138193292788,0.0289329789833822,16.47481569652361,271620.33269672527,-0.3584070252095455,0.026209227892257325,0.035691360926941196
Ausgrid,persistence_qi__c90__h6,2013-02,0.9,6.0,rolling_global_norm,,401856,0.9183015806657112,1.3124379276297788,1.9409152307661923,0.0518150780379041,0.06225344350815,0.0308120265151514,16.47481569652361,271620.33269672527,-0.2069495462702615,0.018301580665711192,0.04131355227652775
Ausgrid,persistence_qi__c90__h6,2013-02,0.9,6.0,rolling_group_norm,,401856,0.9178362398471094,1.293372328777301,1.9334593697538391,0.0514880952380952,0.0632674670087989,0.023831001472754,16.47481569652361,271620.33269672527,-0.2069495462702615,0.01783623984710936,0.0376595483554246
Ausgrid,persistence_qi__c90__h6,2013-02,0.9,6.0,rolling_user_norm,,401856,0.910084706959707,1.3229678893503505,1.8613018434524229,0.0394613991081382,0.0540013966178154,0.016382854688267,16.47481569652361,271620.33269672527,-0.2069495462702615,0.01008470695970698,0.0279221268982026
Ausgrid,persistence_qi__c90__h6,2013-02,0.9,6.0,erw_global_norm,14.0,401856,0.920837314859054,1.333161547373639,1.945366835408749,0.051547818123905,0.0606703558043352,0.0329004329004328,16.47481569652361,271620.33269672527,-0.2069495462702615,0.020837314859053935,0.0422241255121689
Ausgrid,persistence_qi__c90__h6,2013-02,0.9,6.0,erw_group_norm,14.0,401856,0.9205660734193344,1.3121483821545916,1.9369472753802768,0.0513581979614588,0.0613350436025616,0.0251196612665685,16.47481569652361,271620.33269672527,-0.2069495462702615,0.020566073419334363,0.03823892961401365
Ausgrid,persistence_qi__c90__h6,2013-02,0.9,6.0,erw_user_norm,14.0,401856,0.9146510192705845,1.3562982903386602,1.865422977180916,0.0384963768115941,0.0462002897086845,0.0185843151693666,16.47481569652361,271620.33269672527,-0.2069495462702615,0.014651019270584431,0.028540345990480352
Ausgrid,persistence_qi__c90__h6,2013-03,0.9,6.0,rolling_global_norm,,444912,0.914628061279534,1.2911367897326942,1.9093455128357084,0.0539841586650843,0.0661698634099611,0.0331699046920821,16.47481569652361,271620.33269672527,-0.3592981524363628,0.014628061279533977,0.0435770316785832
Ausgrid,persistence_qi__c90__h6,2013-03,0.9,6.0,rolling_group_norm,,444912,0.9144235264501744,1.2698855074240056,1.9001467931740248,0.0543010752688172,0.0661202312080425,0.0191791911045943,16.47481569652361,271620.33269672527,-0.3592981524363628,0.014423526450174418,0.03674013318670575
Ausgrid,persistence_qi__c90__h6,2013-03,0.9,6.0,rolling_user_norm,,444912,0.9085931599956846,1.267969240396923,1.820396844329801,0.0365447549178264,0.0501428305997407,0.0106717375366568,16.47481569652361,271620.33269672527,-0.3592981524363628,0.008593159995684552,0.0236082462272416
Ausgrid,persistence_qi__c90__h6,2013-03,0.9,6.0,erw_global_norm,14.0,444912,0.9049879526737872,1.2289667570046277,1.9021174163026904,0.0556640414284173,0.0724885824618774,0.0260141739980449,16.47481569652361,271620.33269672527,-0.3592981524363628,0.004987952673787155,0.0408391077132311
Ausgrid,persistence_qi__c90__h6,2013-03,0.9,6.0,erw_group_norm,14.0,444912,0.9053071169130076,1.2052782108405689,1.8936657442135216,0.0556892149458769,0.0723704176593506,0.0100760630498533,16.47481569652361,271620.33269672527,-0.3592981524363628,0.005307116913007559,0.0328826389978651
Ausgrid,persistence_qi__c90__h6,2013-03,0.9,6.0,erw_user_norm,14.0,444912,0.8985484770021936,1.1638481787063164,1.773155222574807,0.0314340813464235,0.0620634311338092,0.002085691378985,16.47481569652361,271620.33269672527,-0.3592981524363628,0.001451522997806376,0.016759886362704247
Ausgrid,persistence_qi__c90__h6,2013-04,0.9,6.0,rolling_global_norm,,430560,0.9007501858045336,1.1945359866336216,1.7574061911551286,0.0522644927536231,0.0728068827412482,0.0250426413255361,16.47481569652361,271620.33269672527,-0.3847843571773842,0.0007501858045335652,0.038653567039579596
Ausgrid,persistence_qi__c90__h6,2013-04,0.9,6.0,rolling_group_norm,,430560,0.9003623188405797,1.1677858357428774,1.747371526690978,0.0513795986622073,0.0724285079657258,0.0104739404352806,16.47481569652361,271620.33269672527,-0.3847843571773842,0.00036231884057968955,0.030926769548743953
Ausgrid,persistence_qi__c90__h6,2013-04,0.9,6.0,rolling_user_norm,,430560,0.8865849126718692,1.1216388435444415,1.737033434063446,0.0447556670382757,0.0651803902056117,0.0203519570707071,16.47481569652361,271620.33269672527,-0.3847843571773842,0.013415087328130793,0.0325538120544914
Ausgrid,persistence_qi__c90__h6,2013-04,0.9,6.0,erw_global_norm,14.0,430560,0.9037044778892604,1.211536142914387,1.7587699172446745,0.0515166295057599,0.0711962996743713,0.0228456439393939,16.47481569652361,271620.33269672527,-0.3847843571773842,0.003704477889260427,0.0371811367225769
Ausgrid,persistence_qi__c90__h6,2013-04,0.9,6.0,erw_group_norm,14.0,430560,0.9033468041620216,1.1872542695045325,1.7492535713003257,0.0510242474916387,0.0712458687116852,0.0158648339060709,16.47481569652361,271620.33269672527,-0.3847843571773842,0.0033468041620215994,0.0334445406988548
Ausgrid,persistence_qi__c90__h6,2013-04,0.9,6.0,erw_user_norm,14.0,430560,0.8903915830546265,1.143751086733404,1.7424966635750474,0.0447301189149015,0.062239187143743,0.0161142676767677,16.47481569652361,271620.33269672527,-0.3847843571773842,0.00960841694537351,0.0304221932958346
Ausgrid,persistence_qi__c90__h6,2013-05,0.9,6.0,rolling_global_norm,,444912,0.8485206063221491,1.195105885631523,2.325860252656688,0.0732014420829287,0.0904570142907842,0.0717777306168647,16.47481569652361,271620.33269672527,-0.3947513905727509,0.051479393677850926,0.07248958634989669
Ausgrid,persistence_qi__c90__h6,2013-05,0.9,6.0,rolling_group_norm,,444912,0.8476305426691121,1.1637221884038498,2.3385905597404437,0.0744466321429855,0.0936582673963834,0.070309445259042,16.47481569652361,271620.33269672527,-0.3947513905727509,0.052369457330887936,0.07237803870101375
Ausgrid,persistence_qi__c90__h6,2013-05,0.9,6.0,rolling_user_norm,,444912,0.8372487143525011,1.0899036344344468,2.3453787111905697,0.0778176358470888,0.0819650812684041,0.0794583944281525,16.47481569652361,271620.33269672527,-0.3947513905727509,0.06275128564749888,0.07863801513762064
Ausgrid,persistence_qi__c90__h6,2013-05,0.9,6.0,erw_global_norm,14.0,444912,0.8506783363901176,1.204719454618303,2.321581908472599,0.0716227029165318,0.0897093855933569,0.0688242784380306,16.47481569652361,271620.33269672527,-0.3947513905727509,0.04932166360988244,0.0702234906772812
Ausgrid,persistence_qi__c90__h6,2013-05,0.9,6.0,erw_group_norm,14.0,444912,0.8498759305210918,1.1709728752259765,2.33385172019094,0.0731335634912072,0.0925370013354459,0.0647803641251222,16.47481569652361,271620.33269672527,-0.3947513905727509,0.05012406947890824,0.0689569638081647
Ausgrid,persistence_qi__c90__h6,2013-05,0.9,6.0,erw_user_norm,14.0,444912,0.8437174092854317,1.105137050364066,2.302990779168099,0.0682930557053979,0.0743062335150879,0.0716611681329423,16.47481569652361,271620.33269672527,-0.3947513905727509,0.056282590714568315,0.0699771119191701
Ausgrid,persistence_qi__c90__h6,2013-06,0.9,6.0,rolling_global_norm,,430560,0.8158026755852843,1.359953273230699,3.066488296260688,0.0990198810850985,0.09682237794515,0.1008128156565656,16.47481569652361,271620.33269672527,0.0493656228966248,0.08419732441471572,0.09991634837083205
Ausgrid,persistence_qi__c90__h6,2013-06,0.9,6.0,rolling_group_norm,,430560,0.8145183017465626,1.33660887605801,3.0887201473502968,0.1005225752508361,0.0982571969725141,0.1107323232323233,16.47481569652361,271620.33269672527,0.0493656228966248,0.08548169825343743,0.1056274492415797
Ausgrid,persistence_qi__c90__h6,2013-06,0.9,6.0,rolling_user_norm,,430560,0.8081382385730211,1.2795746592025743,3.089232532257322,0.1007943143812709,0.089843562440116,0.1151751893939394,16.47481569652361,271620.33269672527,0.0493656228966248,0.09186176142697888,0.10798475188760515
Ausgrid,persistence_qi__c90__h6,2013-06,0.9,6.0,erw_global_norm,14.0,430560,0.8428790412486065,1.508461512256687,2.9663653359319024,0.0784280936454849,0.0892817908172331,0.0760732323232323,16.47481569652361,271620.33269672527,0.0493656228966248,0.05712095875139356,0.0772506629843586
Ausgrid,persistence_qi__c90__h6,2013-06,0.9,6.0,erw_group_norm,14.0,430560,0.841717762913415,1.48447058751704,2.975148353373928,0.0794267930137495,0.0891754295577759,0.0752761994949495,16.47481569652361,271620.33269672527,0.0493656228966248,0.058282237086584976,0.0773514962543495
Ausgrid,persistence_qi__c90__h6,2013-06,0.9,6.0,erw_user_norm,14.0,430560,0.8362760126347083,1.4541384421338457,2.8978863794140106,0.0734973058342623,0.0756393770556767,0.0819444444444444,16.47481569652361,271620.33269672527,0.0493656228966248,0.06372398736529172,0.07772087513935336
UCI Electricity,persistence_qi__c80__h1,2014-01,0.8,1.0,rolling_global_norm,,1014816,0.8008584807492196,225.8816674852372,383.8923585564247,0.0566806199350424,0.0891997771716169,0.0780391278375149,16.46960602013169,619708.5212578416,0.0143313830477733,0.0008584807492195701,0.06735987388627865
UCI Electricity,persistence_qi__c80__h1,2014-01,0.8,1.0,rolling_group_norm,,1014816,0.8008082253334594,212.78093413878028,380.65695170506297,0.0513537429445337,0.0736533321810613,0.0096998207885303,16.46960602013169,619708.5212578416,0.0143313830477733,0.000808225333459367,0.030526781866532002
UCI Electricity,persistence_qi__c80__h1,2014-01,0.8,1.0,rolling_user_norm,,1014816,0.8067984738120014,212.01266798972733,374.2079456205983,0.0254383060574527,0.0449651513058053,0.0399168657905216,16.46960602013169,619708.5212578416,0.0143313830477733,0.006798473812001382,0.03267758592398715
UCI Electricity,persistence_qi__c80__h1,2014-01,0.8,1.0,erw_global_norm,14.0,1014816,0.802390778229748,229.50344578479024,384.2597461523725,0.0568160139375019,0.0885434528666329,0.0757243130227002,16.46960602013169,619708.5212578416,0.0143313830477733,0.0023907782297479807,0.06627016348010105
UCI Electricity,persistence_qi__c80__h1,2014-01,0.8,1.0,erw_group_norm,14.0,1014816,0.8025996830952606,215.33396913720267,380.8324652592141,0.0516962680919496,0.0742542242173213,0.0051818053197509,16.46960602013169,619708.5212578416,0.0143313830477733,0.0025996830952605965,0.028439036705850247
UCI Electricity,persistence_qi__c80__h1,2014-01,0.8,1.0,erw_user_norm,14.0,1014816,0.8088756976634188,211.759935121309,373.7906621599,0.0264445968530255,0.0404751087492703,0.0317527877339705,16.46960602013169,619708.5212578416,0.0143313830477733,0.00887569766341878,0.029098692293498
UCI Electricity,persistence_qi__c80__h1,2014-02,0.8,1.0,rolling_global_norm,,916608,0.7980696219103477,227.4628159298937,369.706694757412,0.0558840856723921,0.0883940019232512,0.0839919532627866,16.46960602013169,619708.5212578416,0.0166331854403092,0.0019303780896523515,0.06993801946758935
UCI Electricity,persistence_qi__c80__h1,2014-02,0.8,1.0,rolling_group_norm,,916608,0.7982234499371597,213.58738441074644,365.1284982494871,0.0510905425219941,0.0731125514112602,0.004943783068783,16.46960602013169,619708.5212578416,0.0166331854403092,0.0017765500628403874,0.028017162795388552
UCI Electricity,persistence_qi__c80__h1,2014-02,0.8,1.0,rolling_user_norm,,916608,0.8039521802122609,210.65879856388585,356.0113224168681,0.0235684174696271,0.0379430047343026,0.0314869929453262,16.46960602013169,619708.5212578416,0.0166331854403092,0.003952180212260847,0.027527705207476647
UCI Electricity,persistence_qi__c80__h1,2014-02,0.8,1.0,erw_global_norm,14.0,916608,0.8000344749336685,230.94369988793693,370.405718934436,0.055960672392124,0.0875199864541543,0.0806712962962963,16.46960602013169,619708.5212578416,0.0166331854403092,3.447493366848242e-05,0.06831598434421016
UCI Electricity,persistence_qi__c80__h1,2014-02,0.8,1.0,erw_group_norm,14.0,916608,0.8002690354000838,214.5823680112592,365.0431099496227,0.0508983120374249,0.072042430022552,0.0017746913580247,16.46960602013169,619708.5212578416,0.0166331854403092,0.00026903540008371696,0.0263365016977248
UCI Electricity,persistence_qi__c80__h1,2014-02,0.8,1.0,erw_user_norm,14.0,916608,0.8067429042731462,212.56258388071112,355.8819327378536,0.0207947126797933,0.0342972144456766,0.0360890652557318,16.46960602013169,619708.5212578416,0.0166331854403092,0.006742904273146166,0.02844188896776255
UCI Electricity,persistence_qi__c80__h1,2014-03,0.8,1.0,rolling_global_norm,,1014816,0.8116220083246618,231.2034325275938,373.9830076892434,0.0497278324346482,0.0803221961089722,0.0644240342493031,16.46960602013169,619708.5212578416,0.0162061592111107,0.011622008324661759,0.05707593334197565
UCI Electricity,persistence_qi__c80__h1,2014-03,0.8,1.0,rolling_group_norm,,1014816,0.8120999274745373,215.13693654246435,370.5068419790989,0.0446681960079462,0.0654084295710923,0.0147774790919952,16.46960602013169,619708.5212578416,0.0162061592111107,0.012099927474537253,0.0297228375499707
UCI Electricity,persistence_qi__c80__h1,2014-03,0.8,1.0,rolling_user_norm,,1014816,0.8164889004509192,207.5837723971951,364.1897047574592,0.0305119351685428,0.0438080209894201,0.0492756869772997,16.46960602013169,619708.5212578416,0.0162061592111107,0.01648890045091911,0.039893811072921254
UCI Electricity,persistence_qi__c80__h1,2014-03,0.8,1.0,erw_global_norm,14.0,1014816,0.8112347460032163,230.6765066976113,373.9093662546701,0.0496696938164159,0.0805126294337171,0.0655441059338909,16.46960602013169,619708.5212578416,0.0162061592111107,0.011234746003216278,0.0576068998751534
UCI Electricity,persistence_qi__c80__h1,2014-03,0.8,1.0,erw_group_norm,14.0,1014816,0.8117146359537099,213.5305652753416,370.3978079421473,0.0443589773909752,0.065115059589782,0.0209254281162882,16.46960602013169,619708.5212578416,0.0162061592111107,0.011714635953709807,0.0326422027536317
UCI Electricity,persistence_qi__c80__h1,2014-03,0.8,1.0,erw_user_norm,14.0,1014816,0.8165184624601898,201.0912377779225,364.1536936343159,0.0294248415476302,0.0426400823333375,0.0513913779370768,16.46960602013169,619708.5212578416,0.0162061592111107,0.01651846246018973,0.040408109742353496
UCI Electricity,persistence_qi__c80__h1,2014-04,0.8,1.0,rolling_global_norm,,982080,0.8101427582274356,220.53631582874135,407.061886752555,0.0529233870967741,0.0892980754771719,0.0712319958847736,16.46960602013169,619708.5212578416,0.0,0.0101427582274356,0.06207769149077384
UCI Electricity,persistence_qi__c80__h1,2014-04,0.8,1.0,rolling_group_norm,,982080,0.8105388563049853,207.63487057256648,408.73460438194985,0.0483484033887259,0.0768972046294889,0.0152397260273972,16.46960602013169,619708.5212578416,0.0,0.0105388563049853,0.03179406470806155
UCI Electricity,persistence_qi__c80__h1,2014-04,0.8,1.0,rolling_user_norm,,982080,0.8146118442489411,199.1798458751848,404.7630274179744,0.0364450961225154,0.052478858568504,0.0426183127572016,16.46960602013169,619708.5212578416,0.0,0.01461184424894102,0.0395317044398585
UCI Electricity,persistence_qi__c80__h1,2014-04,0.8,1.0,erw_global_norm,14.0,982080,0.8087579423264907,220.53619790868805,407.0619059197219,0.0523592782665363,0.0896571949789432,0.0770318930041152,16.46960602013169,619708.5212578416,0.0,0.008757942326490631,0.06469558563532575
UCI Electricity,persistence_qi__c80__h1,2014-04,0.8,1.0,erw_group_norm,14.0,982080,0.8094829341805149,205.31863301079167,409.4806976914032,0.0481050423590746,0.0777790938732676,0.0152397260273972,16.46960602013169,619708.5212578416,0.0,0.009482934180514824,0.0316723841932359
UCI Electricity,persistence_qi__c80__h1,2014-04,0.8,1.0,erw_user_norm,14.0,982080,0.8131985174323884,201.9354364412774,401.597007517487,0.031148175301401,0.0413427247372524,0.0388888888888888,16.46960602013169,619708.5212578416,0.0,0.013198517432388313,0.0350185320951449
UCI Electricity,persistence_qi__c80__h1,2014-05,0.8,1.0,rolling_global_norm,,1014816,0.8063195692618169,220.53619797088717,452.28141286228765,0.0514036042001702,0.0876596465997528,0.0802045997610514,16.46960602013169,619708.5212578416,0.0,0.006319569261816871,0.0658041019806108
UCI Electricity,persistence_qi__c80__h1,2014-05,0.8,1.0,rolling_group_norm,,1014816,0.7986166950461956,206.06477496850545,456.02769197422737,0.0481961261943051,0.0781056340486571,0.0181557724957556,16.46960602013169,619708.5212578416,0.0,0.001383304953804454,0.03317594934503035
UCI Electricity,persistence_qi__c80__h1,2014-05,0.8,1.0,rolling_user_norm,,1014816,0.8018202314508246,213.8118093008748,441.9580847141586,0.0318142402169457,0.0462676639142246,0.0273596176821983,16.46960602013169,619708.5212578416,0.0,0.0018202314508245498,0.029586928949572
UCI Electricity,persistence_qi__c80__h1,2014-05,0.8,1.0,erw_global_norm,14.0,1014816,0.8063195692618169,220.53619797088717,452.28141286228765,0.0514036042001702,0.0876596465997528,0.0802045997610514,16.46960602013169,619708.5212578416,0.0,0.006319569261816871,0.0658041019806108
UCI Electricity,persistence_qi__c80__h1,2014-05,0.8,1.0,erw_group_norm,14.0,1014816,0.7978214769968152,207.5146485458773,455.4347071331709,0.0482290385646264,0.0781537568360059,0.0160016977928693,16.46960602013169,619708.5212578416,0.0,0.0021785230031848846,0.032115368178747855
UCI Electricity,persistence_qi__c80__h1,2014-05,0.8,1.0,erw_user_norm,14.0,1014816,0.8018517642607133,222.5668743294933,439.2000319739381,0.0264851953457572,0.037632292790786,0.0184861608920747,16.46960602013169,619708.5212578416,0.0,0.0018517642607132068,0.02248567811891595
UCI Electricity,persistence_qi__c80__h1,2014-06,0.8,1.0,rolling_global_norm,,982080,0.7989725887911372,220.536197937525,510.52687458991386,0.0539070136852394,0.0891637117688781,0.0769675925925926,16.46960602013169,619708.5212578416,0.0,0.0010274112088628495,0.06543730313891599
UCI Electricity,persistence_qi__c80__h1,2014-06,0.8,1.0,rolling_group_norm,,982080,0.7915251303356142,215.6972033712445,510.7846459757343,0.0500315656565656,0.077464619018414,0.0230592105263158,16.46960602013169,619708.5212578416,0.0,0.00847486966438582,0.0365453880914407
UCI Electricity,persistence_qi__c80__h1,2014-06,0.8,1.0,rolling_user_norm,,982080,0.7950054985337244,234.1487435697224,495.7240725791307,0.0282329341805148,0.0385186606028647,0.0241374269005848,16.46960602013169,619708.5212578416,0.0,0.004994501466275669,0.0261851805405498
UCI Electricity,persistence_qi__c80__h1,2014-06,0.8,1.0,erw_global_norm,14.0,982080,0.7989725887911372,220.536197937525,510.52687458991386,0.0539070136852394,0.0891637117688781,0.0769675925925926,16.46960602013169,619708.5212578416,0.0,0.0010274112088628495,0.06543730313891599
UCI Electricity,persistence_qi__c80__h1,2014-06,0.8,1.0,erw_group_norm,14.0,982080,0.7918774437927664,217.6093170900624,510.0920637045143,0.049899193548387,0.0770954214153193,0.0211111111111111,16.46960602013169,619708.5212578416,0.0,0.008122556207233678,0.035505152329749046
UCI Electricity,persistence_qi__c80__h1,2014-06,0.8,1.0,erw_user_norm,14.0,982080,0.795964687194526,235.8077253124694,495.5545453919677,0.0262962284131639,0.0356276846539711,0.023585390946502,16.46960602013169,619708.5212578416,0.0,0.0040353128054740894,0.024940809679832948
UCI Electricity,persistence_qi__c80__h1,2014-07,0.8,1.0,rolling_global_norm,,1014816,0.7838475152145807,220.5361976686257,577.1525051871012,0.0549551839939456,0.0931480153151299,0.0938321385902031,16.46960602013169,619708.5212578416,9.000284408987324e-08,0.016152484785419308,0.07439366129207435
UCI Electricity,persistence_qi__c80__h1,2014-07,0.8,1.0,rolling_group_norm,,1014816,0.7818225175795415,227.05648442145176,573.1357235156272,0.0511430643584649,0.0788070305025765,0.022304753820034,16.46960602013169,619708.5212578416,9.000284408987324e-08,0.01817748242045858,0.03672390908924945
UCI Electricity,persistence_qi__c80__h1,2014-07,0.8,1.0,rolling_user_norm,,1014816,0.784455507205247,243.12814211214103,556.106865333489,0.0327397281871787,0.0471573215949968,0.0237584889643464,16.46960602013169,619708.5212578416,9.000284408987324e-08,0.015544492794753006,0.02824910857576255
UCI Electricity,persistence_qi__c80__h1,2014-07,0.8,1.0,erw_global_norm,14.0,1014816,0.7842091571279917,220.53625398404355,577.1524811101102,0.0550901838362816,0.0932260445048413,0.0905217045001991,16.46960602013169,619708.5212578416,9.000284408987324e-08,0.01579084287200838,0.07280594416824035
UCI Electricity,persistence_qi__c80__h1,2014-07,0.8,1.0,erw_group_norm,14.0,1014816,0.7848122221171129,232.36715872884065,571.1435604858527,0.0500114306435846,0.0775255529756773,0.0167126485568761,16.46960602013169,619708.5212578416,9.000284408987324e-08,0.015187777882887166,0.03336203960023035
UCI Electricity,persistence_qi__c80__h1,2014-07,0.8,1.0,erw_user_norm,14.0,1014816,0.7878137514583925,244.9556928603676,555.8747646127953,0.0289514552391763,0.0432042368151056,0.0177525466893039,16.46960602013169,619708.5212578416,9.000284408987324e-08,0.012186248541607547,0.023352000964240102
UCI Electricity,persistence_qi__c80__h1,2014-08,0.8,1.0,rolling_global_norm,,1014816,0.8012822028820988,232.63460528733933,594.0641230714605,0.0587113328918739,0.092701029983759,0.041549681401832,16.46960602013169,619708.5212578416,0.0339189518942689,0.001282202882098793,0.05013050714685295
UCI Electricity,persistence_qi__c80__h1,2014-08,0.8,1.0,rolling_group_norm,,1014816,0.8035584775959386,243.5432056520561,588.697762649019,0.0554070885756629,0.0828473159038303,0.0156735364396654,16.46960602013169,619708.5212578416,0.0339189518942689,0.003558477595938525,0.03554031250766415
UCI Electricity,persistence_qi__c80__h1,2014-08,0.8,1.0,rolling_user_norm,,1014816,0.8061313578027938,262.3104888960068,573.5963590965983,0.0297884542616592,0.0473496017522112,0.0459652528872958,16.46960602013169,619708.5212578416,0.0339189518942689,0.006131357802793724,0.037876853574477495
UCI Electricity,persistence_qi__c80__h1,2014-08,0.8,1.0,erw_global_norm,14.0,1014816,0.8080193847948791,241.75952626648152,590.7360415675205,0.0575846261785387,0.0891461176012819,0.0323899840700916,16.46960602013169,619708.5212578416,0.0339189518942689,0.00801938479487907,0.04498730512431515
UCI Electricity,persistence_qi__c80__h1,2014-08,0.8,1.0,erw_group_norm,14.0,1014816,0.8077552975120613,249.72927346052543,586.6692378021005,0.0555901759530791,0.0814032064011644,0.0240491835921943,16.46960602013169,619708.5212578416,0.0339189518942689,0.007755297512061277,0.0398196797726367
UCI Electricity,persistence_qi__c80__h1,2014-08,0.8,1.0,erw_user_norm,14.0,1014816,0.8138559108252136,275.4094314177369,571.7911122838318,0.028215558288399,0.0395941525945455,0.0525985663082436,16.46960602013169,619708.5212578416,0.0339189518942689,0.013855910825213535,0.0404070622983213
UCI Electricity,persistence_qi__c80__h1,2014-09,0.8,1.0,rolling_global_norm,,982080,0.8096183610296513,237.58813501656664,562.0958198912934,0.052747230368198,0.0819353692249667,0.0487011316872428,16.46960602013169,619708.5212578416,0.0193264666482394,0.009618361029651301,0.0507241810277204
UCI Electricity,persistence_qi__c80__h1,2014-09,0.8,1.0,rolling_group_norm,,982080,0.8103688090583252,250.81157367528857,558.4975048388219,0.050640477354187,0.073041117578919,0.0150840643274853,16.46960602013169,619708.5212578416,0.0193264666482394,0.010368809058325157,0.03286227084083615
UCI Electricity,persistence_qi__c80__h1,2014-09,0.8,1.0,rolling_user_norm,,982080,0.8129388644509612,282.3505291378212,548.5817929482027,0.0283123574454219,0.0381697034264275,0.0225694444444444,16.46960602013169,619708.5212578416,0.0193264666482394,0.012938864450961152,0.025440900944933148
UCI Electricity,persistence_qi__c80__h1,2014-09,0.8,1.0,erw_global_norm,14.0,982080,0.8058315004887585,232.62890502943176,563.2995566080155,0.0525914385793417,0.0842465751325622,0.0554012345679012,16.46960602013169,619708.5212578416,0.0193264666482394,0.005831500488758468,0.05399633657362145
UCI Electricity,persistence_qi__c80__h1,2014-09,0.8,1.0,erw_group_norm,14.0,982080,0.8092517921146953,249.8561907813678,558.7446513695087,0.0513196480938416,0.0766903479149587,0.014470029239766,16.46960602013169,619708.5212578416,0.0193264666482394,0.00925179211469529,0.032894838666803795
UCI Electricity,persistence_qi__c80__h1,2014-09,0.8,1.0,erw_user_norm,14.0,982080,0.8077447865754317,282.90383871966725,549.0073900922538,0.0303865265558813,0.0499922433315862,0.0145211988304093,16.46960602013169,619708.5212578416,0.0193264666482394,0.00774478657543165,0.0224538626931453
UCI Electricity,persistence_qi__c80__h1,2014-10,0.8,1.0,rolling_global_norm,,1014816,0.8063313940655252,226.7731020732031,509.0553484108698,0.0519424210891432,0.0851065498356497,0.0627190362405416,16.46960602013169,619708.5212578416,3.31125690759234e-07,0.006331394065525187,0.0573307286648424
UCI Electricity,persistence_qi__c80__h1,2014-10,0.8,1.0,rolling_group_norm,,1014816,0.8120772632674298,241.91050848187427,505.184620952811,0.0493009570207801,0.0714075979989419,0.0211976513865308,16.46960602013169,619708.5212578416,3.31125690759234e-07,0.01207726326742975,0.03524930420365545
UCI Electricity,persistence_qi__c80__h1,2014-10,0.8,1.0,rolling_user_norm,,1014816,0.8101379954592753,270.67253253932824,495.7906224793682,0.0358419654400403,0.0483155260436226,0.0228883701188454,16.46960602013169,619708.5212578416,3.31125690759234e-07,0.010137995459275295,0.029365167779442848
UCI Electricity,persistence_qi__c80__h1,2014-10,0.8,1.0,erw_global_norm,14.0,1014816,0.8031574196701668,220.53640498265452,510.62861946453785,0.0520959464572888,0.0874015356437701,0.0671619872560733,16.46960602013169,619708.5212578416,3.31125690759234e-07,0.0031574196701668056,0.05962896685668105
UCI Electricity,persistence_qi__c80__h1,2014-10,0.8,1.0,erw_group_norm,14.0,1014816,0.8101310976571122,235.05433310676867,506.2118830441218,0.0487327752025982,0.0718153157551057,0.0142119411431804,16.46960602013169,619708.5212578416,3.31125690759234e-07,0.010131097657112176,0.0314723581728893
UCI Electricity,persistence_qi__c80__h1,2014-10,0.8,1.0,erw_user_norm,14.0,1014816,0.8087318292183017,258.72383968897486,493.459581522158,0.0280748431242707,0.0388020371857188,0.0197306849860612,16.46960602013169,619708.5212578416,3.31125690759234e-07,0.008731829218301623,0.023902764055165948
UCI Electricity,persistence_qi__c80__h1,2014-11,0.8,1.0,rolling_global_norm,,982080,0.807994257086999,220.5362053287664,397.10875604209485,0.0529926278918214,0.0845202429720589,0.0712191358024691,16.46960602013169,619708.5212578416,1.797485246241099e-07,0.007994257086998968,0.062105881847145245
UCI Electricity,persistence_qi__c80__h1,2014-11,0.8,1.0,rolling_group_norm,,982080,0.8150211795373086,226.543916737653,396.06343488229646,0.050264744216357,0.0699614182405005,0.0266008771929824,16.46960602013169,619708.5212578416,1.797485246241099e-07,0.015021179537308527,0.0384328107046697
UCI Electricity,persistence_qi__c80__h1,2014-11,0.8,1.0,rolling_user_norm,,982080,0.8122658031932225,249.5368071632836,392.27677103611336,0.0407400619094167,0.0521458666227551,0.0318544238683127,16.46960602013169,619708.5212578416,1.797485246241099e-07,0.012265803193222458,0.0362972428888647
UCI Electricity,persistence_qi__c80__h1,2014-11,0.8,1.0,erw_global_norm,14.0,982080,0.8091184017595308,220.53631043318845,397.1087549236983,0.0530639051808406,0.0839900726603515,0.0670781893004115,16.46960602013169,619708.5212578416,1.797485246241099e-07,0.009118401759530714,0.06007104724062605
UCI Electricity,persistence_qi__c80__h1,2014-11,0.8,1.0,erw_group_norm,14.0,982080,0.8143745927012056,222.08646171524893,395.86597237448126,0.0499378869338546,0.0701339228927417,0.0232127192982455,16.46960602013169,619708.5212578416,1.797485246241099e-07,0.014374592701205557,0.03657530311605005
UCI Electricity,persistence_qi__c80__h1,2014-11,0.8,1.0,erw_user_norm,14.0,982080,0.813974421635712,244.9836663272559,390.2807600744548,0.0355571847507331,0.0464660618849449,0.0366126543209875,16.46960602013169,619708.5212578416,1.797485246241099e-07,0.013974421635711942,0.0360849195358603
UCI Electricity,persistence_qi__c80__h1,2014-12,0.8,1.0,rolling_global_norm,,1014816,0.7962290700974364,220.5361979385011,374.5090198270745,0.0567570869990224,0.0924779924284005,0.0864147749900438,16.46960602013169,619708.5212578416,0.0,0.003770929902563669,0.0715859309945331
UCI Electricity,persistence_qi__c80__h1,2014-12,0.8,1.0,rolling_group_norm,,1014816,0.7982589947340207,212.35842607781515,372.4737602461823,0.0539514552391763,0.0799528455286138,0.0128136200716846,16.46960602013169,619708.5212578416,0.0,0.0017410052659793118,0.03338253765543045
UCI Electricity,persistence_qi__c80__h1,2014-12,0.8,1.0,rolling_user_norm,,1014816,0.7969641787279664,219.3555263088331,367.1869270239196,0.0393805379497367,0.0533206546602521,0.0273098367184387,16.46960602013169,619708.5212578416,0.0,0.003035821272033612,0.0333451873340877
UCI Electricity,persistence_qi__c80__h1,2014-12,0.8,1.0,erw_global_norm,14.0,1014816,0.7962290700974364,220.5361979385011,374.5090198270745,0.0567570869990224,0.0924779924284005,0.0864147749900438,16.46960602013169,619708.5212578416,0.0,0.003770929902563669,0.0715859309945331
UCI Electricity,persistence_qi__c80__h1,2014-12,0.8,1.0,erw_group_norm,14.0,1014816,0.7967799088701795,207.66544388888323,372.5472043981852,0.0541885425535269,0.0816161633859903,0.0125522700119474,16.46960602013169,619708.5212578416,0.0,0.003220091129820579,0.03337040628273715
UCI Electricity,persistence_qi__c80__h1,2014-12,0.8,1.0,erw_user_norm,14.0,1014816,0.7969779743322928,205.789771717638,364.9635741184345,0.0347207769684356,0.0485883678043448,0.02719782954998,16.46960602013169,619708.5212578416,0.0,0.003022025667707262,0.030959303259207798
UCI Electricity,persistence_qi__c80__h6,2014-01,0.8,6.0,rolling_global_norm,,1014816,0.8021917273673257,945.6494047434576,1067.7040518561605,0.1074056774824204,0.1330473408321071,0.0938943647949024,16.46960602013169,619708.5212578416,0.0399891681091154,0.0021917273673256465,0.1006500211386614
UCI Electricity,persistence_qi__c80__h6,2014-01,0.8,6.0,rolling_group_norm,,1014816,0.8032894633115757,876.7769442910856,1027.8370287157682,0.1038081780342446,0.1254363277749176,0.0139749575551781,16.46960602013169,619708.5212578416,0.0399891681091154,0.0032894633115756466,0.058891567794711344
UCI Electricity,persistence_qi__c80__h6,2014-01,0.8,6.0,rolling_user_norm,,1014816,0.8106986882351086,794.4221016592679,916.7236203188094,0.0504107148488001,0.070733747230799,0.0379256272401433,16.46960602013169,619708.5212578416,0.0399891681091154,0.010698688235108555,0.044168171044471696
UCI Electricity,persistence_qi__c80__h6,2014-01,0.8,6.0,erw_global_norm,14.0,1014816,0.8088185444454955,960.099500636405,1074.816957522307,0.1080495380443351,0.1327464293692348,0.089339406610912,16.46960602013169,619708.5212578416,0.0399891681091154,0.008818544445495458,0.09869447232762354
UCI Electricity,persistence_qi__c80__h6,2014-01,0.8,6.0,erw_group_norm,14.0,1014816,0.8098354775644058,883.3278370121149,1029.3711491543086,0.1037114117238987,0.1242997690956915,0.0185696095076399,16.46960602013169,619708.5212578416,0.0399891681091154,0.009835477564405726,0.0611405106157693
UCI Electricity,persistence_qi__c80__h6,2014-01,0.8,6.0,erw_user_norm,14.0,1014816,0.8167165279223032,786.9225842212687,912.1531142132602,0.0489241399426102,0.0633117065796629,0.0279445440063719,16.46960602013169,619708.5212578416,0.0399891681091154,0.01671652792230316,0.03843434197449105
UCI Electricity,persistence_qi__c80__h6,2014-02,0.8,6.0,rolling_global_norm,,916608,0.8014440196899875,955.3553666575474,1067.666204654077,0.114095011171624,0.1385513791052569,0.1056106701940036,16.46960602013169,619708.5212578416,0.0260009086006531,0.0014440196899874191,0.1098528406828138
UCI Electricity,persistence_qi__c80__h6,2014-02,0.8,6.0,rolling_group_norm,,916608,0.8021116987850859,874.1580346626628,1019.9785261401944,0.1104541963412931,0.1308753575320554,0.0141341490299824,16.46960602013169,619708.5212578416,0.0260009086006531,0.0021116987850858804,0.06229417268563775
UCI Electricity,persistence_qi__c80__h6,2014-02,0.8,6.0,rolling_user_norm,,916608,0.8088594033654517,776.1036509054022,886.0281077641713,0.0464143887026951,0.0636541179016262,0.0231790413533834,16.46960602013169,619708.5212578416,0.0260009086006531,0.008859403365451657,0.03479671502803925
UCI Electricity,persistence_qi__c80__h6,2014-02,0.8,6.0,erw_global_norm,14.0,916608,0.7999471966205837,951.34694735643,1065.5752344832724,0.1137083682446585,0.138603679700041,0.1069472001763669,16.46960602013169,619708.5212578416,0.0260009086006531,5.280337941637736e-05,0.1103277842105127
UCI Electricity,persistence_qi__c80__h6,2014-02,0.8,6.0,erw_group_norm,14.0,916608,0.8005461440441279,867.0449360990184,1018.1931362015284,0.1102453829772378,0.1317673247538538,0.0075617283950617,16.46960602013169,619708.5212578416,0.0260009086006531,0.0005461440441278942,0.058903555686149744
UCI Electricity,persistence_qi__c80__h6,2014-02,0.8,6.0,erw_user_norm,14.0,916608,0.8076855100544617,769.1153694582349,882.3235737941064,0.0373972297863426,0.0532026693092527,0.0178598985890652,16.46960602013169,619708.5212578416,0.0260009086006531,0.007685510054461608,0.0276285641877039
UCI Electricity,persistence_qi__c80__h6,2014-03,0.8,6.0,rolling_global_norm,,1014816,0.8400281430328257,951.7589353757132,1034.8049145875275,0.0947438747516791,0.114973193515094,0.1049448217317486,16.46960602013169,619708.5212578416,0.0159735546208696,0.04002814303282565,0.09984434824171384
UCI Electricity,persistence_qi__c80__h6,2014-03,0.8,6.0,rolling_group_norm,,1014816,0.8396536909153974,864.4342122904612,986.7858946844084,0.0910833096837259,0.1108413178838427,0.0463814012863945,16.46960602013169,619708.5212578416,0.0159735546208696,0.03965369091539739,0.0687323554850602
UCI Electricity,persistence_qi__c80__h6,2014-03,0.8,6.0,rolling_user_norm,,1014816,0.8416530681424021,757.1165175834046,882.4350512068784,0.0709572966922082,0.0786425493598757,0.0494997013142174,16.46960602013169,619708.5212578416,0.0159735546208696,0.041653068142402105,0.060228499003212796
UCI Electricity,persistence_qi__c80__h6,2014-03,0.8,6.0,erw_global_norm,14.0,1014816,0.8364412859079873,945.0727608524544,1031.103806125128,0.0939531895437202,0.1157641661176458,0.1011283248443689,16.46960602013169,619708.5212578416,0.0159735546208696,0.03644128590798723,0.09754075719404455
UCI Electricity,persistence_qi__c80__h6,2014-03,0.8,6.0,erw_group_norm,14.0,1014816,0.8357997903068143,855.7377803888179,984.607532233588,0.0902368508182764,0.1133945410007826,0.0429521407178278,16.46960602013169,619708.5212578416,0.0159735546208696,0.03579979030681424,0.0665944957680521
UCI Electricity,persistence_qi__c80__h6,2014-03,0.8,6.0,erw_user_norm,14.0,1014816,0.8371970879450068,742.0553300920157,881.8072295006303,0.0676215195661085,0.0775234334150551,0.0537684189565909,16.46960602013169,619708.5212578416,0.0159735546208696,0.03719708794500676,0.0606949692613497
UCI Electricity,persistence_qi__c80__h6,2014-04,0.8,6.0,rolling_global_norm,,982080,0.8361915526230043,924.939804286604,1028.5708392492438,0.0949138563049853,0.1200017220182311,0.134645061728395,16.46960602013169,619708.5212578416,-0.0567120337910802,0.03619155262300422,0.11477945901669015
UCI Electricity,persistence_qi__c80__h6,2014-04,0.8,6.0,rolling_group_norm,,982080,0.831517798957315,836.8910809836505,1015.276614646458,0.0910933936135548,0.1173848329019888,0.0509623921867071,16.46960602013169,619708.5212578416,-0.0567120337910802,0.03151779895731499,0.07102789290013095
UCI Electricity,persistence_qi__c80__h6,2014-04,0.8,6.0,rolling_user_norm,,982080,0.8341968067774519,730.5670154229147,1015.7015877535516,0.0776311502117953,0.088898329427678,0.0642746913580246,16.46960602013169,619708.5212578416,-0.0567120337910802,0.03419680677745185,0.07095292078490995
UCI Electricity,persistence_qi__c80__h6,2014-04,0.8,6.0,erw_global_norm,14.0,982080,0.8207478005865103,899.5949939837534,1022.2467606099392,0.0920984033887259,0.1256656732944918,0.1467721193415638,16.46960602013169,619708.5212578416,-0.0567120337910802,0.020747800586510268,0.11943526136514485
UCI Electricity,persistence_qi__c80__h6,2014-04,0.8,6.0,erw_group_norm,14.0,982080,0.8166717579015966,820.1610392222022,1017.0179093612622,0.0881445503421309,0.1203908775440196,0.0347444190766108,16.46960602013169,619708.5212578416,-0.0567120337910802,0.016671757901596584,0.06144448470937085
UCI Electricity,persistence_qi__c80__h6,2014-04,0.8,6.0,erw_user_norm,14.0,982080,0.8199942978168785,724.5058554485955,1008.6026427514096,0.0640477354187031,0.0767118717789943,0.0524691358024691,16.46960602013169,619708.5212578416,-0.0567120337910802,0.019994297816878448,0.05825843561058609
UCI Electricity,persistence_qi__c80__h6,2014-05,0.8,6.0,rolling_global_norm,,1014816,0.8044098634629332,883.6287288016914,1149.7424284329402,0.0892295746223946,0.1311307129325609,0.15661837913182,16.46960602013169,619708.5212578416,-0.1015684274021188,0.00440986346293315,0.1229239768771073
UCI Electricity,persistence_qi__c80__h6,2014-05,0.8,6.0,rolling_group_norm,,1014816,0.8000396130924227,829.6134874113601,1175.7115401937854,0.0889818449847065,0.1262478728771246,0.0477751839275608,16.46960602013169,619708.5212578416,-0.1015684274021188,3.961309242261901e-05,0.06837851445613365
UCI Electricity,persistence_qi__c80__h6,2014-05,0.8,6.0,rolling_user_norm,,1014816,0.8003549411913096,771.7006556006073,1208.776380683851,0.0670677245924384,0.0862452005518552,0.05449207696661,16.46960602013169,619708.5212578416,-0.1015684274021188,0.0003549411913095213,0.0607799007795242
UCI Electricity,persistence_qi__c80__h6,2014-05,0.8,6.0,erw_global_norm,14.0,1014816,0.7964517705672752,871.5353728895342,1154.6150442648927,0.0892232680604168,0.1340300254441513,0.162865890083632,16.46960602013169,619708.5212578416,-0.1015684274021188,0.0035482294327248143,0.1260445790720244
UCI Electricity,persistence_qi__c80__h6,2014-05,0.8,6.0,erw_group_norm,14.0,1014816,0.7926717749818686,832.2003017591957,1172.4704671045436,0.0877380727146596,0.1272822432943625,0.0431239388794567,16.46960602013169,619708.5212578416,-0.1015684274021188,0.007328225018131462,0.06543100579705816
UCI Electricity,persistence_qi__c80__h6,2014-05,0.8,6.0,erw_user_norm,14.0,1014816,0.793011738088481,804.8596933444526,1166.0915894447787,0.0559874893576766,0.0742936515222163,0.0471774193548387,16.46960602013169,619708.5212578416,-0.1015684274021188,0.0069882619115190225,0.05158245435625765
UCI Electricity,persistence_qi__c80__h6,2014-06,0.8,6.0,rolling_global_norm,,982080,0.7733097100032584,878.0036094771831,1401.5256819558065,0.1028103616813294,0.140889217003119,0.1551954732510289,16.46960602013169,619708.5212578416,-0.1029332681318089,0.026690289996741612,0.12900291746617915
UCI Electricity,persistence_qi__c80__h6,2014-06,0.8,6.0,rolling_group_norm,,982080,0.7708312968393614,862.3446684543097,1411.3494495853931,0.102665770609319,0.1321703260276121,0.0681980994152047,16.46960602013169,619708.5212578416,-0.1029332681318089,0.029168703160638687,0.08543193501226184
UCI Electricity,persistence_qi__c80__h6,2014-06,0.8,6.0,rolling_user_norm,,982080,0.7732170495275335,883.5954389509585,1363.77020753993,0.0677551726946888,0.08375223478321,0.0720540935672514,16.46960602013169,619708.5212578416,-0.1029332681318089,0.026782950472466593,0.06990463313097009
UCI Electricity,persistence_qi__c80__h6,2014-06,0.8,6.0,erw_global_norm,14.0,982080,0.7687907298794395,870.6816065683089,1407.7022309248566,0.1036371782339524,0.1423074434867316,0.1593235596707819,16.46960602013169,619708.5212578416,-0.1029332681318089,0.031209270120560517,0.13148036895236714
UCI Electricity,persistence_qi__c80__h6,2014-06,0.8,6.0,erw_group_norm,14.0,982080,0.7654630987292278,857.6387252385256,1415.2082425517008,0.1040872434017595,0.132678760942756,0.0723391812865497,16.46960602013169,619708.5212578416,-0.1029332681318089,0.03453690127077225,0.0882132123441546
UCI Electricity,persistence_qi__c80__h6,2014-06,0.8,6.0,erw_user_norm,14.0,982080,0.7680575920495275,888.1118888925217,1354.137025091337,0.0661168132942326,0.0795416768141759,0.0775365497076023,16.46960602013169,619708.5212578416,-0.1029332681318089,0.03194240795047254,0.07182668150091745
UCI Electricity,persistence_qi__c80__h6,2014-07,0.8,6.0,rolling_global_norm,,1014816,0.7485918629584082,899.9292481162439,1765.62964198893,0.1189179122126573,0.148405618343599,0.168839605734767,16.46960602013169,619708.5212578416,-0.0355131238364654,0.05140813704159186,0.14387875897371216
UCI Electricity,persistence_qi__c80__h6,2014-07,0.8,6.0,rolling_group_norm,,1014816,0.7462820846340618,910.7035416922472,1748.694921715174,0.1179664096742661,0.140982244573739,0.0851054046406338,16.46960602013169,619708.5212578416,-0.0355131238364654,0.053717915365938285,0.10153590715744995
UCI Electricity,persistence_qi__c80__h6,2014-07,0.8,6.0,rolling_user_norm,,1014816,0.7437831094503832,992.6580394937948,1615.0986081355848,0.0810107448049695,0.0882638565405211,0.0942947085455574,16.46960602013169,619708.5212578416,-0.0355131238364654,0.05621689054961687,0.08765272667526344
UCI Electricity,persistence_qi__c80__h6,2014-07,0.8,6.0,erw_global_norm,14.0,1014816,0.7567243717087629,912.8580235545973,1752.6294480198635,0.1158637624948759,0.1461083707028388,0.1605510752688173,16.46960602013169,619708.5212578416,-0.0355131238364654,0.0432756282912371,0.1382074188818466
UCI Electricity,persistence_qi__c80__h6,2014-07,0.8,6.0,erw_group_norm,14.0,1014816,0.754069703276259,934.0821693262308,1725.7779571512017,0.1136682906063759,0.1381152638579327,0.0673811544991511,16.46960602013169,619708.5212578416,-0.0355131238364654,0.04593029672374105,0.0905247225527635
UCI Electricity,persistence_qi__c80__h6,2014-07,0.8,6.0,erw_user_norm,14.0,1014816,0.751738246145114,1038.8232070904726,1566.7884012876357,0.0677080377132406,0.072923118691137,0.0759125636672326,16.46960602013169,619708.5212578416,-0.0355131238364654,0.04826175385488607,0.07181030069023661
UCI Electricity,persistence_qi__c80__h6,2014-08,0.8,6.0,rolling_global_norm,,1014816,0.7880561599344118,953.4337371963404,1902.6940634033656,0.1208088954056695,0.1496417679983062,0.0660916965352449,16.46960602013169,619708.5212578416,0.0783849543156496,0.01194384006558824,0.0934502959704572
UCI Electricity,persistence_qi__c80__h6,2014-08,0.8,6.0,rolling_group_norm,,1014816,0.7877674376438685,1002.9854285753178,1851.7049476744464,0.1174654321571595,0.1424363510785633,0.0318760611205433,16.46960602013169,619708.5212578416,0.0783849543156496,0.012232562356131571,0.0746707466388514
UCI Electricity,persistence_qi__c80__h6,2014-08,0.8,6.0,rolling_user_norm,,1014816,0.7903137120423801,1177.259798856911,1599.2842909200292,0.0574415460536688,0.0786308656760065,0.0390581441656709,16.46960602013169,619708.5212578416,0.0783849543156496,0.009686287957619943,0.04824984510966985
UCI Electricity,persistence_qi__c80__h6,2014-08,0.8,6.0,erw_global_norm,14.0,1014816,0.803621543215716,984.124017182841,1875.475497974064,0.1192858606880459,0.1462743610100145,0.053123755475906,16.46960602013169,619708.5212578416,0.0783849543156496,0.00362154321571595,0.08620480808197595
UCI Electricity,persistence_qi__c80__h6,2014-08,0.8,6.0,erw_group_norm,14.0,1014816,0.8049922350455649,1041.9177577268745,1822.9644197997663,0.1152679894680415,0.1381508929284211,0.0208383114297092,16.46960602013169,619708.5212578416,0.0783849543156496,0.004992235045564897,0.06805315044887535
UCI Electricity,persistence_qi__c80__h6,2014-08,0.8,6.0,erw_user_norm,14.0,1014816,0.8118348547914105,1253.2528880168234,1549.9567111223396,0.0488425487970233,0.0630508453102504,0.0532581640780565,16.46960602013169,619708.5212578416,0.0783849543156496,0.011834854791410443,0.0510503564375399
UCI Electricity,persistence_qi__c80__h6,2014-09,0.8,6.0,rolling_global_norm,,982080,0.8221967660475725,988.7057410192136,1599.497303629228,0.1064607771260996,0.1270019659976052,0.0615997942386832,16.46960602013169,619708.5212578416,0.0701517176794676,0.02219676604757248,0.0840302856823914
UCI Electricity,persistence_qi__c80__h6,2014-09,0.8,6.0,rolling_group_norm,,982080,0.823254724666015,1058.4369259023597,1555.058784457927,0.1025741283805799,0.1195732524442984,0.0424159356725145,16.46960602013169,619708.5212578416,0.0701517176794676,0.02325472466601497,0.0724950320265472
UCI Electricity,persistence_qi__c80__h6,2014-09,0.8,6.0,rolling_user_norm,,982080,0.8223963424568264,1315.190247077663,1434.2055477010497,0.0578618849788204,0.07196441299876,0.0448976608187133,16.46960602013169,619708.5212578416,0.0701517176794676,0.022396342456826313,0.05137977289876685
UCI Electricity,persistence_qi__c80__h6,2014-09,0.8,6.0,erw_global_norm,14.0,982080,0.8167460899315738,978.9724226606146,1605.6763182312952,0.1059771098077549,0.1291768106338108,0.0710133744855967,16.46960602013169,619708.5212578416,0.0701517176794676,0.016746089931573782,0.08849524214667581
UCI Electricity,persistence_qi__c80__h6,2014-09,0.8,6.0,erw_group_norm,14.0,982080,0.8162491854024112,1054.90915125232,1556.6598796387923,0.1016088302378624,0.1212033487790118,0.0412280701754385,16.46960602013169,619708.5212578416,0.0701517176794676,0.01624918540241116,0.07141845020665044
UCI Electricity,persistence_qi__c80__h6,2014-09,0.8,6.0,erw_user_norm,14.0,982080,0.8134276230042359,1330.310990038417,1446.8632222917306,0.0631628787878788,0.0868429644345841,0.0430372807017543,16.46960602013169,619708.5212578416,0.0701517176794676,0.013427623004235834,0.05310007974481655
UCI Electricity,persistence_qi__c80__h6,2014-10,0.8,6.0,rolling_global_norm,,1014816,0.8312501970800618,961.9520896148176,1310.918725047373,0.0963816100652729,0.1188216478270099,0.0756620868180008,16.46960602013169,619708.5212578416,1.1710144507555013e-08,0.031250197080061715,0.08602184844163685
UCI Electricity,persistence_qi__c80__h6,2014-10,0.8,6.0,rolling_group_norm,,1014816,0.8323814366348186,1020.2695645766418,1288.749940417231,0.0928404755147731,0.1109381220102126,0.078073712507074,16.46960602013169,619708.5212578416,1.1710144507555013e-08,0.03238143663481852,0.08545709401092355
UCI Electricity,persistence_qi__c80__h6,2014-10,0.8,6.0,rolling_user_norm,,1014816,0.831988261911519,1273.633913473491,1359.895504575618,0.0842688723867183,0.0970309653920971,0.0835561686474249,16.46960602013169,619708.5212578416,1.1710144507555013e-08,0.031988261911518934,0.0839125205170716
UCI Electricity,persistence_qi__c80__h6,2014-10,0.8,6.0,erw_global_norm,14.0,1014816,0.8179778403178507,935.0780025048948,1322.6645262670356,0.0954098082805158,0.1237798461451843,0.0894638590203107,16.46960602013169,619708.5212578416,1.1710144507555013e-08,0.017977840317850657,0.09243683365041325
UCI Electricity,persistence_qi__c80__h6,2014-10,0.8,6.0,erw_group_norm,14.0,1014816,0.818815430580519,977.9204245417608,1299.2532192426218,0.0913093605146154,0.1135257775722915,0.0514254385964911,16.46960602013169,619708.5212578416,1.1710144507555013e-08,0.018815430580518933,0.07136739955555325
UCI Electricity,persistence_qi__c80__h6,2014-10,0.8,6.0,erw_user_norm,14.0,1014816,0.8234803156434269,1163.1541860192915,1266.6642914354206,0.0644039904770914,0.0752395145729448,0.0605050933786077,16.46960602013169,619708.5212578416,1.1710144507555013e-08,0.023480315643426897,0.06245454192784955
UCI Electricity,persistence_qi__c80__h6,2014-11,0.8,6.0,rolling_global_norm,,982080,0.8292746008471815,935.0778901234128,1034.7635885459997,0.1054354024112088,0.1299478442090253,0.1473765432098766,16.46960602013169,619708.5212578416,-0.0189685031685294,0.029274600847181476,0.1264059728105427
UCI Electricity,persistence_qi__c80__h6,2014-11,0.8,6.0,rolling_group_norm,,982080,0.826017228739003,936.0697914027696,1029.8379073544654,0.1000967334636689,0.1180483112709421,0.0945979532163742,16.46960602013169,619708.5212578416,-0.0189685031685294,0.026017228739002918,0.09734734334002154
UCI Electricity,persistence_qi__c80__h6,2014-11,0.8,6.0,rolling_user_norm,,982080,0.8241966031280548,1091.3842586983908,1158.6948056132533,0.0959259938090583,0.1108111657189761,0.092938596491228,16.46960602013169,619708.5212578416,-0.0189685031685294,0.024196603128054717,0.09443229515014315
UCI Electricity,persistence_qi__c80__h6,2014-11,0.8,6.0,erw_global_norm,14.0,982080,0.8234817937438905,923.2097168610272,1029.7348185422795,0.1046666259367872,0.1312102792604627,0.1507201646090535,16.46960602013169,619708.5212578416,-0.0189685031685294,0.023481793743890478,0.12769339527292034
UCI Electricity,persistence_qi__c80__h6,2014-11,0.8,6.0,erw_group_norm,14.0,982080,0.8204637096774193,909.3290400861024,1017.4527915621944,0.0988585451287064,0.1187463059399418,0.0784320175438596,16.46960602013169,619708.5212578416,-0.0189685031685294,0.020463709677419284,0.088645281336283
UCI Electricity,persistence_qi__c80__h6,2014-11,0.8,6.0,erw_user_norm,14.0,982080,0.8227700391006842,1038.8079644950826,1109.7383974422123,0.0842110622352557,0.0994259760357819,0.0811476608187133,16.46960602013169,619708.5212578416,-0.0189685031685294,0.022770039100684203,0.08267936152698449
UCI Electricity,persistence_qi__c80__h6,2014-12,0.8,6.0,rolling_global_norm,,1014816,0.7740802273515593,899.4795901398746,1035.0331464154506,0.116427608551698,0.1490822367661397,0.1775139386698526,16.46960602013169,619708.5212578416,-0.0626143724878627,0.025919772648440698,0.1469707736107753
UCI Electricity,persistence_qi__c80__h6,2014-12,0.8,6.0,rolling_group_norm,,1014816,0.7719074196701668,850.4797440612716,1008.3849528248352,0.1126281020401728,0.139041400288496,0.0463973584720381,16.46960602013169,619708.5212578416,-0.0626143724878627,0.028092580329833194,0.07951273025610545
UCI Electricity,persistence_qi__c80__h6,2014-12,0.8,6.0,rolling_user_norm,,1014816,0.7753425251474159,890.9924131262995,1009.942525450772,0.0854101630246271,0.1021862473440325,0.0449842269357294,16.46960602013169,619708.5212578416,-0.0626143724878627,0.024657474852584182,0.06519719498017826
UCI Electricity,persistence_qi__c80__h6,2014-12,0.8,6.0,erw_global_norm,14.0,1014816,0.7719842808942705,895.9028103627929,1033.717939079561,0.1169579509980134,0.1493339455299057,0.1789202508960573,16.46960602013169,619708.5212578416,-0.0626143724878627,0.02801571910572953,0.14793910094703533
UCI Electricity,persistence_qi__c80__h6,2014-12,0.8,6.0,erw_group_norm,14.0,1014816,0.7682515845236969,824.4898876678786,1003.1613442795592,0.112418408854413,0.1408172448048537,0.0433286689252222,16.46960602013169,619708.5212578416,-0.0626143724878627,0.03174841547630314,0.0778735388898176
UCI Electricity,persistence_qi__c80__h6,2014-12,0.8,6.0,erw_user_norm,14.0,1014816,0.7711259972251128,787.0025322057896,921.3248048564112,0.0720479377542333,0.0852536391528352,0.0418603009770708,16.46960602013169,619708.5212578416,-0.0626143724878627,0.028874002774887275,0.05695411936565205
UCI Electricity,persistence_qi__c90__h1,2014-01,0.9,1.0,rolling_global_norm,,1014816,0.8994211758584808,382.9961633153213,512.9333531615393,0.0350591634345536,0.0553651611631145,0.0501518319394663,16.46960602013169,619708.5212578416,0.0240670627855205,0.0005788241415192186,0.04260549768700995
UCI Electricity,persistence_qi__c90__h1,2014-01,0.9,1.0,rolling_group_norm,,1014816,0.8995808107085422,357.0703719519719,502.8965789931671,0.0327221880616781,0.0481228286782715,0.004308542413381,16.46960602013169,619708.5212578416,0.0240670627855205,0.0004191892914577888,0.01851536523752955
UCI Electricity,persistence_qi__c90__h1,2014-01,0.9,1.0,rolling_user_norm,,1014816,0.9031272664207108,334.4710388251425,488.3464947557519,0.0164684041244915,0.0303788299099517,0.0231257467144563,16.46960602013169,619708.5212578416,0.0240670627855205,0.003127266420710817,0.019797075419473897
UCI Electricity,persistence_qi__c90__h1,2014-01,0.9,1.0,erw_global_norm,14.0,1014816,0.9003228171412354,386.0976765238632,513.7512447666254,0.035148440702551,0.0550927878688099,0.0484094982078853,16.46960602013169,619708.5212578416,0.0240670627855205,0.0003228171412353875,0.041778969455218154
UCI Electricity,persistence_qi__c90__h1,2014-01,0.9,1.0,erw_group_norm,14.0,1014816,0.9006795320531013,359.72130300184216,503.461660964568,0.0328855674329139,0.0480659097676213,0.0038341822297679,16.46960602013169,619708.5212578416,0.0240670627855205,0.0006795320531012283,0.018359874831340897
UCI Electricity,persistence_qi__c90__h1,2014-01,0.9,1.0,erw_user_norm,14.0,1014816,0.9039737252861604,332.3143770699638,487.88422321213096,0.0169932283290763,0.0277848299886769,0.0163679808841098,16.46960602013169,619708.5212578416,0.0240670627855205,0.003973725286160357,0.01668060460659305
UCI Electricity,persistence_qi__c90__h1,2014-02,0.9,1.0,rolling_global_norm,,916608,0.8972166945957268,386.48102258489,500.2850596432449,0.037141722524787,0.0557303513406742,0.0511381172839506,16.46960602013169,619708.5212578416,0.0333774075097344,0.002783305404273184,0.0441399199043688
UCI Electricity,persistence_qi__c90__h1,2014-02,0.9,1.0,rolling_group_norm,,916608,0.897300699972071,357.0279689311972,486.2624070399612,0.0345864317134478,0.0489567290928119,0.0047102631006741,16.46960602013169,619708.5212578416,0.0333774075097344,0.0026993000279290635,0.01964834740706095
UCI Electricity,persistence_qi__c90__h1,2014-02,0.9,1.0,rolling_user_norm,,916608,0.8998906839128613,326.8202131030407,462.9016985299896,0.0155370670995671,0.0255641862775263,0.0128086419753086,16.46960602013169,619708.5212578416,0.0333774075097344,0.0001093160871387111,0.01417285453743785
UCI Electricity,persistence_qi__c90__h1,2014-02,0.9,1.0,erw_global_norm,14.0,916608,0.8989142577852255,391.9232253732703,502.2783840219101,0.0371591781874039,0.0550668689012871,0.0485890652557319,16.46960602013169,619708.5212578416,0.0333774075097344,0.0010857422147745321,0.042874121721567904
UCI Electricity,persistence_qi__c90__h1,2014-02,0.9,1.0,erw_group_norm,14.0,916608,0.8989895353302612,356.70475855763914,485.8900819488264,0.0342840123586091,0.0482630882197807,0.0022114182430963,16.46960602013169,619708.5212578416,0.0333774075097344,0.0010104646697388642,0.0182477153008527
UCI Electricity,persistence_qi__c90__h1,2014-02,0.9,1.0,erw_user_norm,14.0,916608,0.9018773565144532,329.03058684448143,462.5694509521159,0.013321725317693,0.0209597692257065,0.0135802469135801,16.46960602013169,619708.5212578416,0.0333774075097344,0.001877356514453199,0.01345098611563655
UCI Electricity,persistence_qi__c90__h1,2014-03,0.9,1.0,rolling_global_norm,,1014816,0.9071802178917164,393.731793826154,506.9552518522641,0.0309504383060574,0.0470682256607456,0.0342468140183194,16.46960602013169,619708.5212578416,0.0369131608296504,0.007180217891716412,0.0325986261621884
UCI Electricity,persistence_qi__c90__h1,2014-03,0.9,1.0,rolling_group_norm,,1014816,0.9068599627912844,356.34565424021986,493.8656168223748,0.0286112950525021,0.0439137367222275,0.0075189031276083,16.46960602013169,619708.5212578416,0.0369131608296504,0.006859962791284424,0.0180650990900552
UCI Electricity,persistence_qi__c90__h1,2014-03,0.9,1.0,rolling_user_norm,,1014816,0.9069920064326932,321.2081352089696,475.72412232458873,0.0202456405890328,0.0381170641282427,0.0228643966547191,16.46960602013169,619708.5212578416,0.0369131608296504,0.006992006432693154,0.02155501862187595
UCI Electricity,persistence_qi__c90__h1,2014-03,0.9,1.0,erw_global_norm,14.0,1014816,0.9073989767603192,394.1355714718711,507.093768980599,0.0309043215715952,0.0469085332298461,0.0342343687773795,16.46960602013169,619708.5212578416,0.0369131608296504,0.007398976760319198,0.032569345174487355
UCI Electricity,persistence_qi__c90__h1,2014-03,0.9,1.0,erw_group_norm,14.0,1014816,0.9069269700122978,353.57652590148547,493.4710678056893,0.0286219373758395,0.0445790958225633,0.0097720031859817,16.46960602013169,619708.5212578416,0.0369131608296504,0.006926970012297806,0.0191969702809106
UCI Electricity,persistence_qi__c90__h1,2014-03,0.9,1.0,erw_user_norm,14.0,1014816,0.907391093557847,314.83542016508784,476.2269504277329,0.0204519834137419,0.0379868668389908,0.0241960374352847,16.46960602013169,619708.5212578416,0.0369131608296504,0.0073910935578469505,0.022324010424513298
UCI Electricity,persistence_qi__c90__h1,2014-04,0.9,1.0,rolling_global_norm,,982080,0.9085665118931248,381.8485976123175,530.762973880861,0.0336622271098077,0.0526895359261069,0.0320473251028806,16.46960602013169,619708.5212578416,0.0142214079769838,0.00856651189312474,0.03285477610634415
UCI Electricity,persistence_qi__c90__h1,2014-04,0.9,1.0,rolling_group_norm,,982080,0.908086917562724,348.7102816516584,535.4179394151396,0.031706174649723,0.0531567200981395,0.0125745180111618,16.46960602013169,619708.5212578416,0.0142214079769838,0.00808691756272395,0.0221403463304424
UCI Electricity,persistence_qi__c90__h1,2014-04,0.9,1.0,rolling_user_norm,,982080,0.9095002443792768,315.2190120020169,530.5971014387483,0.0251262626262626,0.0367382543402684,0.0302211934156378,16.46960602013169,619708.5212578416,0.0142214079769838,0.009500244379276768,0.0276737280209502
UCI Electricity,persistence_qi__c90__h1,2014-04,0.9,1.0,erw_global_norm,14.0,982080,0.9078608667318344,379.9371814418905,530.8321307958983,0.0336469534050179,0.0531183897463569,0.0332047325102881,16.46960602013169,619708.5212578416,0.0142214079769838,0.007860866731834393,0.033425842957652996
UCI Electricity,persistence_qi__c90__h1,2014-04,0.9,1.0,erw_group_norm,14.0,982080,0.9074993890518084,348.30834002596856,535.4054144256455,0.0317397768002606,0.0538063927422529,0.0119561770674784,16.46960602013169,619708.5212578416,0.0142214079769838,0.007499389051808358,0.0218479769338695
UCI Electricity,persistence_qi__c90__h1,2014-04,0.9,1.0,erw_user_norm,14.0,982080,0.9100887911371782,320.6082367116703,524.9529348292859,0.0218271423916585,0.0293997018505285,0.0265817901234567,16.46960602013169,619708.5212578416,0.0142214079769838,0.010088791137178199,0.0242044662575576
UCI Electricity,persistence_qi__c90__h1,2014-05,0.9,1.0,rolling_global_norm,,1014816,0.9042929949862832,371.0387453990623,597.0994651076198,0.0341801863589064,0.0586701954220871,0.0523048586220629,16.46960602013169,619708.5212578416,0.0,0.004292994986283216,0.043242522490484644
UCI Electricity,persistence_qi__c90__h1,2014-05,0.9,1.0,rolling_group_norm,,1014816,0.904377739412859,349.11471425874896,605.3417234222941,0.0323465534638791,0.0534082548078268,0.0114851843668679,16.46960602013169,619708.5212578416,0.0,0.004377739412859016,0.0219158689153735
UCI Electricity,persistence_qi__c90__h1,2014-05,0.9,1.0,rolling_user_norm,,1014816,0.9025833254501308,337.4016238461167,586.6050924884908,0.0226874625547882,0.0381815662056251,0.0168906810035842,16.46960602013169,619708.5212578416,0.0,0.0025833254501307357,0.0197890717791862
UCI Electricity,persistence_qi__c90__h1,2014-05,0.9,1.0,erw_global_norm,14.0,1014816,0.9042929949862832,371.0387453990623,597.0994651076198,0.0341801863589064,0.0586701954220871,0.0523048586220629,16.46960602013169,619708.5212578416,0.0,0.004292994986283216,0.043242522490484644
UCI Electricity,persistence_qi__c90__h1,2014-05,0.9,1.0,erw_group_norm,14.0,1014816,0.9002429997162047,351.70129550278926,603.9505483586936,0.0324466701352757,0.0577162819018329,0.0087719298245614,16.46960602013169,619708.5212578416,0.0,0.00024299971620467264,0.020609299979918547
UCI Electricity,persistence_qi__c90__h1,2014-05,0.9,1.0,erw_user_norm,14.0,1014816,0.90281587992306,345.0163816328647,581.8329385362287,0.0183260807870589,0.025858355317808,0.0129579848665869,16.46960602013169,619708.5212578416,0.0,0.002815879923059983,0.0156420328268229
UCI Electricity,persistence_qi__c90__h1,2014-06,0.9,1.0,rolling_global_norm,,982080,0.900636404366243,371.0387455111077,701.7413333592866,0.0347598973607038,0.0572765220120916,0.0419238683127571,16.46960602013169,619708.5212578416,0.0,0.0006364043662430152,0.03834188283673045
UCI Electricity,persistence_qi__c90__h1,2014-06,0.9,1.0,rolling_group_norm,,982080,0.8960094900619094,360.723065058026,705.6893609979213,0.0336581541218638,0.0551468399771168,0.0143530701754386,16.46960602013169,619708.5212578416,0.0,0.003990509938090581,0.024005612148651198
UCI Electricity,persistence_qi__c90__h1,2014-06,0.9,1.0,rolling_user_norm,,982080,0.8979105571847508,369.77344206925176,680.6987139282539,0.0189638318670576,0.0262535564475033,0.0190586419753086,16.46960602013169,619708.5212578416,0.0,0.002089442815249254,0.0190112369211831
UCI Electricity,persistence_qi__c90__h1,2014-06,0.9,1.0,erw_global_norm,14.0,982080,0.900636404366243,371.0387455111077,701.7413333592866,0.0347598973607038,0.0572765220120916,0.0419238683127571,16.46960602013169,619708.5212578416,0.0,0.0006364043662430152,0.03834188283673045
UCI Electricity,persistence_qi__c90__h1,2014-06,0.9,1.0,erw_group_norm,14.0,982080,0.8958251873574454,361.9280268140192,704.9848586984831,0.0337915444770283,0.0550021176182793,0.0136330409356725,16.46960602013169,619708.5212578416,0.0,0.004174812642554593,0.023712292706350398
UCI Electricity,persistence_qi__c90__h1,2014-06,0.9,1.0,erw_user_norm,14.0,982080,0.8980806044314109,371.888726818392,680.388934275298,0.0178793988269794,0.0246109510393575,0.0224665637860081,16.46960602013169,619708.5212578416,0.0,0.0019193955685891106,0.02017298130649375
UCI Electricity,persistence_qi__c90__h1,2014-07,0.9,1.0,rolling_global_norm,,1014816,0.8893493992999716,371.03874592180273,797.318316045803,0.0379505250212846,0.0634702798191424,0.0642273994424532,16.46960602013169,619708.5212578416,0.0,0.010650600700028434,0.0510889622318689
UCI Electricity,persistence_qi__c90__h1,2014-07,0.9,1.0,rolling_group_norm,,1014816,0.8872278324346482,376.651215652328,791.3912889595814,0.0358971478573455,0.0571847329377889,0.0177195340501792,16.46960602013169,619708.5212578416,0.0,0.012772167565351822,0.026808340953762347
UCI Electricity,persistence_qi__c90__h1,2014-07,0.9,1.0,rolling_user_norm,,1014816,0.8871391464068363,394.1508550683124,759.9830273956023,0.0249067811307665,0.0378952235536352,0.0177136389360498,16.46960602013169,619708.5212578416,0.0,0.01286085359316369,0.02131021003340815
UCI Electricity,persistence_qi__c90__h1,2014-07,0.9,1.0,erw_global_norm,14.0,1014816,0.8893493992999716,371.03874592180273,797.318316045803,0.0379505250212846,0.0634702798191424,0.0642273994424532,16.46960602013169,619708.5212578416,0.0,0.010650600700028434,0.0510889622318689
UCI Electricity,persistence_qi__c90__h1,2014-07,0.9,1.0,erw_group_norm,14.0,1014816,0.8881225759152398,383.04672309620366,787.0515057265592,0.035534126383502,0.0565930490383645,0.0208432895260852,16.46960602013169,619708.5212578416,0.0,0.011877424084760224,0.0281887079547936
UCI Electricity,persistence_qi__c90__h1,2014-07,0.9,1.0,erw_user_norm,14.0,1014816,0.8886635606848926,407.08158506578513,754.058750827604,0.0216066754958534,0.0352595453336665,0.0127935766836446,16.46960602013169,619708.5212578416,0.0,0.011336439315107416,0.017200126089749
UCI Electricity,persistence_qi__c90__h1,2014-08,0.9,1.0,rolling_global_norm,,1014816,0.9005031453977864,385.6516991769107,827.6859488262365,0.0392557862706145,0.0598726300421285,0.0322431302270012,16.46960602013169,619708.5212578416,0.0449253809403616,0.0005031453977863976,0.03574945824880785
UCI Electricity,persistence_qi__c90__h1,2014-08,0.9,1.0,rolling_group_norm,,1014816,0.9020098224702804,402.6965712904715,815.9791243821695,0.0377680288840538,0.0547521368403423,0.0030677689399518,16.46960602013169,619708.5212578416,0.0449253809403616,0.0020098224702803646,0.0204178989120028
UCI Electricity,persistence_qi__c90__h1,2014-08,0.9,1.0,rolling_user_norm,,1014816,0.9031794926370889,454.1752938025443,778.8673245102553,0.0187330511146848,0.0279983566000393,0.0244573874950219,16.46960602013169,619708.5212578416,0.0449253809403616,0.003179492637088832,0.02159521930485335
UCI Electricity,persistence_qi__c90__h1,2014-08,0.9,1.0,erw_global_norm,14.0,1014816,0.9055020811654526,399.1488751595985,820.1920779642801,0.038610743228329,0.0571073237945697,0.0268916766228594,16.46960602013169,619708.5212578416,0.0449253809403616,0.005502081165452588,0.0327512099255942
UCI Electricity,persistence_qi__c90__h1,2014-08,0.9,1.0,erw_group_norm,14.0,1014816,0.9049000015766404,411.7032700143613,811.6932874348695,0.0371959054646359,0.0530445890809051,0.0110538630027877,16.46960602013169,619708.5212578416,0.0449253809403616,0.004900001576640389,0.0241248842337118
UCI Electricity,persistence_qi__c90__h1,2014-08,0.9,1.0,erw_user_norm,14.0,1014816,0.9086662015577208,474.1831892337552,776.2346076752784,0.0177133588749093,0.0240158564340836,0.0295599362803663,16.46960602013169,619708.5212578416,0.0449253809403616,0.008666201557720798,0.023636647577637802
UCI Electricity,persistence_qi__c90__h1,2014-09,0.9,1.0,rolling_global_norm,,982080,0.9057215298142718,394.5720419105925,787.2867777845537,0.035102028347996,0.0538879783802387,0.0354552469135802,16.46960602013169,619708.5212578416,0.0260007630848534,0.005721529814271764,0.035278637630788104
UCI Electricity,persistence_qi__c90__h1,2014-09,0.9,1.0,rolling_group_norm,,982080,0.9058936135549038,410.5213212027566,778.7512272831146,0.0335940045617464,0.047809168110492,0.009875730994152,16.46960602013169,619708.5212578416,0.0260007630848534,0.005893613554903809,0.021734867777949203
UCI Electricity,persistence_qi__c90__h1,2014-09,0.9,1.0,rolling_user_norm,,982080,0.906806981101336,489.4908141679306,751.0920732804344,0.0189546676441837,0.0267719674083211,0.0153163580246913,16.46960602013169,619708.5212578416,0.0260007630848534,0.006806981101335929,0.0171355128344375
UCI Electricity,persistence_qi__c90__h1,2014-09,0.9,1.0,erw_global_norm,14.0,982080,0.903122963506028,387.30760768058303,790.6716963850996,0.0351855246008471,0.0554320129826657,0.0380787037037037,16.46960602013169,619708.5212578416,0.0260007630848534,0.0031229635060280314,0.036632114152275394
UCI Electricity,persistence_qi__c90__h1,2014-09,0.9,1.0,erw_group_norm,14.0,982080,0.9051105816226784,407.8011787395917,779.7752382936242,0.0339269713261648,0.0491725414196108,0.0089583333333332,16.46960602013169,619708.5212578416,0.0260007630848534,0.005110581622678412,0.021442652329749
UCI Electricity,persistence_qi__c90__h1,2014-09,0.9,1.0,erw_user_norm,14.0,982080,0.9030201205604432,492.387612791203,751.5847640382691,0.0209229390681003,0.0356492209263221,0.0096783625730993,16.46960602013169,619708.5212578416,0.0260007630848534,0.003020120560443207,0.0153006508205998
UCI Electricity,persistence_qi__c90__h1,2014-10,0.9,1.0,rolling_global_norm,,1014816,0.9035519739538992,380.89864606291377,700.3945639656887,0.0328085091287484,0.0537971424023609,0.0400338510553565,16.46960602013169,619708.5212578416,0.000828100477439,0.003551973953899168,0.036421180092052446
UCI Electricity,persistence_qi__c90__h1,2014-10,0.9,1.0,rolling_group_norm,,1014816,0.9064874814744742,395.9892013902654,693.7006324096193,0.0311256424810014,0.0460659136218866,0.0134161007357102,16.46960602013169,619708.5212578416,0.000828100477439,0.006487481474474199,0.0222708716083558
UCI Electricity,persistence_qi__c90__h1,2014-10,0.9,1.0,rolling_user_norm,,1014816,0.9035884337653328,484.1237484020937,679.3234997786291,0.0252534449594803,0.0358542951816816,0.0150573005093378,16.46960602013169,619708.5212578416,0.000828100477439,0.003588433765332799,0.020155372734409052
UCI Electricity,persistence_qi__c90__h1,2014-10,0.9,1.0,erw_global_norm,14.0,1014816,0.9016008813420364,371.55689371506776,704.3335964287376,0.0330138665531485,0.0552872041225156,0.0420250896057348,16.46960602013169,619708.5212578416,0.000828100477439,0.0016008813420363976,0.03751947807944165
UCI Electricity,persistence_qi__c90__h1,2014-10,0.9,1.0,erw_group_norm,14.0,1014816,0.9051374830511146,385.9316017363636,697.1818224176674,0.0309340806609276,0.0469081168237398,0.0091327108092812,16.46960602013169,619708.5212578416,0.000828100477439,0.005137483051114611,0.0200333957351044
UCI Electricity,persistence_qi__c90__h1,2014-10,0.9,1.0,erw_user_norm,14.0,1014816,0.9033814997004384,469.7413679060714,674.0638401469236,0.019694604736228,0.0279670365814052,0.011262026032824,16.46960602013169,619708.5212578416,0.000828100477439,0.0033814997004383285,0.015478315384526
UCI Electricity,persistence_qi__c90__h1,2014-11,0.9,1.0,rolling_global_norm,,982080,0.9044466845878136,371.0388918207542,532.8583228313329,0.0348372841316389,0.0538892188530663,0.0421939300411522,16.46960602013169,619708.5212578416,0.000196424869711,0.00444668458781361,0.03851560708639555
UCI Electricity,persistence_qi__c90__h1,2014-11,0.9,1.0,rolling_group_norm,,982080,0.9072264988595634,373.68199453959306,531.578731367035,0.0326582355816226,0.0464139367501205,0.0159210526315789,16.46960602013169,619708.5212578416,0.000196424869711,0.0072264988595633906,0.024289644106600748
UCI Electricity,persistence_qi__c90__h1,2014-11,0.9,1.0,rolling_user_norm,,982080,0.9051940778755296,444.0834838870709,551.0120791938349,0.0272411616161616,0.0361252239256568,0.0157273391812865,16.46960602013169,619708.5212578416,0.000196424869711,0.005194077875529612,0.02148425039872405
UCI Electricity,persistence_qi__c90__h1,2014-11,0.9,1.0,erw_global_norm,14.0,982080,0.9051950961225156,371.1616497850564,532.8544309158793,0.0346387259693711,0.0534657966460933,0.0421296296296296,16.46960602013169,619708.5212578416,0.000196424869711,0.005195096122515563,0.038384177799500346
UCI Electricity,persistence_qi__c90__h1,2014-11,0.9,1.0,erw_group_norm,14.0,982080,0.9064597588791136,369.8156109170136,531.718635594918,0.0326490713587487,0.0471498245975278,0.0126900584795321,16.46960602013169,619708.5212578416,0.000196424869711,0.006459758879113542,0.0226695649191404
UCI Electricity,persistence_qi__c90__h1,2014-11,0.9,1.0,erw_user_norm,14.0,982080,0.9066522075594656,432.1415094352564,542.7945590410897,0.0229665607689801,0.0308401117778531,0.0152906378600823,16.46960602013169,619708.5212578416,0.000196424869711,0.006652207559465606,0.0191285993145312
UCI Electricity,persistence_qi__c90__h1,2014-12,0.9,1.0,rolling_global_norm,,1014816,0.8946409989594173,371.0387453518593,499.7074701467705,0.0385149623182921,0.0602022570785913,0.0580918956591,16.46960602013169,619708.5212578416,0.0,0.005359001040582734,0.04830342898869605
UCI Electricity,persistence_qi__c90__h1,2014-12,0.9,1.0,rolling_group_norm,,1014816,0.8955111074322832,353.58561436245355,493.9656108519225,0.0360540235865418,0.0542943443273449,0.0069668458781362,16.46960602013169,619708.5212578416,0.0,0.004488892567716785,0.021510434732339
UCI Electricity,persistence_qi__c90__h1,2014-12,0.9,1.0,rolling_user_norm,,1014816,0.8938851969223978,365.0229127529018,491.6735375842175,0.0270612603664112,0.0355871097960628,0.0100263293563117,16.46960602013169,619708.5212578416,0.0,0.00611480307760226,0.01854379486136145
UCI Electricity,persistence_qi__c90__h1,2014-12,0.9,1.0,erw_global_norm,14.0,1014816,0.8946409989594173,371.0387453518593,499.7074701467705,0.0385149623182921,0.0602022570785913,0.0580918956591,16.46960602013169,619708.5212578416,0.0,0.005359001040582734,0.04830342898869605
UCI Electricity,persistence_qi__c90__h1,2014-12,0.9,1.0,erw_group_norm,14.0,1014816,0.8948922760382177,349.0068430023066,493.6195685526412,0.0360615126288903,0.0552821480768018,0.0058820641233368,16.46960602013169,619708.5212578416,0.0,0.005107723961782273,0.020971788376113548
UCI Electricity,persistence_qi__c90__h1,2014-12,0.9,1.0,erw_user_norm,14.0,1014816,0.8944202692901965,343.2930367842036,481.60592628579207,0.0240358843376533,0.0325629783966242,0.0081805125939019,16.46960602013169,619708.5212578416,0.0,0.005579730709803554,0.0161081984657776
UCI Electricity,persistence_qi__c90__h6,2014-01,0.9,6.0,rolling_global_norm,,1014816,0.8997434017595308,1277.0379311520712,1365.6946761750198,0.07586399899095,0.0948789381631957,0.0582536837913182,16.46960602013169,619708.5212578416,0.0536559007893497,0.0002565982404691969,0.0670588413911341
UCI Electricity,persistence_qi__c90__h6,2014-01,0.9,6.0,rolling_group_norm,,1014816,0.8999119052123735,1190.1851573098854,1316.3067059154755,0.0749686642701731,0.092145342721568,0.0055531975099037,16.46960602013169,619708.5212578416,0.0536559007893497,8.809478762650258e-05,0.0402609308900384
UCI Electricity,persistence_qi__c90__h6,2014-01,0.9,6.0,rolling_user_norm,,1014816,0.9066806199350425,928.1140692354325,1019.2644505992282,0.0385189039195282,0.0521788422235536,0.0154817487266553,16.46960602013169,619708.5212578416,0.0536559007893497,0.006680619935042431,0.02700032632309175
UCI Electricity,persistence_qi__c90__h6,2014-01,0.9,6.0,erw_global_norm,14.0,1014816,0.9059504383060576,1297.7813274512368,1377.8308144328123,0.0752946346923974,0.0925551586170446,0.0524915372361609,16.46960602013169,619708.5212578416,0.0536559007893497,0.0059504383060575705,0.06389308596427914
UCI Electricity,persistence_qi__c90__h6,2014-01,0.9,6.0,erw_group_norm,14.0,1014816,0.9064401822596412,1204.5360703161518,1319.6843500181667,0.0731703087062087,0.0888652263906498,0.0122134974533106,16.46960602013169,619708.5212578416,0.0536559007893497,0.006440182259641158,0.042691903079759654
UCI Electricity,persistence_qi__c90__h6,2014-01,0.9,6.0,erw_user_norm,14.0,1014816,0.9127299924321256,917.1174817911716,1011.6578957021482,0.037521087566613,0.0466474813937982,0.0204513299377475,16.46960602013169,619708.5212578416,0.0536559007893497,0.01272999243212558,0.028986208752180248
UCI Electricity,persistence_qi__c90__h6,2014-02,0.9,6.0,rolling_global_norm,,916608,0.8987440650747103,1294.417865508436,1372.396556848559,0.0818827677698645,0.0996944984052768,0.0651372354497354,16.46960602013169,619708.5212578416,0.0487585676082571,0.0012559349252897478,0.07351000160979995
UCI Electricity,persistence_qi__c90__h6,2014-02,0.9,6.0,rolling_group_norm,,916608,0.8997859499371597,1196.7988177467437,1310.2983482967084,0.0792157607177768,0.0954094845722682,0.0106046365914787,16.46960602013169,619708.5212578416,0.0487585676082571,0.0002140500628403652,0.04491019865462775
UCI Electricity,persistence_qi__c90__h6,2014-02,0.9,6.0,rolling_user_norm,,916608,0.9059587086300795,898.8883383408895,982.731648199074,0.0358196742773355,0.0481440759854669,0.0165256892230576,16.46960602013169,619708.5212578416,0.0487585676082571,0.005958708630079523,0.026172681750196547
UCI Electricity,persistence_qi__c90__h6,2014-02,0.9,6.0,erw_global_norm,14.0,916608,0.8988717096075967,1294.7170312830474,1372.5866127528716,0.0818794948331238,0.0996271512964803,0.0651372354497354,16.46960602013169,619708.5212578416,0.0487585676082571,0.0011282903924033638,0.07350836514142961
UCI Electricity,persistence_qi__c90__h6,2014-02,0.9,6.0,erw_group_norm,14.0,916608,0.8995481165340037,1189.995749431206,1308.397868204454,0.0792781647116324,0.0958887784242642,0.0069627192982455,16.46960602013169,619708.5212578416,0.0487585676082571,0.0004518834659963389,0.043120442004938954
UCI Electricity,persistence_qi__c90__h6,2014-02,0.9,6.0,erw_user_norm,14.0,916608,0.9039447615556486,887.3483427181147,975.731488949961,0.0305192623236978,0.0425769533767974,0.0110119047619047,16.46960602013169,619708.5212578416,0.0487585676082571,0.0039447615556486015,0.02076558354280125
UCI Electricity,persistence_qi__c90__h6,2014-03,0.9,6.0,rolling_global_norm,,1014816,0.9347211711285592,1294.6242844512967,1347.362666966516,0.0641834578879323,0.0733688172595041,0.0712542444821731,16.46960602013169,619708.5212578416,0.0405407222148256,0.034721171128559214,0.06771885118505269
UCI Electricity,persistence_qi__c90__h6,2014-03,0.9,6.0,rolling_group_norm,,1014816,0.9347733973449374,1182.998951202231,1282.1066466419757,0.0635841374199854,0.0744171496913064,0.0393611602101438,16.46960602013169,619708.5212578416,0.0405407222148256,0.03477339734493734,0.0514726488150646
UCI Electricity,persistence_qi__c90__h6,2014-03,0.9,6.0,rolling_user_norm,,1014816,0.9239753807586794,872.4163197678421,981.435989659868,0.0513194510137798,0.0624244912989224,0.0264987479746648,16.46960602013169,619708.5212578416,0.0405407222148256,0.023975380758679332,0.0389090994942223
UCI Electricity,persistence_qi__c90__h6,2014-03,0.9,6.0,erw_global_norm,14.0,1014816,0.933207596253902,1289.5750672401325,1343.792769854626,0.0640127865544098,0.074068101406918,0.0703629032258064,16.46960602013169,619708.5212578416,0.0405407222148256,0.033207596253902016,0.0671878448901081
UCI Electricity,persistence_qi__c90__h6,2014-03,0.9,6.0,erw_group_norm,14.0,1014816,0.9327612099139154,1172.881899837152,1280.1243935923103,0.0637816116419134,0.0770518246844209,0.0382518289389698,16.46960602013169,619708.5212578416,0.0405407222148256,0.0327612099139154,0.0510167202904416
UCI Electricity,persistence_qi__c90__h6,2014-03,0.9,6.0,erw_user_norm,14.0,1014816,0.9209137419985496,854.1507141168033,982.7068685479612,0.0493646138807429,0.0623848103086301,0.0244826189424067,16.46960602013169,619708.5212578416,0.0405407222148256,0.020913741998549562,0.036923616411574794
UCI Electricity,persistence_qi__c90__h6,2014-04,0.9,6.0,rolling_global_norm,,982080,0.9316990469208212,1247.8960681762617,1306.735000658913,0.0687245438253502,0.085247081630809,0.0830246913580247,16.46960602013169,619708.5212578416,-0.0774584955625583,0.03169904692082115,0.07587461759168745
UCI Electricity,persistence_qi__c90__h6,2014-04,0.9,6.0,rolling_group_norm,,982080,0.9297063375692408,1145.0595846877063,1278.6139332110106,0.0686603942652329,0.0872731910345445,0.0429778665651953,16.46960602013169,619708.5212578416,-0.0774584955625583,0.029706337569240793,0.0558191304152141
UCI Electricity,persistence_qi__c90__h6,2014-04,0.9,6.0,rolling_user_norm,,982080,0.916734889214728,846.9530832642859,1171.8437591409215,0.0569210247637666,0.0674417977948112,0.0365612139917694,16.46960602013169,619708.5212578416,-0.0774584955625583,0.016734889214727988,0.046741119377767995
UCI Electricity,persistence_qi__c90__h6,2014-04,0.9,6.0,erw_global_norm,14.0,982080,0.9202946806777452,1215.742119377073,1292.0855194061924,0.0683925953079178,0.0920599623515683,0.0999228395061728,16.46960602013169,619708.5212578416,-0.0774584955625583,0.020294680677745203,0.08415771740704531
UCI Electricity,persistence_qi__c90__h6,2014-04,0.9,6.0,erw_group_norm,14.0,982080,0.918187927663734,1124.4144689286147,1280.147203075373,0.0683997230368197,0.0957490075922813,0.0305079908675799,16.46960602013169,619708.5212578416,-0.0774584955625583,0.018187927663734005,0.049453856952199796
UCI Electricity,persistence_qi__c90__h6,2014-04,0.9,6.0,erw_user_norm,14.0,982080,0.9096804740957968,837.232475376671,1159.678361151666,0.0480439475399152,0.0595542715246096,0.0308513374485596,16.46960602013169,619708.5212578416,-0.0774584955625583,0.009680474095796754,0.0394476424942374
UCI Electricity,persistence_qi__c90__h6,2014-05,0.9,6.0,rolling_global_norm,,1014816,0.900807634093274,1188.009424114779,1324.792543022743,0.0732917100242802,0.1184254533164066,0.1529868578255675,16.46960602013169,619708.5212578416,-0.1458311994035185,0.0008076340932740012,0.11313928392492385
UCI Electricity,persistence_qi__c90__h6,2014-05,0.9,6.0,rolling_group_norm,,1014816,0.8987846072588528,1124.8634022828062,1326.8689990977114,0.0699975167912212,0.1058630632360769,0.0331211092246745,16.46960602013169,619708.5212578416,-0.1458311994035185,0.0012153927411472365,0.051559313007947846
UCI Electricity,persistence_qi__c90__h6,2014-05,0.9,6.0,rolling_user_norm,,1014816,0.888035860688046,898.9901836324484,1417.0546287038785,0.0578014142465235,0.0779327192020398,0.0612867855121674,16.46960602013169,619708.5212578416,-0.1458311994035185,0.011964139311954058,0.05954409987934545
UCI Electricity,persistence_qi__c90__h6,2014-05,0.9,6.0,erw_global_norm,14.0,1014816,0.8944123860877243,1172.9668837135546,1324.3327606424364,0.074537650175007,0.1222603220391036,0.1571062325766626,16.46960602013169,619708.5212578416,-0.1458311994035185,0.005587613912275691,0.11582194137583479
UCI Electricity,persistence_qi__c90__h6,2014-05,0.9,6.0,erw_group_norm,14.0,1014816,0.89302691325324,1125.9753674224555,1325.563221812249,0.0707734209945448,0.1098926503866338,0.0306699207696661,16.46960602013169,619708.5212578416,-0.1458311994035185,0.006973086746760004,0.05072167088210545
UCI Electricity,persistence_qi__c90__h6,2014-05,0.9,6.0,erw_user_norm,14.0,1014816,0.8849909737331694,933.2971200237364,1327.7814495849734,0.0491787673824614,0.0669553533482999,0.0530772495755518,16.46960602013169,619708.5212578416,-0.1458311994035185,0.01500902626683065,0.0511280084790066
UCI Electricity,persistence_qi__c90__h6,2014-06,0.9,6.0,rolling_global_norm,,982080,0.8718495438253503,1178.0349213782183,1495.6750518851504,0.0820788530465949,0.1256025536797223,0.150758744855967,16.46960602013169,619708.5212578416,-0.1455879914182696,0.02815045617464973,0.11641879895128095
UCI Electricity,persistence_qi__c90__h6,2014-06,0.9,6.0,rolling_group_norm,,982080,0.8712223036819811,1155.8900459639397,1505.6375624366412,0.0802236070381231,0.1127648850407909,0.0565204678362573,16.46960602013169,619708.5212578416,-0.1455879914182696,0.028777696318018964,0.0683720374371902
UCI Electricity,persistence_qi__c90__h6,2014-06,0.9,6.0,rolling_user_norm,,982080,0.8655486314760509,1024.7356996629694,1583.440255995026,0.0604309221244705,0.0758831139909162,0.0761988304093567,16.46960602013169,619708.5212578416,-0.1455879914182696,0.034451368523949144,0.0683148762669136
UCI Electricity,persistence_qi__c90__h6,2014-06,0.9,6.0,erw_global_norm,14.0,982080,0.8695696888237211,1173.119026087065,1498.6067669084855,0.0832141984359726,0.1268870198076476,0.1530349794238683,16.46960602013169,619708.5212578416,-0.1455879914182696,0.030430311176278924,0.11812458892992045
UCI Electricity,persistence_qi__c90__h6,2014-06,0.9,6.0,erw_group_norm,14.0,982080,0.8686054089279895,1152.1685922689005,1508.3002913909866,0.081335532746823,0.1138741060690843,0.0587280701754385,16.46960602013169,619708.5212578416,-0.1455879914182696,0.03139459107201048,0.07003180146113075
UCI Electricity,persistence_qi__c90__h6,2014-06,0.9,6.0,erw_user_norm,14.0,982080,0.8632524845226458,1025.420961234831,1575.7380053746049,0.0582590013033561,0.0722058047269398,0.0775109649122807,16.46960602013169,619708.5212578416,-0.1455879914182696,0.03674751547735422,0.0678849831078184
UCI Electricity,persistence_qi__c90__h6,2014-07,0.9,6.0,rolling_global_norm,,1014816,0.8523160848863243,1211.5251604022228,1829.3989003339584,0.0955562387664364,0.1253097408339241,0.1406536240541617,16.46960602013169,619708.5212578416,-0.0574734932639118,0.04768391511367576,0.11810493141029905
UCI Electricity,persistence_qi__c90__h6,2014-07,0.9,6.0,rolling_group_norm,,1014816,0.8509276558509129,1215.088692705526,1818.5487782436176,0.0949372102923091,0.1200568774990998,0.0754845783814375,16.46960602013169,619708.5212578416,-0.0574734932639118,0.04907234414908712,0.0852108943368733
UCI Electricity,persistence_qi__c90__h6,2014-07,0.9,6.0,rolling_user_norm,,1014816,0.844025912086526,1138.2381329867635,1936.4168526924789,0.0720002443792766,0.0799385350262729,0.0918718166383701,16.46960602013169,619708.5212578416,-0.0574734932639118,0.055974087913474024,0.08193603050882335
UCI Electricity,persistence_qi__c90__h6,2014-07,0.9,6.0,erw_global_norm,14.0,1014816,0.8602909295872355,1228.2468762978322,1805.4779433237,0.091151696465172,0.1192120519287466,0.1285070688968538,16.46960602013169,619708.5212578416,-0.0574734932639118,0.0397090704127645,0.10982938268101289
UCI Electricity,persistence_qi__c90__h6,2014-07,0.9,6.0,erw_group_norm,14.0,1014816,0.8590562230000315,1240.1062596685144,1783.3971479976246,0.0898405228139879,0.1156964561578855,0.0595819185059423,16.46960602013169,619708.5212578416,-0.0574734932639118,0.04094377699996854,0.0747112206599651
UCI Electricity,persistence_qi__c90__h6,2014-07,0.9,6.0,erw_user_norm,14.0,1014816,0.8535143316620944,1188.0732195701555,1824.4762634733115,0.0590999747737521,0.066735618633627,0.0717529711375212,16.46960602013169,619708.5212578416,-0.0574734932639118,0.04648566833790557,0.06542647295563665
UCI Electricity,persistence_qi__c90__h6,2014-08,0.9,6.0,rolling_global_norm,,1014816,0.8877392551950304,1282.919161620553,1964.8489341831428,0.0858701478888783,0.1119077612182578,0.0445564516129032,16.46960602013169,619708.5212578416,0.0908959579696448,0.012260744804969637,0.06521329975089074
UCI Electricity,persistence_qi__c90__h6,2014-08,0.9,6.0,rolling_group_norm,,1014816,0.8878969192444739,1322.538148281884,1903.7682056285792,0.0840290259515025,0.1095382233555625,0.0218555461233729,16.46960602013169,619708.5212578416,0.0908959579696448,0.01210308075552613,0.0529422860374377
UCI Electricity,persistence_qi__c90__h6,2014-08,0.9,6.0,rolling_user_norm,,1014816,0.892524359095639,1374.1172884216635,1720.923272519555,0.0414116450666918,0.0559979312390398,0.0199844368986983,16.46960602013169,619708.5212578416,0.0908959579696448,0.007475640904361036,0.030698040982695053
UCI Electricity,persistence_qi__c90__h6,2014-08,0.9,6.0,erw_global_norm,14.0,1014816,0.9019989830668812,1321.0826943071966,1913.8342806079604,0.0808116939425472,0.1045624168935244,0.0318075467941059,16.46960602013169,619708.5212578416,0.0908959579696448,0.001998983066881177,0.05630962036832655
UCI Electricity,persistence_qi__c90__h6,2014-08,0.9,6.0,erw_group_norm,14.0,1014816,0.901851173020528,1364.2520302912214,1859.7609921595783,0.0804321177435121,0.102678469812087,0.0130326563122261,16.46960602013169,619708.5212578416,0.0908959579696448,0.001851173020527952,0.046732387027869096
UCI Electricity,persistence_qi__c90__h6,2014-08,0.9,6.0,erw_user_norm,14.0,1014816,0.9080670781698356,1417.8248263579887,1686.2288753974867,0.0368466795951187,0.0468297383498818,0.0264984070091597,16.46960602013169,619708.5212578416,0.0908959579696448,0.00806707816983554,0.0316725433021392
UCI Electricity,persistence_qi__c90__h6,2014-09,0.9,6.0,rolling_global_norm,,982080,0.919488229064842,1328.479601764842,1597.9062874971144,0.0718587080482241,0.087428741329783,0.0359182098765432,16.46960602013169,619708.5212578416,0.0871552007942597,0.019488229064841933,0.053888458962383645
UCI Electricity,persistence_qi__c90__h6,2014-09,0.9,6.0,rolling_group_norm,,982080,0.9189648501140436,1376.9631563531975,1580.002076091581,0.0704738921472792,0.0846869443874358,0.0313961988304093,16.46960602013169,619708.5212578416,0.0871552007942597,0.018964850114043585,0.05093504548884425
UCI Electricity,persistence_qi__c90__h6,2014-09,0.9,6.0,rolling_user_norm,,982080,0.9109054252199412,1477.8660102082283,1568.2547917301067,0.0443528022157054,0.0535929938718184,0.0255994152046783,16.46960602013169,619708.5212578416,0.0871552007942597,0.0109054252199412,0.03497610871019185
UCI Electricity,persistence_qi__c90__h6,2014-09,0.9,6.0,erw_global_norm,14.0,982080,0.9164711632453568,1318.7420762076774,1602.2643902792915,0.0723118279569892,0.0889978141427062,0.0383616255144033,16.46960602013169,619708.5212578416,0.0871552007942597,0.0164711632453568,0.05533672673569626
UCI Electricity,persistence_qi__c90__h6,2014-09,0.9,6.0,erw_group_norm,14.0,982080,0.916164670902574,1371.27155163239,1580.7706638312195,0.071225358422939,0.0867732227303319,0.0298464912280701,16.46960602013169,619708.5212578416,0.0871552007942597,0.016164670902574008,0.05053592482550455
UCI Electricity,persistence_qi__c90__h6,2014-09,0.9,6.0,erw_user_norm,14.0,982080,0.902580237862496,1486.0233737460476,1582.3781725618398,0.0483097100032583,0.0666572091078161,0.022203947368421,16.46960602013169,619708.5212578416,0.0871552007942597,0.0025802378624959488,0.03525682868583965
UCI Electricity,persistence_qi__c90__h6,2014-10,0.9,6.0,rolling_global_norm,,1014816,0.9272528221864852,1294.9392147859464,1412.161350578586,0.068158759814587,0.0825598264403094,0.0425104540023895,16.46960602013169,619708.5212578416,0.0,0.02725282218648517,0.05533460690848825
UCI Electricity,persistence_qi__c90__h6,2014-10,0.9,6.0,rolling_group_norm,,1014816,0.926698041812506,1337.462019094113,1429.101789415281,0.0671132500867152,0.0794171353584294,0.0565365025466892,16.46960602013169,619708.5212578416,0.0,0.026698041812506013,0.06182487631670221
UCI Electricity,persistence_qi__c90__h6,2014-10,0.9,6.0,rolling_user_norm,,1014816,0.9144032021568442,1442.862068594507,1524.0584986328051,0.0600524627124523,0.0692835393001757,0.0503926146010186,16.46960602013169,619708.5212578416,0.0,0.014403202156844208,0.055222538656735445
UCI Electricity,persistence_qi__c90__h6,2014-10,0.9,6.0,erw_global_norm,14.0,1014816,0.9181585627345252,1264.2084495103168,1405.608441264081,0.0676611326585311,0.0883927904993115,0.0553414974113899,16.46960602013169,619708.5212578416,0.0,0.018158562734525208,0.0615013150349605
UCI Electricity,persistence_qi__c90__h6,2014-10,0.9,6.0,erw_group_norm,14.0,1014816,0.915722653170624,1288.882721985762,1409.67371456285,0.0668929145776179,0.0848275141456191,0.0398945953593661,16.46960602013169,619708.5212578416,0.0,0.015722653170623935,0.053393754968492
UCI Electricity,persistence_qi__c90__h6,2014-10,0.9,6.0,erw_user_norm,14.0,1014816,0.9118214533472078,1352.4348705144837,1439.6544369653004,0.0479623892410052,0.055486119349608,0.0400785229202037,16.46960602013169,619708.5212578416,0.0,0.011821453347207744,0.04402045608060445
UCI Electricity,persistence_qi__c90__h6,2014-11,0.9,6.0,rolling_global_norm,,982080,0.915806247963506,1241.5156195642835,1315.324974126166,0.072149926686217,0.0929136775633954,0.1038966049382715,16.46960602013169,619708.5212578416,-0.0568964967806783,0.015806247963505937,0.08802326581224426
UCI Electricity,persistence_qi__c90__h6,2014-11,0.9,6.0,rolling_group_norm,,982080,0.9177551726946888,1238.574598375641,1312.4277272336687,0.0691257331378299,0.0835259704653203,0.0569846491228069,16.46960602013169,619708.5212578416,-0.0568964967806783,0.017755172694688737,0.0630551911303184
UCI Electricity,persistence_qi__c90__h6,2014-11,0.9,6.0,rolling_user_norm,,982080,0.9062051971326164,1243.380962943067,1300.826349190085,0.0699841153470185,0.0816755232090836,0.0519298245614034,16.46960602013169,619708.5212578416,-0.0568964967806783,0.006205197132616358,0.060956969954210946
UCI Electricity,persistence_qi__c90__h6,2014-11,0.9,6.0,erw_global_norm,14.0,982080,0.9110958374063212,1228.6079080553752,1309.2353787670063,0.0730989328771586,0.0956880461594324,0.1108281893004115,16.46960602013169,619708.5212578416,-0.0568964967806783,0.01109583740632114,0.09196356108878505
UCI Electricity,persistence_qi__c90__h6,2014-11,0.9,6.0,erw_group_norm,14.0,982080,0.913786045943304,1207.1560692914566,1297.776581209917,0.0694637911371782,0.0865353179625714,0.046078216374269,16.46960602013169,619708.5212578416,-0.0568964967806783,0.013786045943304015,0.057771003755723596
UCI Electricity,persistence_qi__c90__h6,2014-11,0.9,6.0,erw_user_norm,14.0,982080,0.9063874633431084,1181.5349186795406,1239.5285804886123,0.0615499755620723,0.072504789977581,0.0456432748538011,16.46960602013169,619708.5212578416,-0.0568964967806783,0.006387463343108357,0.0535966252079367
UCI Electricity,persistence_qi__c90__h6,2014-12,0.9,6.0,rolling_global_norm,,1014816,0.8678548623592849,1208.8704237579502,1331.6304338620048,0.0915072288966669,0.1173762487878587,0.1399193548387096,16.46960602013169,619708.5212578416,-0.0906844539190452,0.03214513764071514,0.11571329186768825
UCI Electricity,persistence_qi__c90__h6,2014-12,0.9,6.0,rolling_group_norm,,1014816,0.8677188771166399,1149.0967183493165,1306.970973350103,0.0892376549049285,0.1111762327472847,0.0464393995188294,16.46960602013169,619708.5212578416,-0.0906844539190452,0.03228112288336016,0.06783852721187895
UCI Electricity,persistence_qi__c90__h6,2014-12,0.9,6.0,rolling_user_norm,,1014816,0.865803258915902,1070.0153424277842,1190.8041064391762,0.0769363116072273,0.0904055507872971,0.0498533166396621,16.46960602013169,619708.5212578416,-0.0906844539190452,0.03419674108409798,0.0633948141234447
UCI Electricity,persistence_qi__c90__h6,2014-12,0.9,6.0,erw_global_norm,14.0,1014816,0.8673020527859238,1207.466922116394,1331.1622822920497,0.0918353671995711,0.1178105723754581,0.139981581043409,16.46960602013169,619708.5212578416,-0.0906844539190452,0.03269794721407626,0.11590847412149005
UCI Electricity,persistence_qi__c90__h6,2014-12,0.9,6.0,erw_group_norm,14.0,1014816,0.8657194998896351,1127.639332358622,1307.6129739765474,0.0897746980733453,0.1141608108416885,0.0441133328423429,16.46960602013169,619708.5212578416,-0.0906844539190452,0.034280500110364875,0.0669440154578441
UCI Electricity,persistence_qi__c90__h6,2014-12,0.9,6.0,erw_user_norm,14.0,1014816,0.8637615094756094,934.797054817196,1064.4534359334302,0.0667890533850471,0.0786976692187128,0.0468413978494623,16.46960602013169,619708.5212578416,-0.0906844539190452,0.036238490524390654,0.0568152256172547
