forecaster,dataset,configuration,coverage,horizon_hours,window,window_order,strategy,selected_policy,loss
LightGBM,Ausgrid,lightgbm_quantile__c80__h1,0.8,1.0,2012-07,0,CSGR,rolling_user_norm,0.0491411741757897
LightGBM,Ausgrid,lightgbm_quantile__c80__h1,0.8,1.0,2012-07,0,Mean-fold minimum,rolling_user_norm,0.0491411741757897
LightGBM,Ausgrid,lightgbm_quantile__c80__h1,0.8,1.0,2012-07,0,Latest-fold minimum,rolling_user_norm,0.0491411741757897
LightGBM,Ausgrid,lightgbm_quantile__c80__h1,0.8,1.0,2012-07,0,Previous-window winner,rolling_global_norm,0.0565054948992088
LightGBM,Ausgrid,lightgbm_quantile__c80__h1,0.8,1.0,2012-07,0,Follow-the-leader,rolling_global_norm,0.0565054948992088
LightGBM,Ausgrid,lightgbm_quantile__c80__h1,0.8,1.0,2012-07,0,Global-CQR,rolling_global_norm,0.0565054948992088
LightGBM,Ausgrid,lightgbm_quantile__c80__h1,0.8,1.0,2012-07,0,Segment-CQR,rolling_group_norm,0.0554605048479896
LightGBM,Ausgrid,lightgbm_quantile__c80__h1,0.8,1.0,2012-07,0,User-CQR,rolling_user_norm,0.0491411741757897
LightGBM,Ausgrid,lightgbm_quantile__c80__h1,0.8,1.0,2012-07,0,Ex-post best fixed,rolling_user_norm,0.0491411741757897
LightGBM,Ausgrid,lightgbm_quantile__c80__h1,0.8,1.0,2012-07,0,Month-wise oracle,rolling_user_norm,0.0491411741757897
LightGBM,Ausgrid,lightgbm_quantile__c80__h1,0.8,1.0,2012-08,1,CSGR,rolling_user_norm,0.0447685228464658
LightGBM,Ausgrid,lightgbm_quantile__c80__h1,0.8,1.0,2012-08,1,Mean-fold minimum,rolling_user_norm,0.0447685228464658
LightGBM,Ausgrid,lightgbm_quantile__c80__h1,0.8,1.0,2012-08,1,Latest-fold minimum,rolling_user_norm,0.0447685228464658
LightGBM,Ausgrid,lightgbm_quantile__c80__h1,0.8,1.0,2012-08,1,Previous-window winner,rolling_user_norm,0.0447685228464658
LightGBM,Ausgrid,lightgbm_quantile__c80__h1,0.8,1.0,2012-08,1,Follow-the-leader,rolling_user_norm,0.0447685228464658
LightGBM,Ausgrid,lightgbm_quantile__c80__h1,0.8,1.0,2012-08,1,Global-CQR,rolling_global_norm,0.051021736050185
LightGBM,Ausgrid,lightgbm_quantile__c80__h1,0.8,1.0,2012-08,1,Segment-CQR,rolling_group_norm,0.0490928344536757
LightGBM,Ausgrid,lightgbm_quantile__c80__h1,0.8,1.0,2012-08,1,User-CQR,rolling_user_norm,0.0447685228464658
LightGBM,Ausgrid,lightgbm_quantile__c80__h1,0.8,1.0,2012-08,1,Ex-post best fixed,rolling_user_norm,0.0447685228464658
LightGBM,Ausgrid,lightgbm_quantile__c80__h1,0.8,1.0,2012-08,1,Month-wise oracle,rolling_user_norm,0.0447685228464658
LightGBM,Ausgrid,lightgbm_quantile__c80__h1,0.8,1.0,2012-09,2,CSGR,rolling_user_norm,0.0507426140404972
LightGBM,Ausgrid,lightgbm_quantile__c80__h1,0.8,1.0,2012-09,2,Mean-fold minimum,rolling_user_norm,0.0507426140404972
LightGBM,Ausgrid,lightgbm_quantile__c80__h1,0.8,1.0,2012-09,2,Latest-fold minimum,rolling_user_norm,0.0507426140404972
LightGBM,Ausgrid,lightgbm_quantile__c80__h1,0.8,1.0,2012-09,2,Previous-window winner,rolling_user_norm,0.0507426140404972
LightGBM,Ausgrid,lightgbm_quantile__c80__h1,0.8,1.0,2012-09,2,Follow-the-leader,rolling_user_norm,0.0507426140404972
LightGBM,Ausgrid,lightgbm_quantile__c80__h1,0.8,1.0,2012-09,2,Global-CQR,rolling_global_norm,0.052508080901569
LightGBM,Ausgrid,lightgbm_quantile__c80__h1,0.8,1.0,2012-09,2,Segment-CQR,rolling_group_norm,0.0515286659158034
LightGBM,Ausgrid,lightgbm_quantile__c80__h1,0.8,1.0,2012-09,2,User-CQR,rolling_user_norm,0.0507426140404972
LightGBM,Ausgrid,lightgbm_quantile__c80__h1,0.8,1.0,2012-09,2,Ex-post best fixed,rolling_user_norm,0.0507426140404972
LightGBM,Ausgrid,lightgbm_quantile__c80__h1,0.8,1.0,2012-09,2,Month-wise oracle,rolling_user_norm,0.0507426140404972
LightGBM,Ausgrid,lightgbm_quantile__c80__h1,0.8,1.0,2012-10,3,CSGR,rolling_user_norm,0.0351530082169891
LightGBM,Ausgrid,lightgbm_quantile__c80__h1,0.8,1.0,2012-10,3,Mean-fold minimum,rolling_user_norm,0.0351530082169891
LightGBM,Ausgrid,lightgbm_quantile__c80__h1,0.8,1.0,2012-10,3,Latest-fold minimum,rolling_user_norm,0.0351530082169891
LightGBM,Ausgrid,lightgbm_quantile__c80__h1,0.8,1.0,2012-10,3,Previous-window winner,rolling_user_norm,0.0351530082169891
LightGBM,Ausgrid,lightgbm_quantile__c80__h1,0.8,1.0,2012-10,3,Follow-the-leader,rolling_user_norm,0.0351530082169891
LightGBM,Ausgrid,lightgbm_quantile__c80__h1,0.8,1.0,2012-10,3,Global-CQR,rolling_global_norm,0.0415763669171679
LightGBM,Ausgrid,lightgbm_quantile__c80__h1,0.8,1.0,2012-10,3,Segment-CQR,rolling_group_norm,0.0390448894928754
LightGBM,Ausgrid,lightgbm_quantile__c80__h1,0.8,1.0,2012-10,3,User-CQR,rolling_user_norm,0.0351530082169891
LightGBM,Ausgrid,lightgbm_quantile__c80__h1,0.8,1.0,2012-10,3,Ex-post best fixed,rolling_user_norm,0.0351530082169891
LightGBM,Ausgrid,lightgbm_quantile__c80__h1,0.8,1.0,2012-10,3,Month-wise oracle,rolling_user_norm,0.0351530082169891
LightGBM,Ausgrid,lightgbm_quantile__c80__h1,0.8,1.0,2012-11,4,CSGR,rolling_user_norm,0.0360372550805877
LightGBM,Ausgrid,lightgbm_quantile__c80__h1,0.8,1.0,2012-11,4,Mean-fold minimum,rolling_user_norm,0.0360372550805877
LightGBM,Ausgrid,lightgbm_quantile__c80__h1,0.8,1.0,2012-11,4,Latest-fold minimum,rolling_user_norm,0.0360372550805877
LightGBM,Ausgrid,lightgbm_quantile__c80__h1,0.8,1.0,2012-11,4,Previous-window winner,rolling_user_norm,0.0360372550805877
LightGBM,Ausgrid,lightgbm_quantile__c80__h1,0.8,1.0,2012-11,4,Follow-the-leader,rolling_user_norm,0.0360372550805877
LightGBM,Ausgrid,lightgbm_quantile__c80__h1,0.8,1.0,2012-11,4,Global-CQR,rolling_global_norm,0.0424798197205388
LightGBM,Ausgrid,lightgbm_quantile__c80__h1,0.8,1.0,2012-11,4,Segment-CQR,rolling_group_norm,0.0415324135846639
LightGBM,Ausgrid,lightgbm_quantile__c80__h1,0.8,1.0,2012-11,4,User-CQR,rolling_user_norm,0.0360372550805877
LightGBM,Ausgrid,lightgbm_quantile__c80__h1,0.8,1.0,2012-11,4,Ex-post best fixed,rolling_user_norm,0.0360372550805877
LightGBM,Ausgrid,lightgbm_quantile__c80__h1,0.8,1.0,2012-11,4,Month-wise oracle,rolling_user_norm,0.0360372550805877
LightGBM,Ausgrid,lightgbm_quantile__c80__h1,0.8,1.0,2012-12,5,CSGR,rolling_user_norm,0.035146285701265
LightGBM,Ausgrid,lightgbm_quantile__c80__h1,0.8,1.0,2012-12,5,Mean-fold minimum,rolling_user_norm,0.035146285701265
LightGBM,Ausgrid,lightgbm_quantile__c80__h1,0.8,1.0,2012-12,5,Latest-fold minimum,rolling_user_norm,0.035146285701265
LightGBM,Ausgrid,lightgbm_quantile__c80__h1,0.8,1.0,2012-12,5,Previous-window winner,rolling_user_norm,0.035146285701265
LightGBM,Ausgrid,lightgbm_quantile__c80__h1,0.8,1.0,2012-12,5,Follow-the-leader,rolling_user_norm,0.035146285701265
LightGBM,Ausgrid,lightgbm_quantile__c80__h1,0.8,1.0,2012-12,5,Global-CQR,rolling_global_norm,0.0438061854899157
LightGBM,Ausgrid,lightgbm_quantile__c80__h1,0.8,1.0,2012-12,5,Segment-CQR,rolling_group_norm,0.0409165779597222
LightGBM,Ausgrid,lightgbm_quantile__c80__h1,0.8,1.0,2012-12,5,User-CQR,rolling_user_norm,0.035146285701265
LightGBM,Ausgrid,lightgbm_quantile__c80__h1,0.8,1.0,2012-12,5,Ex-post best fixed,rolling_user_norm,0.035146285701265
LightGBM,Ausgrid,lightgbm_quantile__c80__h1,0.8,1.0,2012-12,5,Month-wise oracle,rolling_user_norm,0.035146285701265
LightGBM,Ausgrid,lightgbm_quantile__c80__h1,0.8,1.0,2013-01,6,CSGR,rolling_user_norm,0.0417156955436563
LightGBM,Ausgrid,lightgbm_quantile__c80__h1,0.8,1.0,2013-01,6,Mean-fold minimum,rolling_user_norm,0.0417156955436563
LightGBM,Ausgrid,lightgbm_quantile__c80__h1,0.8,1.0,2013-01,6,Latest-fold minimum,rolling_user_norm,0.0417156955436563
LightGBM,Ausgrid,lightgbm_quantile__c80__h1,0.8,1.0,2013-01,6,Previous-window winner,rolling_user_norm,0.0417156955436563
LightGBM,Ausgrid,lightgbm_quantile__c80__h1,0.8,1.0,2013-01,6,Follow-the-leader,rolling_user_norm,0.0417156955436563
LightGBM,Ausgrid,lightgbm_quantile__c80__h1,0.8,1.0,2013-01,6,Global-CQR,rolling_global_norm,0.0505143958795098
LightGBM,Ausgrid,lightgbm_quantile__c80__h1,0.8,1.0,2013-01,6,Segment-CQR,rolling_group_norm,0.048897790415613
LightGBM,Ausgrid,lightgbm_quantile__c80__h1,0.8,1.0,2013-01,6,User-CQR,rolling_user_norm,0.0417156955436563
LightGBM,Ausgrid,lightgbm_quantile__c80__h1,0.8,1.0,2013-01,6,Ex-post best fixed,rolling_user_norm,0.0417156955436563
LightGBM,Ausgrid,lightgbm_quantile__c80__h1,0.8,1.0,2013-01,6,Month-wise oracle,rolling_user_norm,0.0417156955436563
LightGBM,Ausgrid,lightgbm_quantile__c80__h1,0.8,1.0,2013-02,7,CSGR,rolling_user_norm,0.0360427903341234
LightGBM,Ausgrid,lightgbm_quantile__c80__h1,0.8,1.0,2013-02,7,Mean-fold minimum,rolling_user_norm,0.0360427903341234
LightGBM,Ausgrid,lightgbm_quantile__c80__h1,0.8,1.0,2013-02,7,Latest-fold minimum,rolling_user_norm,0.0360427903341234
LightGBM,Ausgrid,lightgbm_quantile__c80__h1,0.8,1.0,2013-02,7,Previous-window winner,rolling_user_norm,0.0360427903341234
LightGBM,Ausgrid,lightgbm_quantile__c80__h1,0.8,1.0,2013-02,7,Follow-the-leader,rolling_user_norm,0.0360427903341234
LightGBM,Ausgrid,lightgbm_quantile__c80__h1,0.8,1.0,2013-02,7,Global-CQR,rolling_global_norm,0.0476474430317539
LightGBM,Ausgrid,lightgbm_quantile__c80__h1,0.8,1.0,2013-02,7,Segment-CQR,rolling_group_norm,0.0455167090572543
LightGBM,Ausgrid,lightgbm_quantile__c80__h1,0.8,1.0,2013-02,7,User-CQR,rolling_user_norm,0.0360427903341234
LightGBM,Ausgrid,lightgbm_quantile__c80__h1,0.8,1.0,2013-02,7,Ex-post best fixed,rolling_user_norm,0.0360427903341234
LightGBM,Ausgrid,lightgbm_quantile__c80__h1,0.8,1.0,2013-02,7,Month-wise oracle,rolling_user_norm,0.0360427903341234
LightGBM,Ausgrid,lightgbm_quantile__c80__h1,0.8,1.0,2013-03,8,CSGR,rolling_user_norm,0.0351998668573815
LightGBM,Ausgrid,lightgbm_quantile__c80__h1,0.8,1.0,2013-03,8,Mean-fold minimum,rolling_user_norm,0.0351998668573815
LightGBM,Ausgrid,lightgbm_quantile__c80__h1,0.8,1.0,2013-03,8,Latest-fold minimum,rolling_user_norm,0.0351998668573815
LightGBM,Ausgrid,lightgbm_quantile__c80__h1,0.8,1.0,2013-03,8,Previous-window winner,rolling_user_norm,0.0351998668573815
LightGBM,Ausgrid,lightgbm_quantile__c80__h1,0.8,1.0,2013-03,8,Follow-the-leader,rolling_user_norm,0.0351998668573815
LightGBM,Ausgrid,lightgbm_quantile__c80__h1,0.8,1.0,2013-03,8,Global-CQR,rolling_global_norm,0.0459291226100637
LightGBM,Ausgrid,lightgbm_quantile__c80__h1,0.8,1.0,2013-03,8,Segment-CQR,rolling_group_norm,0.0435471555819784
LightGBM,Ausgrid,lightgbm_quantile__c80__h1,0.8,1.0,2013-03,8,User-CQR,rolling_user_norm,0.0351998668573815
LightGBM,Ausgrid,lightgbm_quantile__c80__h1,0.8,1.0,2013-03,8,Ex-post best fixed,rolling_user_norm,0.0351998668573815
LightGBM,Ausgrid,lightgbm_quantile__c80__h1,0.8,1.0,2013-03,8,Month-wise oracle,rolling_user_norm,0.0351998668573815
LightGBM,Ausgrid,lightgbm_quantile__c80__h1,0.8,1.0,2013-04,9,CSGR,rolling_user_norm,0.039561440652673
LightGBM,Ausgrid,lightgbm_quantile__c80__h1,0.8,1.0,2013-04,9,Mean-fold minimum,rolling_user_norm,0.039561440652673
LightGBM,Ausgrid,lightgbm_quantile__c80__h1,0.8,1.0,2013-04,9,Latest-fold minimum,rolling_user_norm,0.039561440652673
LightGBM,Ausgrid,lightgbm_quantile__c80__h1,0.8,1.0,2013-04,9,Previous-window winner,rolling_user_norm,0.039561440652673
LightGBM,Ausgrid,lightgbm_quantile__c80__h1,0.8,1.0,2013-04,9,Follow-the-leader,rolling_user_norm,0.039561440652673
LightGBM,Ausgrid,lightgbm_quantile__c80__h1,0.8,1.0,2013-04,9,Global-CQR,rolling_global_norm,0.0439988302924943
LightGBM,Ausgrid,lightgbm_quantile__c80__h1,0.8,1.0,2013-04,9,Segment-CQR,rolling_group_norm,0.0428792960557484
LightGBM,Ausgrid,lightgbm_quantile__c80__h1,0.8,1.0,2013-04,9,User-CQR,rolling_user_norm,0.039561440652673
LightGBM,Ausgrid,lightgbm_quantile__c80__h1,0.8,1.0,2013-04,9,Ex-post best fixed,rolling_user_norm,0.039561440652673
LightGBM,Ausgrid,lightgbm_quantile__c80__h1,0.8,1.0,2013-04,9,Month-wise oracle,rolling_user_norm,0.039561440652673
LightGBM,Ausgrid,lightgbm_quantile__c80__h1,0.8,1.0,2013-05,10,CSGR,rolling_user_norm,0.045895704022515
LightGBM,Ausgrid,lightgbm_quantile__c80__h1,0.8,1.0,2013-05,10,Mean-fold minimum,rolling_user_norm,0.045895704022515
LightGBM,Ausgrid,lightgbm_quantile__c80__h1,0.8,1.0,2013-05,10,Latest-fold minimum,rolling_user_norm,0.045895704022515
LightGBM,Ausgrid,lightgbm_quantile__c80__h1,0.8,1.0,2013-05,10,Previous-window winner,rolling_user_norm,0.045895704022515
LightGBM,Ausgrid,lightgbm_quantile__c80__h1,0.8,1.0,2013-05,10,Follow-the-leader,rolling_user_norm,0.045895704022515
LightGBM,Ausgrid,lightgbm_quantile__c80__h1,0.8,1.0,2013-05,10,Global-CQR,rolling_global_norm,0.0512197094033312
LightGBM,Ausgrid,lightgbm_quantile__c80__h1,0.8,1.0,2013-05,10,Segment-CQR,rolling_group_norm,0.0495044475342026
LightGBM,Ausgrid,lightgbm_quantile__c80__h1,0.8,1.0,2013-05,10,User-CQR,rolling_user_norm,0.045895704022515
LightGBM,Ausgrid,lightgbm_quantile__c80__h1,0.8,1.0,2013-05,10,Ex-post best fixed,rolling_user_norm,0.045895704022515
LightGBM,Ausgrid,lightgbm_quantile__c80__h1,0.8,1.0,2013-05,10,Month-wise oracle,rolling_user_norm,0.045895704022515
LightGBM,Ausgrid,lightgbm_quantile__c80__h1,0.8,1.0,2013-06,11,CSGR,rolling_user_norm,0.0512328216344408
LightGBM,Ausgrid,lightgbm_quantile__c80__h1,0.8,1.0,2013-06,11,Mean-fold minimum,rolling_user_norm,0.0512328216344408
LightGBM,Ausgrid,lightgbm_quantile__c80__h1,0.8,1.0,2013-06,11,Latest-fold minimum,rolling_user_norm,0.0512328216344408
LightGBM,Ausgrid,lightgbm_quantile__c80__h1,0.8,1.0,2013-06,11,Previous-window winner,rolling_user_norm,0.0512328216344408
LightGBM,Ausgrid,lightgbm_quantile__c80__h1,0.8,1.0,2013-06,11,Follow-the-leader,rolling_user_norm,0.0512328216344408
LightGBM,Ausgrid,lightgbm_quantile__c80__h1,0.8,1.0,2013-06,11,Global-CQR,rolling_global_norm,0.0576720835488096
LightGBM,Ausgrid,lightgbm_quantile__c80__h1,0.8,1.0,2013-06,11,Segment-CQR,rolling_group_norm,0.0570205039659832
LightGBM,Ausgrid,lightgbm_quantile__c80__h1,0.8,1.0,2013-06,11,User-CQR,rolling_user_norm,0.0512328216344408
LightGBM,Ausgrid,lightgbm_quantile__c80__h1,0.8,1.0,2013-06,11,Ex-post best fixed,rolling_user_norm,0.0512328216344408
LightGBM,Ausgrid,lightgbm_quantile__c80__h1,0.8,1.0,2013-06,11,Month-wise oracle,rolling_user_norm,0.0512328216344408
LightGBM,Ausgrid,lightgbm_quantile__c80__h6,0.8,6.0,2012-07,0,CSGR,rolling_user_norm,0.0626415189954223
LightGBM,Ausgrid,lightgbm_quantile__c80__h6,0.8,6.0,2012-07,0,Mean-fold minimum,rolling_user_norm,0.0626415189954223
LightGBM,Ausgrid,lightgbm_quantile__c80__h6,0.8,6.0,2012-07,0,Latest-fold minimum,rolling_user_norm,0.0626415189954223
LightGBM,Ausgrid,lightgbm_quantile__c80__h6,0.8,6.0,2012-07,0,Previous-window winner,rolling_global_norm,0.0750284938431294
LightGBM,Ausgrid,lightgbm_quantile__c80__h6,0.8,6.0,2012-07,0,Follow-the-leader,rolling_global_norm,0.0750284938431294
LightGBM,Ausgrid,lightgbm_quantile__c80__h6,0.8,6.0,2012-07,0,Global-CQR,rolling_global_norm,0.0750284938431294
LightGBM,Ausgrid,lightgbm_quantile__c80__h6,0.8,6.0,2012-07,0,Segment-CQR,rolling_group_norm,0.0705061883689951
LightGBM,Ausgrid,lightgbm_quantile__c80__h6,0.8,6.0,2012-07,0,User-CQR,rolling_user_norm,0.0626415189954223
LightGBM,Ausgrid,lightgbm_quantile__c80__h6,0.8,6.0,2012-07,0,Ex-post best fixed,rolling_user_norm,0.0626415189954223
LightGBM,Ausgrid,lightgbm_quantile__c80__h6,0.8,6.0,2012-07,0,Month-wise oracle,rolling_user_norm,0.0626415189954223
LightGBM,Ausgrid,lightgbm_quantile__c80__h6,0.8,6.0,2012-08,1,CSGR,rolling_user_norm,0.0487156352439047
LightGBM,Ausgrid,lightgbm_quantile__c80__h6,0.8,6.0,2012-08,1,Mean-fold minimum,rolling_user_norm,0.0487156352439047
LightGBM,Ausgrid,lightgbm_quantile__c80__h6,0.8,6.0,2012-08,1,Latest-fold minimum,rolling_user_norm,0.0487156352439047
LightGBM,Ausgrid,lightgbm_quantile__c80__h6,0.8,6.0,2012-08,1,Previous-window winner,rolling_user_norm,0.0487156352439047
LightGBM,Ausgrid,lightgbm_quantile__c80__h6,0.8,6.0,2012-08,1,Follow-the-leader,rolling_user_norm,0.0487156352439047
LightGBM,Ausgrid,lightgbm_quantile__c80__h6,0.8,6.0,2012-08,1,Global-CQR,rolling_global_norm,0.0653296870545571
LightGBM,Ausgrid,lightgbm_quantile__c80__h6,0.8,6.0,2012-08,1,Segment-CQR,rolling_group_norm,0.0586318041512264
LightGBM,Ausgrid,lightgbm_quantile__c80__h6,0.8,6.0,2012-08,1,User-CQR,rolling_user_norm,0.0487156352439047
LightGBM,Ausgrid,lightgbm_quantile__c80__h6,0.8,6.0,2012-08,1,Ex-post best fixed,rolling_user_norm,0.0487156352439047
LightGBM,Ausgrid,lightgbm_quantile__c80__h6,0.8,6.0,2012-08,1,Month-wise oracle,rolling_user_norm,0.0487156352439047
LightGBM,Ausgrid,lightgbm_quantile__c80__h6,0.8,6.0,2012-09,2,CSGR,rolling_user_norm,0.0608651942350896
LightGBM,Ausgrid,lightgbm_quantile__c80__h6,0.8,6.0,2012-09,2,Mean-fold minimum,rolling_user_norm,0.0608651942350896
LightGBM,Ausgrid,lightgbm_quantile__c80__h6,0.8,6.0,2012-09,2,Latest-fold minimum,rolling_user_norm,0.0608651942350896
LightGBM,Ausgrid,lightgbm_quantile__c80__h6,0.8,6.0,2012-09,2,Previous-window winner,rolling_user_norm,0.0608651942350896
LightGBM,Ausgrid,lightgbm_quantile__c80__h6,0.8,6.0,2012-09,2,Follow-the-leader,rolling_user_norm,0.0608651942350896
LightGBM,Ausgrid,lightgbm_quantile__c80__h6,0.8,6.0,2012-09,2,Global-CQR,rolling_global_norm,0.0717052963675561
LightGBM,Ausgrid,lightgbm_quantile__c80__h6,0.8,6.0,2012-09,2,Segment-CQR,rolling_group_norm,0.0666815520032221
LightGBM,Ausgrid,lightgbm_quantile__c80__h6,0.8,6.0,2012-09,2,User-CQR,rolling_user_norm,0.0608651942350896
LightGBM,Ausgrid,lightgbm_quantile__c80__h6,0.8,6.0,2012-09,2,Ex-post best fixed,rolling_user_norm,0.0608651942350896
LightGBM,Ausgrid,lightgbm_quantile__c80__h6,0.8,6.0,2012-09,2,Month-wise oracle,rolling_user_norm,0.0608651942350896
LightGBM,Ausgrid,lightgbm_quantile__c80__h6,0.8,6.0,2012-10,3,CSGR,rolling_user_norm,0.0448662733882464
LightGBM,Ausgrid,lightgbm_quantile__c80__h6,0.8,6.0,2012-10,3,Mean-fold minimum,rolling_user_norm,0.0448662733882464
LightGBM,Ausgrid,lightgbm_quantile__c80__h6,0.8,6.0,2012-10,3,Latest-fold minimum,rolling_user_norm,0.0448662733882464
LightGBM,Ausgrid,lightgbm_quantile__c80__h6,0.8,6.0,2012-10,3,Previous-window winner,rolling_user_norm,0.0448662733882464
LightGBM,Ausgrid,lightgbm_quantile__c80__h6,0.8,6.0,2012-10,3,Follow-the-leader,rolling_user_norm,0.0448662733882464
LightGBM,Ausgrid,lightgbm_quantile__c80__h6,0.8,6.0,2012-10,3,Global-CQR,rolling_global_norm,0.0555410321331953
LightGBM,Ausgrid,lightgbm_quantile__c80__h6,0.8,6.0,2012-10,3,Segment-CQR,rolling_group_norm,0.05102249181307
LightGBM,Ausgrid,lightgbm_quantile__c80__h6,0.8,6.0,2012-10,3,User-CQR,rolling_user_norm,0.0448662733882464
LightGBM,Ausgrid,lightgbm_quantile__c80__h6,0.8,6.0,2012-10,3,Ex-post best fixed,rolling_user_norm,0.0448662733882464
LightGBM,Ausgrid,lightgbm_quantile__c80__h6,0.8,6.0,2012-10,3,Month-wise oracle,rolling_user_norm,0.0448662733882464
LightGBM,Ausgrid,lightgbm_quantile__c80__h6,0.8,6.0,2012-11,4,CSGR,rolling_user_norm,0.0479181279945317
LightGBM,Ausgrid,lightgbm_quantile__c80__h6,0.8,6.0,2012-11,4,Mean-fold minimum,rolling_user_norm,0.0479181279945317
LightGBM,Ausgrid,lightgbm_quantile__c80__h6,0.8,6.0,2012-11,4,Latest-fold minimum,rolling_user_norm,0.0479181279945317
LightGBM,Ausgrid,lightgbm_quantile__c80__h6,0.8,6.0,2012-11,4,Previous-window winner,rolling_user_norm,0.0479181279945317
LightGBM,Ausgrid,lightgbm_quantile__c80__h6,0.8,6.0,2012-11,4,Follow-the-leader,rolling_user_norm,0.0479181279945317
LightGBM,Ausgrid,lightgbm_quantile__c80__h6,0.8,6.0,2012-11,4,Global-CQR,rolling_global_norm,0.0551432914505001
LightGBM,Ausgrid,lightgbm_quantile__c80__h6,0.8,6.0,2012-11,4,Segment-CQR,rolling_group_norm,0.0532712005850823
LightGBM,Ausgrid,lightgbm_quantile__c80__h6,0.8,6.0,2012-11,4,User-CQR,rolling_user_norm,0.0479181279945317
LightGBM,Ausgrid,lightgbm_quantile__c80__h6,0.8,6.0,2012-11,4,Ex-post best fixed,rolling_user_norm,0.0479181279945317
LightGBM,Ausgrid,lightgbm_quantile__c80__h6,0.8,6.0,2012-11,4,Month-wise oracle,rolling_user_norm,0.0479181279945317
LightGBM,Ausgrid,lightgbm_quantile__c80__h6,0.8,6.0,2012-12,5,CSGR,rolling_user_norm,0.0441692116911726
LightGBM,Ausgrid,lightgbm_quantile__c80__h6,0.8,6.0,2012-12,5,Mean-fold minimum,rolling_user_norm,0.0441692116911726
LightGBM,Ausgrid,lightgbm_quantile__c80__h6,0.8,6.0,2012-12,5,Latest-fold minimum,rolling_user_norm,0.0441692116911726
LightGBM,Ausgrid,lightgbm_quantile__c80__h6,0.8,6.0,2012-12,5,Previous-window winner,rolling_user_norm,0.0441692116911726
LightGBM,Ausgrid,lightgbm_quantile__c80__h6,0.8,6.0,2012-12,5,Follow-the-leader,rolling_user_norm,0.0441692116911726
LightGBM,Ausgrid,lightgbm_quantile__c80__h6,0.8,6.0,2012-12,5,Global-CQR,rolling_global_norm,0.0595319994579771
LightGBM,Ausgrid,lightgbm_quantile__c80__h6,0.8,6.0,2012-12,5,Segment-CQR,rolling_group_norm,0.051392737967863
LightGBM,Ausgrid,lightgbm_quantile__c80__h6,0.8,6.0,2012-12,5,User-CQR,rolling_user_norm,0.0441692116911726
LightGBM,Ausgrid,lightgbm_quantile__c80__h6,0.8,6.0,2012-12,5,Ex-post best fixed,rolling_user_norm,0.0441692116911726
LightGBM,Ausgrid,lightgbm_quantile__c80__h6,0.8,6.0,2012-12,5,Month-wise oracle,rolling_user_norm,0.0441692116911726
LightGBM,Ausgrid,lightgbm_quantile__c80__h6,0.8,6.0,2013-01,6,CSGR,rolling_user_norm,0.0579735002612769
LightGBM,Ausgrid,lightgbm_quantile__c80__h6,0.8,6.0,2013-01,6,Mean-fold minimum,rolling_user_norm,0.0579735002612769
LightGBM,Ausgrid,lightgbm_quantile__c80__h6,0.8,6.0,2013-01,6,Latest-fold minimum,rolling_user_norm,0.0579735002612769
LightGBM,Ausgrid,lightgbm_quantile__c80__h6,0.8,6.0,2013-01,6,Previous-window winner,rolling_user_norm,0.0579735002612769
LightGBM,Ausgrid,lightgbm_quantile__c80__h6,0.8,6.0,2013-01,6,Follow-the-leader,rolling_user_norm,0.0579735002612769
LightGBM,Ausgrid,lightgbm_quantile__c80__h6,0.8,6.0,2013-01,6,Global-CQR,rolling_global_norm,0.0682991241862519
LightGBM,Ausgrid,lightgbm_quantile__c80__h6,0.8,6.0,2013-01,6,Segment-CQR,rolling_group_norm,0.0648953736172647
LightGBM,Ausgrid,lightgbm_quantile__c80__h6,0.8,6.0,2013-01,6,User-CQR,rolling_user_norm,0.0579735002612769
LightGBM,Ausgrid,lightgbm_quantile__c80__h6,0.8,6.0,2013-01,6,Ex-post best fixed,rolling_user_norm,0.0579735002612769
LightGBM,Ausgrid,lightgbm_quantile__c80__h6,0.8,6.0,2013-01,6,Month-wise oracle,rolling_user_norm,0.0579735002612769
LightGBM,Ausgrid,lightgbm_quantile__c80__h6,0.8,6.0,2013-02,7,CSGR,rolling_user_norm,0.0527943784385675
LightGBM,Ausgrid,lightgbm_quantile__c80__h6,0.8,6.0,2013-02,7,Mean-fold minimum,rolling_user_norm,0.0527943784385675
LightGBM,Ausgrid,lightgbm_quantile__c80__h6,0.8,6.0,2013-02,7,Latest-fold minimum,rolling_user_norm,0.0527943784385675
LightGBM,Ausgrid,lightgbm_quantile__c80__h6,0.8,6.0,2013-02,7,Previous-window winner,rolling_user_norm,0.0527943784385675
LightGBM,Ausgrid,lightgbm_quantile__c80__h6,0.8,6.0,2013-02,7,Follow-the-leader,rolling_user_norm,0.0527943784385675
LightGBM,Ausgrid,lightgbm_quantile__c80__h6,0.8,6.0,2013-02,7,Global-CQR,rolling_global_norm,0.0672213190527122
LightGBM,Ausgrid,lightgbm_quantile__c80__h6,0.8,6.0,2013-02,7,Segment-CQR,rolling_group_norm,0.0631388642397883
LightGBM,Ausgrid,lightgbm_quantile__c80__h6,0.8,6.0,2013-02,7,User-CQR,rolling_user_norm,0.0527943784385675
LightGBM,Ausgrid,lightgbm_quantile__c80__h6,0.8,6.0,2013-02,7,Ex-post best fixed,rolling_user_norm,0.0527943784385675
LightGBM,Ausgrid,lightgbm_quantile__c80__h6,0.8,6.0,2013-02,7,Month-wise oracle,rolling_user_norm,0.0527943784385675
LightGBM,Ausgrid,lightgbm_quantile__c80__h6,0.8,6.0,2013-03,8,CSGR,rolling_user_norm,0.0453246312641888
LightGBM,Ausgrid,lightgbm_quantile__c80__h6,0.8,6.0,2013-03,8,Mean-fold minimum,rolling_user_norm,0.0453246312641888
LightGBM,Ausgrid,lightgbm_quantile__c80__h6,0.8,6.0,2013-03,8,Latest-fold minimum,rolling_user_norm,0.0453246312641888
LightGBM,Ausgrid,lightgbm_quantile__c80__h6,0.8,6.0,2013-03,8,Previous-window winner,rolling_user_norm,0.0453246312641888
LightGBM,Ausgrid,lightgbm_quantile__c80__h6,0.8,6.0,2013-03,8,Follow-the-leader,rolling_user_norm,0.0453246312641888
LightGBM,Ausgrid,lightgbm_quantile__c80__h6,0.8,6.0,2013-03,8,Global-CQR,rolling_global_norm,0.0621779711695112
LightGBM,Ausgrid,lightgbm_quantile__c80__h6,0.8,6.0,2013-03,8,Segment-CQR,rolling_group_norm,0.0568290343323452
LightGBM,Ausgrid,lightgbm_quantile__c80__h6,0.8,6.0,2013-03,8,User-CQR,rolling_user_norm,0.0453246312641888
LightGBM,Ausgrid,lightgbm_quantile__c80__h6,0.8,6.0,2013-03,8,Ex-post best fixed,rolling_user_norm,0.0453246312641888
LightGBM,Ausgrid,lightgbm_quantile__c80__h6,0.8,6.0,2013-03,8,Month-wise oracle,rolling_user_norm,0.0453246312641888
LightGBM,Ausgrid,lightgbm_quantile__c80__h6,0.8,6.0,2013-04,9,CSGR,rolling_user_norm,0.0491428247233775
LightGBM,Ausgrid,lightgbm_quantile__c80__h6,0.8,6.0,2013-04,9,Mean-fold minimum,rolling_user_norm,0.0491428247233775
LightGBM,Ausgrid,lightgbm_quantile__c80__h6,0.8,6.0,2013-04,9,Latest-fold minimum,rolling_user_norm,0.0491428247233775
LightGBM,Ausgrid,lightgbm_quantile__c80__h6,0.8,6.0,2013-04,9,Previous-window winner,rolling_user_norm,0.0491428247233775
LightGBM,Ausgrid,lightgbm_quantile__c80__h6,0.8,6.0,2013-04,9,Follow-the-leader,rolling_user_norm,0.0491428247233775
LightGBM,Ausgrid,lightgbm_quantile__c80__h6,0.8,6.0,2013-04,9,Global-CQR,rolling_global_norm,0.0560948698127897
LightGBM,Ausgrid,lightgbm_quantile__c80__h6,0.8,6.0,2013-04,9,Segment-CQR,rolling_group_norm,0.0549016508059719
LightGBM,Ausgrid,lightgbm_quantile__c80__h6,0.8,6.0,2013-04,9,User-CQR,rolling_user_norm,0.0491428247233775
LightGBM,Ausgrid,lightgbm_quantile__c80__h6,0.8,6.0,2013-04,9,Ex-post best fixed,rolling_user_norm,0.0491428247233775
LightGBM,Ausgrid,lightgbm_quantile__c80__h6,0.8,6.0,2013-04,9,Month-wise oracle,rolling_user_norm,0.0491428247233775
LightGBM,Ausgrid,lightgbm_quantile__c80__h6,0.8,6.0,2013-05,10,CSGR,rolling_user_norm,0.0623849700598462
LightGBM,Ausgrid,lightgbm_quantile__c80__h6,0.8,6.0,2013-05,10,Mean-fold minimum,rolling_user_norm,0.0623849700598462
LightGBM,Ausgrid,lightgbm_quantile__c80__h6,0.8,6.0,2013-05,10,Latest-fold minimum,rolling_user_norm,0.0623849700598462
LightGBM,Ausgrid,lightgbm_quantile__c80__h6,0.8,6.0,2013-05,10,Previous-window winner,rolling_user_norm,0.0623849700598462
LightGBM,Ausgrid,lightgbm_quantile__c80__h6,0.8,6.0,2013-05,10,Follow-the-leader,rolling_user_norm,0.0623849700598462
LightGBM,Ausgrid,lightgbm_quantile__c80__h6,0.8,6.0,2013-05,10,Global-CQR,rolling_global_norm,0.072388025857853
LightGBM,Ausgrid,lightgbm_quantile__c80__h6,0.8,6.0,2013-05,10,Segment-CQR,rolling_group_norm,0.0694683615567971
LightGBM,Ausgrid,lightgbm_quantile__c80__h6,0.8,6.0,2013-05,10,User-CQR,rolling_user_norm,0.0623849700598462
LightGBM,Ausgrid,lightgbm_quantile__c80__h6,0.8,6.0,2013-05,10,Ex-post best fixed,rolling_user_norm,0.0623849700598462
LightGBM,Ausgrid,lightgbm_quantile__c80__h6,0.8,6.0,2013-05,10,Month-wise oracle,rolling_user_norm,0.0623849700598462
LightGBM,Ausgrid,lightgbm_quantile__c80__h6,0.8,6.0,2013-06,11,CSGR,rolling_user_norm,0.0664573242718351
LightGBM,Ausgrid,lightgbm_quantile__c80__h6,0.8,6.0,2013-06,11,Mean-fold minimum,rolling_user_norm,0.0664573242718351
LightGBM,Ausgrid,lightgbm_quantile__c80__h6,0.8,6.0,2013-06,11,Latest-fold minimum,rolling_user_norm,0.0664573242718351
LightGBM,Ausgrid,lightgbm_quantile__c80__h6,0.8,6.0,2013-06,11,Previous-window winner,rolling_user_norm,0.0664573242718351
LightGBM,Ausgrid,lightgbm_quantile__c80__h6,0.8,6.0,2013-06,11,Follow-the-leader,rolling_user_norm,0.0664573242718351
LightGBM,Ausgrid,lightgbm_quantile__c80__h6,0.8,6.0,2013-06,11,Global-CQR,rolling_global_norm,0.0811182046242399
LightGBM,Ausgrid,lightgbm_quantile__c80__h6,0.8,6.0,2013-06,11,Segment-CQR,rolling_group_norm,0.077637264852812
LightGBM,Ausgrid,lightgbm_quantile__c80__h6,0.8,6.0,2013-06,11,User-CQR,rolling_user_norm,0.0664573242718351
LightGBM,Ausgrid,lightgbm_quantile__c80__h6,0.8,6.0,2013-06,11,Ex-post best fixed,rolling_user_norm,0.0664573242718351
LightGBM,Ausgrid,lightgbm_quantile__c80__h6,0.8,6.0,2013-06,11,Month-wise oracle,rolling_user_norm,0.0664573242718351
LightGBM,Ausgrid,lightgbm_quantile__c90__h1,0.9,1.0,2012-07,0,CSGR,rolling_user_norm,0.0508089288746868
LightGBM,Ausgrid,lightgbm_quantile__c90__h1,0.9,1.0,2012-07,0,Mean-fold minimum,rolling_user_norm,0.0508089288746868
LightGBM,Ausgrid,lightgbm_quantile__c90__h1,0.9,1.0,2012-07,0,Latest-fold minimum,rolling_user_norm,0.0508089288746868
LightGBM,Ausgrid,lightgbm_quantile__c90__h1,0.9,1.0,2012-07,0,Previous-window winner,rolling_global_norm,0.0572841061867486
LightGBM,Ausgrid,lightgbm_quantile__c90__h1,0.9,1.0,2012-07,0,Follow-the-leader,rolling_global_norm,0.0572841061867486
LightGBM,Ausgrid,lightgbm_quantile__c90__h1,0.9,1.0,2012-07,0,Global-CQR,rolling_global_norm,0.0572841061867486
LightGBM,Ausgrid,lightgbm_quantile__c90__h1,0.9,1.0,2012-07,0,Segment-CQR,rolling_group_norm,0.0558883610771165
LightGBM,Ausgrid,lightgbm_quantile__c90__h1,0.9,1.0,2012-07,0,User-CQR,rolling_user_norm,0.0508089288746868
LightGBM,Ausgrid,lightgbm_quantile__c90__h1,0.9,1.0,2012-07,0,Ex-post best fixed,rolling_user_norm,0.0508089288746868
LightGBM,Ausgrid,lightgbm_quantile__c90__h1,0.9,1.0,2012-07,0,Month-wise oracle,rolling_user_norm,0.0508089288746868
LightGBM,Ausgrid,lightgbm_quantile__c90__h1,0.9,1.0,2012-08,1,CSGR,rolling_user_norm,0.0440193274407606
LightGBM,Ausgrid,lightgbm_quantile__c90__h1,0.9,1.0,2012-08,1,Mean-fold minimum,rolling_user_norm,0.0440193274407606
LightGBM,Ausgrid,lightgbm_quantile__c90__h1,0.9,1.0,2012-08,1,Latest-fold minimum,rolling_user_norm,0.0440193274407606
LightGBM,Ausgrid,lightgbm_quantile__c90__h1,0.9,1.0,2012-08,1,Previous-window winner,rolling_user_norm,0.0440193274407606
LightGBM,Ausgrid,lightgbm_quantile__c90__h1,0.9,1.0,2012-08,1,Follow-the-leader,rolling_user_norm,0.0440193274407606
LightGBM,Ausgrid,lightgbm_quantile__c90__h1,0.9,1.0,2012-08,1,Global-CQR,rolling_global_norm,0.05022703748421
LightGBM,Ausgrid,lightgbm_quantile__c90__h1,0.9,1.0,2012-08,1,Segment-CQR,rolling_group_norm,0.0482829405304854
LightGBM,Ausgrid,lightgbm_quantile__c90__h1,0.9,1.0,2012-08,1,User-CQR,rolling_user_norm,0.0440193274407606
LightGBM,Ausgrid,lightgbm_quantile__c90__h1,0.9,1.0,2012-08,1,Ex-post best fixed,rolling_user_norm,0.0440193274407606
LightGBM,Ausgrid,lightgbm_quantile__c90__h1,0.9,1.0,2012-08,1,Month-wise oracle,rolling_user_norm,0.0440193274407606
LightGBM,Ausgrid,lightgbm_quantile__c90__h1,0.9,1.0,2012-09,2,CSGR,rolling_user_norm,0.0461333188975978
LightGBM,Ausgrid,lightgbm_quantile__c90__h1,0.9,1.0,2012-09,2,Mean-fold minimum,rolling_user_norm,0.0461333188975978
LightGBM,Ausgrid,lightgbm_quantile__c90__h1,0.9,1.0,2012-09,2,Latest-fold minimum,rolling_user_norm,0.0461333188975978
LightGBM,Ausgrid,lightgbm_quantile__c90__h1,0.9,1.0,2012-09,2,Previous-window winner,rolling_user_norm,0.0461333188975978
LightGBM,Ausgrid,lightgbm_quantile__c90__h1,0.9,1.0,2012-09,2,Follow-the-leader,rolling_user_norm,0.0461333188975978
LightGBM,Ausgrid,lightgbm_quantile__c90__h1,0.9,1.0,2012-09,2,Global-CQR,rolling_global_norm,0.0492446103668744
LightGBM,Ausgrid,lightgbm_quantile__c90__h1,0.9,1.0,2012-09,2,Segment-CQR,rolling_group_norm,0.0477168026337532
LightGBM,Ausgrid,lightgbm_quantile__c90__h1,0.9,1.0,2012-09,2,User-CQR,rolling_user_norm,0.0461333188975978
LightGBM,Ausgrid,lightgbm_quantile__c90__h1,0.9,1.0,2012-09,2,Ex-post best fixed,rolling_user_norm,0.0461333188975978
LightGBM,Ausgrid,lightgbm_quantile__c90__h1,0.9,1.0,2012-09,2,Month-wise oracle,rolling_user_norm,0.0461333188975978
LightGBM,Ausgrid,lightgbm_quantile__c90__h1,0.9,1.0,2012-10,3,CSGR,rolling_user_norm,0.0352514257630088
LightGBM,Ausgrid,lightgbm_quantile__c90__h1,0.9,1.0,2012-10,3,Mean-fold minimum,rolling_user_norm,0.0352514257630088
LightGBM,Ausgrid,lightgbm_quantile__c90__h1,0.9,1.0,2012-10,3,Latest-fold minimum,rolling_user_norm,0.0352514257630088
LightGBM,Ausgrid,lightgbm_quantile__c90__h1,0.9,1.0,2012-10,3,Previous-window winner,rolling_user_norm,0.0352514257630088
LightGBM,Ausgrid,lightgbm_quantile__c90__h1,0.9,1.0,2012-10,3,Follow-the-leader,rolling_user_norm,0.0352514257630088
LightGBM,Ausgrid,lightgbm_quantile__c90__h1,0.9,1.0,2012-10,3,Global-CQR,rolling_global_norm,0.0414389477811493
LightGBM,Ausgrid,lightgbm_quantile__c90__h1,0.9,1.0,2012-10,3,Segment-CQR,rolling_group_norm,0.0389577479531856
LightGBM,Ausgrid,lightgbm_quantile__c90__h1,0.9,1.0,2012-10,3,User-CQR,rolling_user_norm,0.0352514257630088
LightGBM,Ausgrid,lightgbm_quantile__c90__h1,0.9,1.0,2012-10,3,Ex-post best fixed,rolling_user_norm,0.0352514257630088
LightGBM,Ausgrid,lightgbm_quantile__c90__h1,0.9,1.0,2012-10,3,Month-wise oracle,rolling_user_norm,0.0352514257630088
LightGBM,Ausgrid,lightgbm_quantile__c90__h1,0.9,1.0,2012-11,4,CSGR,rolling_user_norm,0.0368886453958547
LightGBM,Ausgrid,lightgbm_quantile__c90__h1,0.9,1.0,2012-11,4,Mean-fold minimum,rolling_user_norm,0.0368886453958547
LightGBM,Ausgrid,lightgbm_quantile__c90__h1,0.9,1.0,2012-11,4,Latest-fold minimum,rolling_user_norm,0.0368886453958547
LightGBM,Ausgrid,lightgbm_quantile__c90__h1,0.9,1.0,2012-11,4,Previous-window winner,rolling_user_norm,0.0368886453958547
LightGBM,Ausgrid,lightgbm_quantile__c90__h1,0.9,1.0,2012-11,4,Follow-the-leader,rolling_user_norm,0.0368886453958547
LightGBM,Ausgrid,lightgbm_quantile__c90__h1,0.9,1.0,2012-11,4,Global-CQR,rolling_global_norm,0.042163440521746
LightGBM,Ausgrid,lightgbm_quantile__c90__h1,0.9,1.0,2012-11,4,Segment-CQR,rolling_group_norm,0.0409059192014192
LightGBM,Ausgrid,lightgbm_quantile__c90__h1,0.9,1.0,2012-11,4,User-CQR,rolling_user_norm,0.0368886453958547
LightGBM,Ausgrid,lightgbm_quantile__c90__h1,0.9,1.0,2012-11,4,Ex-post best fixed,rolling_user_norm,0.0368886453958547
LightGBM,Ausgrid,lightgbm_quantile__c90__h1,0.9,1.0,2012-11,4,Month-wise oracle,rolling_user_norm,0.0368886453958547
LightGBM,Ausgrid,lightgbm_quantile__c90__h1,0.9,1.0,2012-12,5,CSGR,rolling_user_norm,0.0378999257135921
LightGBM,Ausgrid,lightgbm_quantile__c90__h1,0.9,1.0,2012-12,5,Mean-fold minimum,rolling_user_norm,0.0378999257135921
LightGBM,Ausgrid,lightgbm_quantile__c90__h1,0.9,1.0,2012-12,5,Latest-fold minimum,rolling_user_norm,0.0378999257135921
LightGBM,Ausgrid,lightgbm_quantile__c90__h1,0.9,1.0,2012-12,5,Previous-window winner,rolling_user_norm,0.0378999257135921
LightGBM,Ausgrid,lightgbm_quantile__c90__h1,0.9,1.0,2012-12,5,Follow-the-leader,rolling_user_norm,0.0378999257135921
LightGBM,Ausgrid,lightgbm_quantile__c90__h1,0.9,1.0,2012-12,5,Global-CQR,rolling_global_norm,0.0442325612886483
LightGBM,Ausgrid,lightgbm_quantile__c90__h1,0.9,1.0,2012-12,5,Segment-CQR,rolling_group_norm,0.0421515433876716
LightGBM,Ausgrid,lightgbm_quantile__c90__h1,0.9,1.0,2012-12,5,User-CQR,rolling_user_norm,0.0378999257135921
LightGBM,Ausgrid,lightgbm_quantile__c90__h1,0.9,1.0,2012-12,5,Ex-post best fixed,rolling_user_norm,0.0378999257135921
LightGBM,Ausgrid,lightgbm_quantile__c90__h1,0.9,1.0,2012-12,5,Month-wise oracle,rolling_user_norm,0.0378999257135921
LightGBM,Ausgrid,lightgbm_quantile__c90__h1,0.9,1.0,2013-01,6,CSGR,rolling_user_norm,0.0466559026741083
LightGBM,Ausgrid,lightgbm_quantile__c90__h1,0.9,1.0,2013-01,6,Mean-fold minimum,rolling_user_norm,0.0466559026741083
LightGBM,Ausgrid,lightgbm_quantile__c90__h1,0.9,1.0,2013-01,6,Latest-fold minimum,rolling_user_norm,0.0466559026741083
LightGBM,Ausgrid,lightgbm_quantile__c90__h1,0.9,1.0,2013-01,6,Previous-window winner,rolling_user_norm,0.0466559026741083
LightGBM,Ausgrid,lightgbm_quantile__c90__h1,0.9,1.0,2013-01,6,Follow-the-leader,rolling_user_norm,0.0466559026741083
LightGBM,Ausgrid,lightgbm_quantile__c90__h1,0.9,1.0,2013-01,6,Global-CQR,rolling_global_norm,0.0510934769398473
LightGBM,Ausgrid,lightgbm_quantile__c90__h1,0.9,1.0,2013-01,6,Segment-CQR,rolling_group_norm,0.050376283899781
LightGBM,Ausgrid,lightgbm_quantile__c90__h1,0.9,1.0,2013-01,6,User-CQR,rolling_user_norm,0.0466559026741083
LightGBM,Ausgrid,lightgbm_quantile__c90__h1,0.9,1.0,2013-01,6,Ex-post best fixed,rolling_user_norm,0.0466559026741083
LightGBM,Ausgrid,lightgbm_quantile__c90__h1,0.9,1.0,2013-01,6,Month-wise oracle,rolling_user_norm,0.0466559026741083
LightGBM,Ausgrid,lightgbm_quantile__c90__h1,0.9,1.0,2013-02,7,CSGR,rolling_user_norm,0.0363691605558101
LightGBM,Ausgrid,lightgbm_quantile__c90__h1,0.9,1.0,2013-02,7,Mean-fold minimum,rolling_user_norm,0.0363691605558101
LightGBM,Ausgrid,lightgbm_quantile__c90__h1,0.9,1.0,2013-02,7,Latest-fold minimum,rolling_user_norm,0.0363691605558101
LightGBM,Ausgrid,lightgbm_quantile__c90__h1,0.9,1.0,2013-02,7,Previous-window winner,rolling_user_norm,0.0363691605558101
LightGBM,Ausgrid,lightgbm_quantile__c90__h1,0.9,1.0,2013-02,7,Follow-the-leader,rolling_user_norm,0.0363691605558101
LightGBM,Ausgrid,lightgbm_quantile__c90__h1,0.9,1.0,2013-02,7,Global-CQR,rolling_global_norm,0.0439568380652704
LightGBM,Ausgrid,lightgbm_quantile__c90__h1,0.9,1.0,2013-02,7,Segment-CQR,rolling_group_norm,0.043731059716046
LightGBM,Ausgrid,lightgbm_quantile__c90__h1,0.9,1.0,2013-02,7,User-CQR,rolling_user_norm,0.0363691605558101
LightGBM,Ausgrid,lightgbm_quantile__c90__h1,0.9,1.0,2013-02,7,Ex-post best fixed,rolling_user_norm,0.0363691605558101
LightGBM,Ausgrid,lightgbm_quantile__c90__h1,0.9,1.0,2013-02,7,Month-wise oracle,rolling_user_norm,0.0363691605558101
LightGBM,Ausgrid,lightgbm_quantile__c90__h1,0.9,1.0,2013-03,8,CSGR,rolling_user_norm,0.0367994122248933
LightGBM,Ausgrid,lightgbm_quantile__c90__h1,0.9,1.0,2013-03,8,Mean-fold minimum,rolling_user_norm,0.0367994122248933
LightGBM,Ausgrid,lightgbm_quantile__c90__h1,0.9,1.0,2013-03,8,Latest-fold minimum,rolling_user_norm,0.0367994122248933
LightGBM,Ausgrid,lightgbm_quantile__c90__h1,0.9,1.0,2013-03,8,Previous-window winner,rolling_user_norm,0.0367994122248933
LightGBM,Ausgrid,lightgbm_quantile__c90__h1,0.9,1.0,2013-03,8,Follow-the-leader,rolling_user_norm,0.0367994122248933
LightGBM,Ausgrid,lightgbm_quantile__c90__h1,0.9,1.0,2013-03,8,Global-CQR,rolling_global_norm,0.0451827970591045
LightGBM,Ausgrid,lightgbm_quantile__c90__h1,0.9,1.0,2013-03,8,Segment-CQR,rolling_group_norm,0.0439020482797566
LightGBM,Ausgrid,lightgbm_quantile__c90__h1,0.9,1.0,2013-03,8,User-CQR,rolling_user_norm,0.0367994122248933
LightGBM,Ausgrid,lightgbm_quantile__c90__h1,0.9,1.0,2013-03,8,Ex-post best fixed,rolling_user_norm,0.0367994122248933
LightGBM,Ausgrid,lightgbm_quantile__c90__h1,0.9,1.0,2013-03,8,Month-wise oracle,rolling_user_norm,0.0367994122248933
LightGBM,Ausgrid,lightgbm_quantile__c90__h1,0.9,1.0,2013-04,9,CSGR,rolling_user_norm,0.0417599194122781
LightGBM,Ausgrid,lightgbm_quantile__c90__h1,0.9,1.0,2013-04,9,Mean-fold minimum,rolling_user_norm,0.0417599194122781
LightGBM,Ausgrid,lightgbm_quantile__c90__h1,0.9,1.0,2013-04,9,Latest-fold minimum,rolling_user_norm,0.0417599194122781
LightGBM,Ausgrid,lightgbm_quantile__c90__h1,0.9,1.0,2013-04,9,Previous-window winner,rolling_user_norm,0.0417599194122781
LightGBM,Ausgrid,lightgbm_quantile__c90__h1,0.9,1.0,2013-04,9,Follow-the-leader,rolling_user_norm,0.0417599194122781
LightGBM,Ausgrid,lightgbm_quantile__c90__h1,0.9,1.0,2013-04,9,Global-CQR,rolling_global_norm,0.0445510418931509
LightGBM,Ausgrid,lightgbm_quantile__c90__h1,0.9,1.0,2013-04,9,Segment-CQR,rolling_group_norm,0.0438737470183763
LightGBM,Ausgrid,lightgbm_quantile__c90__h1,0.9,1.0,2013-04,9,User-CQR,rolling_user_norm,0.0417599194122781
LightGBM,Ausgrid,lightgbm_quantile__c90__h1,0.9,1.0,2013-04,9,Ex-post best fixed,rolling_user_norm,0.0417599194122781
LightGBM,Ausgrid,lightgbm_quantile__c90__h1,0.9,1.0,2013-04,9,Month-wise oracle,rolling_user_norm,0.0417599194122781
LightGBM,Ausgrid,lightgbm_quantile__c90__h1,0.9,1.0,2013-05,10,CSGR,rolling_user_norm,0.0494977996520189
LightGBM,Ausgrid,lightgbm_quantile__c90__h1,0.9,1.0,2013-05,10,Mean-fold minimum,rolling_user_norm,0.0494977996520189
LightGBM,Ausgrid,lightgbm_quantile__c90__h1,0.9,1.0,2013-05,10,Latest-fold minimum,rolling_user_norm,0.0494977996520189
LightGBM,Ausgrid,lightgbm_quantile__c90__h1,0.9,1.0,2013-05,10,Previous-window winner,rolling_user_norm,0.0494977996520189
LightGBM,Ausgrid,lightgbm_quantile__c90__h1,0.9,1.0,2013-05,10,Follow-the-leader,rolling_user_norm,0.0494977996520189
LightGBM,Ausgrid,lightgbm_quantile__c90__h1,0.9,1.0,2013-05,10,Global-CQR,rolling_global_norm,0.0513646876503399
LightGBM,Ausgrid,lightgbm_quantile__c90__h1,0.9,1.0,2013-05,10,Segment-CQR,rolling_group_norm,0.0502620453862409
LightGBM,Ausgrid,lightgbm_quantile__c90__h1,0.9,1.0,2013-05,10,User-CQR,rolling_user_norm,0.0494977996520189
LightGBM,Ausgrid,lightgbm_quantile__c90__h1,0.9,1.0,2013-05,10,Ex-post best fixed,rolling_user_norm,0.0494977996520189
LightGBM,Ausgrid,lightgbm_quantile__c90__h1,0.9,1.0,2013-05,10,Month-wise oracle,rolling_user_norm,0.0494977996520189
LightGBM,Ausgrid,lightgbm_quantile__c90__h1,0.9,1.0,2013-06,11,CSGR,rolling_user_norm,0.0523741624066639
LightGBM,Ausgrid,lightgbm_quantile__c90__h1,0.9,1.0,2013-06,11,Mean-fold minimum,rolling_user_norm,0.0523741624066639
LightGBM,Ausgrid,lightgbm_quantile__c90__h1,0.9,1.0,2013-06,11,Latest-fold minimum,rolling_user_norm,0.0523741624066639
LightGBM,Ausgrid,lightgbm_quantile__c90__h1,0.9,1.0,2013-06,11,Previous-window winner,rolling_user_norm,0.0523741624066639
LightGBM,Ausgrid,lightgbm_quantile__c90__h1,0.9,1.0,2013-06,11,Follow-the-leader,rolling_user_norm,0.0523741624066639
LightGBM,Ausgrid,lightgbm_quantile__c90__h1,0.9,1.0,2013-06,11,Global-CQR,rolling_global_norm,0.0590627261840058
LightGBM,Ausgrid,lightgbm_quantile__c90__h1,0.9,1.0,2013-06,11,Segment-CQR,rolling_group_norm,0.0579284163032302
LightGBM,Ausgrid,lightgbm_quantile__c90__h1,0.9,1.0,2013-06,11,User-CQR,rolling_user_norm,0.0523741624066639
LightGBM,Ausgrid,lightgbm_quantile__c90__h1,0.9,1.0,2013-06,11,Ex-post best fixed,rolling_user_norm,0.0523741624066639
LightGBM,Ausgrid,lightgbm_quantile__c90__h1,0.9,1.0,2013-06,11,Month-wise oracle,rolling_user_norm,0.0523741624066639
LightGBM,Ausgrid,lightgbm_quantile__c90__h6,0.9,6.0,2012-07,0,CSGR,rolling_user_norm,0.0596938399322815
LightGBM,Ausgrid,lightgbm_quantile__c90__h6,0.9,6.0,2012-07,0,Mean-fold minimum,rolling_user_norm,0.0596938399322815
LightGBM,Ausgrid,lightgbm_quantile__c90__h6,0.9,6.0,2012-07,0,Latest-fold minimum,rolling_user_norm,0.0596938399322815
LightGBM,Ausgrid,lightgbm_quantile__c90__h6,0.9,6.0,2012-07,0,Previous-window winner,rolling_global_norm,0.0692093330593335
LightGBM,Ausgrid,lightgbm_quantile__c90__h6,0.9,6.0,2012-07,0,Follow-the-leader,rolling_global_norm,0.0692093330593335
LightGBM,Ausgrid,lightgbm_quantile__c90__h6,0.9,6.0,2012-07,0,Global-CQR,rolling_global_norm,0.0692093330593335
LightGBM,Ausgrid,lightgbm_quantile__c90__h6,0.9,6.0,2012-07,0,Segment-CQR,rolling_group_norm,0.065397986693889
LightGBM,Ausgrid,lightgbm_quantile__c90__h6,0.9,6.0,2012-07,0,User-CQR,rolling_user_norm,0.0596938399322815
LightGBM,Ausgrid,lightgbm_quantile__c90__h6,0.9,6.0,2012-07,0,Ex-post best fixed,rolling_user_norm,0.0596938399322815
LightGBM,Ausgrid,lightgbm_quantile__c90__h6,0.9,6.0,2012-07,0,Month-wise oracle,rolling_user_norm,0.0596938399322815
LightGBM,Ausgrid,lightgbm_quantile__c90__h6,0.9,6.0,2012-08,1,CSGR,rolling_user_norm,0.0474433605934075
LightGBM,Ausgrid,lightgbm_quantile__c90__h6,0.9,6.0,2012-08,1,Mean-fold minimum,rolling_user_norm,0.0474433605934075
LightGBM,Ausgrid,lightgbm_quantile__c90__h6,0.9,6.0,2012-08,1,Latest-fold minimum,rolling_user_norm,0.0474433605934075
LightGBM,Ausgrid,lightgbm_quantile__c90__h6,0.9,6.0,2012-08,1,Previous-window winner,rolling_user_norm,0.0474433605934075
LightGBM,Ausgrid,lightgbm_quantile__c90__h6,0.9,6.0,2012-08,1,Follow-the-leader,rolling_user_norm,0.0474433605934075
LightGBM,Ausgrid,lightgbm_quantile__c90__h6,0.9,6.0,2012-08,1,Global-CQR,rolling_global_norm,0.0610785245654798
LightGBM,Ausgrid,lightgbm_quantile__c90__h6,0.9,6.0,2012-08,1,Segment-CQR,rolling_group_norm,0.0548963324972612
LightGBM,Ausgrid,lightgbm_quantile__c90__h6,0.9,6.0,2012-08,1,User-CQR,rolling_user_norm,0.0474433605934075
LightGBM,Ausgrid,lightgbm_quantile__c90__h6,0.9,6.0,2012-08,1,Ex-post best fixed,rolling_user_norm,0.0474433605934075
LightGBM,Ausgrid,lightgbm_quantile__c90__h6,0.9,6.0,2012-08,1,Month-wise oracle,rolling_user_norm,0.0474433605934075
LightGBM,Ausgrid,lightgbm_quantile__c90__h6,0.9,6.0,2012-09,2,CSGR,rolling_user_norm,0.0504976583423348
LightGBM,Ausgrid,lightgbm_quantile__c90__h6,0.9,6.0,2012-09,2,Mean-fold minimum,rolling_user_norm,0.0504976583423348
LightGBM,Ausgrid,lightgbm_quantile__c90__h6,0.9,6.0,2012-09,2,Latest-fold minimum,rolling_user_norm,0.0504976583423348
LightGBM,Ausgrid,lightgbm_quantile__c90__h6,0.9,6.0,2012-09,2,Previous-window winner,rolling_user_norm,0.0504976583423348
LightGBM,Ausgrid,lightgbm_quantile__c90__h6,0.9,6.0,2012-09,2,Follow-the-leader,rolling_user_norm,0.0504976583423348
LightGBM,Ausgrid,lightgbm_quantile__c90__h6,0.9,6.0,2012-09,2,Global-CQR,rolling_global_norm,0.0596743511959845
LightGBM,Ausgrid,lightgbm_quantile__c90__h6,0.9,6.0,2012-09,2,Segment-CQR,rolling_group_norm,0.055405840516845
LightGBM,Ausgrid,lightgbm_quantile__c90__h6,0.9,6.0,2012-09,2,User-CQR,rolling_user_norm,0.0504976583423348
LightGBM,Ausgrid,lightgbm_quantile__c90__h6,0.9,6.0,2012-09,2,Ex-post best fixed,rolling_user_norm,0.0504976583423348
LightGBM,Ausgrid,lightgbm_quantile__c90__h6,0.9,6.0,2012-09,2,Month-wise oracle,rolling_user_norm,0.0504976583423348
LightGBM,Ausgrid,lightgbm_quantile__c90__h6,0.9,6.0,2012-10,3,CSGR,rolling_user_norm,0.0431618477059852
LightGBM,Ausgrid,lightgbm_quantile__c90__h6,0.9,6.0,2012-10,3,Mean-fold minimum,rolling_user_norm,0.0431618477059852
LightGBM,Ausgrid,lightgbm_quantile__c90__h6,0.9,6.0,2012-10,3,Latest-fold minimum,rolling_user_norm,0.0431618477059852
LightGBM,Ausgrid,lightgbm_quantile__c90__h6,0.9,6.0,2012-10,3,Previous-window winner,rolling_user_norm,0.0431618477059852
LightGBM,Ausgrid,lightgbm_quantile__c90__h6,0.9,6.0,2012-10,3,Follow-the-leader,rolling_user_norm,0.0431618477059852
LightGBM,Ausgrid,lightgbm_quantile__c90__h6,0.9,6.0,2012-10,3,Global-CQR,rolling_global_norm,0.0493057873826588
LightGBM,Ausgrid,lightgbm_quantile__c90__h6,0.9,6.0,2012-10,3,Segment-CQR,rolling_group_norm,0.0475637752830512
LightGBM,Ausgrid,lightgbm_quantile__c90__h6,0.9,6.0,2012-10,3,User-CQR,rolling_user_norm,0.0431618477059852
LightGBM,Ausgrid,lightgbm_quantile__c90__h6,0.9,6.0,2012-10,3,Ex-post best fixed,rolling_user_norm,0.0431618477059852
LightGBM,Ausgrid,lightgbm_quantile__c90__h6,0.9,6.0,2012-10,3,Month-wise oracle,rolling_user_norm,0.0431618477059852
LightGBM,Ausgrid,lightgbm_quantile__c90__h6,0.9,6.0,2012-11,4,CSGR,rolling_user_norm,0.0474379111191954
LightGBM,Ausgrid,lightgbm_quantile__c90__h6,0.9,6.0,2012-11,4,Mean-fold minimum,rolling_user_norm,0.0474379111191954
LightGBM,Ausgrid,lightgbm_quantile__c90__h6,0.9,6.0,2012-11,4,Latest-fold minimum,rolling_user_norm,0.0474379111191954
LightGBM,Ausgrid,lightgbm_quantile__c90__h6,0.9,6.0,2012-11,4,Previous-window winner,rolling_user_norm,0.0474379111191954
LightGBM,Ausgrid,lightgbm_quantile__c90__h6,0.9,6.0,2012-11,4,Follow-the-leader,rolling_user_norm,0.0474379111191954
LightGBM,Ausgrid,lightgbm_quantile__c90__h6,0.9,6.0,2012-11,4,Global-CQR,rolling_global_norm,0.0491463097863721
LightGBM,Ausgrid,lightgbm_quantile__c90__h6,0.9,6.0,2012-11,4,Segment-CQR,rolling_group_norm,0.0494299780634542
LightGBM,Ausgrid,lightgbm_quantile__c90__h6,0.9,6.0,2012-11,4,User-CQR,rolling_user_norm,0.0474379111191954
LightGBM,Ausgrid,lightgbm_quantile__c90__h6,0.9,6.0,2012-11,4,Ex-post best fixed,rolling_user_norm,0.0474379111191954
LightGBM,Ausgrid,lightgbm_quantile__c90__h6,0.9,6.0,2012-11,4,Month-wise oracle,rolling_user_norm,0.0474379111191954
LightGBM,Ausgrid,lightgbm_quantile__c90__h6,0.9,6.0,2012-12,5,CSGR,rolling_user_norm,0.0460121585007729
LightGBM,Ausgrid,lightgbm_quantile__c90__h6,0.9,6.0,2012-12,5,Mean-fold minimum,rolling_user_norm,0.0460121585007729
LightGBM,Ausgrid,lightgbm_quantile__c90__h6,0.9,6.0,2012-12,5,Latest-fold minimum,rolling_user_norm,0.0460121585007729
LightGBM,Ausgrid,lightgbm_quantile__c90__h6,0.9,6.0,2012-12,5,Previous-window winner,rolling_user_norm,0.0460121585007729
LightGBM,Ausgrid,lightgbm_quantile__c90__h6,0.9,6.0,2012-12,5,Follow-the-leader,rolling_user_norm,0.0460121585007729
LightGBM,Ausgrid,lightgbm_quantile__c90__h6,0.9,6.0,2012-12,5,Global-CQR,rolling_global_norm,0.0522244164209197
LightGBM,Ausgrid,lightgbm_quantile__c90__h6,0.9,6.0,2012-12,5,Segment-CQR,rolling_group_norm,0.0483768971467655
LightGBM,Ausgrid,lightgbm_quantile__c90__h6,0.9,6.0,2012-12,5,User-CQR,rolling_user_norm,0.0460121585007729
LightGBM,Ausgrid,lightgbm_quantile__c90__h6,0.9,6.0,2012-12,5,Ex-post best fixed,rolling_user_norm,0.0460121585007729
LightGBM,Ausgrid,lightgbm_quantile__c90__h6,0.9,6.0,2012-12,5,Month-wise oracle,rolling_user_norm,0.0460121585007729
LightGBM,Ausgrid,lightgbm_quantile__c90__h6,0.9,6.0,2013-01,6,CSGR,rolling_user_norm,0.0573167529362415
LightGBM,Ausgrid,lightgbm_quantile__c90__h6,0.9,6.0,2013-01,6,Mean-fold minimum,rolling_user_norm,0.0573167529362415
LightGBM,Ausgrid,lightgbm_quantile__c90__h6,0.9,6.0,2013-01,6,Latest-fold minimum,rolling_user_norm,0.0573167529362415
LightGBM,Ausgrid,lightgbm_quantile__c90__h6,0.9,6.0,2013-01,6,Previous-window winner,rolling_user_norm,0.0573167529362415
LightGBM,Ausgrid,lightgbm_quantile__c90__h6,0.9,6.0,2013-01,6,Follow-the-leader,rolling_user_norm,0.0573167529362415
LightGBM,Ausgrid,lightgbm_quantile__c90__h6,0.9,6.0,2013-01,6,Global-CQR,rolling_global_norm,0.0660988615796406
LightGBM,Ausgrid,lightgbm_quantile__c90__h6,0.9,6.0,2013-01,6,Segment-CQR,rolling_group_norm,0.0631691548151637
LightGBM,Ausgrid,lightgbm_quantile__c90__h6,0.9,6.0,2013-01,6,User-CQR,rolling_user_norm,0.0573167529362415
LightGBM,Ausgrid,lightgbm_quantile__c90__h6,0.9,6.0,2013-01,6,Ex-post best fixed,rolling_user_norm,0.0573167529362415
LightGBM,Ausgrid,lightgbm_quantile__c90__h6,0.9,6.0,2013-01,6,Month-wise oracle,rolling_user_norm,0.0573167529362415
LightGBM,Ausgrid,lightgbm_quantile__c90__h6,0.9,6.0,2013-02,7,CSGR,rolling_user_norm,0.0491649214668294
LightGBM,Ausgrid,lightgbm_quantile__c90__h6,0.9,6.0,2013-02,7,Mean-fold minimum,rolling_user_norm,0.0491649214668294
LightGBM,Ausgrid,lightgbm_quantile__c90__h6,0.9,6.0,2013-02,7,Latest-fold minimum,rolling_user_norm,0.0491649214668294
LightGBM,Ausgrid,lightgbm_quantile__c90__h6,0.9,6.0,2013-02,7,Previous-window winner,rolling_user_norm,0.0491649214668294
LightGBM,Ausgrid,lightgbm_quantile__c90__h6,0.9,6.0,2013-02,7,Follow-the-leader,rolling_user_norm,0.0491649214668294
LightGBM,Ausgrid,lightgbm_quantile__c90__h6,0.9,6.0,2013-02,7,Global-CQR,rolling_global_norm,0.0575388249202042
LightGBM,Ausgrid,lightgbm_quantile__c90__h6,0.9,6.0,2013-02,7,Segment-CQR,rolling_group_norm,0.05512533362835
LightGBM,Ausgrid,lightgbm_quantile__c90__h6,0.9,6.0,2013-02,7,User-CQR,rolling_user_norm,0.0491649214668294
LightGBM,Ausgrid,lightgbm_quantile__c90__h6,0.9,6.0,2013-02,7,Ex-post best fixed,rolling_user_norm,0.0491649214668294
LightGBM,Ausgrid,lightgbm_quantile__c90__h6,0.9,6.0,2013-02,7,Month-wise oracle,rolling_user_norm,0.0491649214668294
LightGBM,Ausgrid,lightgbm_quantile__c90__h6,0.9,6.0,2013-03,8,CSGR,rolling_user_norm,0.0436821649247858
LightGBM,Ausgrid,lightgbm_quantile__c90__h6,0.9,6.0,2013-03,8,Mean-fold minimum,rolling_user_norm,0.0436821649247858
LightGBM,Ausgrid,lightgbm_quantile__c90__h6,0.9,6.0,2013-03,8,Latest-fold minimum,rolling_user_norm,0.0436821649247858
LightGBM,Ausgrid,lightgbm_quantile__c90__h6,0.9,6.0,2013-03,8,Previous-window winner,rolling_user_norm,0.0436821649247858
LightGBM,Ausgrid,lightgbm_quantile__c90__h6,0.9,6.0,2013-03,8,Follow-the-leader,rolling_user_norm,0.0436821649247858
LightGBM,Ausgrid,lightgbm_quantile__c90__h6,0.9,6.0,2013-03,8,Global-CQR,rolling_global_norm,0.054636635018037
LightGBM,Ausgrid,lightgbm_quantile__c90__h6,0.9,6.0,2013-03,8,Segment-CQR,rolling_group_norm,0.0522742602014125
LightGBM,Ausgrid,lightgbm_quantile__c90__h6,0.9,6.0,2013-03,8,User-CQR,rolling_user_norm,0.0436821649247858
LightGBM,Ausgrid,lightgbm_quantile__c90__h6,0.9,6.0,2013-03,8,Ex-post best fixed,rolling_user_norm,0.0436821649247858
LightGBM,Ausgrid,lightgbm_quantile__c90__h6,0.9,6.0,2013-03,8,Month-wise oracle,rolling_user_norm,0.0436821649247858
LightGBM,Ausgrid,lightgbm_quantile__c90__h6,0.9,6.0,2013-04,9,CSGR,rolling_user_norm,0.046653701280041
LightGBM,Ausgrid,lightgbm_quantile__c90__h6,0.9,6.0,2013-04,9,Mean-fold minimum,rolling_user_norm,0.046653701280041
LightGBM,Ausgrid,lightgbm_quantile__c90__h6,0.9,6.0,2013-04,9,Latest-fold minimum,rolling_user_norm,0.046653701280041
LightGBM,Ausgrid,lightgbm_quantile__c90__h6,0.9,6.0,2013-04,9,Previous-window winner,rolling_user_norm,0.046653701280041
LightGBM,Ausgrid,lightgbm_quantile__c90__h6,0.9,6.0,2013-04,9,Follow-the-leader,rolling_user_norm,0.046653701280041
LightGBM,Ausgrid,lightgbm_quantile__c90__h6,0.9,6.0,2013-04,9,Global-CQR,rolling_global_norm,0.0496855398966326
LightGBM,Ausgrid,lightgbm_quantile__c90__h6,0.9,6.0,2013-04,9,Segment-CQR,rolling_group_norm,0.0480825951885097
LightGBM,Ausgrid,lightgbm_quantile__c90__h6,0.9,6.0,2013-04,9,User-CQR,rolling_user_norm,0.046653701280041
LightGBM,Ausgrid,lightgbm_quantile__c90__h6,0.9,6.0,2013-04,9,Ex-post best fixed,rolling_user_norm,0.046653701280041
LightGBM,Ausgrid,lightgbm_quantile__c90__h6,0.9,6.0,2013-04,9,Month-wise oracle,rolling_user_norm,0.046653701280041
LightGBM,Ausgrid,lightgbm_quantile__c90__h6,0.9,6.0,2013-05,10,CSGR,rolling_user_norm,0.058486357912586
LightGBM,Ausgrid,lightgbm_quantile__c90__h6,0.9,6.0,2013-05,10,Mean-fold minimum,rolling_user_norm,0.058486357912586
LightGBM,Ausgrid,lightgbm_quantile__c90__h6,0.9,6.0,2013-05,10,Latest-fold minimum,rolling_user_norm,0.058486357912586
LightGBM,Ausgrid,lightgbm_quantile__c90__h6,0.9,6.0,2013-05,10,Previous-window winner,rolling_user_norm,0.058486357912586
LightGBM,Ausgrid,lightgbm_quantile__c90__h6,0.9,6.0,2013-05,10,Follow-the-leader,rolling_user_norm,0.058486357912586
LightGBM,Ausgrid,lightgbm_quantile__c90__h6,0.9,6.0,2013-05,10,Global-CQR,rolling_global_norm,0.0651266200815634
LightGBM,Ausgrid,lightgbm_quantile__c90__h6,0.9,6.0,2013-05,10,Segment-CQR,rolling_group_norm,0.062702254433172
LightGBM,Ausgrid,lightgbm_quantile__c90__h6,0.9,6.0,2013-05,10,User-CQR,rolling_user_norm,0.058486357912586
LightGBM,Ausgrid,lightgbm_quantile__c90__h6,0.9,6.0,2013-05,10,Ex-post best fixed,rolling_user_norm,0.058486357912586
LightGBM,Ausgrid,lightgbm_quantile__c90__h6,0.9,6.0,2013-05,10,Month-wise oracle,rolling_user_norm,0.058486357912586
LightGBM,Ausgrid,lightgbm_quantile__c90__h6,0.9,6.0,2013-06,11,CSGR,rolling_user_norm,0.0652730320445764
LightGBM,Ausgrid,lightgbm_quantile__c90__h6,0.9,6.0,2013-06,11,Mean-fold minimum,rolling_user_norm,0.0652730320445764
LightGBM,Ausgrid,lightgbm_quantile__c90__h6,0.9,6.0,2013-06,11,Latest-fold minimum,rolling_user_norm,0.0652730320445764
LightGBM,Ausgrid,lightgbm_quantile__c90__h6,0.9,6.0,2013-06,11,Previous-window winner,rolling_user_norm,0.0652730320445764
LightGBM,Ausgrid,lightgbm_quantile__c90__h6,0.9,6.0,2013-06,11,Follow-the-leader,rolling_user_norm,0.0652730320445764
LightGBM,Ausgrid,lightgbm_quantile__c90__h6,0.9,6.0,2013-06,11,Global-CQR,rolling_global_norm,0.0735518927857154
LightGBM,Ausgrid,lightgbm_quantile__c90__h6,0.9,6.0,2013-06,11,Segment-CQR,rolling_group_norm,0.0712701668338902
LightGBM,Ausgrid,lightgbm_quantile__c90__h6,0.9,6.0,2013-06,11,User-CQR,rolling_user_norm,0.0652730320445764
LightGBM,Ausgrid,lightgbm_quantile__c90__h6,0.9,6.0,2013-06,11,Ex-post best fixed,rolling_user_norm,0.0652730320445764
LightGBM,Ausgrid,lightgbm_quantile__c90__h6,0.9,6.0,2013-06,11,Month-wise oracle,rolling_user_norm,0.0652730320445764
LightGBM,London,lightgbm_quantile__c80__h1,0.8,1.0,2013-03,0,CSGR,rolling_global_norm,0.0487299045828491
LightGBM,London,lightgbm_quantile__c80__h1,0.8,1.0,2013-03,0,Mean-fold minimum,rolling_user_norm,0.0477419986660134
LightGBM,London,lightgbm_quantile__c80__h1,0.8,1.0,2013-03,0,Latest-fold minimum,rolling_global_norm,0.0487299045828491
LightGBM,London,lightgbm_quantile__c80__h1,0.8,1.0,2013-03,0,Previous-window winner,rolling_global_norm,0.0487299045828491
LightGBM,London,lightgbm_quantile__c80__h1,0.8,1.0,2013-03,0,Follow-the-leader,rolling_global_norm,0.0487299045828491
LightGBM,London,lightgbm_quantile__c80__h1,0.8,1.0,2013-03,0,Global-CQR,rolling_global_norm,0.0487299045828491
LightGBM,London,lightgbm_quantile__c80__h1,0.8,1.0,2013-03,0,Segment-CQR,rolling_group_norm,0.0524740605383302
LightGBM,London,lightgbm_quantile__c80__h1,0.8,1.0,2013-03,0,User-CQR,rolling_user_norm,0.0477419986660134
LightGBM,London,lightgbm_quantile__c80__h1,0.8,1.0,2013-03,0,Ex-post best fixed,rolling_user_norm,0.0477419986660134
LightGBM,London,lightgbm_quantile__c80__h1,0.8,1.0,2013-03,0,Month-wise oracle,rolling_user_norm,0.0477419986660134
LightGBM,London,lightgbm_quantile__c80__h1,0.8,1.0,2013-04,1,CSGR,rolling_user_norm,0.0426929029552997
LightGBM,London,lightgbm_quantile__c80__h1,0.8,1.0,2013-04,1,Mean-fold minimum,rolling_user_norm,0.0426929029552997
LightGBM,London,lightgbm_quantile__c80__h1,0.8,1.0,2013-04,1,Latest-fold minimum,rolling_user_norm,0.0426929029552997
LightGBM,London,lightgbm_quantile__c80__h1,0.8,1.0,2013-04,1,Previous-window winner,rolling_user_norm,0.0426929029552997
LightGBM,London,lightgbm_quantile__c80__h1,0.8,1.0,2013-04,1,Follow-the-leader,rolling_user_norm,0.0426929029552997
LightGBM,London,lightgbm_quantile__c80__h1,0.8,1.0,2013-04,1,Global-CQR,rolling_global_norm,0.0428127743093
LightGBM,London,lightgbm_quantile__c80__h1,0.8,1.0,2013-04,1,Segment-CQR,rolling_group_norm,0.0432166160727947
LightGBM,London,lightgbm_quantile__c80__h1,0.8,1.0,2013-04,1,User-CQR,rolling_user_norm,0.0426929029552997
LightGBM,London,lightgbm_quantile__c80__h1,0.8,1.0,2013-04,1,Ex-post best fixed,rolling_user_norm,0.0426929029552997
LightGBM,London,lightgbm_quantile__c80__h1,0.8,1.0,2013-04,1,Month-wise oracle,rolling_user_norm,0.0426929029552997
LightGBM,London,lightgbm_quantile__c80__h1,0.8,1.0,2013-05,2,CSGR,rolling_global_norm,0.0459800389845846
LightGBM,London,lightgbm_quantile__c80__h1,0.8,1.0,2013-05,2,Mean-fold minimum,rolling_user_norm,0.0484958036503398
LightGBM,London,lightgbm_quantile__c80__h1,0.8,1.0,2013-05,2,Latest-fold minimum,rolling_group_norm,0.0452175622317052
LightGBM,London,lightgbm_quantile__c80__h1,0.8,1.0,2013-05,2,Previous-window winner,rolling_user_norm,0.0484958036503398
LightGBM,London,lightgbm_quantile__c80__h1,0.8,1.0,2013-05,2,Follow-the-leader,rolling_user_norm,0.0484958036503398
LightGBM,London,lightgbm_quantile__c80__h1,0.8,1.0,2013-05,2,Global-CQR,rolling_global_norm,0.0459800389845846
LightGBM,London,lightgbm_quantile__c80__h1,0.8,1.0,2013-05,2,Segment-CQR,rolling_group_norm,0.0452175622317052
LightGBM,London,lightgbm_quantile__c80__h1,0.8,1.0,2013-05,2,User-CQR,rolling_user_norm,0.0484958036503398
LightGBM,London,lightgbm_quantile__c80__h1,0.8,1.0,2013-05,2,Ex-post best fixed,rolling_user_norm,0.0484958036503398
LightGBM,London,lightgbm_quantile__c80__h1,0.8,1.0,2013-05,2,Month-wise oracle,rolling_group_norm,0.0452175622317052
LightGBM,London,lightgbm_quantile__c80__h1,0.8,1.0,2013-06,3,CSGR,rolling_user_norm,0.039054445129308
LightGBM,London,lightgbm_quantile__c80__h1,0.8,1.0,2013-06,3,Mean-fold minimum,rolling_user_norm,0.039054445129308
LightGBM,London,lightgbm_quantile__c80__h1,0.8,1.0,2013-06,3,Latest-fold minimum,rolling_user_norm,0.039054445129308
LightGBM,London,lightgbm_quantile__c80__h1,0.8,1.0,2013-06,3,Previous-window winner,rolling_group_norm,0.0427026883805888
LightGBM,London,lightgbm_quantile__c80__h1,0.8,1.0,2013-06,3,Follow-the-leader,rolling_global_norm,0.047497186731501
LightGBM,London,lightgbm_quantile__c80__h1,0.8,1.0,2013-06,3,Global-CQR,rolling_global_norm,0.047497186731501
LightGBM,London,lightgbm_quantile__c80__h1,0.8,1.0,2013-06,3,Segment-CQR,rolling_group_norm,0.0427026883805888
LightGBM,London,lightgbm_quantile__c80__h1,0.8,1.0,2013-06,3,User-CQR,rolling_user_norm,0.039054445129308
LightGBM,London,lightgbm_quantile__c80__h1,0.8,1.0,2013-06,3,Ex-post best fixed,rolling_user_norm,0.039054445129308
LightGBM,London,lightgbm_quantile__c80__h1,0.8,1.0,2013-06,3,Month-wise oracle,rolling_user_norm,0.039054445129308
LightGBM,London,lightgbm_quantile__c80__h1,0.8,1.0,2013-07,4,CSGR,rolling_user_norm,0.0474169705266241
LightGBM,London,lightgbm_quantile__c80__h1,0.8,1.0,2013-07,4,Mean-fold minimum,rolling_user_norm,0.0474169705266241
LightGBM,London,lightgbm_quantile__c80__h1,0.8,1.0,2013-07,4,Latest-fold minimum,rolling_user_norm,0.0474169705266241
LightGBM,London,lightgbm_quantile__c80__h1,0.8,1.0,2013-07,4,Previous-window winner,rolling_user_norm,0.0474169705266241
LightGBM,London,lightgbm_quantile__c80__h1,0.8,1.0,2013-07,4,Follow-the-leader,rolling_user_norm,0.0474169705266241
LightGBM,London,lightgbm_quantile__c80__h1,0.8,1.0,2013-07,4,Global-CQR,rolling_global_norm,0.0573398200769334
LightGBM,London,lightgbm_quantile__c80__h1,0.8,1.0,2013-07,4,Segment-CQR,rolling_group_norm,0.0521469046180781
LightGBM,London,lightgbm_quantile__c80__h1,0.8,1.0,2013-07,4,User-CQR,rolling_user_norm,0.0474169705266241
LightGBM,London,lightgbm_quantile__c80__h1,0.8,1.0,2013-07,4,Ex-post best fixed,rolling_user_norm,0.0474169705266241
LightGBM,London,lightgbm_quantile__c80__h1,0.8,1.0,2013-07,4,Month-wise oracle,rolling_user_norm,0.0474169705266241
LightGBM,London,lightgbm_quantile__c80__h1,0.8,1.0,2013-08,5,CSGR,rolling_user_norm,0.035507427312986
LightGBM,London,lightgbm_quantile__c80__h1,0.8,1.0,2013-08,5,Mean-fold minimum,rolling_user_norm,0.035507427312986
LightGBM,London,lightgbm_quantile__c80__h1,0.8,1.0,2013-08,5,Latest-fold minimum,rolling_user_norm,0.035507427312986
LightGBM,London,lightgbm_quantile__c80__h1,0.8,1.0,2013-08,5,Previous-window winner,rolling_user_norm,0.035507427312986
LightGBM,London,lightgbm_quantile__c80__h1,0.8,1.0,2013-08,5,Follow-the-leader,rolling_user_norm,0.035507427312986
LightGBM,London,lightgbm_quantile__c80__h1,0.8,1.0,2013-08,5,Global-CQR,rolling_global_norm,0.0473219170604038
LightGBM,London,lightgbm_quantile__c80__h1,0.8,1.0,2013-08,5,Segment-CQR,rolling_group_norm,0.0436453306607363
LightGBM,London,lightgbm_quantile__c80__h1,0.8,1.0,2013-08,5,User-CQR,rolling_user_norm,0.035507427312986
LightGBM,London,lightgbm_quantile__c80__h1,0.8,1.0,2013-08,5,Ex-post best fixed,rolling_user_norm,0.035507427312986
LightGBM,London,lightgbm_quantile__c80__h1,0.8,1.0,2013-08,5,Month-wise oracle,rolling_user_norm,0.035507427312986
LightGBM,London,lightgbm_quantile__c80__h1,0.8,1.0,2013-09,6,CSGR,rolling_user_norm,0.0480250165428762
LightGBM,London,lightgbm_quantile__c80__h1,0.8,1.0,2013-09,6,Mean-fold minimum,rolling_user_norm,0.0480250165428762
LightGBM,London,lightgbm_quantile__c80__h1,0.8,1.0,2013-09,6,Latest-fold minimum,rolling_user_norm,0.0480250165428762
LightGBM,London,lightgbm_quantile__c80__h1,0.8,1.0,2013-09,6,Previous-window winner,rolling_user_norm,0.0480250165428762
LightGBM,London,lightgbm_quantile__c80__h1,0.8,1.0,2013-09,6,Follow-the-leader,rolling_user_norm,0.0480250165428762
LightGBM,London,lightgbm_quantile__c80__h1,0.8,1.0,2013-09,6,Global-CQR,rolling_global_norm,0.0508058099128766
LightGBM,London,lightgbm_quantile__c80__h1,0.8,1.0,2013-09,6,Segment-CQR,rolling_group_norm,0.0506207887480667
LightGBM,London,lightgbm_quantile__c80__h1,0.8,1.0,2013-09,6,User-CQR,rolling_user_norm,0.0480250165428762
LightGBM,London,lightgbm_quantile__c80__h1,0.8,1.0,2013-09,6,Ex-post best fixed,rolling_user_norm,0.0480250165428762
LightGBM,London,lightgbm_quantile__c80__h1,0.8,1.0,2013-09,6,Month-wise oracle,rolling_user_norm,0.0480250165428762
LightGBM,London,lightgbm_quantile__c80__h1,0.8,1.0,2013-10,7,CSGR,rolling_user_norm,0.0434472628018726
LightGBM,London,lightgbm_quantile__c80__h1,0.8,1.0,2013-10,7,Mean-fold minimum,rolling_user_norm,0.0434472628018726
LightGBM,London,lightgbm_quantile__c80__h1,0.8,1.0,2013-10,7,Latest-fold minimum,rolling_user_norm,0.0434472628018726
LightGBM,London,lightgbm_quantile__c80__h1,0.8,1.0,2013-10,7,Previous-window winner,rolling_user_norm,0.0434472628018726
LightGBM,London,lightgbm_quantile__c80__h1,0.8,1.0,2013-10,7,Follow-the-leader,rolling_user_norm,0.0434472628018726
LightGBM,London,lightgbm_quantile__c80__h1,0.8,1.0,2013-10,7,Global-CQR,rolling_global_norm,0.0471463747274058
LightGBM,London,lightgbm_quantile__c80__h1,0.8,1.0,2013-10,7,Segment-CQR,rolling_group_norm,0.0481707688273539
LightGBM,London,lightgbm_quantile__c80__h1,0.8,1.0,2013-10,7,User-CQR,rolling_user_norm,0.0434472628018726
LightGBM,London,lightgbm_quantile__c80__h1,0.8,1.0,2013-10,7,Ex-post best fixed,rolling_user_norm,0.0434472628018726
LightGBM,London,lightgbm_quantile__c80__h1,0.8,1.0,2013-10,7,Month-wise oracle,rolling_user_norm,0.0434472628018726
LightGBM,London,lightgbm_quantile__c80__h1,0.8,1.0,2013-11,8,CSGR,rolling_user_norm,0.0546800041629459
LightGBM,London,lightgbm_quantile__c80__h1,0.8,1.0,2013-11,8,Mean-fold minimum,rolling_user_norm,0.0546800041629459
LightGBM,London,lightgbm_quantile__c80__h1,0.8,1.0,2013-11,8,Latest-fold minimum,rolling_user_norm,0.0546800041629459
LightGBM,London,lightgbm_quantile__c80__h1,0.8,1.0,2013-11,8,Previous-window winner,rolling_user_norm,0.0546800041629459
LightGBM,London,lightgbm_quantile__c80__h1,0.8,1.0,2013-11,8,Follow-the-leader,rolling_user_norm,0.0546800041629459
LightGBM,London,lightgbm_quantile__c80__h1,0.8,1.0,2013-11,8,Global-CQR,rolling_global_norm,0.0535106459722342
LightGBM,London,lightgbm_quantile__c80__h1,0.8,1.0,2013-11,8,Segment-CQR,rolling_group_norm,0.0580269884075302
LightGBM,London,lightgbm_quantile__c80__h1,0.8,1.0,2013-11,8,User-CQR,rolling_user_norm,0.0546800041629459
LightGBM,London,lightgbm_quantile__c80__h1,0.8,1.0,2013-11,8,Ex-post best fixed,rolling_user_norm,0.0546800041629459
LightGBM,London,lightgbm_quantile__c80__h1,0.8,1.0,2013-11,8,Month-wise oracle,rolling_global_norm,0.0535106459722342
LightGBM,London,lightgbm_quantile__c80__h1,0.8,1.0,2013-12,9,CSGR,rolling_user_norm,0.0454787014671527
LightGBM,London,lightgbm_quantile__c80__h1,0.8,1.0,2013-12,9,Mean-fold minimum,rolling_user_norm,0.0454787014671527
LightGBM,London,lightgbm_quantile__c80__h1,0.8,1.0,2013-12,9,Latest-fold minimum,rolling_user_norm,0.0454787014671527
LightGBM,London,lightgbm_quantile__c80__h1,0.8,1.0,2013-12,9,Previous-window winner,rolling_global_norm,0.0529027097700579
LightGBM,London,lightgbm_quantile__c80__h1,0.8,1.0,2013-12,9,Follow-the-leader,rolling_user_norm,0.0454787014671527
LightGBM,London,lightgbm_quantile__c80__h1,0.8,1.0,2013-12,9,Global-CQR,rolling_global_norm,0.0529027097700579
LightGBM,London,lightgbm_quantile__c80__h1,0.8,1.0,2013-12,9,Segment-CQR,rolling_group_norm,0.0520760230621171
LightGBM,London,lightgbm_quantile__c80__h1,0.8,1.0,2013-12,9,User-CQR,rolling_user_norm,0.0454787014671527
LightGBM,London,lightgbm_quantile__c80__h1,0.8,1.0,2013-12,9,Ex-post best fixed,rolling_user_norm,0.0454787014671527
LightGBM,London,lightgbm_quantile__c80__h1,0.8,1.0,2013-12,9,Month-wise oracle,rolling_user_norm,0.0454787014671527
LightGBM,London,lightgbm_quantile__c80__h1,0.8,1.0,2014-01,10,CSGR,rolling_user_norm,0.0438141184132651
LightGBM,London,lightgbm_quantile__c80__h1,0.8,1.0,2014-01,10,Mean-fold minimum,rolling_user_norm,0.0438141184132651
LightGBM,London,lightgbm_quantile__c80__h1,0.8,1.0,2014-01,10,Latest-fold minimum,rolling_user_norm,0.0438141184132651
LightGBM,London,lightgbm_quantile__c80__h1,0.8,1.0,2014-01,10,Previous-window winner,rolling_user_norm,0.0438141184132651
LightGBM,London,lightgbm_quantile__c80__h1,0.8,1.0,2014-01,10,Follow-the-leader,rolling_user_norm,0.0438141184132651
LightGBM,London,lightgbm_quantile__c80__h1,0.8,1.0,2014-01,10,Global-CQR,rolling_global_norm,0.051391934260458
LightGBM,London,lightgbm_quantile__c80__h1,0.8,1.0,2014-01,10,Segment-CQR,rolling_group_norm,0.0499261131074584
LightGBM,London,lightgbm_quantile__c80__h1,0.8,1.0,2014-01,10,User-CQR,rolling_user_norm,0.0438141184132651
LightGBM,London,lightgbm_quantile__c80__h1,0.8,1.0,2014-01,10,Ex-post best fixed,rolling_user_norm,0.0438141184132651
LightGBM,London,lightgbm_quantile__c80__h1,0.8,1.0,2014-01,10,Month-wise oracle,rolling_user_norm,0.0438141184132651
LightGBM,London,lightgbm_quantile__c80__h6,0.8,6.0,2013-03,0,CSGR,rolling_user_norm,0.0640492720165034
LightGBM,London,lightgbm_quantile__c80__h6,0.8,6.0,2013-03,0,Mean-fold minimum,rolling_user_norm,0.0640492720165034
LightGBM,London,lightgbm_quantile__c80__h6,0.8,6.0,2013-03,0,Latest-fold minimum,rolling_user_norm,0.0640492720165034
LightGBM,London,lightgbm_quantile__c80__h6,0.8,6.0,2013-03,0,Previous-window winner,rolling_global_norm,0.0640628897714747
LightGBM,London,lightgbm_quantile__c80__h6,0.8,6.0,2013-03,0,Follow-the-leader,rolling_global_norm,0.0640628897714747
LightGBM,London,lightgbm_quantile__c80__h6,0.8,6.0,2013-03,0,Global-CQR,rolling_global_norm,0.0640628897714747
LightGBM,London,lightgbm_quantile__c80__h6,0.8,6.0,2013-03,0,Segment-CQR,rolling_group_norm,0.0686504673087142
LightGBM,London,lightgbm_quantile__c80__h6,0.8,6.0,2013-03,0,User-CQR,rolling_user_norm,0.0640492720165034
LightGBM,London,lightgbm_quantile__c80__h6,0.8,6.0,2013-03,0,Ex-post best fixed,rolling_user_norm,0.0640492720165034
LightGBM,London,lightgbm_quantile__c80__h6,0.8,6.0,2013-03,0,Month-wise oracle,rolling_user_norm,0.0640492720165034
LightGBM,London,lightgbm_quantile__c80__h6,0.8,6.0,2013-04,1,CSGR,rolling_user_norm,0.0502389808482253
LightGBM,London,lightgbm_quantile__c80__h6,0.8,6.0,2013-04,1,Mean-fold minimum,rolling_user_norm,0.0502389808482253
LightGBM,London,lightgbm_quantile__c80__h6,0.8,6.0,2013-04,1,Latest-fold minimum,rolling_user_norm,0.0502389808482253
LightGBM,London,lightgbm_quantile__c80__h6,0.8,6.0,2013-04,1,Previous-window winner,rolling_user_norm,0.0502389808482253
LightGBM,London,lightgbm_quantile__c80__h6,0.8,6.0,2013-04,1,Follow-the-leader,rolling_user_norm,0.0502389808482253
LightGBM,London,lightgbm_quantile__c80__h6,0.8,6.0,2013-04,1,Global-CQR,rolling_global_norm,0.0528950783427456
LightGBM,London,lightgbm_quantile__c80__h6,0.8,6.0,2013-04,1,Segment-CQR,rolling_group_norm,0.0507229068936305
LightGBM,London,lightgbm_quantile__c80__h6,0.8,6.0,2013-04,1,User-CQR,rolling_user_norm,0.0502389808482253
LightGBM,London,lightgbm_quantile__c80__h6,0.8,6.0,2013-04,1,Ex-post best fixed,rolling_user_norm,0.0502389808482253
LightGBM,London,lightgbm_quantile__c80__h6,0.8,6.0,2013-04,1,Month-wise oracle,rolling_user_norm,0.0502389808482253
LightGBM,London,lightgbm_quantile__c80__h6,0.8,6.0,2013-05,2,CSGR,rolling_user_norm,0.0574103688622868
LightGBM,London,lightgbm_quantile__c80__h6,0.8,6.0,2013-05,2,Mean-fold minimum,rolling_user_norm,0.0574103688622868
LightGBM,London,lightgbm_quantile__c80__h6,0.8,6.0,2013-05,2,Latest-fold minimum,rolling_user_norm,0.0574103688622868
LightGBM,London,lightgbm_quantile__c80__h6,0.8,6.0,2013-05,2,Previous-window winner,rolling_user_norm,0.0574103688622868
LightGBM,London,lightgbm_quantile__c80__h6,0.8,6.0,2013-05,2,Follow-the-leader,rolling_user_norm,0.0574103688622868
LightGBM,London,lightgbm_quantile__c80__h6,0.8,6.0,2013-05,2,Global-CQR,rolling_global_norm,0.0596518065604577
LightGBM,London,lightgbm_quantile__c80__h6,0.8,6.0,2013-05,2,Segment-CQR,rolling_group_norm,0.0559329274222216
LightGBM,London,lightgbm_quantile__c80__h6,0.8,6.0,2013-05,2,User-CQR,rolling_user_norm,0.0574103688622868
LightGBM,London,lightgbm_quantile__c80__h6,0.8,6.0,2013-05,2,Ex-post best fixed,rolling_user_norm,0.0574103688622868
LightGBM,London,lightgbm_quantile__c80__h6,0.8,6.0,2013-05,2,Month-wise oracle,rolling_group_norm,0.0559329274222216
LightGBM,London,lightgbm_quantile__c80__h6,0.8,6.0,2013-06,3,CSGR,rolling_user_norm,0.0457590163567866
LightGBM,London,lightgbm_quantile__c80__h6,0.8,6.0,2013-06,3,Mean-fold minimum,rolling_user_norm,0.0457590163567866
LightGBM,London,lightgbm_quantile__c80__h6,0.8,6.0,2013-06,3,Latest-fold minimum,rolling_user_norm,0.0457590163567866
LightGBM,London,lightgbm_quantile__c80__h6,0.8,6.0,2013-06,3,Previous-window winner,rolling_group_norm,0.0530472480306764
LightGBM,London,lightgbm_quantile__c80__h6,0.8,6.0,2013-06,3,Follow-the-leader,rolling_user_norm,0.0457590163567866
LightGBM,London,lightgbm_quantile__c80__h6,0.8,6.0,2013-06,3,Global-CQR,rolling_global_norm,0.0601562865007325
LightGBM,London,lightgbm_quantile__c80__h6,0.8,6.0,2013-06,3,Segment-CQR,rolling_group_norm,0.0530472480306764
LightGBM,London,lightgbm_quantile__c80__h6,0.8,6.0,2013-06,3,User-CQR,rolling_user_norm,0.0457590163567866
LightGBM,London,lightgbm_quantile__c80__h6,0.8,6.0,2013-06,3,Ex-post best fixed,rolling_user_norm,0.0457590163567866
LightGBM,London,lightgbm_quantile__c80__h6,0.8,6.0,2013-06,3,Month-wise oracle,rolling_user_norm,0.0457590163567866
LightGBM,London,lightgbm_quantile__c80__h6,0.8,6.0,2013-07,4,CSGR,rolling_user_norm,0.0543628528687817
LightGBM,London,lightgbm_quantile__c80__h6,0.8,6.0,2013-07,4,Mean-fold minimum,rolling_user_norm,0.0543628528687817
LightGBM,London,lightgbm_quantile__c80__h6,0.8,6.0,2013-07,4,Latest-fold minimum,rolling_user_norm,0.0543628528687817
LightGBM,London,lightgbm_quantile__c80__h6,0.8,6.0,2013-07,4,Previous-window winner,rolling_user_norm,0.0543628528687817
LightGBM,London,lightgbm_quantile__c80__h6,0.8,6.0,2013-07,4,Follow-the-leader,rolling_user_norm,0.0543628528687817
LightGBM,London,lightgbm_quantile__c80__h6,0.8,6.0,2013-07,4,Global-CQR,rolling_global_norm,0.070910613411181
LightGBM,London,lightgbm_quantile__c80__h6,0.8,6.0,2013-07,4,Segment-CQR,rolling_group_norm,0.0611975666705659
LightGBM,London,lightgbm_quantile__c80__h6,0.8,6.0,2013-07,4,User-CQR,rolling_user_norm,0.0543628528687817
LightGBM,London,lightgbm_quantile__c80__h6,0.8,6.0,2013-07,4,Ex-post best fixed,rolling_user_norm,0.0543628528687817
LightGBM,London,lightgbm_quantile__c80__h6,0.8,6.0,2013-07,4,Month-wise oracle,rolling_user_norm,0.0543628528687817
LightGBM,London,lightgbm_quantile__c80__h6,0.8,6.0,2013-08,5,CSGR,rolling_user_norm,0.0422974039327739
LightGBM,London,lightgbm_quantile__c80__h6,0.8,6.0,2013-08,5,Mean-fold minimum,rolling_user_norm,0.0422974039327739
LightGBM,London,lightgbm_quantile__c80__h6,0.8,6.0,2013-08,5,Latest-fold minimum,rolling_user_norm,0.0422974039327739
LightGBM,London,lightgbm_quantile__c80__h6,0.8,6.0,2013-08,5,Previous-window winner,rolling_user_norm,0.0422974039327739
LightGBM,London,lightgbm_quantile__c80__h6,0.8,6.0,2013-08,5,Follow-the-leader,rolling_user_norm,0.0422974039327739
LightGBM,London,lightgbm_quantile__c80__h6,0.8,6.0,2013-08,5,Global-CQR,rolling_global_norm,0.0613735367165306
LightGBM,London,lightgbm_quantile__c80__h6,0.8,6.0,2013-08,5,Segment-CQR,rolling_group_norm,0.0551919910856471
LightGBM,London,lightgbm_quantile__c80__h6,0.8,6.0,2013-08,5,User-CQR,rolling_user_norm,0.0422974039327739
LightGBM,London,lightgbm_quantile__c80__h6,0.8,6.0,2013-08,5,Ex-post best fixed,rolling_user_norm,0.0422974039327739
LightGBM,London,lightgbm_quantile__c80__h6,0.8,6.0,2013-08,5,Month-wise oracle,rolling_user_norm,0.0422974039327739
LightGBM,London,lightgbm_quantile__c80__h6,0.8,6.0,2013-09,6,CSGR,rolling_user_norm,0.0631985427643867
LightGBM,London,lightgbm_quantile__c80__h6,0.8,6.0,2013-09,6,Mean-fold minimum,rolling_user_norm,0.0631985427643867
LightGBM,London,lightgbm_quantile__c80__h6,0.8,6.0,2013-09,6,Latest-fold minimum,rolling_user_norm,0.0631985427643867
LightGBM,London,lightgbm_quantile__c80__h6,0.8,6.0,2013-09,6,Previous-window winner,rolling_user_norm,0.0631985427643867
LightGBM,London,lightgbm_quantile__c80__h6,0.8,6.0,2013-09,6,Follow-the-leader,rolling_user_norm,0.0631985427643867
LightGBM,London,lightgbm_quantile__c80__h6,0.8,6.0,2013-09,6,Global-CQR,rolling_global_norm,0.0685382540563549
LightGBM,London,lightgbm_quantile__c80__h6,0.8,6.0,2013-09,6,Segment-CQR,rolling_group_norm,0.0645218576556858
LightGBM,London,lightgbm_quantile__c80__h6,0.8,6.0,2013-09,6,User-CQR,rolling_user_norm,0.0631985427643867
LightGBM,London,lightgbm_quantile__c80__h6,0.8,6.0,2013-09,6,Ex-post best fixed,rolling_user_norm,0.0631985427643867
LightGBM,London,lightgbm_quantile__c80__h6,0.8,6.0,2013-09,6,Month-wise oracle,rolling_user_norm,0.0631985427643867
LightGBM,London,lightgbm_quantile__c80__h6,0.8,6.0,2013-10,7,CSGR,rolling_user_norm,0.0522260535746545
LightGBM,London,lightgbm_quantile__c80__h6,0.8,6.0,2013-10,7,Mean-fold minimum,rolling_user_norm,0.0522260535746545
LightGBM,London,lightgbm_quantile__c80__h6,0.8,6.0,2013-10,7,Latest-fold minimum,rolling_user_norm,0.0522260535746545
LightGBM,London,lightgbm_quantile__c80__h6,0.8,6.0,2013-10,7,Previous-window winner,rolling_user_norm,0.0522260535746545
LightGBM,London,lightgbm_quantile__c80__h6,0.8,6.0,2013-10,7,Follow-the-leader,rolling_user_norm,0.0522260535746545
LightGBM,London,lightgbm_quantile__c80__h6,0.8,6.0,2013-10,7,Global-CQR,rolling_global_norm,0.0676341392456592
LightGBM,London,lightgbm_quantile__c80__h6,0.8,6.0,2013-10,7,Segment-CQR,rolling_group_norm,0.060556951132627
LightGBM,London,lightgbm_quantile__c80__h6,0.8,6.0,2013-10,7,User-CQR,rolling_user_norm,0.0522260535746545
LightGBM,London,lightgbm_quantile__c80__h6,0.8,6.0,2013-10,7,Ex-post best fixed,rolling_user_norm,0.0522260535746545
LightGBM,London,lightgbm_quantile__c80__h6,0.8,6.0,2013-10,7,Month-wise oracle,rolling_user_norm,0.0522260535746545
LightGBM,London,lightgbm_quantile__c80__h6,0.8,6.0,2013-11,8,CSGR,rolling_user_norm,0.0680066679650436
LightGBM,London,lightgbm_quantile__c80__h6,0.8,6.0,2013-11,8,Mean-fold minimum,rolling_user_norm,0.0680066679650436
LightGBM,London,lightgbm_quantile__c80__h6,0.8,6.0,2013-11,8,Latest-fold minimum,rolling_user_norm,0.0680066679650436
LightGBM,London,lightgbm_quantile__c80__h6,0.8,6.0,2013-11,8,Previous-window winner,rolling_user_norm,0.0680066679650436
LightGBM,London,lightgbm_quantile__c80__h6,0.8,6.0,2013-11,8,Follow-the-leader,rolling_user_norm,0.0680066679650436
LightGBM,London,lightgbm_quantile__c80__h6,0.8,6.0,2013-11,8,Global-CQR,rolling_global_norm,0.0688096096509642
LightGBM,London,lightgbm_quantile__c80__h6,0.8,6.0,2013-11,8,Segment-CQR,rolling_group_norm,0.0714727662003255
LightGBM,London,lightgbm_quantile__c80__h6,0.8,6.0,2013-11,8,User-CQR,rolling_user_norm,0.0680066679650436
LightGBM,London,lightgbm_quantile__c80__h6,0.8,6.0,2013-11,8,Ex-post best fixed,rolling_user_norm,0.0680066679650436
LightGBM,London,lightgbm_quantile__c80__h6,0.8,6.0,2013-11,8,Month-wise oracle,rolling_user_norm,0.0680066679650436
LightGBM,London,lightgbm_quantile__c80__h6,0.8,6.0,2013-12,9,CSGR,rolling_user_norm,0.0562256902505357
LightGBM,London,lightgbm_quantile__c80__h6,0.8,6.0,2013-12,9,Mean-fold minimum,rolling_user_norm,0.0562256902505357
LightGBM,London,lightgbm_quantile__c80__h6,0.8,6.0,2013-12,9,Latest-fold minimum,rolling_user_norm,0.0562256902505357
LightGBM,London,lightgbm_quantile__c80__h6,0.8,6.0,2013-12,9,Previous-window winner,rolling_user_norm,0.0562256902505357
LightGBM,London,lightgbm_quantile__c80__h6,0.8,6.0,2013-12,9,Follow-the-leader,rolling_user_norm,0.0562256902505357
LightGBM,London,lightgbm_quantile__c80__h6,0.8,6.0,2013-12,9,Global-CQR,rolling_global_norm,0.0691203416589299
LightGBM,London,lightgbm_quantile__c80__h6,0.8,6.0,2013-12,9,Segment-CQR,rolling_group_norm,0.0626092853826925
LightGBM,London,lightgbm_quantile__c80__h6,0.8,6.0,2013-12,9,User-CQR,rolling_user_norm,0.0562256902505357
LightGBM,London,lightgbm_quantile__c80__h6,0.8,6.0,2013-12,9,Ex-post best fixed,rolling_user_norm,0.0562256902505357
LightGBM,London,lightgbm_quantile__c80__h6,0.8,6.0,2013-12,9,Month-wise oracle,rolling_user_norm,0.0562256902505357
LightGBM,London,lightgbm_quantile__c80__h6,0.8,6.0,2014-01,10,CSGR,rolling_user_norm,0.051917950248644
LightGBM,London,lightgbm_quantile__c80__h6,0.8,6.0,2014-01,10,Mean-fold minimum,rolling_user_norm,0.051917950248644
LightGBM,London,lightgbm_quantile__c80__h6,0.8,6.0,2014-01,10,Latest-fold minimum,rolling_user_norm,0.051917950248644
LightGBM,London,lightgbm_quantile__c80__h6,0.8,6.0,2014-01,10,Previous-window winner,rolling_user_norm,0.051917950248644
LightGBM,London,lightgbm_quantile__c80__h6,0.8,6.0,2014-01,10,Follow-the-leader,rolling_user_norm,0.051917950248644
LightGBM,London,lightgbm_quantile__c80__h6,0.8,6.0,2014-01,10,Global-CQR,rolling_global_norm,0.0722872699731961
LightGBM,London,lightgbm_quantile__c80__h6,0.8,6.0,2014-01,10,Segment-CQR,rolling_group_norm,0.0693719315596727
LightGBM,London,lightgbm_quantile__c80__h6,0.8,6.0,2014-01,10,User-CQR,rolling_user_norm,0.051917950248644
LightGBM,London,lightgbm_quantile__c80__h6,0.8,6.0,2014-01,10,Ex-post best fixed,rolling_user_norm,0.051917950248644
LightGBM,London,lightgbm_quantile__c80__h6,0.8,6.0,2014-01,10,Month-wise oracle,rolling_user_norm,0.051917950248644
LightGBM,London,lightgbm_quantile__c90__h1,0.9,1.0,2013-03,0,CSGR,rolling_user_norm,0.0540002276345108
LightGBM,London,lightgbm_quantile__c90__h1,0.9,1.0,2013-03,0,Mean-fold minimum,rolling_user_norm,0.0540002276345108
LightGBM,London,lightgbm_quantile__c90__h1,0.9,1.0,2013-03,0,Latest-fold minimum,rolling_user_norm,0.0540002276345108
LightGBM,London,lightgbm_quantile__c90__h1,0.9,1.0,2013-03,0,Previous-window winner,rolling_global_norm,0.0549597775413723
LightGBM,London,lightgbm_quantile__c90__h1,0.9,1.0,2013-03,0,Follow-the-leader,rolling_global_norm,0.0549597775413723
LightGBM,London,lightgbm_quantile__c90__h1,0.9,1.0,2013-03,0,Global-CQR,rolling_global_norm,0.0549597775413723
LightGBM,London,lightgbm_quantile__c90__h1,0.9,1.0,2013-03,0,Segment-CQR,rolling_group_norm,0.0575543824279165
LightGBM,London,lightgbm_quantile__c90__h1,0.9,1.0,2013-03,0,User-CQR,rolling_user_norm,0.0540002276345108
LightGBM,London,lightgbm_quantile__c90__h1,0.9,1.0,2013-03,0,Ex-post best fixed,rolling_user_norm,0.0540002276345108
LightGBM,London,lightgbm_quantile__c90__h1,0.9,1.0,2013-03,0,Month-wise oracle,rolling_user_norm,0.0540002276345108
LightGBM,London,lightgbm_quantile__c90__h1,0.9,1.0,2013-04,1,CSGR,rolling_user_norm,0.0521803735929912
LightGBM,London,lightgbm_quantile__c90__h1,0.9,1.0,2013-04,1,Mean-fold minimum,rolling_user_norm,0.0521803735929912
LightGBM,London,lightgbm_quantile__c90__h1,0.9,1.0,2013-04,1,Latest-fold minimum,rolling_user_norm,0.0521803735929912
LightGBM,London,lightgbm_quantile__c90__h1,0.9,1.0,2013-04,1,Previous-window winner,rolling_user_norm,0.0521803735929912
LightGBM,London,lightgbm_quantile__c90__h1,0.9,1.0,2013-04,1,Follow-the-leader,rolling_user_norm,0.0521803735929912
LightGBM,London,lightgbm_quantile__c90__h1,0.9,1.0,2013-04,1,Global-CQR,rolling_global_norm,0.0467052173061524
LightGBM,London,lightgbm_quantile__c90__h1,0.9,1.0,2013-04,1,Segment-CQR,rolling_group_norm,0.045287644554498
LightGBM,London,lightgbm_quantile__c90__h1,0.9,1.0,2013-04,1,User-CQR,rolling_user_norm,0.0521803735929912
LightGBM,London,lightgbm_quantile__c90__h1,0.9,1.0,2013-04,1,Ex-post best fixed,rolling_user_norm,0.0521803735929912
LightGBM,London,lightgbm_quantile__c90__h1,0.9,1.0,2013-04,1,Month-wise oracle,rolling_group_norm,0.045287644554498
LightGBM,London,lightgbm_quantile__c90__h1,0.9,1.0,2013-05,2,CSGR,rolling_user_norm,0.0472886633003367
LightGBM,London,lightgbm_quantile__c90__h1,0.9,1.0,2013-05,2,Mean-fold minimum,rolling_user_norm,0.0472886633003367
LightGBM,London,lightgbm_quantile__c90__h1,0.9,1.0,2013-05,2,Latest-fold minimum,rolling_group_norm,0.0463554419866586
LightGBM,London,lightgbm_quantile__c90__h1,0.9,1.0,2013-05,2,Previous-window winner,rolling_group_norm,0.0463554419866586
LightGBM,London,lightgbm_quantile__c90__h1,0.9,1.0,2013-05,2,Follow-the-leader,rolling_global_norm,0.0475741215195252
LightGBM,London,lightgbm_quantile__c90__h1,0.9,1.0,2013-05,2,Global-CQR,rolling_global_norm,0.0475741215195252
LightGBM,London,lightgbm_quantile__c90__h1,0.9,1.0,2013-05,2,Segment-CQR,rolling_group_norm,0.0463554419866586
LightGBM,London,lightgbm_quantile__c90__h1,0.9,1.0,2013-05,2,User-CQR,rolling_user_norm,0.0472886633003367
LightGBM,London,lightgbm_quantile__c90__h1,0.9,1.0,2013-05,2,Ex-post best fixed,rolling_user_norm,0.0472886633003367
LightGBM,London,lightgbm_quantile__c90__h1,0.9,1.0,2013-05,2,Month-wise oracle,rolling_group_norm,0.0463554419866586
LightGBM,London,lightgbm_quantile__c90__h1,0.9,1.0,2013-06,3,CSGR,rolling_user_norm,0.039318240858034
LightGBM,London,lightgbm_quantile__c90__h1,0.9,1.0,2013-06,3,Mean-fold minimum,rolling_user_norm,0.039318240858034
LightGBM,London,lightgbm_quantile__c90__h1,0.9,1.0,2013-06,3,Latest-fold minimum,rolling_user_norm,0.039318240858034
LightGBM,London,lightgbm_quantile__c90__h1,0.9,1.0,2013-06,3,Previous-window winner,rolling_group_norm,0.0450880725193607
LightGBM,London,lightgbm_quantile__c90__h1,0.9,1.0,2013-06,3,Follow-the-leader,rolling_group_norm,0.0450880725193607
LightGBM,London,lightgbm_quantile__c90__h1,0.9,1.0,2013-06,3,Global-CQR,rolling_global_norm,0.0497167362635437
LightGBM,London,lightgbm_quantile__c90__h1,0.9,1.0,2013-06,3,Segment-CQR,rolling_group_norm,0.0450880725193607
LightGBM,London,lightgbm_quantile__c90__h1,0.9,1.0,2013-06,3,User-CQR,rolling_user_norm,0.039318240858034
LightGBM,London,lightgbm_quantile__c90__h1,0.9,1.0,2013-06,3,Ex-post best fixed,rolling_user_norm,0.039318240858034
LightGBM,London,lightgbm_quantile__c90__h1,0.9,1.0,2013-06,3,Month-wise oracle,rolling_user_norm,0.039318240858034
LightGBM,London,lightgbm_quantile__c90__h1,0.9,1.0,2013-07,4,CSGR,rolling_user_norm,0.0436661466526395
LightGBM,London,lightgbm_quantile__c90__h1,0.9,1.0,2013-07,4,Mean-fold minimum,rolling_user_norm,0.0436661466526395
LightGBM,London,lightgbm_quantile__c90__h1,0.9,1.0,2013-07,4,Latest-fold minimum,rolling_user_norm,0.0436661466526395
LightGBM,London,lightgbm_quantile__c90__h1,0.9,1.0,2013-07,4,Previous-window winner,rolling_user_norm,0.0436661466526395
LightGBM,London,lightgbm_quantile__c90__h1,0.9,1.0,2013-07,4,Follow-the-leader,rolling_user_norm,0.0436661466526395
LightGBM,London,lightgbm_quantile__c90__h1,0.9,1.0,2013-07,4,Global-CQR,rolling_global_norm,0.0529900272760081
LightGBM,London,lightgbm_quantile__c90__h1,0.9,1.0,2013-07,4,Segment-CQR,rolling_group_norm,0.0476568602395185
LightGBM,London,lightgbm_quantile__c90__h1,0.9,1.0,2013-07,4,User-CQR,rolling_user_norm,0.0436661466526395
LightGBM,London,lightgbm_quantile__c90__h1,0.9,1.0,2013-07,4,Ex-post best fixed,rolling_user_norm,0.0436661466526395
LightGBM,London,lightgbm_quantile__c90__h1,0.9,1.0,2013-07,4,Month-wise oracle,rolling_user_norm,0.0436661466526395
LightGBM,London,lightgbm_quantile__c90__h1,0.9,1.0,2013-08,5,CSGR,rolling_user_norm,0.0363980985588102
LightGBM,London,lightgbm_quantile__c90__h1,0.9,1.0,2013-08,5,Mean-fold minimum,rolling_user_norm,0.0363980985588102
LightGBM,London,lightgbm_quantile__c90__h1,0.9,1.0,2013-08,5,Latest-fold minimum,rolling_user_norm,0.0363980985588102
LightGBM,London,lightgbm_quantile__c90__h1,0.9,1.0,2013-08,5,Previous-window winner,rolling_user_norm,0.0363980985588102
LightGBM,London,lightgbm_quantile__c90__h1,0.9,1.0,2013-08,5,Follow-the-leader,rolling_user_norm,0.0363980985588102
LightGBM,London,lightgbm_quantile__c90__h1,0.9,1.0,2013-08,5,Global-CQR,rolling_global_norm,0.0491623885237376
LightGBM,London,lightgbm_quantile__c90__h1,0.9,1.0,2013-08,5,Segment-CQR,rolling_group_norm,0.0444139282448061
LightGBM,London,lightgbm_quantile__c90__h1,0.9,1.0,2013-08,5,User-CQR,rolling_user_norm,0.0363980985588102
LightGBM,London,lightgbm_quantile__c90__h1,0.9,1.0,2013-08,5,Ex-post best fixed,rolling_user_norm,0.0363980985588102
LightGBM,London,lightgbm_quantile__c90__h1,0.9,1.0,2013-08,5,Month-wise oracle,rolling_user_norm,0.0363980985588102
LightGBM,London,lightgbm_quantile__c90__h1,0.9,1.0,2013-09,6,CSGR,rolling_user_norm,0.0498175324343169
LightGBM,London,lightgbm_quantile__c90__h1,0.9,1.0,2013-09,6,Mean-fold minimum,rolling_user_norm,0.0498175324343169
LightGBM,London,lightgbm_quantile__c90__h1,0.9,1.0,2013-09,6,Latest-fold minimum,rolling_user_norm,0.0498175324343169
LightGBM,London,lightgbm_quantile__c90__h1,0.9,1.0,2013-09,6,Previous-window winner,rolling_user_norm,0.0498175324343169
LightGBM,London,lightgbm_quantile__c90__h1,0.9,1.0,2013-09,6,Follow-the-leader,rolling_user_norm,0.0498175324343169
LightGBM,London,lightgbm_quantile__c90__h1,0.9,1.0,2013-09,6,Global-CQR,rolling_global_norm,0.052727299433195
LightGBM,London,lightgbm_quantile__c90__h1,0.9,1.0,2013-09,6,Segment-CQR,rolling_group_norm,0.0500661320837401
LightGBM,London,lightgbm_quantile__c90__h1,0.9,1.0,2013-09,6,User-CQR,rolling_user_norm,0.0498175324343169
LightGBM,London,lightgbm_quantile__c90__h1,0.9,1.0,2013-09,6,Ex-post best fixed,rolling_user_norm,0.0498175324343169
LightGBM,London,lightgbm_quantile__c90__h1,0.9,1.0,2013-09,6,Month-wise oracle,rolling_user_norm,0.0498175324343169
LightGBM,London,lightgbm_quantile__c90__h1,0.9,1.0,2013-10,7,CSGR,rolling_user_norm,0.0459578170285095
LightGBM,London,lightgbm_quantile__c90__h1,0.9,1.0,2013-10,7,Mean-fold minimum,rolling_user_norm,0.0459578170285095
LightGBM,London,lightgbm_quantile__c90__h1,0.9,1.0,2013-10,7,Latest-fold minimum,rolling_user_norm,0.0459578170285095
LightGBM,London,lightgbm_quantile__c90__h1,0.9,1.0,2013-10,7,Previous-window winner,rolling_user_norm,0.0459578170285095
LightGBM,London,lightgbm_quantile__c90__h1,0.9,1.0,2013-10,7,Follow-the-leader,rolling_user_norm,0.0459578170285095
LightGBM,London,lightgbm_quantile__c90__h1,0.9,1.0,2013-10,7,Global-CQR,rolling_global_norm,0.0507870746774334
LightGBM,London,lightgbm_quantile__c90__h1,0.9,1.0,2013-10,7,Segment-CQR,rolling_group_norm,0.0489819145734663
LightGBM,London,lightgbm_quantile__c90__h1,0.9,1.0,2013-10,7,User-CQR,rolling_user_norm,0.0459578170285095
LightGBM,London,lightgbm_quantile__c90__h1,0.9,1.0,2013-10,7,Ex-post best fixed,rolling_user_norm,0.0459578170285095
LightGBM,London,lightgbm_quantile__c90__h1,0.9,1.0,2013-10,7,Month-wise oracle,rolling_user_norm,0.0459578170285095
LightGBM,London,lightgbm_quantile__c90__h1,0.9,1.0,2013-11,8,CSGR,rolling_user_norm,0.057532558448164
LightGBM,London,lightgbm_quantile__c90__h1,0.9,1.0,2013-11,8,Mean-fold minimum,rolling_user_norm,0.057532558448164
LightGBM,London,lightgbm_quantile__c90__h1,0.9,1.0,2013-11,8,Latest-fold minimum,rolling_user_norm,0.057532558448164
LightGBM,London,lightgbm_quantile__c90__h1,0.9,1.0,2013-11,8,Previous-window winner,rolling_user_norm,0.057532558448164
LightGBM,London,lightgbm_quantile__c90__h1,0.9,1.0,2013-11,8,Follow-the-leader,rolling_user_norm,0.057532558448164
LightGBM,London,lightgbm_quantile__c90__h1,0.9,1.0,2013-11,8,Global-CQR,rolling_global_norm,0.0542155739490502
LightGBM,London,lightgbm_quantile__c90__h1,0.9,1.0,2013-11,8,Segment-CQR,rolling_group_norm,0.0579560321085183
LightGBM,London,lightgbm_quantile__c90__h1,0.9,1.0,2013-11,8,User-CQR,rolling_user_norm,0.057532558448164
LightGBM,London,lightgbm_quantile__c90__h1,0.9,1.0,2013-11,8,Ex-post best fixed,rolling_user_norm,0.057532558448164
LightGBM,London,lightgbm_quantile__c90__h1,0.9,1.0,2013-11,8,Month-wise oracle,rolling_global_norm,0.0542155739490502
LightGBM,London,lightgbm_quantile__c90__h1,0.9,1.0,2013-12,9,CSGR,rolling_user_norm,0.0483903534172827
LightGBM,London,lightgbm_quantile__c90__h1,0.9,1.0,2013-12,9,Mean-fold minimum,rolling_user_norm,0.0483903534172827
LightGBM,London,lightgbm_quantile__c90__h1,0.9,1.0,2013-12,9,Latest-fold minimum,rolling_user_norm,0.0483903534172827
LightGBM,London,lightgbm_quantile__c90__h1,0.9,1.0,2013-12,9,Previous-window winner,rolling_global_norm,0.0549218569793784
LightGBM,London,lightgbm_quantile__c90__h1,0.9,1.0,2013-12,9,Follow-the-leader,rolling_user_norm,0.0483903534172827
LightGBM,London,lightgbm_quantile__c90__h1,0.9,1.0,2013-12,9,Global-CQR,rolling_global_norm,0.0549218569793784
LightGBM,London,lightgbm_quantile__c90__h1,0.9,1.0,2013-12,9,Segment-CQR,rolling_group_norm,0.0545473805671509
LightGBM,London,lightgbm_quantile__c90__h1,0.9,1.0,2013-12,9,User-CQR,rolling_user_norm,0.0483903534172827
LightGBM,London,lightgbm_quantile__c90__h1,0.9,1.0,2013-12,9,Ex-post best fixed,rolling_user_norm,0.0483903534172827
LightGBM,London,lightgbm_quantile__c90__h1,0.9,1.0,2013-12,9,Month-wise oracle,rolling_user_norm,0.0483903534172827
LightGBM,London,lightgbm_quantile__c90__h1,0.9,1.0,2014-01,10,CSGR,rolling_user_norm,0.0453341485819806
LightGBM,London,lightgbm_quantile__c90__h1,0.9,1.0,2014-01,10,Mean-fold minimum,rolling_user_norm,0.0453341485819806
LightGBM,London,lightgbm_quantile__c90__h1,0.9,1.0,2014-01,10,Latest-fold minimum,rolling_user_norm,0.0453341485819806
LightGBM,London,lightgbm_quantile__c90__h1,0.9,1.0,2014-01,10,Previous-window winner,rolling_user_norm,0.0453341485819806
LightGBM,London,lightgbm_quantile__c90__h1,0.9,1.0,2014-01,10,Follow-the-leader,rolling_user_norm,0.0453341485819806
LightGBM,London,lightgbm_quantile__c90__h1,0.9,1.0,2014-01,10,Global-CQR,rolling_global_norm,0.0562230133174955
LightGBM,London,lightgbm_quantile__c90__h1,0.9,1.0,2014-01,10,Segment-CQR,rolling_group_norm,0.0537932314971225
LightGBM,London,lightgbm_quantile__c90__h1,0.9,1.0,2014-01,10,User-CQR,rolling_user_norm,0.0453341485819806
LightGBM,London,lightgbm_quantile__c90__h1,0.9,1.0,2014-01,10,Ex-post best fixed,rolling_user_norm,0.0453341485819806
LightGBM,London,lightgbm_quantile__c90__h1,0.9,1.0,2014-01,10,Month-wise oracle,rolling_user_norm,0.0453341485819806
LightGBM,London,lightgbm_quantile__c90__h6,0.9,6.0,2013-03,0,CSGR,rolling_user_norm,0.0665646733585734
LightGBM,London,lightgbm_quantile__c90__h6,0.9,6.0,2013-03,0,Mean-fold minimum,rolling_user_norm,0.0665646733585734
LightGBM,London,lightgbm_quantile__c90__h6,0.9,6.0,2013-03,0,Latest-fold minimum,rolling_user_norm,0.0665646733585734
LightGBM,London,lightgbm_quantile__c90__h6,0.9,6.0,2013-03,0,Previous-window winner,rolling_global_norm,0.0669129923362689
LightGBM,London,lightgbm_quantile__c90__h6,0.9,6.0,2013-03,0,Follow-the-leader,rolling_global_norm,0.0669129923362689
LightGBM,London,lightgbm_quantile__c90__h6,0.9,6.0,2013-03,0,Global-CQR,rolling_global_norm,0.0669129923362689
LightGBM,London,lightgbm_quantile__c90__h6,0.9,6.0,2013-03,0,Segment-CQR,rolling_group_norm,0.0694155863514857
LightGBM,London,lightgbm_quantile__c90__h6,0.9,6.0,2013-03,0,User-CQR,rolling_user_norm,0.0665646733585734
LightGBM,London,lightgbm_quantile__c90__h6,0.9,6.0,2013-03,0,Ex-post best fixed,rolling_user_norm,0.0665646733585734
LightGBM,London,lightgbm_quantile__c90__h6,0.9,6.0,2013-03,0,Month-wise oracle,rolling_user_norm,0.0665646733585734
LightGBM,London,lightgbm_quantile__c90__h6,0.9,6.0,2013-04,1,CSGR,rolling_user_norm,0.0528759979450419
LightGBM,London,lightgbm_quantile__c90__h6,0.9,6.0,2013-04,1,Mean-fold minimum,rolling_user_norm,0.0528759979450419
LightGBM,London,lightgbm_quantile__c90__h6,0.9,6.0,2013-04,1,Latest-fold minimum,rolling_user_norm,0.0528759979450419
LightGBM,London,lightgbm_quantile__c90__h6,0.9,6.0,2013-04,1,Previous-window winner,rolling_user_norm,0.0528759979450419
LightGBM,London,lightgbm_quantile__c90__h6,0.9,6.0,2013-04,1,Follow-the-leader,rolling_user_norm,0.0528759979450419
LightGBM,London,lightgbm_quantile__c90__h6,0.9,6.0,2013-04,1,Global-CQR,rolling_global_norm,0.0541481861977459
LightGBM,London,lightgbm_quantile__c90__h6,0.9,6.0,2013-04,1,Segment-CQR,rolling_group_norm,0.0506254757228295
LightGBM,London,lightgbm_quantile__c90__h6,0.9,6.0,2013-04,1,User-CQR,rolling_user_norm,0.0528759979450419
LightGBM,London,lightgbm_quantile__c90__h6,0.9,6.0,2013-04,1,Ex-post best fixed,rolling_user_norm,0.0528759979450419
LightGBM,London,lightgbm_quantile__c90__h6,0.9,6.0,2013-04,1,Month-wise oracle,rolling_group_norm,0.0506254757228295
LightGBM,London,lightgbm_quantile__c90__h6,0.9,6.0,2013-05,2,CSGR,rolling_user_norm,0.0518823362745714
LightGBM,London,lightgbm_quantile__c90__h6,0.9,6.0,2013-05,2,Mean-fold minimum,rolling_user_norm,0.0518823362745714
LightGBM,London,lightgbm_quantile__c90__h6,0.9,6.0,2013-05,2,Latest-fold minimum,rolling_user_norm,0.0518823362745714
LightGBM,London,lightgbm_quantile__c90__h6,0.9,6.0,2013-05,2,Previous-window winner,rolling_group_norm,0.0534003367175647
LightGBM,London,lightgbm_quantile__c90__h6,0.9,6.0,2013-05,2,Follow-the-leader,rolling_user_norm,0.0518823362745714
LightGBM,London,lightgbm_quantile__c90__h6,0.9,6.0,2013-05,2,Global-CQR,rolling_global_norm,0.0575144752381766
LightGBM,London,lightgbm_quantile__c90__h6,0.9,6.0,2013-05,2,Segment-CQR,rolling_group_norm,0.0534003367175647
LightGBM,London,lightgbm_quantile__c90__h6,0.9,6.0,2013-05,2,User-CQR,rolling_user_norm,0.0518823362745714
LightGBM,London,lightgbm_quantile__c90__h6,0.9,6.0,2013-05,2,Ex-post best fixed,rolling_user_norm,0.0518823362745714
LightGBM,London,lightgbm_quantile__c90__h6,0.9,6.0,2013-05,2,Month-wise oracle,rolling_user_norm,0.0518823362745714
LightGBM,London,lightgbm_quantile__c90__h6,0.9,6.0,2013-06,3,CSGR,rolling_user_norm,0.0478716470895086
LightGBM,London,lightgbm_quantile__c90__h6,0.9,6.0,2013-06,3,Mean-fold minimum,rolling_user_norm,0.0478716470895086
LightGBM,London,lightgbm_quantile__c90__h6,0.9,6.0,2013-06,3,Latest-fold minimum,rolling_user_norm,0.0478716470895086
LightGBM,London,lightgbm_quantile__c90__h6,0.9,6.0,2013-06,3,Previous-window winner,rolling_user_norm,0.0478716470895086
LightGBM,London,lightgbm_quantile__c90__h6,0.9,6.0,2013-06,3,Follow-the-leader,rolling_user_norm,0.0478716470895086
LightGBM,London,lightgbm_quantile__c90__h6,0.9,6.0,2013-06,3,Global-CQR,rolling_global_norm,0.0604159433171967
LightGBM,London,lightgbm_quantile__c90__h6,0.9,6.0,2013-06,3,Segment-CQR,rolling_group_norm,0.0554914719648984
LightGBM,London,lightgbm_quantile__c90__h6,0.9,6.0,2013-06,3,User-CQR,rolling_user_norm,0.0478716470895086
LightGBM,London,lightgbm_quantile__c90__h6,0.9,6.0,2013-06,3,Ex-post best fixed,rolling_user_norm,0.0478716470895086
LightGBM,London,lightgbm_quantile__c90__h6,0.9,6.0,2013-06,3,Month-wise oracle,rolling_user_norm,0.0478716470895086
LightGBM,London,lightgbm_quantile__c90__h6,0.9,6.0,2013-07,4,CSGR,rolling_user_norm,0.0491782915352859
LightGBM,London,lightgbm_quantile__c90__h6,0.9,6.0,2013-07,4,Mean-fold minimum,rolling_user_norm,0.0491782915352859
LightGBM,London,lightgbm_quantile__c90__h6,0.9,6.0,2013-07,4,Latest-fold minimum,rolling_user_norm,0.0491782915352859
LightGBM,London,lightgbm_quantile__c90__h6,0.9,6.0,2013-07,4,Previous-window winner,rolling_user_norm,0.0491782915352859
LightGBM,London,lightgbm_quantile__c90__h6,0.9,6.0,2013-07,4,Follow-the-leader,rolling_user_norm,0.0491782915352859
LightGBM,London,lightgbm_quantile__c90__h6,0.9,6.0,2013-07,4,Global-CQR,rolling_global_norm,0.0617250395660948
LightGBM,London,lightgbm_quantile__c90__h6,0.9,6.0,2013-07,4,Segment-CQR,rolling_group_norm,0.0565170170181808
LightGBM,London,lightgbm_quantile__c90__h6,0.9,6.0,2013-07,4,User-CQR,rolling_user_norm,0.0491782915352859
LightGBM,London,lightgbm_quantile__c90__h6,0.9,6.0,2013-07,4,Ex-post best fixed,rolling_user_norm,0.0491782915352859
LightGBM,London,lightgbm_quantile__c90__h6,0.9,6.0,2013-07,4,Month-wise oracle,rolling_user_norm,0.0491782915352859
LightGBM,London,lightgbm_quantile__c90__h6,0.9,6.0,2013-08,5,CSGR,rolling_user_norm,0.0454195728693098
LightGBM,London,lightgbm_quantile__c90__h6,0.9,6.0,2013-08,5,Mean-fold minimum,rolling_user_norm,0.0454195728693098
LightGBM,London,lightgbm_quantile__c90__h6,0.9,6.0,2013-08,5,Latest-fold minimum,rolling_user_norm,0.0454195728693098
LightGBM,London,lightgbm_quantile__c90__h6,0.9,6.0,2013-08,5,Previous-window winner,rolling_user_norm,0.0454195728693098
LightGBM,London,lightgbm_quantile__c90__h6,0.9,6.0,2013-08,5,Follow-the-leader,rolling_user_norm,0.0454195728693098
LightGBM,London,lightgbm_quantile__c90__h6,0.9,6.0,2013-08,5,Global-CQR,rolling_global_norm,0.0607391597104598
LightGBM,London,lightgbm_quantile__c90__h6,0.9,6.0,2013-08,5,Segment-CQR,rolling_group_norm,0.0546002642301524
LightGBM,London,lightgbm_quantile__c90__h6,0.9,6.0,2013-08,5,User-CQR,rolling_user_norm,0.0454195728693098
LightGBM,London,lightgbm_quantile__c90__h6,0.9,6.0,2013-08,5,Ex-post best fixed,rolling_user_norm,0.0454195728693098
LightGBM,London,lightgbm_quantile__c90__h6,0.9,6.0,2013-08,5,Month-wise oracle,rolling_user_norm,0.0454195728693098
LightGBM,London,lightgbm_quantile__c90__h6,0.9,6.0,2013-09,6,CSGR,rolling_user_norm,0.0622581065631517
LightGBM,London,lightgbm_quantile__c90__h6,0.9,6.0,2013-09,6,Mean-fold minimum,rolling_user_norm,0.0622581065631517
LightGBM,London,lightgbm_quantile__c90__h6,0.9,6.0,2013-09,6,Latest-fold minimum,rolling_user_norm,0.0622581065631517
LightGBM,London,lightgbm_quantile__c90__h6,0.9,6.0,2013-09,6,Previous-window winner,rolling_user_norm,0.0622581065631517
LightGBM,London,lightgbm_quantile__c90__h6,0.9,6.0,2013-09,6,Follow-the-leader,rolling_user_norm,0.0622581065631517
LightGBM,London,lightgbm_quantile__c90__h6,0.9,6.0,2013-09,6,Global-CQR,rolling_global_norm,0.0654973490087978
LightGBM,London,lightgbm_quantile__c90__h6,0.9,6.0,2013-09,6,Segment-CQR,rolling_group_norm,0.0618793297014539
LightGBM,London,lightgbm_quantile__c90__h6,0.9,6.0,2013-09,6,User-CQR,rolling_user_norm,0.0622581065631517
LightGBM,London,lightgbm_quantile__c90__h6,0.9,6.0,2013-09,6,Ex-post best fixed,rolling_user_norm,0.0622581065631517
LightGBM,London,lightgbm_quantile__c90__h6,0.9,6.0,2013-09,6,Month-wise oracle,rolling_group_norm,0.0618793297014539
LightGBM,London,lightgbm_quantile__c90__h6,0.9,6.0,2013-10,7,CSGR,rolling_group_norm,0.0577397149265683
LightGBM,London,lightgbm_quantile__c90__h6,0.9,6.0,2013-10,7,Mean-fold minimum,rolling_user_norm,0.0539396181348915
LightGBM,London,lightgbm_quantile__c90__h6,0.9,6.0,2013-10,7,Latest-fold minimum,rolling_user_norm,0.0539396181348915
LightGBM,London,lightgbm_quantile__c90__h6,0.9,6.0,2013-10,7,Previous-window winner,rolling_group_norm,0.0577397149265683
LightGBM,London,lightgbm_quantile__c90__h6,0.9,6.0,2013-10,7,Follow-the-leader,rolling_user_norm,0.0539396181348915
LightGBM,London,lightgbm_quantile__c90__h6,0.9,6.0,2013-10,7,Global-CQR,rolling_global_norm,0.0630648441685455
LightGBM,London,lightgbm_quantile__c90__h6,0.9,6.0,2013-10,7,Segment-CQR,rolling_group_norm,0.0577397149265683
LightGBM,London,lightgbm_quantile__c90__h6,0.9,6.0,2013-10,7,User-CQR,rolling_user_norm,0.0539396181348915
LightGBM,London,lightgbm_quantile__c90__h6,0.9,6.0,2013-10,7,Ex-post best fixed,rolling_user_norm,0.0539396181348915
LightGBM,London,lightgbm_quantile__c90__h6,0.9,6.0,2013-10,7,Month-wise oracle,rolling_user_norm,0.0539396181348915
LightGBM,London,lightgbm_quantile__c90__h6,0.9,6.0,2013-11,8,CSGR,rolling_user_norm,0.0689238702536429
LightGBM,London,lightgbm_quantile__c90__h6,0.9,6.0,2013-11,8,Mean-fold minimum,rolling_user_norm,0.0689238702536429
LightGBM,London,lightgbm_quantile__c90__h6,0.9,6.0,2013-11,8,Latest-fold minimum,rolling_user_norm,0.0689238702536429
LightGBM,London,lightgbm_quantile__c90__h6,0.9,6.0,2013-11,8,Previous-window winner,rolling_user_norm,0.0689238702536429
LightGBM,London,lightgbm_quantile__c90__h6,0.9,6.0,2013-11,8,Follow-the-leader,rolling_user_norm,0.0689238702536429
LightGBM,London,lightgbm_quantile__c90__h6,0.9,6.0,2013-11,8,Global-CQR,rolling_global_norm,0.0667909571106518
LightGBM,London,lightgbm_quantile__c90__h6,0.9,6.0,2013-11,8,Segment-CQR,rolling_group_norm,0.0681029545357521
LightGBM,London,lightgbm_quantile__c90__h6,0.9,6.0,2013-11,8,User-CQR,rolling_user_norm,0.0689238702536429
LightGBM,London,lightgbm_quantile__c90__h6,0.9,6.0,2013-11,8,Ex-post best fixed,rolling_user_norm,0.0689238702536429
LightGBM,London,lightgbm_quantile__c90__h6,0.9,6.0,2013-11,8,Month-wise oracle,rolling_global_norm,0.0667909571106518
LightGBM,London,lightgbm_quantile__c90__h6,0.9,6.0,2013-12,9,CSGR,rolling_user_norm,0.0580389890048265
LightGBM,London,lightgbm_quantile__c90__h6,0.9,6.0,2013-12,9,Mean-fold minimum,rolling_user_norm,0.0580389890048265
LightGBM,London,lightgbm_quantile__c90__h6,0.9,6.0,2013-12,9,Latest-fold minimum,rolling_user_norm,0.0580389890048265
LightGBM,London,lightgbm_quantile__c90__h6,0.9,6.0,2013-12,9,Previous-window winner,rolling_global_norm,0.0684627606933189
LightGBM,London,lightgbm_quantile__c90__h6,0.9,6.0,2013-12,9,Follow-the-leader,rolling_user_norm,0.0580389890048265
LightGBM,London,lightgbm_quantile__c90__h6,0.9,6.0,2013-12,9,Global-CQR,rolling_global_norm,0.0684627606933189
LightGBM,London,lightgbm_quantile__c90__h6,0.9,6.0,2013-12,9,Segment-CQR,rolling_group_norm,0.0630481074484786
LightGBM,London,lightgbm_quantile__c90__h6,0.9,6.0,2013-12,9,User-CQR,rolling_user_norm,0.0580389890048265
LightGBM,London,lightgbm_quantile__c90__h6,0.9,6.0,2013-12,9,Ex-post best fixed,rolling_user_norm,0.0580389890048265
LightGBM,London,lightgbm_quantile__c90__h6,0.9,6.0,2013-12,9,Month-wise oracle,rolling_user_norm,0.0580389890048265
LightGBM,London,lightgbm_quantile__c90__h6,0.9,6.0,2014-01,10,CSGR,rolling_user_norm,0.0527539060126838
LightGBM,London,lightgbm_quantile__c90__h6,0.9,6.0,2014-01,10,Mean-fold minimum,rolling_user_norm,0.0527539060126838
LightGBM,London,lightgbm_quantile__c90__h6,0.9,6.0,2014-01,10,Latest-fold minimum,rolling_user_norm,0.0527539060126838
LightGBM,London,lightgbm_quantile__c90__h6,0.9,6.0,2014-01,10,Previous-window winner,rolling_user_norm,0.0527539060126838
LightGBM,London,lightgbm_quantile__c90__h6,0.9,6.0,2014-01,10,Follow-the-leader,rolling_user_norm,0.0527539060126838
LightGBM,London,lightgbm_quantile__c90__h6,0.9,6.0,2014-01,10,Global-CQR,rolling_global_norm,0.0692217448595237
LightGBM,London,lightgbm_quantile__c90__h6,0.9,6.0,2014-01,10,Segment-CQR,rolling_group_norm,0.0633795274234887
LightGBM,London,lightgbm_quantile__c90__h6,0.9,6.0,2014-01,10,User-CQR,rolling_user_norm,0.0527539060126838
LightGBM,London,lightgbm_quantile__c90__h6,0.9,6.0,2014-01,10,Ex-post best fixed,rolling_user_norm,0.0527539060126838
LightGBM,London,lightgbm_quantile__c90__h6,0.9,6.0,2014-01,10,Month-wise oracle,rolling_user_norm,0.0527539060126838
LightGBM,UCI Electricity,lightgbm_quantile__c80__h1,0.8,1.0,2014-01,0,CSGR,rolling_user_norm,0.0383884978404538
LightGBM,UCI Electricity,lightgbm_quantile__c80__h1,0.8,1.0,2014-01,0,Mean-fold minimum,rolling_user_norm,0.0383884978404538
LightGBM,UCI Electricity,lightgbm_quantile__c80__h1,0.8,1.0,2014-01,0,Latest-fold minimum,rolling_user_norm,0.0383884978404538
LightGBM,UCI Electricity,lightgbm_quantile__c80__h1,0.8,1.0,2014-01,0,Previous-window winner,rolling_global_norm,0.0414428389537228
LightGBM,UCI Electricity,lightgbm_quantile__c80__h1,0.8,1.0,2014-01,0,Follow-the-leader,rolling_global_norm,0.0414428389537228
LightGBM,UCI Electricity,lightgbm_quantile__c80__h1,0.8,1.0,2014-01,0,Global-CQR,rolling_global_norm,0.0414428389537228
LightGBM,UCI Electricity,lightgbm_quantile__c80__h1,0.8,1.0,2014-01,0,Segment-CQR,rolling_group_norm,0.0369947856446808
LightGBM,UCI Electricity,lightgbm_quantile__c80__h1,0.8,1.0,2014-01,0,User-CQR,rolling_user_norm,0.0383884978404538
LightGBM,UCI Electricity,lightgbm_quantile__c80__h1,0.8,1.0,2014-01,0,Ex-post best fixed,rolling_user_norm,0.0383884978404538
LightGBM,UCI Electricity,lightgbm_quantile__c80__h1,0.8,1.0,2014-01,0,Month-wise oracle,rolling_group_norm,0.0369947856446808
LightGBM,UCI Electricity,lightgbm_quantile__c80__h1,0.8,1.0,2014-02,1,CSGR,rolling_user_norm,0.0363972750369524
LightGBM,UCI Electricity,lightgbm_quantile__c80__h1,0.8,1.0,2014-02,1,Mean-fold minimum,rolling_user_norm,0.0363972750369524
LightGBM,UCI Electricity,lightgbm_quantile__c80__h1,0.8,1.0,2014-02,1,Latest-fold minimum,rolling_user_norm,0.0363972750369524
LightGBM,UCI Electricity,lightgbm_quantile__c80__h1,0.8,1.0,2014-02,1,Previous-window winner,rolling_group_norm,0.0395694086376508
LightGBM,UCI Electricity,lightgbm_quantile__c80__h1,0.8,1.0,2014-02,1,Follow-the-leader,rolling_group_norm,0.0395694086376508
LightGBM,UCI Electricity,lightgbm_quantile__c80__h1,0.8,1.0,2014-02,1,Global-CQR,rolling_global_norm,0.042616452711531
LightGBM,UCI Electricity,lightgbm_quantile__c80__h1,0.8,1.0,2014-02,1,Segment-CQR,rolling_group_norm,0.0395694086376508
LightGBM,UCI Electricity,lightgbm_quantile__c80__h1,0.8,1.0,2014-02,1,User-CQR,rolling_user_norm,0.0363972750369524
LightGBM,UCI Electricity,lightgbm_quantile__c80__h1,0.8,1.0,2014-02,1,Ex-post best fixed,rolling_user_norm,0.0363972750369524
LightGBM,UCI Electricity,lightgbm_quantile__c80__h1,0.8,1.0,2014-02,1,Month-wise oracle,rolling_user_norm,0.0363972750369524
LightGBM,UCI Electricity,lightgbm_quantile__c80__h1,0.8,1.0,2014-03,2,CSGR,rolling_user_norm,0.0346958722621571
LightGBM,UCI Electricity,lightgbm_quantile__c80__h1,0.8,1.0,2014-03,2,Mean-fold minimum,rolling_user_norm,0.0346958722621571
LightGBM,UCI Electricity,lightgbm_quantile__c80__h1,0.8,1.0,2014-03,2,Latest-fold minimum,rolling_user_norm,0.0346958722621571
LightGBM,UCI Electricity,lightgbm_quantile__c80__h1,0.8,1.0,2014-03,2,Previous-window winner,rolling_user_norm,0.0346958722621571
LightGBM,UCI Electricity,lightgbm_quantile__c80__h1,0.8,1.0,2014-03,2,Follow-the-leader,rolling_user_norm,0.0346958722621571
LightGBM,UCI Electricity,lightgbm_quantile__c80__h1,0.8,1.0,2014-03,2,Global-CQR,rolling_global_norm,0.0696658761156459
LightGBM,UCI Electricity,lightgbm_quantile__c80__h1,0.8,1.0,2014-03,2,Segment-CQR,rolling_group_norm,0.0395660656444859
LightGBM,UCI Electricity,lightgbm_quantile__c80__h1,0.8,1.0,2014-03,2,User-CQR,rolling_user_norm,0.0346958722621571
LightGBM,UCI Electricity,lightgbm_quantile__c80__h1,0.8,1.0,2014-03,2,Ex-post best fixed,rolling_user_norm,0.0346958722621571
LightGBM,UCI Electricity,lightgbm_quantile__c80__h1,0.8,1.0,2014-03,2,Month-wise oracle,rolling_user_norm,0.0346958722621571
LightGBM,UCI Electricity,lightgbm_quantile__c80__h1,0.8,1.0,2014-04,3,CSGR,rolling_user_norm,0.0334212423710438
LightGBM,UCI Electricity,lightgbm_quantile__c80__h1,0.8,1.0,2014-04,3,Mean-fold minimum,rolling_user_norm,0.0334212423710438
LightGBM,UCI Electricity,lightgbm_quantile__c80__h1,0.8,1.0,2014-04,3,Latest-fold minimum,rolling_user_norm,0.0334212423710438
LightGBM,UCI Electricity,lightgbm_quantile__c80__h1,0.8,1.0,2014-04,3,Previous-window winner,rolling_user_norm,0.0334212423710438
LightGBM,UCI Electricity,lightgbm_quantile__c80__h1,0.8,1.0,2014-04,3,Follow-the-leader,rolling_user_norm,0.0334212423710438
LightGBM,UCI Electricity,lightgbm_quantile__c80__h1,0.8,1.0,2014-04,3,Global-CQR,rolling_global_norm,0.067477256227201
LightGBM,UCI Electricity,lightgbm_quantile__c80__h1,0.8,1.0,2014-04,3,Segment-CQR,rolling_group_norm,0.0392109490739732
LightGBM,UCI Electricity,lightgbm_quantile__c80__h1,0.8,1.0,2014-04,3,User-CQR,rolling_user_norm,0.0334212423710438
LightGBM,UCI Electricity,lightgbm_quantile__c80__h1,0.8,1.0,2014-04,3,Ex-post best fixed,rolling_user_norm,0.0334212423710438
LightGBM,UCI Electricity,lightgbm_quantile__c80__h1,0.8,1.0,2014-04,3,Month-wise oracle,rolling_user_norm,0.0334212423710438
LightGBM,UCI Electricity,lightgbm_quantile__c80__h1,0.8,1.0,2014-05,4,CSGR,rolling_user_norm,0.030719733827892
LightGBM,UCI Electricity,lightgbm_quantile__c80__h1,0.8,1.0,2014-05,4,Mean-fold minimum,rolling_user_norm,0.030719733827892
LightGBM,UCI Electricity,lightgbm_quantile__c80__h1,0.8,1.0,2014-05,4,Latest-fold minimum,rolling_user_norm,0.030719733827892
LightGBM,UCI Electricity,lightgbm_quantile__c80__h1,0.8,1.0,2014-05,4,Previous-window winner,rolling_user_norm,0.030719733827892
LightGBM,UCI Electricity,lightgbm_quantile__c80__h1,0.8,1.0,2014-05,4,Follow-the-leader,rolling_user_norm,0.030719733827892
LightGBM,UCI Electricity,lightgbm_quantile__c80__h1,0.8,1.0,2014-05,4,Global-CQR,rolling_global_norm,0.0426442836557833
LightGBM,UCI Electricity,lightgbm_quantile__c80__h1,0.8,1.0,2014-05,4,Segment-CQR,rolling_group_norm,0.0385101742635944
LightGBM,UCI Electricity,lightgbm_quantile__c80__h1,0.8,1.0,2014-05,4,User-CQR,rolling_user_norm,0.030719733827892
LightGBM,UCI Electricity,lightgbm_quantile__c80__h1,0.8,1.0,2014-05,4,Ex-post best fixed,rolling_user_norm,0.030719733827892
LightGBM,UCI Electricity,lightgbm_quantile__c80__h1,0.8,1.0,2014-05,4,Month-wise oracle,rolling_user_norm,0.030719733827892
LightGBM,UCI Electricity,lightgbm_quantile__c80__h1,0.8,1.0,2014-06,5,CSGR,rolling_user_norm,0.0298441318398248
LightGBM,UCI Electricity,lightgbm_quantile__c80__h1,0.8,1.0,2014-06,5,Mean-fold minimum,rolling_user_norm,0.0298441318398248
LightGBM,UCI Electricity,lightgbm_quantile__c80__h1,0.8,1.0,2014-06,5,Latest-fold minimum,rolling_user_norm,0.0298441318398248
LightGBM,UCI Electricity,lightgbm_quantile__c80__h1,0.8,1.0,2014-06,5,Previous-window winner,rolling_user_norm,0.0298441318398248
LightGBM,UCI Electricity,lightgbm_quantile__c80__h1,0.8,1.0,2014-06,5,Follow-the-leader,rolling_user_norm,0.0298441318398248
LightGBM,UCI Electricity,lightgbm_quantile__c80__h1,0.8,1.0,2014-06,5,Global-CQR,rolling_global_norm,0.0436868240651502
LightGBM,UCI Electricity,lightgbm_quantile__c80__h1,0.8,1.0,2014-06,5,Segment-CQR,rolling_group_norm,0.0384949046935686
LightGBM,UCI Electricity,lightgbm_quantile__c80__h1,0.8,1.0,2014-06,5,User-CQR,rolling_user_norm,0.0298441318398248
LightGBM,UCI Electricity,lightgbm_quantile__c80__h1,0.8,1.0,2014-06,5,Ex-post best fixed,rolling_user_norm,0.0298441318398248
LightGBM,UCI Electricity,lightgbm_quantile__c80__h1,0.8,1.0,2014-06,5,Month-wise oracle,rolling_user_norm,0.0298441318398248
LightGBM,UCI Electricity,lightgbm_quantile__c80__h1,0.8,1.0,2014-07,6,CSGR,rolling_user_norm,0.0315108722858711
LightGBM,UCI Electricity,lightgbm_quantile__c80__h1,0.8,1.0,2014-07,6,Mean-fold minimum,rolling_user_norm,0.0315108722858711
LightGBM,UCI Electricity,lightgbm_quantile__c80__h1,0.8,1.0,2014-07,6,Latest-fold minimum,rolling_user_norm,0.0315108722858711
LightGBM,UCI Electricity,lightgbm_quantile__c80__h1,0.8,1.0,2014-07,6,Previous-window winner,rolling_user_norm,0.0315108722858711
LightGBM,UCI Electricity,lightgbm_quantile__c80__h1,0.8,1.0,2014-07,6,Follow-the-leader,rolling_user_norm,0.0315108722858711
LightGBM,UCI Electricity,lightgbm_quantile__c80__h1,0.8,1.0,2014-07,6,Global-CQR,rolling_global_norm,0.0475094600334661
LightGBM,UCI Electricity,lightgbm_quantile__c80__h1,0.8,1.0,2014-07,6,Segment-CQR,rolling_group_norm,0.0381762829700447
LightGBM,UCI Electricity,lightgbm_quantile__c80__h1,0.8,1.0,2014-07,6,User-CQR,rolling_user_norm,0.0315108722858711
LightGBM,UCI Electricity,lightgbm_quantile__c80__h1,0.8,1.0,2014-07,6,Ex-post best fixed,rolling_user_norm,0.0315108722858711
LightGBM,UCI Electricity,lightgbm_quantile__c80__h1,0.8,1.0,2014-07,6,Month-wise oracle,rolling_user_norm,0.0315108722858711
LightGBM,UCI Electricity,lightgbm_quantile__c80__h1,0.8,1.0,2014-08,7,CSGR,rolling_user_norm,0.0364560366893006
LightGBM,UCI Electricity,lightgbm_quantile__c80__h1,0.8,1.0,2014-08,7,Mean-fold minimum,rolling_user_norm,0.0364560366893006
LightGBM,UCI Electricity,lightgbm_quantile__c80__h1,0.8,1.0,2014-08,7,Latest-fold minimum,rolling_user_norm,0.0364560366893006
LightGBM,UCI Electricity,lightgbm_quantile__c80__h1,0.8,1.0,2014-08,7,Previous-window winner,rolling_user_norm,0.0364560366893006
LightGBM,UCI Electricity,lightgbm_quantile__c80__h1,0.8,1.0,2014-08,7,Follow-the-leader,rolling_user_norm,0.0364560366893006
LightGBM,UCI Electricity,lightgbm_quantile__c80__h1,0.8,1.0,2014-08,7,Global-CQR,rolling_global_norm,0.0471861092688908
LightGBM,UCI Electricity,lightgbm_quantile__c80__h1,0.8,1.0,2014-08,7,Segment-CQR,rolling_group_norm,0.0396373427005214
LightGBM,UCI Electricity,lightgbm_quantile__c80__h1,0.8,1.0,2014-08,7,User-CQR,rolling_user_norm,0.0364560366893006
LightGBM,UCI Electricity,lightgbm_quantile__c80__h1,0.8,1.0,2014-08,7,Ex-post best fixed,rolling_user_norm,0.0364560366893006
LightGBM,UCI Electricity,lightgbm_quantile__c80__h1,0.8,1.0,2014-08,7,Month-wise oracle,rolling_user_norm,0.0364560366893006
LightGBM,UCI Electricity,lightgbm_quantile__c80__h1,0.8,1.0,2014-09,8,CSGR,rolling_user_norm,0.0352573459883595
LightGBM,UCI Electricity,lightgbm_quantile__c80__h1,0.8,1.0,2014-09,8,Mean-fold minimum,rolling_user_norm,0.0352573459883595
LightGBM,UCI Electricity,lightgbm_quantile__c80__h1,0.8,1.0,2014-09,8,Latest-fold minimum,rolling_user_norm,0.0352573459883595
LightGBM,UCI Electricity,lightgbm_quantile__c80__h1,0.8,1.0,2014-09,8,Previous-window winner,rolling_user_norm,0.0352573459883595
LightGBM,UCI Electricity,lightgbm_quantile__c80__h1,0.8,1.0,2014-09,8,Follow-the-leader,rolling_user_norm,0.0352573459883595
LightGBM,UCI Electricity,lightgbm_quantile__c80__h1,0.8,1.0,2014-09,8,Global-CQR,rolling_global_norm,0.0444202834688298
LightGBM,UCI Electricity,lightgbm_quantile__c80__h1,0.8,1.0,2014-09,8,Segment-CQR,rolling_group_norm,0.0383470925645893
LightGBM,UCI Electricity,lightgbm_quantile__c80__h1,0.8,1.0,2014-09,8,User-CQR,rolling_user_norm,0.0352573459883595
LightGBM,UCI Electricity,lightgbm_quantile__c80__h1,0.8,1.0,2014-09,8,Ex-post best fixed,rolling_user_norm,0.0352573459883595
LightGBM,UCI Electricity,lightgbm_quantile__c80__h1,0.8,1.0,2014-09,8,Month-wise oracle,rolling_user_norm,0.0352573459883595
LightGBM,UCI Electricity,lightgbm_quantile__c80__h1,0.8,1.0,2014-10,9,CSGR,rolling_user_norm,0.0432078249525078
LightGBM,UCI Electricity,lightgbm_quantile__c80__h1,0.8,1.0,2014-10,9,Mean-fold minimum,rolling_user_norm,0.0432078249525078
LightGBM,UCI Electricity,lightgbm_quantile__c80__h1,0.8,1.0,2014-10,9,Latest-fold minimum,rolling_user_norm,0.0432078249525078
LightGBM,UCI Electricity,lightgbm_quantile__c80__h1,0.8,1.0,2014-10,9,Previous-window winner,rolling_user_norm,0.0432078249525078
LightGBM,UCI Electricity,lightgbm_quantile__c80__h1,0.8,1.0,2014-10,9,Follow-the-leader,rolling_user_norm,0.0432078249525078
LightGBM,UCI Electricity,lightgbm_quantile__c80__h1,0.8,1.0,2014-10,9,Global-CQR,rolling_global_norm,0.0800982348224633
LightGBM,UCI Electricity,lightgbm_quantile__c80__h1,0.8,1.0,2014-10,9,Segment-CQR,rolling_group_norm,0.0457124853088536
LightGBM,UCI Electricity,lightgbm_quantile__c80__h1,0.8,1.0,2014-10,9,User-CQR,rolling_user_norm,0.0432078249525078
LightGBM,UCI Electricity,lightgbm_quantile__c80__h1,0.8,1.0,2014-10,9,Ex-post best fixed,rolling_user_norm,0.0432078249525078
LightGBM,UCI Electricity,lightgbm_quantile__c80__h1,0.8,1.0,2014-10,9,Month-wise oracle,rolling_user_norm,0.0432078249525078
LightGBM,UCI Electricity,lightgbm_quantile__c80__h1,0.8,1.0,2014-11,10,CSGR,rolling_user_norm,0.0366387368631461
LightGBM,UCI Electricity,lightgbm_quantile__c80__h1,0.8,1.0,2014-11,10,Mean-fold minimum,rolling_user_norm,0.0366387368631461
LightGBM,UCI Electricity,lightgbm_quantile__c80__h1,0.8,1.0,2014-11,10,Latest-fold minimum,rolling_user_norm,0.0366387368631461
LightGBM,UCI Electricity,lightgbm_quantile__c80__h1,0.8,1.0,2014-11,10,Previous-window winner,rolling_user_norm,0.0366387368631461
LightGBM,UCI Electricity,lightgbm_quantile__c80__h1,0.8,1.0,2014-11,10,Follow-the-leader,rolling_user_norm,0.0366387368631461
LightGBM,UCI Electricity,lightgbm_quantile__c80__h1,0.8,1.0,2014-11,10,Global-CQR,rolling_global_norm,0.0431110197720623
LightGBM,UCI Electricity,lightgbm_quantile__c80__h1,0.8,1.0,2014-11,10,Segment-CQR,rolling_group_norm,0.0391358182051751
LightGBM,UCI Electricity,lightgbm_quantile__c80__h1,0.8,1.0,2014-11,10,User-CQR,rolling_user_norm,0.0366387368631461
LightGBM,UCI Electricity,lightgbm_quantile__c80__h1,0.8,1.0,2014-11,10,Ex-post best fixed,rolling_user_norm,0.0366387368631461
LightGBM,UCI Electricity,lightgbm_quantile__c80__h1,0.8,1.0,2014-11,10,Month-wise oracle,rolling_user_norm,0.0366387368631461
LightGBM,UCI Electricity,lightgbm_quantile__c80__h1,0.8,1.0,2014-12,11,CSGR,rolling_user_norm,0.042194092627229
LightGBM,UCI Electricity,lightgbm_quantile__c80__h1,0.8,1.0,2014-12,11,Mean-fold minimum,rolling_user_norm,0.042194092627229
LightGBM,UCI Electricity,lightgbm_quantile__c80__h1,0.8,1.0,2014-12,11,Latest-fold minimum,rolling_user_norm,0.042194092627229
LightGBM,UCI Electricity,lightgbm_quantile__c80__h1,0.8,1.0,2014-12,11,Previous-window winner,rolling_user_norm,0.042194092627229
LightGBM,UCI Electricity,lightgbm_quantile__c80__h1,0.8,1.0,2014-12,11,Follow-the-leader,rolling_user_norm,0.042194092627229
LightGBM,UCI Electricity,lightgbm_quantile__c80__h1,0.8,1.0,2014-12,11,Global-CQR,rolling_global_norm,0.0564293532295801
LightGBM,UCI Electricity,lightgbm_quantile__c80__h1,0.8,1.0,2014-12,11,Segment-CQR,rolling_group_norm,0.0446025735057202
LightGBM,UCI Electricity,lightgbm_quantile__c80__h1,0.8,1.0,2014-12,11,User-CQR,rolling_user_norm,0.042194092627229
LightGBM,UCI Electricity,lightgbm_quantile__c80__h1,0.8,1.0,2014-12,11,Ex-post best fixed,rolling_user_norm,0.042194092627229
LightGBM,UCI Electricity,lightgbm_quantile__c80__h1,0.8,1.0,2014-12,11,Month-wise oracle,rolling_user_norm,0.042194092627229
LightGBM,UCI Electricity,lightgbm_quantile__c80__h6,0.8,6.0,2014-01,0,CSGR,rolling_user_norm,0.057992906564453
LightGBM,UCI Electricity,lightgbm_quantile__c80__h6,0.8,6.0,2014-01,0,Mean-fold minimum,rolling_user_norm,0.057992906564453
LightGBM,UCI Electricity,lightgbm_quantile__c80__h6,0.8,6.0,2014-01,0,Latest-fold minimum,rolling_group_norm,0.0704563972459014
LightGBM,UCI Electricity,lightgbm_quantile__c80__h6,0.8,6.0,2014-01,0,Previous-window winner,rolling_global_norm,0.0882644899454692
LightGBM,UCI Electricity,lightgbm_quantile__c80__h6,0.8,6.0,2014-01,0,Follow-the-leader,rolling_global_norm,0.0882644899454692
LightGBM,UCI Electricity,lightgbm_quantile__c80__h6,0.8,6.0,2014-01,0,Global-CQR,rolling_global_norm,0.0882644899454692
LightGBM,UCI Electricity,lightgbm_quantile__c80__h6,0.8,6.0,2014-01,0,Segment-CQR,rolling_group_norm,0.0704563972459014
LightGBM,UCI Electricity,lightgbm_quantile__c80__h6,0.8,6.0,2014-01,0,User-CQR,rolling_user_norm,0.057992906564453
LightGBM,UCI Electricity,lightgbm_quantile__c80__h6,0.8,6.0,2014-01,0,Ex-post best fixed,rolling_user_norm,0.057992906564453
LightGBM,UCI Electricity,lightgbm_quantile__c80__h6,0.8,6.0,2014-01,0,Month-wise oracle,rolling_user_norm,0.057992906564453
LightGBM,UCI Electricity,lightgbm_quantile__c80__h6,0.8,6.0,2014-02,1,CSGR,rolling_user_norm,0.054971908002826
LightGBM,UCI Electricity,lightgbm_quantile__c80__h6,0.8,6.0,2014-02,1,Mean-fold minimum,rolling_user_norm,0.054971908002826
LightGBM,UCI Electricity,lightgbm_quantile__c80__h6,0.8,6.0,2014-02,1,Latest-fold minimum,rolling_user_norm,0.054971908002826
LightGBM,UCI Electricity,lightgbm_quantile__c80__h6,0.8,6.0,2014-02,1,Previous-window winner,rolling_user_norm,0.054971908002826
LightGBM,UCI Electricity,lightgbm_quantile__c80__h6,0.8,6.0,2014-02,1,Follow-the-leader,rolling_user_norm,0.054971908002826
LightGBM,UCI Electricity,lightgbm_quantile__c80__h6,0.8,6.0,2014-02,1,Global-CQR,rolling_global_norm,0.0845507092943969
LightGBM,UCI Electricity,lightgbm_quantile__c80__h6,0.8,6.0,2014-02,1,Segment-CQR,rolling_group_norm,0.071982834044748
LightGBM,UCI Electricity,lightgbm_quantile__c80__h6,0.8,6.0,2014-02,1,User-CQR,rolling_user_norm,0.054971908002826
LightGBM,UCI Electricity,lightgbm_quantile__c80__h6,0.8,6.0,2014-02,1,Ex-post best fixed,rolling_user_norm,0.054971908002826
LightGBM,UCI Electricity,lightgbm_quantile__c80__h6,0.8,6.0,2014-02,1,Month-wise oracle,rolling_user_norm,0.054971908002826
LightGBM,UCI Electricity,lightgbm_quantile__c80__h6,0.8,6.0,2014-03,2,CSGR,rolling_user_norm,0.0723419328945343
LightGBM,UCI Electricity,lightgbm_quantile__c80__h6,0.8,6.0,2014-03,2,Mean-fold minimum,rolling_user_norm,0.0723419328945343
LightGBM,UCI Electricity,lightgbm_quantile__c80__h6,0.8,6.0,2014-03,2,Latest-fold minimum,rolling_user_norm,0.0723419328945343
LightGBM,UCI Electricity,lightgbm_quantile__c80__h6,0.8,6.0,2014-03,2,Previous-window winner,rolling_user_norm,0.0723419328945343
LightGBM,UCI Electricity,lightgbm_quantile__c80__h6,0.8,6.0,2014-03,2,Follow-the-leader,rolling_user_norm,0.0723419328945343
LightGBM,UCI Electricity,lightgbm_quantile__c80__h6,0.8,6.0,2014-03,2,Global-CQR,rolling_global_norm,0.0814759233127997
LightGBM,UCI Electricity,lightgbm_quantile__c80__h6,0.8,6.0,2014-03,2,Segment-CQR,rolling_group_norm,0.075975228464405
LightGBM,UCI Electricity,lightgbm_quantile__c80__h6,0.8,6.0,2014-03,2,User-CQR,rolling_user_norm,0.0723419328945343
LightGBM,UCI Electricity,lightgbm_quantile__c80__h6,0.8,6.0,2014-03,2,Ex-post best fixed,rolling_user_norm,0.0723419328945343
LightGBM,UCI Electricity,lightgbm_quantile__c80__h6,0.8,6.0,2014-03,2,Month-wise oracle,rolling_user_norm,0.0723419328945343
LightGBM,UCI Electricity,lightgbm_quantile__c80__h6,0.8,6.0,2014-04,3,CSGR,rolling_user_norm,0.055070555481513
LightGBM,UCI Electricity,lightgbm_quantile__c80__h6,0.8,6.0,2014-04,3,Mean-fold minimum,rolling_user_norm,0.055070555481513
LightGBM,UCI Electricity,lightgbm_quantile__c80__h6,0.8,6.0,2014-04,3,Latest-fold minimum,rolling_user_norm,0.055070555481513
LightGBM,UCI Electricity,lightgbm_quantile__c80__h6,0.8,6.0,2014-04,3,Previous-window winner,rolling_user_norm,0.055070555481513
LightGBM,UCI Electricity,lightgbm_quantile__c80__h6,0.8,6.0,2014-04,3,Follow-the-leader,rolling_user_norm,0.055070555481513
LightGBM,UCI Electricity,lightgbm_quantile__c80__h6,0.8,6.0,2014-04,3,Global-CQR,rolling_global_norm,0.0866112337544587
LightGBM,UCI Electricity,lightgbm_quantile__c80__h6,0.8,6.0,2014-04,3,Segment-CQR,rolling_group_norm,0.0667001637744269
LightGBM,UCI Electricity,lightgbm_quantile__c80__h6,0.8,6.0,2014-04,3,User-CQR,rolling_user_norm,0.055070555481513
LightGBM,UCI Electricity,lightgbm_quantile__c80__h6,0.8,6.0,2014-04,3,Ex-post best fixed,rolling_user_norm,0.055070555481513
LightGBM,UCI Electricity,lightgbm_quantile__c80__h6,0.8,6.0,2014-04,3,Month-wise oracle,rolling_user_norm,0.055070555481513
LightGBM,UCI Electricity,lightgbm_quantile__c80__h6,0.8,6.0,2014-05,4,CSGR,rolling_user_norm,0.0486123132346426
LightGBM,UCI Electricity,lightgbm_quantile__c80__h6,0.8,6.0,2014-05,4,Mean-fold minimum,rolling_user_norm,0.0486123132346426
LightGBM,UCI Electricity,lightgbm_quantile__c80__h6,0.8,6.0,2014-05,4,Latest-fold minimum,rolling_user_norm,0.0486123132346426
LightGBM,UCI Electricity,lightgbm_quantile__c80__h6,0.8,6.0,2014-05,4,Previous-window winner,rolling_user_norm,0.0486123132346426
LightGBM,UCI Electricity,lightgbm_quantile__c80__h6,0.8,6.0,2014-05,4,Follow-the-leader,rolling_user_norm,0.0486123132346426
LightGBM,UCI Electricity,lightgbm_quantile__c80__h6,0.8,6.0,2014-05,4,Global-CQR,rolling_global_norm,0.0831853926130167
LightGBM,UCI Electricity,lightgbm_quantile__c80__h6,0.8,6.0,2014-05,4,Segment-CQR,rolling_group_norm,0.0611873168254789
LightGBM,UCI Electricity,lightgbm_quantile__c80__h6,0.8,6.0,2014-05,4,User-CQR,rolling_user_norm,0.0486123132346426
LightGBM,UCI Electricity,lightgbm_quantile__c80__h6,0.8,6.0,2014-05,4,Ex-post best fixed,rolling_user_norm,0.0486123132346426
LightGBM,UCI Electricity,lightgbm_quantile__c80__h6,0.8,6.0,2014-05,4,Month-wise oracle,rolling_user_norm,0.0486123132346426
LightGBM,UCI Electricity,lightgbm_quantile__c80__h6,0.8,6.0,2014-06,5,CSGR,rolling_user_norm,0.049955166882969
LightGBM,UCI Electricity,lightgbm_quantile__c80__h6,0.8,6.0,2014-06,5,Mean-fold minimum,rolling_user_norm,0.049955166882969
LightGBM,UCI Electricity,lightgbm_quantile__c80__h6,0.8,6.0,2014-06,5,Latest-fold minimum,rolling_user_norm,0.049955166882969
LightGBM,UCI Electricity,lightgbm_quantile__c80__h6,0.8,6.0,2014-06,5,Previous-window winner,rolling_user_norm,0.049955166882969
LightGBM,UCI Electricity,lightgbm_quantile__c80__h6,0.8,6.0,2014-06,5,Follow-the-leader,rolling_user_norm,0.049955166882969
LightGBM,UCI Electricity,lightgbm_quantile__c80__h6,0.8,6.0,2014-06,5,Global-CQR,rolling_global_norm,0.0886806402403624
LightGBM,UCI Electricity,lightgbm_quantile__c80__h6,0.8,6.0,2014-06,5,Segment-CQR,rolling_group_norm,0.0711527402101767
LightGBM,UCI Electricity,lightgbm_quantile__c80__h6,0.8,6.0,2014-06,5,User-CQR,rolling_user_norm,0.049955166882969
LightGBM,UCI Electricity,lightgbm_quantile__c80__h6,0.8,6.0,2014-06,5,Ex-post best fixed,rolling_user_norm,0.049955166882969
LightGBM,UCI Electricity,lightgbm_quantile__c80__h6,0.8,6.0,2014-06,5,Month-wise oracle,rolling_user_norm,0.049955166882969
LightGBM,UCI Electricity,lightgbm_quantile__c80__h6,0.8,6.0,2014-07,6,CSGR,rolling_user_norm,0.0629506355055581
LightGBM,UCI Electricity,lightgbm_quantile__c80__h6,0.8,6.0,2014-07,6,Mean-fold minimum,rolling_user_norm,0.0629506355055581
LightGBM,UCI Electricity,lightgbm_quantile__c80__h6,0.8,6.0,2014-07,6,Latest-fold minimum,rolling_user_norm,0.0629506355055581
LightGBM,UCI Electricity,lightgbm_quantile__c80__h6,0.8,6.0,2014-07,6,Previous-window winner,rolling_user_norm,0.0629506355055581
LightGBM,UCI Electricity,lightgbm_quantile__c80__h6,0.8,6.0,2014-07,6,Follow-the-leader,rolling_user_norm,0.0629506355055581
LightGBM,UCI Electricity,lightgbm_quantile__c80__h6,0.8,6.0,2014-07,6,Global-CQR,rolling_global_norm,0.0885336082234468
LightGBM,UCI Electricity,lightgbm_quantile__c80__h6,0.8,6.0,2014-07,6,Segment-CQR,rolling_group_norm,0.0759959209335324
LightGBM,UCI Electricity,lightgbm_quantile__c80__h6,0.8,6.0,2014-07,6,User-CQR,rolling_user_norm,0.0629506355055581
LightGBM,UCI Electricity,lightgbm_quantile__c80__h6,0.8,6.0,2014-07,6,Ex-post best fixed,rolling_user_norm,0.0629506355055581
LightGBM,UCI Electricity,lightgbm_quantile__c80__h6,0.8,6.0,2014-07,6,Month-wise oracle,rolling_user_norm,0.0629506355055581
LightGBM,UCI Electricity,lightgbm_quantile__c80__h6,0.8,6.0,2014-08,7,CSGR,rolling_user_norm,0.050530727985571
LightGBM,UCI Electricity,lightgbm_quantile__c80__h6,0.8,6.0,2014-08,7,Mean-fold minimum,rolling_user_norm,0.050530727985571
LightGBM,UCI Electricity,lightgbm_quantile__c80__h6,0.8,6.0,2014-08,7,Latest-fold minimum,rolling_user_norm,0.050530727985571
LightGBM,UCI Electricity,lightgbm_quantile__c80__h6,0.8,6.0,2014-08,7,Previous-window winner,rolling_user_norm,0.050530727985571
LightGBM,UCI Electricity,lightgbm_quantile__c80__h6,0.8,6.0,2014-08,7,Follow-the-leader,rolling_user_norm,0.050530727985571
LightGBM,UCI Electricity,lightgbm_quantile__c80__h6,0.8,6.0,2014-08,7,Global-CQR,rolling_global_norm,0.0895462310593954
LightGBM,UCI Electricity,lightgbm_quantile__c80__h6,0.8,6.0,2014-08,7,Segment-CQR,rolling_group_norm,0.066990236734631
LightGBM,UCI Electricity,lightgbm_quantile__c80__h6,0.8,6.0,2014-08,7,User-CQR,rolling_user_norm,0.050530727985571
LightGBM,UCI Electricity,lightgbm_quantile__c80__h6,0.8,6.0,2014-08,7,Ex-post best fixed,rolling_user_norm,0.050530727985571
LightGBM,UCI Electricity,lightgbm_quantile__c80__h6,0.8,6.0,2014-08,7,Month-wise oracle,rolling_user_norm,0.050530727985571
LightGBM,UCI Electricity,lightgbm_quantile__c80__h6,0.8,6.0,2014-09,8,CSGR,rolling_user_norm,0.0537733565365258
LightGBM,UCI Electricity,lightgbm_quantile__c80__h6,0.8,6.0,2014-09,8,Mean-fold minimum,rolling_user_norm,0.0537733565365258
LightGBM,UCI Electricity,lightgbm_quantile__c80__h6,0.8,6.0,2014-09,8,Latest-fold minimum,rolling_user_norm,0.0537733565365258
LightGBM,UCI Electricity,lightgbm_quantile__c80__h6,0.8,6.0,2014-09,8,Previous-window winner,rolling_user_norm,0.0537733565365258
LightGBM,UCI Electricity,lightgbm_quantile__c80__h6,0.8,6.0,2014-09,8,Follow-the-leader,rolling_user_norm,0.0537733565365258
LightGBM,UCI Electricity,lightgbm_quantile__c80__h6,0.8,6.0,2014-09,8,Global-CQR,rolling_global_norm,0.0918985084098553
LightGBM,UCI Electricity,lightgbm_quantile__c80__h6,0.8,6.0,2014-09,8,Segment-CQR,rolling_group_norm,0.0650321476200639
LightGBM,UCI Electricity,lightgbm_quantile__c80__h6,0.8,6.0,2014-09,8,User-CQR,rolling_user_norm,0.0537733565365258
LightGBM,UCI Electricity,lightgbm_quantile__c80__h6,0.8,6.0,2014-09,8,Ex-post best fixed,rolling_user_norm,0.0537733565365258
LightGBM,UCI Electricity,lightgbm_quantile__c80__h6,0.8,6.0,2014-09,8,Month-wise oracle,rolling_user_norm,0.0537733565365258
LightGBM,UCI Electricity,lightgbm_quantile__c80__h6,0.8,6.0,2014-10,9,CSGR,rolling_user_norm,0.076380969070184
LightGBM,UCI Electricity,lightgbm_quantile__c80__h6,0.8,6.0,2014-10,9,Mean-fold minimum,rolling_user_norm,0.076380969070184
LightGBM,UCI Electricity,lightgbm_quantile__c80__h6,0.8,6.0,2014-10,9,Latest-fold minimum,rolling_user_norm,0.076380969070184
LightGBM,UCI Electricity,lightgbm_quantile__c80__h6,0.8,6.0,2014-10,9,Previous-window winner,rolling_user_norm,0.076380969070184
LightGBM,UCI Electricity,lightgbm_quantile__c80__h6,0.8,6.0,2014-10,9,Follow-the-leader,rolling_user_norm,0.076380969070184
LightGBM,UCI Electricity,lightgbm_quantile__c80__h6,0.8,6.0,2014-10,9,Global-CQR,rolling_global_norm,0.0878898621112091
LightGBM,UCI Electricity,lightgbm_quantile__c80__h6,0.8,6.0,2014-10,9,Segment-CQR,rolling_group_norm,0.0817344233519861
LightGBM,UCI Electricity,lightgbm_quantile__c80__h6,0.8,6.0,2014-10,9,User-CQR,rolling_user_norm,0.076380969070184
LightGBM,UCI Electricity,lightgbm_quantile__c80__h6,0.8,6.0,2014-10,9,Ex-post best fixed,rolling_user_norm,0.076380969070184
LightGBM,UCI Electricity,lightgbm_quantile__c80__h6,0.8,6.0,2014-10,9,Month-wise oracle,rolling_user_norm,0.076380969070184
LightGBM,UCI Electricity,lightgbm_quantile__c80__h6,0.8,6.0,2014-11,10,CSGR,rolling_user_norm,0.0701007114848689
LightGBM,UCI Electricity,lightgbm_quantile__c80__h6,0.8,6.0,2014-11,10,Mean-fold minimum,rolling_user_norm,0.0701007114848689
LightGBM,UCI Electricity,lightgbm_quantile__c80__h6,0.8,6.0,2014-11,10,Latest-fold minimum,rolling_user_norm,0.0701007114848689
LightGBM,UCI Electricity,lightgbm_quantile__c80__h6,0.8,6.0,2014-11,10,Previous-window winner,rolling_user_norm,0.0701007114848689
LightGBM,UCI Electricity,lightgbm_quantile__c80__h6,0.8,6.0,2014-11,10,Follow-the-leader,rolling_user_norm,0.0701007114848689
LightGBM,UCI Electricity,lightgbm_quantile__c80__h6,0.8,6.0,2014-11,10,Global-CQR,rolling_global_norm,0.0866166381125159
LightGBM,UCI Electricity,lightgbm_quantile__c80__h6,0.8,6.0,2014-11,10,Segment-CQR,rolling_group_norm,0.0766266059312684
LightGBM,UCI Electricity,lightgbm_quantile__c80__h6,0.8,6.0,2014-11,10,User-CQR,rolling_user_norm,0.0701007114848689
LightGBM,UCI Electricity,lightgbm_quantile__c80__h6,0.8,6.0,2014-11,10,Ex-post best fixed,rolling_user_norm,0.0701007114848689
LightGBM,UCI Electricity,lightgbm_quantile__c80__h6,0.8,6.0,2014-11,10,Month-wise oracle,rolling_user_norm,0.0701007114848689
LightGBM,UCI Electricity,lightgbm_quantile__c80__h6,0.8,6.0,2014-12,11,CSGR,rolling_user_norm,0.0996274645063436
LightGBM,UCI Electricity,lightgbm_quantile__c80__h6,0.8,6.0,2014-12,11,Mean-fold minimum,rolling_user_norm,0.0996274645063436
LightGBM,UCI Electricity,lightgbm_quantile__c80__h6,0.8,6.0,2014-12,11,Latest-fold minimum,rolling_user_norm,0.0996274645063436
LightGBM,UCI Electricity,lightgbm_quantile__c80__h6,0.8,6.0,2014-12,11,Previous-window winner,rolling_user_norm,0.0996274645063436
LightGBM,UCI Electricity,lightgbm_quantile__c80__h6,0.8,6.0,2014-12,11,Follow-the-leader,rolling_user_norm,0.0996274645063436
LightGBM,UCI Electricity,lightgbm_quantile__c80__h6,0.8,6.0,2014-12,11,Global-CQR,rolling_global_norm,0.0944377629413583
LightGBM,UCI Electricity,lightgbm_quantile__c80__h6,0.8,6.0,2014-12,11,Segment-CQR,rolling_group_norm,0.1055796404142707
LightGBM,UCI Electricity,lightgbm_quantile__c80__h6,0.8,6.0,2014-12,11,User-CQR,rolling_user_norm,0.0996274645063436
LightGBM,UCI Electricity,lightgbm_quantile__c80__h6,0.8,6.0,2014-12,11,Ex-post best fixed,rolling_user_norm,0.0996274645063436
LightGBM,UCI Electricity,lightgbm_quantile__c80__h6,0.8,6.0,2014-12,11,Month-wise oracle,rolling_global_norm,0.0944377629413583
LightGBM,UCI Electricity,lightgbm_quantile__c90__h1,0.9,1.0,2014-01,0,CSGR,rolling_user_norm,0.0290099930941864
LightGBM,UCI Electricity,lightgbm_quantile__c90__h1,0.9,1.0,2014-01,0,Mean-fold minimum,rolling_user_norm,0.0290099930941864
LightGBM,UCI Electricity,lightgbm_quantile__c90__h1,0.9,1.0,2014-01,0,Latest-fold minimum,rolling_user_norm,0.0290099930941864
LightGBM,UCI Electricity,lightgbm_quantile__c90__h1,0.9,1.0,2014-01,0,Previous-window winner,rolling_global_norm,0.0397383231497454
LightGBM,UCI Electricity,lightgbm_quantile__c90__h1,0.9,1.0,2014-01,0,Follow-the-leader,rolling_global_norm,0.0397383231497454
LightGBM,UCI Electricity,lightgbm_quantile__c90__h1,0.9,1.0,2014-01,0,Global-CQR,rolling_global_norm,0.0397383231497454
LightGBM,UCI Electricity,lightgbm_quantile__c90__h1,0.9,1.0,2014-01,0,Segment-CQR,rolling_group_norm,0.0352960085085826
LightGBM,UCI Electricity,lightgbm_quantile__c90__h1,0.9,1.0,2014-01,0,User-CQR,rolling_user_norm,0.0290099930941864
LightGBM,UCI Electricity,lightgbm_quantile__c90__h1,0.9,1.0,2014-01,0,Ex-post best fixed,rolling_user_norm,0.0290099930941864
LightGBM,UCI Electricity,lightgbm_quantile__c90__h1,0.9,1.0,2014-01,0,Month-wise oracle,rolling_user_norm,0.0290099930941864
LightGBM,UCI Electricity,lightgbm_quantile__c90__h1,0.9,1.0,2014-02,1,CSGR,rolling_user_norm,0.0337361491773315
LightGBM,UCI Electricity,lightgbm_quantile__c90__h1,0.9,1.0,2014-02,1,Mean-fold minimum,rolling_user_norm,0.0337361491773315
LightGBM,UCI Electricity,lightgbm_quantile__c90__h1,0.9,1.0,2014-02,1,Latest-fold minimum,rolling_user_norm,0.0337361491773315
LightGBM,UCI Electricity,lightgbm_quantile__c90__h1,0.9,1.0,2014-02,1,Previous-window winner,rolling_user_norm,0.0337361491773315
LightGBM,UCI Electricity,lightgbm_quantile__c90__h1,0.9,1.0,2014-02,1,Follow-the-leader,rolling_user_norm,0.0337361491773315
LightGBM,UCI Electricity,lightgbm_quantile__c90__h1,0.9,1.0,2014-02,1,Global-CQR,rolling_global_norm,0.0424209019830887
LightGBM,UCI Electricity,lightgbm_quantile__c90__h1,0.9,1.0,2014-02,1,Segment-CQR,rolling_group_norm,0.0385689306255184
LightGBM,UCI Electricity,lightgbm_quantile__c90__h1,0.9,1.0,2014-02,1,User-CQR,rolling_user_norm,0.0337361491773315
LightGBM,UCI Electricity,lightgbm_quantile__c90__h1,0.9,1.0,2014-02,1,Ex-post best fixed,rolling_user_norm,0.0337361491773315
LightGBM,UCI Electricity,lightgbm_quantile__c90__h1,0.9,1.0,2014-02,1,Month-wise oracle,rolling_user_norm,0.0337361491773315
LightGBM,UCI Electricity,lightgbm_quantile__c90__h1,0.9,1.0,2014-03,2,CSGR,rolling_user_norm,0.0346606088720587
LightGBM,UCI Electricity,lightgbm_quantile__c90__h1,0.9,1.0,2014-03,2,Mean-fold minimum,rolling_user_norm,0.0346606088720587
LightGBM,UCI Electricity,lightgbm_quantile__c90__h1,0.9,1.0,2014-03,2,Latest-fold minimum,rolling_user_norm,0.0346606088720587
LightGBM,UCI Electricity,lightgbm_quantile__c90__h1,0.9,1.0,2014-03,2,Previous-window winner,rolling_user_norm,0.0346606088720587
LightGBM,UCI Electricity,lightgbm_quantile__c90__h1,0.9,1.0,2014-03,2,Follow-the-leader,rolling_user_norm,0.0346606088720587
LightGBM,UCI Electricity,lightgbm_quantile__c90__h1,0.9,1.0,2014-03,2,Global-CQR,rolling_global_norm,0.067561386093875
LightGBM,UCI Electricity,lightgbm_quantile__c90__h1,0.9,1.0,2014-03,2,Segment-CQR,rolling_group_norm,0.0369213754852052
LightGBM,UCI Electricity,lightgbm_quantile__c90__h1,0.9,1.0,2014-03,2,User-CQR,rolling_user_norm,0.0346606088720587
LightGBM,UCI Electricity,lightgbm_quantile__c90__h1,0.9,1.0,2014-03,2,Ex-post best fixed,rolling_user_norm,0.0346606088720587
LightGBM,UCI Electricity,lightgbm_quantile__c90__h1,0.9,1.0,2014-03,2,Month-wise oracle,rolling_user_norm,0.0346606088720587
LightGBM,UCI Electricity,lightgbm_quantile__c90__h1,0.9,1.0,2014-04,3,CSGR,rolling_user_norm,0.0338310363629847
LightGBM,UCI Electricity,lightgbm_quantile__c90__h1,0.9,1.0,2014-04,3,Mean-fold minimum,rolling_user_norm,0.0338310363629847
LightGBM,UCI Electricity,lightgbm_quantile__c90__h1,0.9,1.0,2014-04,3,Latest-fold minimum,rolling_user_norm,0.0338310363629847
LightGBM,UCI Electricity,lightgbm_quantile__c90__h1,0.9,1.0,2014-04,3,Previous-window winner,rolling_user_norm,0.0338310363629847
LightGBM,UCI Electricity,lightgbm_quantile__c90__h1,0.9,1.0,2014-04,3,Follow-the-leader,rolling_user_norm,0.0338310363629847
LightGBM,UCI Electricity,lightgbm_quantile__c90__h1,0.9,1.0,2014-04,3,Global-CQR,rolling_global_norm,0.0596537494371559
LightGBM,UCI Electricity,lightgbm_quantile__c90__h1,0.9,1.0,2014-04,3,Segment-CQR,rolling_group_norm,0.0359016649224527
LightGBM,UCI Electricity,lightgbm_quantile__c90__h1,0.9,1.0,2014-04,3,User-CQR,rolling_user_norm,0.0338310363629847
LightGBM,UCI Electricity,lightgbm_quantile__c90__h1,0.9,1.0,2014-04,3,Ex-post best fixed,rolling_user_norm,0.0338310363629847
LightGBM,UCI Electricity,lightgbm_quantile__c90__h1,0.9,1.0,2014-04,3,Month-wise oracle,rolling_user_norm,0.0338310363629847
LightGBM,UCI Electricity,lightgbm_quantile__c90__h1,0.9,1.0,2014-05,4,CSGR,rolling_user_norm,0.02846102349961
LightGBM,UCI Electricity,lightgbm_quantile__c90__h1,0.9,1.0,2014-05,4,Mean-fold minimum,rolling_user_norm,0.02846102349961
LightGBM,UCI Electricity,lightgbm_quantile__c90__h1,0.9,1.0,2014-05,4,Latest-fold minimum,rolling_user_norm,0.02846102349961
LightGBM,UCI Electricity,lightgbm_quantile__c90__h1,0.9,1.0,2014-05,4,Previous-window winner,rolling_user_norm,0.02846102349961
LightGBM,UCI Electricity,lightgbm_quantile__c90__h1,0.9,1.0,2014-05,4,Follow-the-leader,rolling_user_norm,0.02846102349961
LightGBM,UCI Electricity,lightgbm_quantile__c90__h1,0.9,1.0,2014-05,4,Global-CQR,rolling_global_norm,0.0407683546953733
LightGBM,UCI Electricity,lightgbm_quantile__c90__h1,0.9,1.0,2014-05,4,Segment-CQR,rolling_group_norm,0.0325613118195065
LightGBM,UCI Electricity,lightgbm_quantile__c90__h1,0.9,1.0,2014-05,4,User-CQR,rolling_user_norm,0.02846102349961
LightGBM,UCI Electricity,lightgbm_quantile__c90__h1,0.9,1.0,2014-05,4,Ex-post best fixed,rolling_user_norm,0.02846102349961
LightGBM,UCI Electricity,lightgbm_quantile__c90__h1,0.9,1.0,2014-05,4,Month-wise oracle,rolling_user_norm,0.02846102349961
LightGBM,UCI Electricity,lightgbm_quantile__c90__h1,0.9,1.0,2014-06,5,CSGR,rolling_user_norm,0.0268247552126765
LightGBM,UCI Electricity,lightgbm_quantile__c90__h1,0.9,1.0,2014-06,5,Mean-fold minimum,rolling_user_norm,0.0268247552126765
LightGBM,UCI Electricity,lightgbm_quantile__c90__h1,0.9,1.0,2014-06,5,Latest-fold minimum,rolling_user_norm,0.0268247552126765
LightGBM,UCI Electricity,lightgbm_quantile__c90__h1,0.9,1.0,2014-06,5,Previous-window winner,rolling_user_norm,0.0268247552126765
LightGBM,UCI Electricity,lightgbm_quantile__c90__h1,0.9,1.0,2014-06,5,Follow-the-leader,rolling_user_norm,0.0268247552126765
LightGBM,UCI Electricity,lightgbm_quantile__c90__h1,0.9,1.0,2014-06,5,Global-CQR,rolling_global_norm,0.0402553339583646
LightGBM,UCI Electricity,lightgbm_quantile__c90__h1,0.9,1.0,2014-06,5,Segment-CQR,rolling_group_norm,0.0327230881723313
LightGBM,UCI Electricity,lightgbm_quantile__c90__h1,0.9,1.0,2014-06,5,User-CQR,rolling_user_norm,0.0268247552126765
LightGBM,UCI Electricity,lightgbm_quantile__c90__h1,0.9,1.0,2014-06,5,Ex-post best fixed,rolling_user_norm,0.0268247552126765
LightGBM,UCI Electricity,lightgbm_quantile__c90__h1,0.9,1.0,2014-06,5,Month-wise oracle,rolling_user_norm,0.0268247552126765
LightGBM,UCI Electricity,lightgbm_quantile__c90__h1,0.9,1.0,2014-07,6,CSGR,rolling_user_norm,0.029563129911295
LightGBM,UCI Electricity,lightgbm_quantile__c90__h1,0.9,1.0,2014-07,6,Mean-fold minimum,rolling_user_norm,0.029563129911295
LightGBM,UCI Electricity,lightgbm_quantile__c90__h1,0.9,1.0,2014-07,6,Latest-fold minimum,rolling_user_norm,0.029563129911295
LightGBM,UCI Electricity,lightgbm_quantile__c90__h1,0.9,1.0,2014-07,6,Previous-window winner,rolling_user_norm,0.029563129911295
LightGBM,UCI Electricity,lightgbm_quantile__c90__h1,0.9,1.0,2014-07,6,Follow-the-leader,rolling_user_norm,0.029563129911295
LightGBM,UCI Electricity,lightgbm_quantile__c90__h1,0.9,1.0,2014-07,6,Global-CQR,rolling_global_norm,0.0403423063221663
LightGBM,UCI Electricity,lightgbm_quantile__c90__h1,0.9,1.0,2014-07,6,Segment-CQR,rolling_group_norm,0.0367417962395314
LightGBM,UCI Electricity,lightgbm_quantile__c90__h1,0.9,1.0,2014-07,6,User-CQR,rolling_user_norm,0.029563129911295
LightGBM,UCI Electricity,lightgbm_quantile__c90__h1,0.9,1.0,2014-07,6,Ex-post best fixed,rolling_user_norm,0.029563129911295
LightGBM,UCI Electricity,lightgbm_quantile__c90__h1,0.9,1.0,2014-07,6,Month-wise oracle,rolling_user_norm,0.029563129911295
LightGBM,UCI Electricity,lightgbm_quantile__c90__h1,0.9,1.0,2014-08,7,CSGR,rolling_user_norm,0.0291648716369508
LightGBM,UCI Electricity,lightgbm_quantile__c90__h1,0.9,1.0,2014-08,7,Mean-fold minimum,rolling_user_norm,0.0291648716369508
LightGBM,UCI Electricity,lightgbm_quantile__c90__h1,0.9,1.0,2014-08,7,Latest-fold minimum,rolling_user_norm,0.0291648716369508
LightGBM,UCI Electricity,lightgbm_quantile__c90__h1,0.9,1.0,2014-08,7,Previous-window winner,rolling_user_norm,0.0291648716369508
LightGBM,UCI Electricity,lightgbm_quantile__c90__h1,0.9,1.0,2014-08,7,Follow-the-leader,rolling_user_norm,0.0291648716369508
LightGBM,UCI Electricity,lightgbm_quantile__c90__h1,0.9,1.0,2014-08,7,Global-CQR,rolling_global_norm,0.0411244166288369
LightGBM,UCI Electricity,lightgbm_quantile__c90__h1,0.9,1.0,2014-08,7,Segment-CQR,rolling_group_norm,0.0347376796940996
LightGBM,UCI Electricity,lightgbm_quantile__c90__h1,0.9,1.0,2014-08,7,User-CQR,rolling_user_norm,0.0291648716369508
LightGBM,UCI Electricity,lightgbm_quantile__c90__h1,0.9,1.0,2014-08,7,Ex-post best fixed,rolling_user_norm,0.0291648716369508
LightGBM,UCI Electricity,lightgbm_quantile__c90__h1,0.9,1.0,2014-08,7,Month-wise oracle,rolling_user_norm,0.0291648716369508
LightGBM,UCI Electricity,lightgbm_quantile__c90__h1,0.9,1.0,2014-09,8,CSGR,rolling_user_norm,0.0306212365377714
LightGBM,UCI Electricity,lightgbm_quantile__c90__h1,0.9,1.0,2014-09,8,Mean-fold minimum,rolling_user_norm,0.0306212365377714
LightGBM,UCI Electricity,lightgbm_quantile__c90__h1,0.9,1.0,2014-09,8,Latest-fold minimum,rolling_user_norm,0.0306212365377714
LightGBM,UCI Electricity,lightgbm_quantile__c90__h1,0.9,1.0,2014-09,8,Previous-window winner,rolling_user_norm,0.0306212365377714
LightGBM,UCI Electricity,lightgbm_quantile__c90__h1,0.9,1.0,2014-09,8,Follow-the-leader,rolling_user_norm,0.0306212365377714
LightGBM,UCI Electricity,lightgbm_quantile__c90__h1,0.9,1.0,2014-09,8,Global-CQR,rolling_global_norm,0.0413140852289764
LightGBM,UCI Electricity,lightgbm_quantile__c90__h1,0.9,1.0,2014-09,8,Segment-CQR,rolling_group_norm,0.0349078016080478
LightGBM,UCI Electricity,lightgbm_quantile__c90__h1,0.9,1.0,2014-09,8,User-CQR,rolling_user_norm,0.0306212365377714
LightGBM,UCI Electricity,lightgbm_quantile__c90__h1,0.9,1.0,2014-09,8,Ex-post best fixed,rolling_user_norm,0.0306212365377714
LightGBM,UCI Electricity,lightgbm_quantile__c90__h1,0.9,1.0,2014-09,8,Month-wise oracle,rolling_user_norm,0.0306212365377714
LightGBM,UCI Electricity,lightgbm_quantile__c90__h1,0.9,1.0,2014-10,9,CSGR,rolling_user_norm,0.0377221094822399
LightGBM,UCI Electricity,lightgbm_quantile__c90__h1,0.9,1.0,2014-10,9,Mean-fold minimum,rolling_user_norm,0.0377221094822399
LightGBM,UCI Electricity,lightgbm_quantile__c90__h1,0.9,1.0,2014-10,9,Latest-fold minimum,rolling_user_norm,0.0377221094822399
LightGBM,UCI Electricity,lightgbm_quantile__c90__h1,0.9,1.0,2014-10,9,Previous-window winner,rolling_user_norm,0.0377221094822399
LightGBM,UCI Electricity,lightgbm_quantile__c90__h1,0.9,1.0,2014-10,9,Follow-the-leader,rolling_user_norm,0.0377221094822399
LightGBM,UCI Electricity,lightgbm_quantile__c90__h1,0.9,1.0,2014-10,9,Global-CQR,rolling_global_norm,0.040104233822155
LightGBM,UCI Electricity,lightgbm_quantile__c90__h1,0.9,1.0,2014-10,9,Segment-CQR,rolling_group_norm,0.0418423631001391
LightGBM,UCI Electricity,lightgbm_quantile__c90__h1,0.9,1.0,2014-10,9,User-CQR,rolling_user_norm,0.0377221094822399
LightGBM,UCI Electricity,lightgbm_quantile__c90__h1,0.9,1.0,2014-10,9,Ex-post best fixed,rolling_user_norm,0.0377221094822399
LightGBM,UCI Electricity,lightgbm_quantile__c90__h1,0.9,1.0,2014-10,9,Month-wise oracle,rolling_user_norm,0.0377221094822399
LightGBM,UCI Electricity,lightgbm_quantile__c90__h1,0.9,1.0,2014-11,10,CSGR,rolling_user_norm,0.0330216276792663
LightGBM,UCI Electricity,lightgbm_quantile__c90__h1,0.9,1.0,2014-11,10,Mean-fold minimum,rolling_user_norm,0.0330216276792663
LightGBM,UCI Electricity,lightgbm_quantile__c90__h1,0.9,1.0,2014-11,10,Latest-fold minimum,rolling_user_norm,0.0330216276792663
LightGBM,UCI Electricity,lightgbm_quantile__c90__h1,0.9,1.0,2014-11,10,Previous-window winner,rolling_user_norm,0.0330216276792663
LightGBM,UCI Electricity,lightgbm_quantile__c90__h1,0.9,1.0,2014-11,10,Follow-the-leader,rolling_user_norm,0.0330216276792663
LightGBM,UCI Electricity,lightgbm_quantile__c90__h1,0.9,1.0,2014-11,10,Global-CQR,rolling_global_norm,0.0422053331220068
LightGBM,UCI Electricity,lightgbm_quantile__c90__h1,0.9,1.0,2014-11,10,Segment-CQR,rolling_group_norm,0.036521724089857
LightGBM,UCI Electricity,lightgbm_quantile__c90__h1,0.9,1.0,2014-11,10,User-CQR,rolling_user_norm,0.0330216276792663
LightGBM,UCI Electricity,lightgbm_quantile__c90__h1,0.9,1.0,2014-11,10,Ex-post best fixed,rolling_user_norm,0.0330216276792663
LightGBM,UCI Electricity,lightgbm_quantile__c90__h1,0.9,1.0,2014-11,10,Month-wise oracle,rolling_user_norm,0.0330216276792663
LightGBM,UCI Electricity,lightgbm_quantile__c90__h1,0.9,1.0,2014-12,11,CSGR,rolling_user_norm,0.0433717386825089
LightGBM,UCI Electricity,lightgbm_quantile__c90__h1,0.9,1.0,2014-12,11,Mean-fold minimum,rolling_user_norm,0.0433717386825089
LightGBM,UCI Electricity,lightgbm_quantile__c90__h1,0.9,1.0,2014-12,11,Latest-fold minimum,rolling_user_norm,0.0433717386825089
LightGBM,UCI Electricity,lightgbm_quantile__c90__h1,0.9,1.0,2014-12,11,Previous-window winner,rolling_user_norm,0.0433717386825089
LightGBM,UCI Electricity,lightgbm_quantile__c90__h1,0.9,1.0,2014-12,11,Follow-the-leader,rolling_user_norm,0.0433717386825089
LightGBM,UCI Electricity,lightgbm_quantile__c90__h1,0.9,1.0,2014-12,11,Global-CQR,rolling_global_norm,0.0650296464578694
LightGBM,UCI Electricity,lightgbm_quantile__c90__h1,0.9,1.0,2014-12,11,Segment-CQR,rolling_group_norm,0.0452301440384665
LightGBM,UCI Electricity,lightgbm_quantile__c90__h1,0.9,1.0,2014-12,11,User-CQR,rolling_user_norm,0.0433717386825089
LightGBM,UCI Electricity,lightgbm_quantile__c90__h1,0.9,1.0,2014-12,11,Ex-post best fixed,rolling_user_norm,0.0433717386825089
LightGBM,UCI Electricity,lightgbm_quantile__c90__h1,0.9,1.0,2014-12,11,Month-wise oracle,rolling_user_norm,0.0433717386825089
LightGBM,UCI Electricity,lightgbm_quantile__c90__h6,0.9,6.0,2014-01,0,CSGR,rolling_user_norm,0.0462970160906941
LightGBM,UCI Electricity,lightgbm_quantile__c90__h6,0.9,6.0,2014-01,0,Mean-fold minimum,rolling_user_norm,0.0462970160906941
LightGBM,UCI Electricity,lightgbm_quantile__c90__h6,0.9,6.0,2014-01,0,Latest-fold minimum,rolling_global_norm,0.0612408008477378
LightGBM,UCI Electricity,lightgbm_quantile__c90__h6,0.9,6.0,2014-01,0,Previous-window winner,rolling_global_norm,0.0612408008477378
LightGBM,UCI Electricity,lightgbm_quantile__c90__h6,0.9,6.0,2014-01,0,Follow-the-leader,rolling_global_norm,0.0612408008477378
LightGBM,UCI Electricity,lightgbm_quantile__c90__h6,0.9,6.0,2014-01,0,Global-CQR,rolling_global_norm,0.0612408008477378
LightGBM,UCI Electricity,lightgbm_quantile__c90__h6,0.9,6.0,2014-01,0,Segment-CQR,rolling_group_norm,0.0559698957395983
LightGBM,UCI Electricity,lightgbm_quantile__c90__h6,0.9,6.0,2014-01,0,User-CQR,rolling_user_norm,0.0462970160906941
LightGBM,UCI Electricity,lightgbm_quantile__c90__h6,0.9,6.0,2014-01,0,Ex-post best fixed,rolling_user_norm,0.0462970160906941
LightGBM,UCI Electricity,lightgbm_quantile__c90__h6,0.9,6.0,2014-01,0,Month-wise oracle,rolling_user_norm,0.0462970160906941
LightGBM,UCI Electricity,lightgbm_quantile__c90__h6,0.9,6.0,2014-02,1,CSGR,rolling_user_norm,0.0497116502243021
LightGBM,UCI Electricity,lightgbm_quantile__c90__h6,0.9,6.0,2014-02,1,Mean-fold minimum,rolling_user_norm,0.0497116502243021
LightGBM,UCI Electricity,lightgbm_quantile__c90__h6,0.9,6.0,2014-02,1,Latest-fold minimum,rolling_user_norm,0.0497116502243021
LightGBM,UCI Electricity,lightgbm_quantile__c90__h6,0.9,6.0,2014-02,1,Previous-window winner,rolling_user_norm,0.0497116502243021
LightGBM,UCI Electricity,lightgbm_quantile__c90__h6,0.9,6.0,2014-02,1,Follow-the-leader,rolling_user_norm,0.0497116502243021
LightGBM,UCI Electricity,lightgbm_quantile__c90__h6,0.9,6.0,2014-02,1,Global-CQR,rolling_global_norm,0.0637024184727554
LightGBM,UCI Electricity,lightgbm_quantile__c90__h6,0.9,6.0,2014-02,1,Segment-CQR,rolling_group_norm,0.0617887089489656
LightGBM,UCI Electricity,lightgbm_quantile__c90__h6,0.9,6.0,2014-02,1,User-CQR,rolling_user_norm,0.0497116502243021
LightGBM,UCI Electricity,lightgbm_quantile__c90__h6,0.9,6.0,2014-02,1,Ex-post best fixed,rolling_user_norm,0.0497116502243021
LightGBM,UCI Electricity,lightgbm_quantile__c90__h6,0.9,6.0,2014-02,1,Month-wise oracle,rolling_user_norm,0.0497116502243021
LightGBM,UCI Electricity,lightgbm_quantile__c90__h6,0.9,6.0,2014-03,2,CSGR,rolling_user_norm,0.0621207831654691
LightGBM,UCI Electricity,lightgbm_quantile__c90__h6,0.9,6.0,2014-03,2,Mean-fold minimum,rolling_user_norm,0.0621207831654691
LightGBM,UCI Electricity,lightgbm_quantile__c90__h6,0.9,6.0,2014-03,2,Latest-fold minimum,rolling_user_norm,0.0621207831654691
LightGBM,UCI Electricity,lightgbm_quantile__c90__h6,0.9,6.0,2014-03,2,Previous-window winner,rolling_user_norm,0.0621207831654691
LightGBM,UCI Electricity,lightgbm_quantile__c90__h6,0.9,6.0,2014-03,2,Follow-the-leader,rolling_user_norm,0.0621207831654691
LightGBM,UCI Electricity,lightgbm_quantile__c90__h6,0.9,6.0,2014-03,2,Global-CQR,rolling_global_norm,0.0658650387959986
LightGBM,UCI Electricity,lightgbm_quantile__c90__h6,0.9,6.0,2014-03,2,Segment-CQR,rolling_group_norm,0.0617270448599344
LightGBM,UCI Electricity,lightgbm_quantile__c90__h6,0.9,6.0,2014-03,2,User-CQR,rolling_user_norm,0.0621207831654691
LightGBM,UCI Electricity,lightgbm_quantile__c90__h6,0.9,6.0,2014-03,2,Ex-post best fixed,rolling_user_norm,0.0621207831654691
LightGBM,UCI Electricity,lightgbm_quantile__c90__h6,0.9,6.0,2014-03,2,Month-wise oracle,rolling_group_norm,0.0617270448599344
LightGBM,UCI Electricity,lightgbm_quantile__c90__h6,0.9,6.0,2014-04,3,CSGR,rolling_user_norm,0.0523906920655457
LightGBM,UCI Electricity,lightgbm_quantile__c90__h6,0.9,6.0,2014-04,3,Mean-fold minimum,rolling_user_norm,0.0523906920655457
LightGBM,UCI Electricity,lightgbm_quantile__c90__h6,0.9,6.0,2014-04,3,Latest-fold minimum,rolling_user_norm,0.0523906920655457
LightGBM,UCI Electricity,lightgbm_quantile__c90__h6,0.9,6.0,2014-04,3,Previous-window winner,rolling_group_norm,0.0504043742961987
LightGBM,UCI Electricity,lightgbm_quantile__c90__h6,0.9,6.0,2014-04,3,Follow-the-leader,rolling_user_norm,0.0523906920655457
LightGBM,UCI Electricity,lightgbm_quantile__c90__h6,0.9,6.0,2014-04,3,Global-CQR,rolling_global_norm,0.0638839914248043
LightGBM,UCI Electricity,lightgbm_quantile__c90__h6,0.9,6.0,2014-04,3,Segment-CQR,rolling_group_norm,0.0504043742961987
LightGBM,UCI Electricity,lightgbm_quantile__c90__h6,0.9,6.0,2014-04,3,User-CQR,rolling_user_norm,0.0523906920655457
LightGBM,UCI Electricity,lightgbm_quantile__c90__h6,0.9,6.0,2014-04,3,Ex-post best fixed,rolling_user_norm,0.0523906920655457
LightGBM,UCI Electricity,lightgbm_quantile__c90__h6,0.9,6.0,2014-04,3,Month-wise oracle,rolling_group_norm,0.0504043742961987
LightGBM,UCI Electricity,lightgbm_quantile__c90__h6,0.9,6.0,2014-05,4,CSGR,rolling_user_norm,0.0446676349898089
LightGBM,UCI Electricity,lightgbm_quantile__c90__h6,0.9,6.0,2014-05,4,Mean-fold minimum,rolling_user_norm,0.0446676349898089
LightGBM,UCI Electricity,lightgbm_quantile__c90__h6,0.9,6.0,2014-05,4,Latest-fold minimum,rolling_user_norm,0.0446676349898089
LightGBM,UCI Electricity,lightgbm_quantile__c90__h6,0.9,6.0,2014-05,4,Previous-window winner,rolling_group_norm,0.0538158528277904
LightGBM,UCI Electricity,lightgbm_quantile__c90__h6,0.9,6.0,2014-05,4,Follow-the-leader,rolling_user_norm,0.0446676349898089
LightGBM,UCI Electricity,lightgbm_quantile__c90__h6,0.9,6.0,2014-05,4,Global-CQR,rolling_global_norm,0.0626372616928771
LightGBM,UCI Electricity,lightgbm_quantile__c90__h6,0.9,6.0,2014-05,4,Segment-CQR,rolling_group_norm,0.0538158528277904
LightGBM,UCI Electricity,lightgbm_quantile__c90__h6,0.9,6.0,2014-05,4,User-CQR,rolling_user_norm,0.0446676349898089
LightGBM,UCI Electricity,lightgbm_quantile__c90__h6,0.9,6.0,2014-05,4,Ex-post best fixed,rolling_user_norm,0.0446676349898089
LightGBM,UCI Electricity,lightgbm_quantile__c90__h6,0.9,6.0,2014-05,4,Month-wise oracle,rolling_user_norm,0.0446676349898089
LightGBM,UCI Electricity,lightgbm_quantile__c90__h6,0.9,6.0,2014-06,5,CSGR,rolling_user_norm,0.0446205195100935
LightGBM,UCI Electricity,lightgbm_quantile__c90__h6,0.9,6.0,2014-06,5,Mean-fold minimum,rolling_user_norm,0.0446205195100935
LightGBM,UCI Electricity,lightgbm_quantile__c90__h6,0.9,6.0,2014-06,5,Latest-fold minimum,rolling_user_norm,0.0446205195100935
LightGBM,UCI Electricity,lightgbm_quantile__c90__h6,0.9,6.0,2014-06,5,Previous-window winner,rolling_user_norm,0.0446205195100935
LightGBM,UCI Electricity,lightgbm_quantile__c90__h6,0.9,6.0,2014-06,5,Follow-the-leader,rolling_user_norm,0.0446205195100935
LightGBM,UCI Electricity,lightgbm_quantile__c90__h6,0.9,6.0,2014-06,5,Global-CQR,rolling_global_norm,0.0669723845415712
LightGBM,UCI Electricity,lightgbm_quantile__c90__h6,0.9,6.0,2014-06,5,Segment-CQR,rolling_group_norm,0.0579957707944786
LightGBM,UCI Electricity,lightgbm_quantile__c90__h6,0.9,6.0,2014-06,5,User-CQR,rolling_user_norm,0.0446205195100935
LightGBM,UCI Electricity,lightgbm_quantile__c90__h6,0.9,6.0,2014-06,5,Ex-post best fixed,rolling_user_norm,0.0446205195100935
LightGBM,UCI Electricity,lightgbm_quantile__c90__h6,0.9,6.0,2014-06,5,Month-wise oracle,rolling_user_norm,0.0446205195100935
LightGBM,UCI Electricity,lightgbm_quantile__c90__h6,0.9,6.0,2014-07,6,CSGR,rolling_user_norm,0.0563424682403213
LightGBM,UCI Electricity,lightgbm_quantile__c90__h6,0.9,6.0,2014-07,6,Mean-fold minimum,rolling_user_norm,0.0563424682403213
LightGBM,UCI Electricity,lightgbm_quantile__c90__h6,0.9,6.0,2014-07,6,Latest-fold minimum,rolling_user_norm,0.0563424682403213
LightGBM,UCI Electricity,lightgbm_quantile__c90__h6,0.9,6.0,2014-07,6,Previous-window winner,rolling_user_norm,0.0563424682403213
LightGBM,UCI Electricity,lightgbm_quantile__c90__h6,0.9,6.0,2014-07,6,Follow-the-leader,rolling_user_norm,0.0563424682403213
LightGBM,UCI Electricity,lightgbm_quantile__c90__h6,0.9,6.0,2014-07,6,Global-CQR,rolling_global_norm,0.0774795533066721
LightGBM,UCI Electricity,lightgbm_quantile__c90__h6,0.9,6.0,2014-07,6,Segment-CQR,rolling_group_norm,0.0662062440186243
LightGBM,UCI Electricity,lightgbm_quantile__c90__h6,0.9,6.0,2014-07,6,User-CQR,rolling_user_norm,0.0563424682403213
LightGBM,UCI Electricity,lightgbm_quantile__c90__h6,0.9,6.0,2014-07,6,Ex-post best fixed,rolling_user_norm,0.0563424682403213
LightGBM,UCI Electricity,lightgbm_quantile__c90__h6,0.9,6.0,2014-07,6,Month-wise oracle,rolling_user_norm,0.0563424682403213
LightGBM,UCI Electricity,lightgbm_quantile__c90__h6,0.9,6.0,2014-08,7,CSGR,rolling_user_norm,0.0478039322234491
LightGBM,UCI Electricity,lightgbm_quantile__c90__h6,0.9,6.0,2014-08,7,Mean-fold minimum,rolling_user_norm,0.0478039322234491
LightGBM,UCI Electricity,lightgbm_quantile__c90__h6,0.9,6.0,2014-08,7,Latest-fold minimum,rolling_user_norm,0.0478039322234491
LightGBM,UCI Electricity,lightgbm_quantile__c90__h6,0.9,6.0,2014-08,7,Previous-window winner,rolling_user_norm,0.0478039322234491
LightGBM,UCI Electricity,lightgbm_quantile__c90__h6,0.9,6.0,2014-08,7,Follow-the-leader,rolling_user_norm,0.0478039322234491
LightGBM,UCI Electricity,lightgbm_quantile__c90__h6,0.9,6.0,2014-08,7,Global-CQR,rolling_global_norm,0.0762827232279238
LightGBM,UCI Electricity,lightgbm_quantile__c90__h6,0.9,6.0,2014-08,7,Segment-CQR,rolling_group_norm,0.0587766017674826
LightGBM,UCI Electricity,lightgbm_quantile__c90__h6,0.9,6.0,2014-08,7,User-CQR,rolling_user_norm,0.0478039322234491
LightGBM,UCI Electricity,lightgbm_quantile__c90__h6,0.9,6.0,2014-08,7,Ex-post best fixed,rolling_user_norm,0.0478039322234491
LightGBM,UCI Electricity,lightgbm_quantile__c90__h6,0.9,6.0,2014-08,7,Month-wise oracle,rolling_user_norm,0.0478039322234491
LightGBM,UCI Electricity,lightgbm_quantile__c90__h6,0.9,6.0,2014-09,8,CSGR,rolling_user_norm,0.0448612437071811
LightGBM,UCI Electricity,lightgbm_quantile__c90__h6,0.9,6.0,2014-09,8,Mean-fold minimum,rolling_user_norm,0.0448612437071811
LightGBM,UCI Electricity,lightgbm_quantile__c90__h6,0.9,6.0,2014-09,8,Latest-fold minimum,rolling_user_norm,0.0448612437071811
LightGBM,UCI Electricity,lightgbm_quantile__c90__h6,0.9,6.0,2014-09,8,Previous-window winner,rolling_user_norm,0.0448612437071811
LightGBM,UCI Electricity,lightgbm_quantile__c90__h6,0.9,6.0,2014-09,8,Follow-the-leader,rolling_user_norm,0.0448612437071811
LightGBM,UCI Electricity,lightgbm_quantile__c90__h6,0.9,6.0,2014-09,8,Global-CQR,rolling_global_norm,0.0765999001069249
LightGBM,UCI Electricity,lightgbm_quantile__c90__h6,0.9,6.0,2014-09,8,Segment-CQR,rolling_group_norm,0.0602799702309864
LightGBM,UCI Electricity,lightgbm_quantile__c90__h6,0.9,6.0,2014-09,8,User-CQR,rolling_user_norm,0.0448612437071811
LightGBM,UCI Electricity,lightgbm_quantile__c90__h6,0.9,6.0,2014-09,8,Ex-post best fixed,rolling_user_norm,0.0448612437071811
LightGBM,UCI Electricity,lightgbm_quantile__c90__h6,0.9,6.0,2014-09,8,Month-wise oracle,rolling_user_norm,0.0448612437071811
LightGBM,UCI Electricity,lightgbm_quantile__c90__h6,0.9,6.0,2014-10,9,CSGR,rolling_user_norm,0.074660328360683
LightGBM,UCI Electricity,lightgbm_quantile__c90__h6,0.9,6.0,2014-10,9,Mean-fold minimum,rolling_user_norm,0.074660328360683
LightGBM,UCI Electricity,lightgbm_quantile__c90__h6,0.9,6.0,2014-10,9,Latest-fold minimum,rolling_user_norm,0.074660328360683
LightGBM,UCI Electricity,lightgbm_quantile__c90__h6,0.9,6.0,2014-10,9,Previous-window winner,rolling_user_norm,0.074660328360683
LightGBM,UCI Electricity,lightgbm_quantile__c90__h6,0.9,6.0,2014-10,9,Follow-the-leader,rolling_user_norm,0.074660328360683
LightGBM,UCI Electricity,lightgbm_quantile__c90__h6,0.9,6.0,2014-10,9,Global-CQR,rolling_global_norm,0.0681494695477791
LightGBM,UCI Electricity,lightgbm_quantile__c90__h6,0.9,6.0,2014-10,9,Segment-CQR,rolling_group_norm,0.0774229113978228
LightGBM,UCI Electricity,lightgbm_quantile__c90__h6,0.9,6.0,2014-10,9,User-CQR,rolling_user_norm,0.074660328360683
LightGBM,UCI Electricity,lightgbm_quantile__c90__h6,0.9,6.0,2014-10,9,Ex-post best fixed,rolling_user_norm,0.074660328360683
LightGBM,UCI Electricity,lightgbm_quantile__c90__h6,0.9,6.0,2014-10,9,Month-wise oracle,rolling_global_norm,0.0681494695477791
LightGBM,UCI Electricity,lightgbm_quantile__c90__h6,0.9,6.0,2014-11,10,CSGR,rolling_user_norm,0.0594710806099879
LightGBM,UCI Electricity,lightgbm_quantile__c90__h6,0.9,6.0,2014-11,10,Mean-fold minimum,rolling_user_norm,0.0594710806099879
LightGBM,UCI Electricity,lightgbm_quantile__c90__h6,0.9,6.0,2014-11,10,Latest-fold minimum,rolling_user_norm,0.0594710806099879
LightGBM,UCI Electricity,lightgbm_quantile__c90__h6,0.9,6.0,2014-11,10,Previous-window winner,rolling_global_norm,0.067121896346659
LightGBM,UCI Electricity,lightgbm_quantile__c90__h6,0.9,6.0,2014-11,10,Follow-the-leader,rolling_user_norm,0.0594710806099879
LightGBM,UCI Electricity,lightgbm_quantile__c90__h6,0.9,6.0,2014-11,10,Global-CQR,rolling_global_norm,0.067121896346659
LightGBM,UCI Electricity,lightgbm_quantile__c90__h6,0.9,6.0,2014-11,10,Segment-CQR,rolling_group_norm,0.0574880134600548
LightGBM,UCI Electricity,lightgbm_quantile__c90__h6,0.9,6.0,2014-11,10,User-CQR,rolling_user_norm,0.0594710806099879
LightGBM,UCI Electricity,lightgbm_quantile__c90__h6,0.9,6.0,2014-11,10,Ex-post best fixed,rolling_user_norm,0.0594710806099879
LightGBM,UCI Electricity,lightgbm_quantile__c90__h6,0.9,6.0,2014-11,10,Month-wise oracle,rolling_group_norm,0.0574880134600548
LightGBM,UCI Electricity,lightgbm_quantile__c90__h6,0.9,6.0,2014-12,11,CSGR,rolling_user_norm,0.0914653620654025
LightGBM,UCI Electricity,lightgbm_quantile__c90__h6,0.9,6.0,2014-12,11,Mean-fold minimum,rolling_user_norm,0.0914653620654025
LightGBM,UCI Electricity,lightgbm_quantile__c90__h6,0.9,6.0,2014-12,11,Latest-fold minimum,rolling_user_norm,0.0914653620654025
LightGBM,UCI Electricity,lightgbm_quantile__c90__h6,0.9,6.0,2014-12,11,Previous-window winner,rolling_group_norm,0.0844903527561421
LightGBM,UCI Electricity,lightgbm_quantile__c90__h6,0.9,6.0,2014-12,11,Follow-the-leader,rolling_user_norm,0.0914653620654025
LightGBM,UCI Electricity,lightgbm_quantile__c90__h6,0.9,6.0,2014-12,11,Global-CQR,rolling_global_norm,0.0907766436985678
LightGBM,UCI Electricity,lightgbm_quantile__c90__h6,0.9,6.0,2014-12,11,Segment-CQR,rolling_group_norm,0.0844903527561421
LightGBM,UCI Electricity,lightgbm_quantile__c90__h6,0.9,6.0,2014-12,11,User-CQR,rolling_user_norm,0.0914653620654025
LightGBM,UCI Electricity,lightgbm_quantile__c90__h6,0.9,6.0,2014-12,11,Ex-post best fixed,rolling_user_norm,0.0914653620654025
LightGBM,UCI Electricity,lightgbm_quantile__c90__h6,0.9,6.0,2014-12,11,Month-wise oracle,rolling_group_norm,0.0844903527561421
Persistence,Ausgrid,persistence_qi__c80__h1,0.8,1.0,2012-07,0,CSGR,rolling_user_norm,0.0783682773416373
Persistence,Ausgrid,persistence_qi__c80__h1,0.8,1.0,2012-07,0,Mean-fold minimum,rolling_user_norm,0.0783682773416373
Persistence,Ausgrid,persistence_qi__c80__h1,0.8,1.0,2012-07,0,Latest-fold minimum,rolling_user_norm,0.0783682773416373
Persistence,Ausgrid,persistence_qi__c80__h1,0.8,1.0,2012-07,0,Previous-window winner,rolling_global_norm,0.0912549031552351
Persistence,Ausgrid,persistence_qi__c80__h1,0.8,1.0,2012-07,0,Follow-the-leader,rolling_global_norm,0.0912549031552351
Persistence,Ausgrid,persistence_qi__c80__h1,0.8,1.0,2012-07,0,Global-CQR,rolling_global_norm,0.0912549031552351
Persistence,Ausgrid,persistence_qi__c80__h1,0.8,1.0,2012-07,0,Segment-CQR,rolling_group_norm,0.0835954873877459
Persistence,Ausgrid,persistence_qi__c80__h1,0.8,1.0,2012-07,0,User-CQR,rolling_user_norm,0.0783682773416373
Persistence,Ausgrid,persistence_qi__c80__h1,0.8,1.0,2012-07,0,Ex-post best fixed,rolling_user_norm,0.0783682773416373
Persistence,Ausgrid,persistence_qi__c80__h1,0.8,1.0,2012-07,0,Month-wise oracle,rolling_user_norm,0.0783682773416373
Persistence,Ausgrid,persistence_qi__c80__h1,0.8,1.0,2012-08,1,CSGR,rolling_user_norm,0.0723738813387482
Persistence,Ausgrid,persistence_qi__c80__h1,0.8,1.0,2012-08,1,Mean-fold minimum,rolling_user_norm,0.0723738813387482
Persistence,Ausgrid,persistence_qi__c80__h1,0.8,1.0,2012-08,1,Latest-fold minimum,rolling_user_norm,0.0723738813387482
Persistence,Ausgrid,persistence_qi__c80__h1,0.8,1.0,2012-08,1,Previous-window winner,rolling_user_norm,0.0723738813387482
Persistence,Ausgrid,persistence_qi__c80__h1,0.8,1.0,2012-08,1,Follow-the-leader,rolling_user_norm,0.0723738813387482
Persistence,Ausgrid,persistence_qi__c80__h1,0.8,1.0,2012-08,1,Global-CQR,rolling_global_norm,0.0839607587902204
Persistence,Ausgrid,persistence_qi__c80__h1,0.8,1.0,2012-08,1,Segment-CQR,rolling_group_norm,0.0776740981719954
Persistence,Ausgrid,persistence_qi__c80__h1,0.8,1.0,2012-08,1,User-CQR,rolling_user_norm,0.0723738813387482
Persistence,Ausgrid,persistence_qi__c80__h1,0.8,1.0,2012-08,1,Ex-post best fixed,rolling_user_norm,0.0723738813387482
Persistence,Ausgrid,persistence_qi__c80__h1,0.8,1.0,2012-08,1,Month-wise oracle,rolling_user_norm,0.0723738813387482
Persistence,Ausgrid,persistence_qi__c80__h1,0.8,1.0,2012-09,2,CSGR,rolling_user_norm,0.104283282780814
Persistence,Ausgrid,persistence_qi__c80__h1,0.8,1.0,2012-09,2,Mean-fold minimum,rolling_user_norm,0.104283282780814
Persistence,Ausgrid,persistence_qi__c80__h1,0.8,1.0,2012-09,2,Latest-fold minimum,rolling_global_norm,0.0992157163256576
Persistence,Ausgrid,persistence_qi__c80__h1,0.8,1.0,2012-09,2,Previous-window winner,rolling_user_norm,0.104283282780814
Persistence,Ausgrid,persistence_qi__c80__h1,0.8,1.0,2012-09,2,Follow-the-leader,rolling_user_norm,0.104283282780814
Persistence,Ausgrid,persistence_qi__c80__h1,0.8,1.0,2012-09,2,Global-CQR,rolling_global_norm,0.0992157163256576
Persistence,Ausgrid,persistence_qi__c80__h1,0.8,1.0,2012-09,2,Segment-CQR,rolling_group_norm,0.1062621296581812
Persistence,Ausgrid,persistence_qi__c80__h1,0.8,1.0,2012-09,2,User-CQR,rolling_user_norm,0.104283282780814
Persistence,Ausgrid,persistence_qi__c80__h1,0.8,1.0,2012-09,2,Ex-post best fixed,rolling_user_norm,0.104283282780814
Persistence,Ausgrid,persistence_qi__c80__h1,0.8,1.0,2012-09,2,Month-wise oracle,rolling_global_norm,0.0992157163256576
Persistence,Ausgrid,persistence_qi__c80__h1,0.8,1.0,2012-10,3,CSGR,rolling_global_norm,0.0752088815339669
Persistence,Ausgrid,persistence_qi__c80__h1,0.8,1.0,2012-10,3,Mean-fold minimum,rolling_global_norm,0.0752088815339669
Persistence,Ausgrid,persistence_qi__c80__h1,0.8,1.0,2012-10,3,Latest-fold minimum,rolling_global_norm,0.0752088815339669
Persistence,Ausgrid,persistence_qi__c80__h1,0.8,1.0,2012-10,3,Previous-window winner,rolling_global_norm,0.0752088815339669
Persistence,Ausgrid,persistence_qi__c80__h1,0.8,1.0,2012-10,3,Follow-the-leader,rolling_user_norm,0.0749392898633886
Persistence,Ausgrid,persistence_qi__c80__h1,0.8,1.0,2012-10,3,Global-CQR,rolling_global_norm,0.0752088815339669
Persistence,Ausgrid,persistence_qi__c80__h1,0.8,1.0,2012-10,3,Segment-CQR,rolling_group_norm,0.0755670198080067
Persistence,Ausgrid,persistence_qi__c80__h1,0.8,1.0,2012-10,3,User-CQR,rolling_user_norm,0.0749392898633886
Persistence,Ausgrid,persistence_qi__c80__h1,0.8,1.0,2012-10,3,Ex-post best fixed,rolling_user_norm,0.0749392898633886
Persistence,Ausgrid,persistence_qi__c80__h1,0.8,1.0,2012-10,3,Month-wise oracle,rolling_user_norm,0.0749392898633886
Persistence,Ausgrid,persistence_qi__c80__h1,0.8,1.0,2012-11,4,CSGR,rolling_user_norm,0.0486456207522258
Persistence,Ausgrid,persistence_qi__c80__h1,0.8,1.0,2012-11,4,Mean-fold minimum,rolling_user_norm,0.0486456207522258
Persistence,Ausgrid,persistence_qi__c80__h1,0.8,1.0,2012-11,4,Latest-fold minimum,rolling_user_norm,0.0486456207522258
Persistence,Ausgrid,persistence_qi__c80__h1,0.8,1.0,2012-11,4,Previous-window winner,rolling_user_norm,0.0486456207522258
Persistence,Ausgrid,persistence_qi__c80__h1,0.8,1.0,2012-11,4,Follow-the-leader,rolling_user_norm,0.0486456207522258
Persistence,Ausgrid,persistence_qi__c80__h1,0.8,1.0,2012-11,4,Global-CQR,rolling_global_norm,0.0576425249179318
Persistence,Ausgrid,persistence_qi__c80__h1,0.8,1.0,2012-11,4,Segment-CQR,rolling_group_norm,0.0529991650771914
Persistence,Ausgrid,persistence_qi__c80__h1,0.8,1.0,2012-11,4,User-CQR,rolling_user_norm,0.0486456207522258
Persistence,Ausgrid,persistence_qi__c80__h1,0.8,1.0,2012-11,4,Ex-post best fixed,rolling_user_norm,0.0486456207522258
Persistence,Ausgrid,persistence_qi__c80__h1,0.8,1.0,2012-11,4,Month-wise oracle,rolling_user_norm,0.0486456207522258
Persistence,Ausgrid,persistence_qi__c80__h1,0.8,1.0,2012-12,5,CSGR,rolling_user_norm,0.0544806905219682
Persistence,Ausgrid,persistence_qi__c80__h1,0.8,1.0,2012-12,5,Mean-fold minimum,rolling_user_norm,0.0544806905219682
Persistence,Ausgrid,persistence_qi__c80__h1,0.8,1.0,2012-12,5,Latest-fold minimum,rolling_user_norm,0.0544806905219682
Persistence,Ausgrid,persistence_qi__c80__h1,0.8,1.0,2012-12,5,Previous-window winner,rolling_user_norm,0.0544806905219682
Persistence,Ausgrid,persistence_qi__c80__h1,0.8,1.0,2012-12,5,Follow-the-leader,rolling_user_norm,0.0544806905219682
Persistence,Ausgrid,persistence_qi__c80__h1,0.8,1.0,2012-12,5,Global-CQR,rolling_global_norm,0.0607211137752846
Persistence,Ausgrid,persistence_qi__c80__h1,0.8,1.0,2012-12,5,Segment-CQR,rolling_group_norm,0.0604001211419441
Persistence,Ausgrid,persistence_qi__c80__h1,0.8,1.0,2012-12,5,User-CQR,rolling_user_norm,0.0544806905219682
Persistence,Ausgrid,persistence_qi__c80__h1,0.8,1.0,2012-12,5,Ex-post best fixed,rolling_user_norm,0.0544806905219682
Persistence,Ausgrid,persistence_qi__c80__h1,0.8,1.0,2012-12,5,Month-wise oracle,rolling_user_norm,0.0544806905219682
Persistence,Ausgrid,persistence_qi__c80__h1,0.8,1.0,2013-01,6,CSGR,rolling_user_norm,0.0521358818067624
Persistence,Ausgrid,persistence_qi__c80__h1,0.8,1.0,2013-01,6,Mean-fold minimum,rolling_user_norm,0.0521358818067624
Persistence,Ausgrid,persistence_qi__c80__h1,0.8,1.0,2013-01,6,Latest-fold minimum,rolling_user_norm,0.0521358818067624
Persistence,Ausgrid,persistence_qi__c80__h1,0.8,1.0,2013-01,6,Previous-window winner,rolling_user_norm,0.0521358818067624
Persistence,Ausgrid,persistence_qi__c80__h1,0.8,1.0,2013-01,6,Follow-the-leader,rolling_user_norm,0.0521358818067624
Persistence,Ausgrid,persistence_qi__c80__h1,0.8,1.0,2013-01,6,Global-CQR,rolling_global_norm,0.0612103592137853
Persistence,Ausgrid,persistence_qi__c80__h1,0.8,1.0,2013-01,6,Segment-CQR,rolling_group_norm,0.0589180112721431
Persistence,Ausgrid,persistence_qi__c80__h1,0.8,1.0,2013-01,6,User-CQR,rolling_user_norm,0.0521358818067624
Persistence,Ausgrid,persistence_qi__c80__h1,0.8,1.0,2013-01,6,Ex-post best fixed,rolling_user_norm,0.0521358818067624
Persistence,Ausgrid,persistence_qi__c80__h1,0.8,1.0,2013-01,6,Month-wise oracle,rolling_user_norm,0.0521358818067624
Persistence,Ausgrid,persistence_qi__c80__h1,0.8,1.0,2013-02,7,CSGR,rolling_user_norm,0.0508685920803867
Persistence,Ausgrid,persistence_qi__c80__h1,0.8,1.0,2013-02,7,Mean-fold minimum,rolling_user_norm,0.0508685920803867
Persistence,Ausgrid,persistence_qi__c80__h1,0.8,1.0,2013-02,7,Latest-fold minimum,rolling_user_norm,0.0508685920803867
Persistence,Ausgrid,persistence_qi__c80__h1,0.8,1.0,2013-02,7,Previous-window winner,rolling_user_norm,0.0508685920803867
Persistence,Ausgrid,persistence_qi__c80__h1,0.8,1.0,2013-02,7,Follow-the-leader,rolling_user_norm,0.0508685920803867
Persistence,Ausgrid,persistence_qi__c80__h1,0.8,1.0,2013-02,7,Global-CQR,rolling_global_norm,0.0570233896332189
Persistence,Ausgrid,persistence_qi__c80__h1,0.8,1.0,2013-02,7,Segment-CQR,rolling_group_norm,0.0555621158654476
Persistence,Ausgrid,persistence_qi__c80__h1,0.8,1.0,2013-02,7,User-CQR,rolling_user_norm,0.0508685920803867
Persistence,Ausgrid,persistence_qi__c80__h1,0.8,1.0,2013-02,7,Ex-post best fixed,rolling_user_norm,0.0508685920803867
Persistence,Ausgrid,persistence_qi__c80__h1,0.8,1.0,2013-02,7,Month-wise oracle,rolling_user_norm,0.0508685920803867
Persistence,Ausgrid,persistence_qi__c80__h1,0.8,1.0,2013-03,8,CSGR,rolling_user_norm,0.0453383154911012
Persistence,Ausgrid,persistence_qi__c80__h1,0.8,1.0,2013-03,8,Mean-fold minimum,rolling_user_norm,0.0453383154911012
Persistence,Ausgrid,persistence_qi__c80__h1,0.8,1.0,2013-03,8,Latest-fold minimum,rolling_user_norm,0.0453383154911012
Persistence,Ausgrid,persistence_qi__c80__h1,0.8,1.0,2013-03,8,Previous-window winner,rolling_user_norm,0.0453383154911012
Persistence,Ausgrid,persistence_qi__c80__h1,0.8,1.0,2013-03,8,Follow-the-leader,rolling_user_norm,0.0453383154911012
Persistence,Ausgrid,persistence_qi__c80__h1,0.8,1.0,2013-03,8,Global-CQR,rolling_global_norm,0.0582243370761883
Persistence,Ausgrid,persistence_qi__c80__h1,0.8,1.0,2013-03,8,Segment-CQR,rolling_group_norm,0.0552194112936816
Persistence,Ausgrid,persistence_qi__c80__h1,0.8,1.0,2013-03,8,User-CQR,rolling_user_norm,0.0453383154911012
Persistence,Ausgrid,persistence_qi__c80__h1,0.8,1.0,2013-03,8,Ex-post best fixed,rolling_user_norm,0.0453383154911012
Persistence,Ausgrid,persistence_qi__c80__h1,0.8,1.0,2013-03,8,Month-wise oracle,rolling_user_norm,0.0453383154911012
Persistence,Ausgrid,persistence_qi__c80__h1,0.8,1.0,2013-04,9,CSGR,rolling_user_norm,0.0650255841408796
Persistence,Ausgrid,persistence_qi__c80__h1,0.8,1.0,2013-04,9,Mean-fold minimum,rolling_user_norm,0.0650255841408796
Persistence,Ausgrid,persistence_qi__c80__h1,0.8,1.0,2013-04,9,Latest-fold minimum,rolling_user_norm,0.0650255841408796
Persistence,Ausgrid,persistence_qi__c80__h1,0.8,1.0,2013-04,9,Previous-window winner,rolling_user_norm,0.0650255841408796
Persistence,Ausgrid,persistence_qi__c80__h1,0.8,1.0,2013-04,9,Follow-the-leader,rolling_user_norm,0.0650255841408796
Persistence,Ausgrid,persistence_qi__c80__h1,0.8,1.0,2013-04,9,Global-CQR,rolling_global_norm,0.0636938700827789
Persistence,Ausgrid,persistence_qi__c80__h1,0.8,1.0,2013-04,9,Segment-CQR,rolling_group_norm,0.0602956618718789
Persistence,Ausgrid,persistence_qi__c80__h1,0.8,1.0,2013-04,9,User-CQR,rolling_user_norm,0.0650255841408796
Persistence,Ausgrid,persistence_qi__c80__h1,0.8,1.0,2013-04,9,Ex-post best fixed,rolling_user_norm,0.0650255841408796
Persistence,Ausgrid,persistence_qi__c80__h1,0.8,1.0,2013-04,9,Month-wise oracle,rolling_group_norm,0.0602956618718789
Persistence,Ausgrid,persistence_qi__c80__h1,0.8,1.0,2013-05,10,CSGR,rolling_user_norm,0.0929209502510255
Persistence,Ausgrid,persistence_qi__c80__h1,0.8,1.0,2013-05,10,Mean-fold minimum,rolling_user_norm,0.0929209502510255
Persistence,Ausgrid,persistence_qi__c80__h1,0.8,1.0,2013-05,10,Latest-fold minimum,rolling_user_norm,0.0929209502510255
Persistence,Ausgrid,persistence_qi__c80__h1,0.8,1.0,2013-05,10,Previous-window winner,rolling_group_norm,0.0939893000942399
Persistence,Ausgrid,persistence_qi__c80__h1,0.8,1.0,2013-05,10,Follow-the-leader,rolling_user_norm,0.0929209502510255
Persistence,Ausgrid,persistence_qi__c80__h1,0.8,1.0,2013-05,10,Global-CQR,rolling_global_norm,0.0946581073997837
Persistence,Ausgrid,persistence_qi__c80__h1,0.8,1.0,2013-05,10,Segment-CQR,rolling_group_norm,0.0939893000942399
Persistence,Ausgrid,persistence_qi__c80__h1,0.8,1.0,2013-05,10,User-CQR,rolling_user_norm,0.0929209502510255
Persistence,Ausgrid,persistence_qi__c80__h1,0.8,1.0,2013-05,10,Ex-post best fixed,rolling_user_norm,0.0929209502510255
Persistence,Ausgrid,persistence_qi__c80__h1,0.8,1.0,2013-05,10,Month-wise oracle,rolling_user_norm,0.0929209502510255
Persistence,Ausgrid,persistence_qi__c80__h1,0.8,1.0,2013-06,11,CSGR,rolling_user_norm,0.1159880262019653
Persistence,Ausgrid,persistence_qi__c80__h1,0.8,1.0,2013-06,11,Mean-fold minimum,rolling_user_norm,0.1159880262019653
Persistence,Ausgrid,persistence_qi__c80__h1,0.8,1.0,2013-06,11,Latest-fold minimum,rolling_user_norm,0.1159880262019653
Persistence,Ausgrid,persistence_qi__c80__h1,0.8,1.0,2013-06,11,Previous-window winner,rolling_user_norm,0.1159880262019653
Persistence,Ausgrid,persistence_qi__c80__h1,0.8,1.0,2013-06,11,Follow-the-leader,rolling_user_norm,0.1159880262019653
Persistence,Ausgrid,persistence_qi__c80__h1,0.8,1.0,2013-06,11,Global-CQR,rolling_global_norm,0.1204912285484876
Persistence,Ausgrid,persistence_qi__c80__h1,0.8,1.0,2013-06,11,Segment-CQR,rolling_group_norm,0.1201506152384359
Persistence,Ausgrid,persistence_qi__c80__h1,0.8,1.0,2013-06,11,User-CQR,rolling_user_norm,0.1159880262019653
Persistence,Ausgrid,persistence_qi__c80__h1,0.8,1.0,2013-06,11,Ex-post best fixed,rolling_user_norm,0.1159880262019653
Persistence,Ausgrid,persistence_qi__c80__h1,0.8,1.0,2013-06,11,Month-wise oracle,rolling_user_norm,0.1159880262019653
Persistence,Ausgrid,persistence_qi__c80__h6,0.8,6.0,2012-07,0,CSGR,rolling_user_norm,0.1183303613555472
Persistence,Ausgrid,persistence_qi__c80__h6,0.8,6.0,2012-07,0,Mean-fold minimum,rolling_user_norm,0.1183303613555472
Persistence,Ausgrid,persistence_qi__c80__h6,0.8,6.0,2012-07,0,Latest-fold minimum,rolling_user_norm,0.1183303613555472
Persistence,Ausgrid,persistence_qi__c80__h6,0.8,6.0,2012-07,0,Previous-window winner,rolling_global_norm,0.1508888814904672
Persistence,Ausgrid,persistence_qi__c80__h6,0.8,6.0,2012-07,0,Follow-the-leader,rolling_global_norm,0.1508888814904672
Persistence,Ausgrid,persistence_qi__c80__h6,0.8,6.0,2012-07,0,Global-CQR,rolling_global_norm,0.1508888814904672
Persistence,Ausgrid,persistence_qi__c80__h6,0.8,6.0,2012-07,0,Segment-CQR,rolling_group_norm,0.1310995711126283
Persistence,Ausgrid,persistence_qi__c80__h6,0.8,6.0,2012-07,0,User-CQR,rolling_user_norm,0.1183303613555472
Persistence,Ausgrid,persistence_qi__c80__h6,0.8,6.0,2012-07,0,Ex-post best fixed,rolling_user_norm,0.1183303613555472
Persistence,Ausgrid,persistence_qi__c80__h6,0.8,6.0,2012-07,0,Month-wise oracle,rolling_user_norm,0.1183303613555472
Persistence,Ausgrid,persistence_qi__c80__h6,0.8,6.0,2012-08,1,CSGR,rolling_user_norm,0.1027390043993775
Persistence,Ausgrid,persistence_qi__c80__h6,0.8,6.0,2012-08,1,Mean-fold minimum,rolling_user_norm,0.1027390043993775
Persistence,Ausgrid,persistence_qi__c80__h6,0.8,6.0,2012-08,1,Latest-fold minimum,rolling_user_norm,0.1027390043993775
Persistence,Ausgrid,persistence_qi__c80__h6,0.8,6.0,2012-08,1,Previous-window winner,rolling_user_norm,0.1027390043993775
Persistence,Ausgrid,persistence_qi__c80__h6,0.8,6.0,2012-08,1,Follow-the-leader,rolling_user_norm,0.1027390043993775
Persistence,Ausgrid,persistence_qi__c80__h6,0.8,6.0,2012-08,1,Global-CQR,rolling_global_norm,0.1353717264783643
Persistence,Ausgrid,persistence_qi__c80__h6,0.8,6.0,2012-08,1,Segment-CQR,rolling_group_norm,0.1211439940116115
Persistence,Ausgrid,persistence_qi__c80__h6,0.8,6.0,2012-08,1,User-CQR,rolling_user_norm,0.1027390043993775
Persistence,Ausgrid,persistence_qi__c80__h6,0.8,6.0,2012-08,1,Ex-post best fixed,rolling_user_norm,0.1027390043993775
Persistence,Ausgrid,persistence_qi__c80__h6,0.8,6.0,2012-08,1,Month-wise oracle,rolling_user_norm,0.1027390043993775
Persistence,Ausgrid,persistence_qi__c80__h6,0.8,6.0,2012-09,2,CSGR,rolling_user_norm,0.1544014618343151
Persistence,Ausgrid,persistence_qi__c80__h6,0.8,6.0,2012-09,2,Mean-fold minimum,rolling_user_norm,0.1544014618343151
Persistence,Ausgrid,persistence_qi__c80__h6,0.8,6.0,2012-09,2,Latest-fold minimum,rolling_user_norm,0.1544014618343151
Persistence,Ausgrid,persistence_qi__c80__h6,0.8,6.0,2012-09,2,Previous-window winner,rolling_user_norm,0.1544014618343151
Persistence,Ausgrid,persistence_qi__c80__h6,0.8,6.0,2012-09,2,Follow-the-leader,rolling_user_norm,0.1544014618343151
Persistence,Ausgrid,persistence_qi__c80__h6,0.8,6.0,2012-09,2,Global-CQR,rolling_global_norm,0.1525875701303516
Persistence,Ausgrid,persistence_qi__c80__h6,0.8,6.0,2012-09,2,Segment-CQR,rolling_group_norm,0.1609400835594014
Persistence,Ausgrid,persistence_qi__c80__h6,0.8,6.0,2012-09,2,User-CQR,rolling_user_norm,0.1544014618343151
Persistence,Ausgrid,persistence_qi__c80__h6,0.8,6.0,2012-09,2,Ex-post best fixed,rolling_user_norm,0.1544014618343151
Persistence,Ausgrid,persistence_qi__c80__h6,0.8,6.0,2012-09,2,Month-wise oracle,rolling_global_norm,0.1525875701303516
Persistence,Ausgrid,persistence_qi__c80__h6,0.8,6.0,2012-10,3,CSGR,rolling_user_norm,0.11674013376825
Persistence,Ausgrid,persistence_qi__c80__h6,0.8,6.0,2012-10,3,Mean-fold minimum,rolling_user_norm,0.11674013376825
Persistence,Ausgrid,persistence_qi__c80__h6,0.8,6.0,2012-10,3,Latest-fold minimum,rolling_user_norm,0.11674013376825
Persistence,Ausgrid,persistence_qi__c80__h6,0.8,6.0,2012-10,3,Previous-window winner,rolling_global_norm,0.1236899238672021
Persistence,Ausgrid,persistence_qi__c80__h6,0.8,6.0,2012-10,3,Follow-the-leader,rolling_user_norm,0.11674013376825
Persistence,Ausgrid,persistence_qi__c80__h6,0.8,6.0,2012-10,3,Global-CQR,rolling_global_norm,0.1236899238672021
Persistence,Ausgrid,persistence_qi__c80__h6,0.8,6.0,2012-10,3,Segment-CQR,rolling_group_norm,0.1245965633682174
Persistence,Ausgrid,persistence_qi__c80__h6,0.8,6.0,2012-10,3,User-CQR,rolling_user_norm,0.11674013376825
Persistence,Ausgrid,persistence_qi__c80__h6,0.8,6.0,2012-10,3,Ex-post best fixed,rolling_user_norm,0.11674013376825
Persistence,Ausgrid,persistence_qi__c80__h6,0.8,6.0,2012-10,3,Month-wise oracle,rolling_user_norm,0.11674013376825
Persistence,Ausgrid,persistence_qi__c80__h6,0.8,6.0,2012-11,4,CSGR,rolling_user_norm,0.074000119522483
Persistence,Ausgrid,persistence_qi__c80__h6,0.8,6.0,2012-11,4,Mean-fold minimum,rolling_user_norm,0.074000119522483
Persistence,Ausgrid,persistence_qi__c80__h6,0.8,6.0,2012-11,4,Latest-fold minimum,rolling_user_norm,0.074000119522483
Persistence,Ausgrid,persistence_qi__c80__h6,0.8,6.0,2012-11,4,Previous-window winner,rolling_user_norm,0.074000119522483
Persistence,Ausgrid,persistence_qi__c80__h6,0.8,6.0,2012-11,4,Follow-the-leader,rolling_user_norm,0.074000119522483
Persistence,Ausgrid,persistence_qi__c80__h6,0.8,6.0,2012-11,4,Global-CQR,rolling_global_norm,0.0932622780035069
Persistence,Ausgrid,persistence_qi__c80__h6,0.8,6.0,2012-11,4,Segment-CQR,rolling_group_norm,0.0842569498046348
Persistence,Ausgrid,persistence_qi__c80__h6,0.8,6.0,2012-11,4,User-CQR,rolling_user_norm,0.074000119522483
Persistence,Ausgrid,persistence_qi__c80__h6,0.8,6.0,2012-11,4,Ex-post best fixed,rolling_user_norm,0.074000119522483
Persistence,Ausgrid,persistence_qi__c80__h6,0.8,6.0,2012-11,4,Month-wise oracle,rolling_user_norm,0.074000119522483
Persistence,Ausgrid,persistence_qi__c80__h6,0.8,6.0,2012-12,5,CSGR,rolling_user_norm,0.078628514358583
Persistence,Ausgrid,persistence_qi__c80__h6,0.8,6.0,2012-12,5,Mean-fold minimum,rolling_user_norm,0.078628514358583
Persistence,Ausgrid,persistence_qi__c80__h6,0.8,6.0,2012-12,5,Latest-fold minimum,rolling_user_norm,0.078628514358583
Persistence,Ausgrid,persistence_qi__c80__h6,0.8,6.0,2012-12,5,Previous-window winner,rolling_user_norm,0.078628514358583
Persistence,Ausgrid,persistence_qi__c80__h6,0.8,6.0,2012-12,5,Follow-the-leader,rolling_user_norm,0.078628514358583
Persistence,Ausgrid,persistence_qi__c80__h6,0.8,6.0,2012-12,5,Global-CQR,rolling_global_norm,0.0907840813610574
Persistence,Ausgrid,persistence_qi__c80__h6,0.8,6.0,2012-12,5,Segment-CQR,rolling_group_norm,0.0920024250936054
Persistence,Ausgrid,persistence_qi__c80__h6,0.8,6.0,2012-12,5,User-CQR,rolling_user_norm,0.078628514358583
Persistence,Ausgrid,persistence_qi__c80__h6,0.8,6.0,2012-12,5,Ex-post best fixed,rolling_user_norm,0.078628514358583
Persistence,Ausgrid,persistence_qi__c80__h6,0.8,6.0,2012-12,5,Month-wise oracle,rolling_user_norm,0.078628514358583
Persistence,Ausgrid,persistence_qi__c80__h6,0.8,6.0,2013-01,6,CSGR,rolling_user_norm,0.0947486062661467
Persistence,Ausgrid,persistence_qi__c80__h6,0.8,6.0,2013-01,6,Mean-fold minimum,rolling_user_norm,0.0947486062661467
Persistence,Ausgrid,persistence_qi__c80__h6,0.8,6.0,2013-01,6,Latest-fold minimum,rolling_user_norm,0.0947486062661467
Persistence,Ausgrid,persistence_qi__c80__h6,0.8,6.0,2013-01,6,Previous-window winner,rolling_user_norm,0.0947486062661467
Persistence,Ausgrid,persistence_qi__c80__h6,0.8,6.0,2013-01,6,Follow-the-leader,rolling_user_norm,0.0947486062661467
Persistence,Ausgrid,persistence_qi__c80__h6,0.8,6.0,2013-01,6,Global-CQR,rolling_global_norm,0.1130504591197414
Persistence,Ausgrid,persistence_qi__c80__h6,0.8,6.0,2013-01,6,Segment-CQR,rolling_group_norm,0.1093609222777844
Persistence,Ausgrid,persistence_qi__c80__h6,0.8,6.0,2013-01,6,User-CQR,rolling_user_norm,0.0947486062661467
Persistence,Ausgrid,persistence_qi__c80__h6,0.8,6.0,2013-01,6,Ex-post best fixed,rolling_user_norm,0.0947486062661467
Persistence,Ausgrid,persistence_qi__c80__h6,0.8,6.0,2013-01,6,Month-wise oracle,rolling_user_norm,0.0947486062661467
Persistence,Ausgrid,persistence_qi__c80__h6,0.8,6.0,2013-02,7,CSGR,rolling_user_norm,0.0809793844660949
Persistence,Ausgrid,persistence_qi__c80__h6,0.8,6.0,2013-02,7,Mean-fold minimum,rolling_user_norm,0.0809793844660949
Persistence,Ausgrid,persistence_qi__c80__h6,0.8,6.0,2013-02,7,Latest-fold minimum,rolling_user_norm,0.0809793844660949
Persistence,Ausgrid,persistence_qi__c80__h6,0.8,6.0,2013-02,7,Previous-window winner,rolling_user_norm,0.0809793844660949
Persistence,Ausgrid,persistence_qi__c80__h6,0.8,6.0,2013-02,7,Follow-the-leader,rolling_user_norm,0.0809793844660949
Persistence,Ausgrid,persistence_qi__c80__h6,0.8,6.0,2013-02,7,Global-CQR,rolling_global_norm,0.0957597642285119
Persistence,Ausgrid,persistence_qi__c80__h6,0.8,6.0,2013-02,7,Segment-CQR,rolling_group_norm,0.0927905428740397
Persistence,Ausgrid,persistence_qi__c80__h6,0.8,6.0,2013-02,7,User-CQR,rolling_user_norm,0.0809793844660949
Persistence,Ausgrid,persistence_qi__c80__h6,0.8,6.0,2013-02,7,Ex-post best fixed,rolling_user_norm,0.0809793844660949
Persistence,Ausgrid,persistence_qi__c80__h6,0.8,6.0,2013-02,7,Month-wise oracle,rolling_user_norm,0.0809793844660949
Persistence,Ausgrid,persistence_qi__c80__h6,0.8,6.0,2013-03,8,CSGR,rolling_user_norm,0.0700224764513438
Persistence,Ausgrid,persistence_qi__c80__h6,0.8,6.0,2013-03,8,Mean-fold minimum,rolling_user_norm,0.0700224764513438
Persistence,Ausgrid,persistence_qi__c80__h6,0.8,6.0,2013-03,8,Latest-fold minimum,rolling_user_norm,0.0700224764513438
Persistence,Ausgrid,persistence_qi__c80__h6,0.8,6.0,2013-03,8,Previous-window winner,rolling_user_norm,0.0700224764513438
Persistence,Ausgrid,persistence_qi__c80__h6,0.8,6.0,2013-03,8,Follow-the-leader,rolling_user_norm,0.0700224764513438
Persistence,Ausgrid,persistence_qi__c80__h6,0.8,6.0,2013-03,8,Global-CQR,rolling_global_norm,0.0922694498058657
Persistence,Ausgrid,persistence_qi__c80__h6,0.8,6.0,2013-03,8,Segment-CQR,rolling_group_norm,0.0867368720635584
Persistence,Ausgrid,persistence_qi__c80__h6,0.8,6.0,2013-03,8,User-CQR,rolling_user_norm,0.0700224764513438
Persistence,Ausgrid,persistence_qi__c80__h6,0.8,6.0,2013-03,8,Ex-post best fixed,rolling_user_norm,0.0700224764513438
Persistence,Ausgrid,persistence_qi__c80__h6,0.8,6.0,2013-03,8,Month-wise oracle,rolling_user_norm,0.0700224764513438
Persistence,Ausgrid,persistence_qi__c80__h6,0.8,6.0,2013-04,9,CSGR,rolling_user_norm,0.0872775147270588
Persistence,Ausgrid,persistence_qi__c80__h6,0.8,6.0,2013-04,9,Mean-fold minimum,rolling_user_norm,0.0872775147270588
Persistence,Ausgrid,persistence_qi__c80__h6,0.8,6.0,2013-04,9,Latest-fold minimum,rolling_user_norm,0.0872775147270588
Persistence,Ausgrid,persistence_qi__c80__h6,0.8,6.0,2013-04,9,Previous-window winner,rolling_user_norm,0.0872775147270588
Persistence,Ausgrid,persistence_qi__c80__h6,0.8,6.0,2013-04,9,Follow-the-leader,rolling_user_norm,0.0872775147270588
Persistence,Ausgrid,persistence_qi__c80__h6,0.8,6.0,2013-04,9,Global-CQR,rolling_global_norm,0.0963786546179816
Persistence,Ausgrid,persistence_qi__c80__h6,0.8,6.0,2013-04,9,Segment-CQR,rolling_group_norm,0.0872942600494962
Persistence,Ausgrid,persistence_qi__c80__h6,0.8,6.0,2013-04,9,User-CQR,rolling_user_norm,0.0872775147270588
Persistence,Ausgrid,persistence_qi__c80__h6,0.8,6.0,2013-04,9,Ex-post best fixed,rolling_user_norm,0.0872775147270588
Persistence,Ausgrid,persistence_qi__c80__h6,0.8,6.0,2013-04,9,Month-wise oracle,rolling_user_norm,0.0872775147270588
Persistence,Ausgrid,persistence_qi__c80__h6,0.8,6.0,2013-05,10,CSGR,rolling_user_norm,0.1471873917555269
Persistence,Ausgrid,persistence_qi__c80__h6,0.8,6.0,2013-05,10,Mean-fold minimum,rolling_user_norm,0.1471873917555269
Persistence,Ausgrid,persistence_qi__c80__h6,0.8,6.0,2013-05,10,Latest-fold minimum,rolling_user_norm,0.1471873917555269
Persistence,Ausgrid,persistence_qi__c80__h6,0.8,6.0,2013-05,10,Previous-window winner,rolling_user_norm,0.1471873917555269
Persistence,Ausgrid,persistence_qi__c80__h6,0.8,6.0,2013-05,10,Follow-the-leader,rolling_user_norm,0.1471873917555269
Persistence,Ausgrid,persistence_qi__c80__h6,0.8,6.0,2013-05,10,Global-CQR,rolling_global_norm,0.1465476473199573
Persistence,Ausgrid,persistence_qi__c80__h6,0.8,6.0,2013-05,10,Segment-CQR,rolling_group_norm,0.144329987349476
Persistence,Ausgrid,persistence_qi__c80__h6,0.8,6.0,2013-05,10,User-CQR,rolling_user_norm,0.1471873917555269
Persistence,Ausgrid,persistence_qi__c80__h6,0.8,6.0,2013-05,10,Ex-post best fixed,rolling_user_norm,0.1471873917555269
Persistence,Ausgrid,persistence_qi__c80__h6,0.8,6.0,2013-05,10,Month-wise oracle,rolling_group_norm,0.144329987349476
Persistence,Ausgrid,persistence_qi__c80__h6,0.8,6.0,2013-06,11,CSGR,rolling_user_norm,0.1957577221389899
Persistence,Ausgrid,persistence_qi__c80__h6,0.8,6.0,2013-06,11,Mean-fold minimum,rolling_user_norm,0.1957577221389899
Persistence,Ausgrid,persistence_qi__c80__h6,0.8,6.0,2013-06,11,Latest-fold minimum,rolling_user_norm,0.1957577221389899
Persistence,Ausgrid,persistence_qi__c80__h6,0.8,6.0,2013-06,11,Previous-window winner,rolling_group_norm,0.2004966290160964
Persistence,Ausgrid,persistence_qi__c80__h6,0.8,6.0,2013-06,11,Follow-the-leader,rolling_user_norm,0.1957577221389899
Persistence,Ausgrid,persistence_qi__c80__h6,0.8,6.0,2013-06,11,Global-CQR,rolling_global_norm,0.2009114809951241
Persistence,Ausgrid,persistence_qi__c80__h6,0.8,6.0,2013-06,11,Segment-CQR,rolling_group_norm,0.2004966290160964
Persistence,Ausgrid,persistence_qi__c80__h6,0.8,6.0,2013-06,11,User-CQR,rolling_user_norm,0.1957577221389899
Persistence,Ausgrid,persistence_qi__c80__h6,0.8,6.0,2013-06,11,Ex-post best fixed,rolling_user_norm,0.1957577221389899
Persistence,Ausgrid,persistence_qi__c80__h6,0.8,6.0,2013-06,11,Month-wise oracle,rolling_user_norm,0.1957577221389899
Persistence,Ausgrid,persistence_qi__c90__h1,0.9,1.0,2012-07,0,CSGR,rolling_user_norm,0.0870150071518833
Persistence,Ausgrid,persistence_qi__c90__h1,0.9,1.0,2012-07,0,Mean-fold minimum,rolling_user_norm,0.0870150071518833
Persistence,Ausgrid,persistence_qi__c90__h1,0.9,1.0,2012-07,0,Latest-fold minimum,rolling_user_norm,0.0870150071518833
Persistence,Ausgrid,persistence_qi__c90__h1,0.9,1.0,2012-07,0,Previous-window winner,rolling_global_norm,0.1009591556420962
Persistence,Ausgrid,persistence_qi__c90__h1,0.9,1.0,2012-07,0,Follow-the-leader,rolling_global_norm,0.1009591556420962
Persistence,Ausgrid,persistence_qi__c90__h1,0.9,1.0,2012-07,0,Global-CQR,rolling_global_norm,0.1009591556420962
Persistence,Ausgrid,persistence_qi__c90__h1,0.9,1.0,2012-07,0,Segment-CQR,rolling_group_norm,0.0924206088803708
Persistence,Ausgrid,persistence_qi__c90__h1,0.9,1.0,2012-07,0,User-CQR,rolling_user_norm,0.0870150071518833
Persistence,Ausgrid,persistence_qi__c90__h1,0.9,1.0,2012-07,0,Ex-post best fixed,rolling_user_norm,0.0870150071518833
Persistence,Ausgrid,persistence_qi__c90__h1,0.9,1.0,2012-07,0,Month-wise oracle,rolling_user_norm,0.0870150071518833
Persistence,Ausgrid,persistence_qi__c90__h1,0.9,1.0,2012-08,1,CSGR,rolling_user_norm,0.0779584056617466
Persistence,Ausgrid,persistence_qi__c90__h1,0.9,1.0,2012-08,1,Mean-fold minimum,rolling_user_norm,0.0779584056617466
Persistence,Ausgrid,persistence_qi__c90__h1,0.9,1.0,2012-08,1,Latest-fold minimum,rolling_user_norm,0.0779584056617466
Persistence,Ausgrid,persistence_qi__c90__h1,0.9,1.0,2012-08,1,Previous-window winner,rolling_user_norm,0.0779584056617466
Persistence,Ausgrid,persistence_qi__c90__h1,0.9,1.0,2012-08,1,Follow-the-leader,rolling_user_norm,0.0779584056617466
Persistence,Ausgrid,persistence_qi__c90__h1,0.9,1.0,2012-08,1,Global-CQR,rolling_global_norm,0.0886507722659648
Persistence,Ausgrid,persistence_qi__c90__h1,0.9,1.0,2012-08,1,Segment-CQR,rolling_group_norm,0.0838072115029903
Persistence,Ausgrid,persistence_qi__c90__h1,0.9,1.0,2012-08,1,User-CQR,rolling_user_norm,0.0779584056617466
Persistence,Ausgrid,persistence_qi__c90__h1,0.9,1.0,2012-08,1,Ex-post best fixed,rolling_user_norm,0.0779584056617466
Persistence,Ausgrid,persistence_qi__c90__h1,0.9,1.0,2012-08,1,Month-wise oracle,rolling_user_norm,0.0779584056617466
Persistence,Ausgrid,persistence_qi__c90__h1,0.9,1.0,2012-09,2,CSGR,rolling_user_norm,0.0954897616632025
Persistence,Ausgrid,persistence_qi__c90__h1,0.9,1.0,2012-09,2,Mean-fold minimum,rolling_user_norm,0.0954897616632025
Persistence,Ausgrid,persistence_qi__c90__h1,0.9,1.0,2012-09,2,Latest-fold minimum,rolling_user_norm,0.0954897616632025
Persistence,Ausgrid,persistence_qi__c90__h1,0.9,1.0,2012-09,2,Previous-window winner,rolling_user_norm,0.0954897616632025
Persistence,Ausgrid,persistence_qi__c90__h1,0.9,1.0,2012-09,2,Follow-the-leader,rolling_user_norm,0.0954897616632025
Persistence,Ausgrid,persistence_qi__c90__h1,0.9,1.0,2012-09,2,Global-CQR,rolling_global_norm,0.0954642919818078
Persistence,Ausgrid,persistence_qi__c90__h1,0.9,1.0,2012-09,2,Segment-CQR,rolling_group_norm,0.0978036457993062
Persistence,Ausgrid,persistence_qi__c90__h1,0.9,1.0,2012-09,2,User-CQR,rolling_user_norm,0.0954897616632025
Persistence,Ausgrid,persistence_qi__c90__h1,0.9,1.0,2012-09,2,Ex-post best fixed,rolling_user_norm,0.0954897616632025
Persistence,Ausgrid,persistence_qi__c90__h1,0.9,1.0,2012-09,2,Month-wise oracle,rolling_global_norm,0.0954642919818078
Persistence,Ausgrid,persistence_qi__c90__h1,0.9,1.0,2012-10,3,CSGR,rolling_global_norm,0.0763337216500678
Persistence,Ausgrid,persistence_qi__c90__h1,0.9,1.0,2012-10,3,Mean-fold minimum,rolling_global_norm,0.0763337216500678
Persistence,Ausgrid,persistence_qi__c90__h1,0.9,1.0,2012-10,3,Latest-fold minimum,rolling_global_norm,0.0763337216500678
Persistence,Ausgrid,persistence_qi__c90__h1,0.9,1.0,2012-10,3,Previous-window winner,rolling_global_norm,0.0763337216500678
Persistence,Ausgrid,persistence_qi__c90__h1,0.9,1.0,2012-10,3,Follow-the-leader,rolling_user_norm,0.0737248294616919
Persistence,Ausgrid,persistence_qi__c90__h1,0.9,1.0,2012-10,3,Global-CQR,rolling_global_norm,0.0763337216500678
Persistence,Ausgrid,persistence_qi__c90__h1,0.9,1.0,2012-10,3,Segment-CQR,rolling_group_norm,0.0778056730979928
Persistence,Ausgrid,persistence_qi__c90__h1,0.9,1.0,2012-10,3,User-CQR,rolling_user_norm,0.0737248294616919
Persistence,Ausgrid,persistence_qi__c90__h1,0.9,1.0,2012-10,3,Ex-post best fixed,rolling_user_norm,0.0737248294616919
Persistence,Ausgrid,persistence_qi__c90__h1,0.9,1.0,2012-10,3,Month-wise oracle,rolling_user_norm,0.0737248294616919
Persistence,Ausgrid,persistence_qi__c90__h1,0.9,1.0,2012-11,4,CSGR,rolling_group_norm,0.0590538933049646
Persistence,Ausgrid,persistence_qi__c90__h1,0.9,1.0,2012-11,4,Mean-fold minimum,rolling_user_norm,0.0544127269427893
Persistence,Ausgrid,persistence_qi__c90__h1,0.9,1.0,2012-11,4,Latest-fold minimum,rolling_user_norm,0.0544127269427893
Persistence,Ausgrid,persistence_qi__c90__h1,0.9,1.0,2012-11,4,Previous-window winner,rolling_user_norm,0.0544127269427893
Persistence,Ausgrid,persistence_qi__c90__h1,0.9,1.0,2012-11,4,Follow-the-leader,rolling_user_norm,0.0544127269427893
Persistence,Ausgrid,persistence_qi__c90__h1,0.9,1.0,2012-11,4,Global-CQR,rolling_global_norm,0.0627818100024789
Persistence,Ausgrid,persistence_qi__c90__h1,0.9,1.0,2012-11,4,Segment-CQR,rolling_group_norm,0.0590538933049646
Persistence,Ausgrid,persistence_qi__c90__h1,0.9,1.0,2012-11,4,User-CQR,rolling_user_norm,0.0544127269427893
Persistence,Ausgrid,persistence_qi__c90__h1,0.9,1.0,2012-11,4,Ex-post best fixed,rolling_user_norm,0.0544127269427893
Persistence,Ausgrid,persistence_qi__c90__h1,0.9,1.0,2012-11,4,Month-wise oracle,rolling_user_norm,0.0544127269427893
Persistence,Ausgrid,persistence_qi__c90__h1,0.9,1.0,2012-12,5,CSGR,rolling_user_norm,0.0567400144216913
Persistence,Ausgrid,persistence_qi__c90__h1,0.9,1.0,2012-12,5,Mean-fold minimum,rolling_user_norm,0.0567400144216913
Persistence,Ausgrid,persistence_qi__c90__h1,0.9,1.0,2012-12,5,Latest-fold minimum,rolling_user_norm,0.0567400144216913
Persistence,Ausgrid,persistence_qi__c90__h1,0.9,1.0,2012-12,5,Previous-window winner,rolling_user_norm,0.0567400144216913
Persistence,Ausgrid,persistence_qi__c90__h1,0.9,1.0,2012-12,5,Follow-the-leader,rolling_user_norm,0.0567400144216913
Persistence,Ausgrid,persistence_qi__c90__h1,0.9,1.0,2012-12,5,Global-CQR,rolling_global_norm,0.0651290060906252
Persistence,Ausgrid,persistence_qi__c90__h1,0.9,1.0,2012-12,5,Segment-CQR,rolling_group_norm,0.0620895831022852
Persistence,Ausgrid,persistence_qi__c90__h1,0.9,1.0,2012-12,5,User-CQR,rolling_user_norm,0.0567400144216913
Persistence,Ausgrid,persistence_qi__c90__h1,0.9,1.0,2012-12,5,Ex-post best fixed,rolling_user_norm,0.0567400144216913
Persistence,Ausgrid,persistence_qi__c90__h1,0.9,1.0,2012-12,5,Month-wise oracle,rolling_user_norm,0.0567400144216913
Persistence,Ausgrid,persistence_qi__c90__h1,0.9,1.0,2013-01,6,CSGR,rolling_user_norm,0.0614699286461663
Persistence,Ausgrid,persistence_qi__c90__h1,0.9,1.0,2013-01,6,Mean-fold minimum,rolling_user_norm,0.0614699286461663
Persistence,Ausgrid,persistence_qi__c90__h1,0.9,1.0,2013-01,6,Latest-fold minimum,rolling_user_norm,0.0614699286461663
Persistence,Ausgrid,persistence_qi__c90__h1,0.9,1.0,2013-01,6,Previous-window winner,rolling_user_norm,0.0614699286461663
Persistence,Ausgrid,persistence_qi__c90__h1,0.9,1.0,2013-01,6,Follow-the-leader,rolling_user_norm,0.0614699286461663
Persistence,Ausgrid,persistence_qi__c90__h1,0.9,1.0,2013-01,6,Global-CQR,rolling_global_norm,0.0707272763629707
Persistence,Ausgrid,persistence_qi__c90__h1,0.9,1.0,2013-01,6,Segment-CQR,rolling_group_norm,0.0683572370468624
Persistence,Ausgrid,persistence_qi__c90__h1,0.9,1.0,2013-01,6,User-CQR,rolling_user_norm,0.0614699286461663
Persistence,Ausgrid,persistence_qi__c90__h1,0.9,1.0,2013-01,6,Ex-post best fixed,rolling_user_norm,0.0614699286461663
Persistence,Ausgrid,persistence_qi__c90__h1,0.9,1.0,2013-01,6,Month-wise oracle,rolling_user_norm,0.0614699286461663
Persistence,Ausgrid,persistence_qi__c90__h1,0.9,1.0,2013-02,7,CSGR,rolling_user_norm,0.0553546842945345
Persistence,Ausgrid,persistence_qi__c90__h1,0.9,1.0,2013-02,7,Mean-fold minimum,rolling_user_norm,0.0553546842945345
Persistence,Ausgrid,persistence_qi__c90__h1,0.9,1.0,2013-02,7,Latest-fold minimum,rolling_user_norm,0.0553546842945345
Persistence,Ausgrid,persistence_qi__c90__h1,0.9,1.0,2013-02,7,Previous-window winner,rolling_user_norm,0.0553546842945345
Persistence,Ausgrid,persistence_qi__c90__h1,0.9,1.0,2013-02,7,Follow-the-leader,rolling_user_norm,0.0553546842945345
Persistence,Ausgrid,persistence_qi__c90__h1,0.9,1.0,2013-02,7,Global-CQR,rolling_global_norm,0.064744306279219
Persistence,Ausgrid,persistence_qi__c90__h1,0.9,1.0,2013-02,7,Segment-CQR,rolling_group_norm,0.0615195550304443
Persistence,Ausgrid,persistence_qi__c90__h1,0.9,1.0,2013-02,7,User-CQR,rolling_user_norm,0.0553546842945345
Persistence,Ausgrid,persistence_qi__c90__h1,0.9,1.0,2013-02,7,Ex-post best fixed,rolling_user_norm,0.0553546842945345
Persistence,Ausgrid,persistence_qi__c90__h1,0.9,1.0,2013-02,7,Month-wise oracle,rolling_user_norm,0.0553546842945345
Persistence,Ausgrid,persistence_qi__c90__h1,0.9,1.0,2013-03,8,CSGR,rolling_user_norm,0.0521564385593866
Persistence,Ausgrid,persistence_qi__c90__h1,0.9,1.0,2013-03,8,Mean-fold minimum,rolling_user_norm,0.0521564385593866
Persistence,Ausgrid,persistence_qi__c90__h1,0.9,1.0,2013-03,8,Latest-fold minimum,rolling_user_norm,0.0521564385593866
Persistence,Ausgrid,persistence_qi__c90__h1,0.9,1.0,2013-03,8,Previous-window winner,rolling_user_norm,0.0521564385593866
Persistence,Ausgrid,persistence_qi__c90__h1,0.9,1.0,2013-03,8,Follow-the-leader,rolling_user_norm,0.0521564385593866
Persistence,Ausgrid,persistence_qi__c90__h1,0.9,1.0,2013-03,8,Global-CQR,rolling_global_norm,0.0665915367915327
Persistence,Ausgrid,persistence_qi__c90__h1,0.9,1.0,2013-03,8,Segment-CQR,rolling_group_norm,0.0614923067219998
Persistence,Ausgrid,persistence_qi__c90__h1,0.9,1.0,2013-03,8,User-CQR,rolling_user_norm,0.0521564385593866
Persistence,Ausgrid,persistence_qi__c90__h1,0.9,1.0,2013-03,8,Ex-post best fixed,rolling_user_norm,0.0521564385593866
Persistence,Ausgrid,persistence_qi__c90__h1,0.9,1.0,2013-03,8,Month-wise oracle,rolling_user_norm,0.0521564385593866
Persistence,Ausgrid,persistence_qi__c90__h1,0.9,1.0,2013-04,9,CSGR,rolling_user_norm,0.0651851682365424
Persistence,Ausgrid,persistence_qi__c90__h1,0.9,1.0,2013-04,9,Mean-fold minimum,rolling_user_norm,0.0651851682365424
Persistence,Ausgrid,persistence_qi__c90__h1,0.9,1.0,2013-04,9,Latest-fold minimum,rolling_user_norm,0.0651851682365424
Persistence,Ausgrid,persistence_qi__c90__h1,0.9,1.0,2013-04,9,Previous-window winner,rolling_user_norm,0.0651851682365424
Persistence,Ausgrid,persistence_qi__c90__h1,0.9,1.0,2013-04,9,Follow-the-leader,rolling_user_norm,0.0651851682365424
Persistence,Ausgrid,persistence_qi__c90__h1,0.9,1.0,2013-04,9,Global-CQR,rolling_global_norm,0.0637185657656848
Persistence,Ausgrid,persistence_qi__c90__h1,0.9,1.0,2013-04,9,Segment-CQR,rolling_group_norm,0.060815762942742
Persistence,Ausgrid,persistence_qi__c90__h1,0.9,1.0,2013-04,9,User-CQR,rolling_user_norm,0.0651851682365424
Persistence,Ausgrid,persistence_qi__c90__h1,0.9,1.0,2013-04,9,Ex-post best fixed,rolling_user_norm,0.0651851682365424
Persistence,Ausgrid,persistence_qi__c90__h1,0.9,1.0,2013-04,9,Month-wise oracle,rolling_group_norm,0.060815762942742
Persistence,Ausgrid,persistence_qi__c90__h1,0.9,1.0,2013-05,10,CSGR,rolling_global_norm,0.0959896698609207
Persistence,Ausgrid,persistence_qi__c90__h1,0.9,1.0,2013-05,10,Mean-fold minimum,rolling_user_norm,0.0985661268964185
Persistence,Ausgrid,persistence_qi__c90__h1,0.9,1.0,2013-05,10,Latest-fold minimum,rolling_user_norm,0.0985661268964185
Persistence,Ausgrid,persistence_qi__c90__h1,0.9,1.0,2013-05,10,Previous-window winner,rolling_group_norm,0.0982459320365219
Persistence,Ausgrid,persistence_qi__c90__h1,0.9,1.0,2013-05,10,Follow-the-leader,rolling_user_norm,0.0985661268964185
Persistence,Ausgrid,persistence_qi__c90__h1,0.9,1.0,2013-05,10,Global-CQR,rolling_global_norm,0.0959896698609207
Persistence,Ausgrid,persistence_qi__c90__h1,0.9,1.0,2013-05,10,Segment-CQR,rolling_group_norm,0.0982459320365219
Persistence,Ausgrid,persistence_qi__c90__h1,0.9,1.0,2013-05,10,User-CQR,rolling_user_norm,0.0985661268964185
Persistence,Ausgrid,persistence_qi__c90__h1,0.9,1.0,2013-05,10,Ex-post best fixed,rolling_user_norm,0.0985661268964185
Persistence,Ausgrid,persistence_qi__c90__h1,0.9,1.0,2013-05,10,Month-wise oracle,rolling_global_norm,0.0959896698609207
Persistence,Ausgrid,persistence_qi__c90__h1,0.9,1.0,2013-06,11,CSGR,rolling_user_norm,0.1265491678596698
Persistence,Ausgrid,persistence_qi__c90__h1,0.9,1.0,2013-06,11,Mean-fold minimum,rolling_user_norm,0.1265491678596698
Persistence,Ausgrid,persistence_qi__c90__h1,0.9,1.0,2013-06,11,Latest-fold minimum,rolling_user_norm,0.1265491678596698
Persistence,Ausgrid,persistence_qi__c90__h1,0.9,1.0,2013-06,11,Previous-window winner,rolling_global_norm,0.1278777115776445
Persistence,Ausgrid,persistence_qi__c90__h1,0.9,1.0,2013-06,11,Follow-the-leader,rolling_user_norm,0.1265491678596698
Persistence,Ausgrid,persistence_qi__c90__h1,0.9,1.0,2013-06,11,Global-CQR,rolling_global_norm,0.1278777115776445
Persistence,Ausgrid,persistence_qi__c90__h1,0.9,1.0,2013-06,11,Segment-CQR,rolling_group_norm,0.1289548977222167
Persistence,Ausgrid,persistence_qi__c90__h1,0.9,1.0,2013-06,11,User-CQR,rolling_user_norm,0.1265491678596698
Persistence,Ausgrid,persistence_qi__c90__h1,0.9,1.0,2013-06,11,Ex-post best fixed,rolling_user_norm,0.1265491678596698
Persistence,Ausgrid,persistence_qi__c90__h1,0.9,1.0,2013-06,11,Month-wise oracle,rolling_user_norm,0.1265491678596698
Persistence,Ausgrid,persistence_qi__c90__h6,0.9,6.0,2012-07,0,CSGR,rolling_user_norm,0.1203051807981559
Persistence,Ausgrid,persistence_qi__c90__h6,0.9,6.0,2012-07,0,Mean-fold minimum,rolling_user_norm,0.1203051807981559
Persistence,Ausgrid,persistence_qi__c90__h6,0.9,6.0,2012-07,0,Latest-fold minimum,rolling_user_norm,0.1203051807981559
Persistence,Ausgrid,persistence_qi__c90__h6,0.9,6.0,2012-07,0,Previous-window winner,rolling_global_norm,0.1417156539844272
Persistence,Ausgrid,persistence_qi__c90__h6,0.9,6.0,2012-07,0,Follow-the-leader,rolling_global_norm,0.1417156539844272
Persistence,Ausgrid,persistence_qi__c90__h6,0.9,6.0,2012-07,0,Global-CQR,rolling_global_norm,0.1417156539844272
Persistence,Ausgrid,persistence_qi__c90__h6,0.9,6.0,2012-07,0,Segment-CQR,rolling_group_norm,0.1318652986516059
Persistence,Ausgrid,persistence_qi__c90__h6,0.9,6.0,2012-07,0,User-CQR,rolling_user_norm,0.1203051807981559
Persistence,Ausgrid,persistence_qi__c90__h6,0.9,6.0,2012-07,0,Ex-post best fixed,rolling_user_norm,0.1203051807981559
Persistence,Ausgrid,persistence_qi__c90__h6,0.9,6.0,2012-07,0,Month-wise oracle,rolling_user_norm,0.1203051807981559
Persistence,Ausgrid,persistence_qi__c90__h6,0.9,6.0,2012-08,1,CSGR,rolling_user_norm,0.1082660293386347
Persistence,Ausgrid,persistence_qi__c90__h6,0.9,6.0,2012-08,1,Mean-fold minimum,rolling_user_norm,0.1082660293386347
Persistence,Ausgrid,persistence_qi__c90__h6,0.9,6.0,2012-08,1,Latest-fold minimum,rolling_user_norm,0.1082660293386347
Persistence,Ausgrid,persistence_qi__c90__h6,0.9,6.0,2012-08,1,Previous-window winner,rolling_user_norm,0.1082660293386347
Persistence,Ausgrid,persistence_qi__c90__h6,0.9,6.0,2012-08,1,Follow-the-leader,rolling_user_norm,0.1082660293386347
Persistence,Ausgrid,persistence_qi__c90__h6,0.9,6.0,2012-08,1,Global-CQR,rolling_global_norm,0.1232915599631783
Persistence,Ausgrid,persistence_qi__c90__h6,0.9,6.0,2012-08,1,Segment-CQR,rolling_group_norm,0.1191973367473604
Persistence,Ausgrid,persistence_qi__c90__h6,0.9,6.0,2012-08,1,User-CQR,rolling_user_norm,0.1082660293386347
Persistence,Ausgrid,persistence_qi__c90__h6,0.9,6.0,2012-08,1,Ex-post best fixed,rolling_user_norm,0.1082660293386347
Persistence,Ausgrid,persistence_qi__c90__h6,0.9,6.0,2012-08,1,Month-wise oracle,rolling_user_norm,0.1082660293386347
Persistence,Ausgrid,persistence_qi__c90__h6,0.9,6.0,2012-09,2,CSGR,rolling_user_norm,0.128179481566751
Persistence,Ausgrid,persistence_qi__c90__h6,0.9,6.0,2012-09,2,Mean-fold minimum,rolling_user_norm,0.128179481566751
Persistence,Ausgrid,persistence_qi__c90__h6,0.9,6.0,2012-09,2,Latest-fold minimum,rolling_user_norm,0.128179481566751
Persistence,Ausgrid,persistence_qi__c90__h6,0.9,6.0,2012-09,2,Previous-window winner,rolling_user_norm,0.128179481566751
Persistence,Ausgrid,persistence_qi__c90__h6,0.9,6.0,2012-09,2,Follow-the-leader,rolling_user_norm,0.128179481566751
Persistence,Ausgrid,persistence_qi__c90__h6,0.9,6.0,2012-09,2,Global-CQR,rolling_global_norm,0.1304959020619351
Persistence,Ausgrid,persistence_qi__c90__h6,0.9,6.0,2012-09,2,Segment-CQR,rolling_group_norm,0.1303405736734268
Persistence,Ausgrid,persistence_qi__c90__h6,0.9,6.0,2012-09,2,User-CQR,rolling_user_norm,0.128179481566751
Persistence,Ausgrid,persistence_qi__c90__h6,0.9,6.0,2012-09,2,Ex-post best fixed,rolling_user_norm,0.128179481566751
Persistence,Ausgrid,persistence_qi__c90__h6,0.9,6.0,2012-09,2,Month-wise oracle,rolling_user_norm,0.128179481566751
Persistence,Ausgrid,persistence_qi__c90__h6,0.9,6.0,2012-10,3,CSGR,rolling_user_norm,0.1038476473623039
Persistence,Ausgrid,persistence_qi__c90__h6,0.9,6.0,2012-10,3,Mean-fold minimum,rolling_user_norm,0.1038476473623039
Persistence,Ausgrid,persistence_qi__c90__h6,0.9,6.0,2012-10,3,Latest-fold minimum,rolling_user_norm,0.1038476473623039
Persistence,Ausgrid,persistence_qi__c90__h6,0.9,6.0,2012-10,3,Previous-window winner,rolling_user_norm,0.1038476473623039
Persistence,Ausgrid,persistence_qi__c90__h6,0.9,6.0,2012-10,3,Follow-the-leader,rolling_user_norm,0.1038476473623039
Persistence,Ausgrid,persistence_qi__c90__h6,0.9,6.0,2012-10,3,Global-CQR,rolling_global_norm,0.1108809285350295
Persistence,Ausgrid,persistence_qi__c90__h6,0.9,6.0,2012-10,3,Segment-CQR,rolling_group_norm,0.1115115457491095
Persistence,Ausgrid,persistence_qi__c90__h6,0.9,6.0,2012-10,3,User-CQR,rolling_user_norm,0.1038476473623039
Persistence,Ausgrid,persistence_qi__c90__h6,0.9,6.0,2012-10,3,Ex-post best fixed,rolling_user_norm,0.1038476473623039
Persistence,Ausgrid,persistence_qi__c90__h6,0.9,6.0,2012-10,3,Month-wise oracle,rolling_user_norm,0.1038476473623039
Persistence,Ausgrid,persistence_qi__c90__h6,0.9,6.0,2012-11,4,CSGR,rolling_user_norm,0.0752705691326015
Persistence,Ausgrid,persistence_qi__c90__h6,0.9,6.0,2012-11,4,Mean-fold minimum,rolling_user_norm,0.0752705691326015
Persistence,Ausgrid,persistence_qi__c90__h6,0.9,6.0,2012-11,4,Latest-fold minimum,rolling_user_norm,0.0752705691326015
Persistence,Ausgrid,persistence_qi__c90__h6,0.9,6.0,2012-11,4,Previous-window winner,rolling_user_norm,0.0752705691326015
Persistence,Ausgrid,persistence_qi__c90__h6,0.9,6.0,2012-11,4,Follow-the-leader,rolling_user_norm,0.0752705691326015
Persistence,Ausgrid,persistence_qi__c90__h6,0.9,6.0,2012-11,4,Global-CQR,rolling_global_norm,0.0918701183755534
Persistence,Ausgrid,persistence_qi__c90__h6,0.9,6.0,2012-11,4,Segment-CQR,rolling_group_norm,0.0835862424843373
Persistence,Ausgrid,persistence_qi__c90__h6,0.9,6.0,2012-11,4,User-CQR,rolling_user_norm,0.0752705691326015
Persistence,Ausgrid,persistence_qi__c90__h6,0.9,6.0,2012-11,4,Ex-post best fixed,rolling_user_norm,0.0752705691326015
Persistence,Ausgrid,persistence_qi__c90__h6,0.9,6.0,2012-11,4,Month-wise oracle,rolling_user_norm,0.0752705691326015
Persistence,Ausgrid,persistence_qi__c90__h6,0.9,6.0,2012-12,5,CSGR,rolling_user_norm,0.0864607330793797
Persistence,Ausgrid,persistence_qi__c90__h6,0.9,6.0,2012-12,5,Mean-fold minimum,rolling_user_norm,0.0864607330793797
Persistence,Ausgrid,persistence_qi__c90__h6,0.9,6.0,2012-12,5,Latest-fold minimum,rolling_user_norm,0.0864607330793797
Persistence,Ausgrid,persistence_qi__c90__h6,0.9,6.0,2012-12,5,Previous-window winner,rolling_user_norm,0.0864607330793797
Persistence,Ausgrid,persistence_qi__c90__h6,0.9,6.0,2012-12,5,Follow-the-leader,rolling_user_norm,0.0864607330793797
Persistence,Ausgrid,persistence_qi__c90__h6,0.9,6.0,2012-12,5,Global-CQR,rolling_global_norm,0.0996215590230318
Persistence,Ausgrid,persistence_qi__c90__h6,0.9,6.0,2012-12,5,Segment-CQR,rolling_group_norm,0.0982347149090966
Persistence,Ausgrid,persistence_qi__c90__h6,0.9,6.0,2012-12,5,User-CQR,rolling_user_norm,0.0864607330793797
Persistence,Ausgrid,persistence_qi__c90__h6,0.9,6.0,2012-12,5,Ex-post best fixed,rolling_user_norm,0.0864607330793797
Persistence,Ausgrid,persistence_qi__c90__h6,0.9,6.0,2012-12,5,Month-wise oracle,rolling_user_norm,0.0864607330793797
Persistence,Ausgrid,persistence_qi__c90__h6,0.9,6.0,2013-01,6,CSGR,rolling_user_norm,0.1096226614789565
Persistence,Ausgrid,persistence_qi__c90__h6,0.9,6.0,2013-01,6,Mean-fold minimum,rolling_user_norm,0.1096226614789565
Persistence,Ausgrid,persistence_qi__c90__h6,0.9,6.0,2013-01,6,Latest-fold minimum,rolling_user_norm,0.1096226614789565
Persistence,Ausgrid,persistence_qi__c90__h6,0.9,6.0,2013-01,6,Previous-window winner,rolling_user_norm,0.1096226614789565
Persistence,Ausgrid,persistence_qi__c90__h6,0.9,6.0,2013-01,6,Follow-the-leader,rolling_user_norm,0.1096226614789565
Persistence,Ausgrid,persistence_qi__c90__h6,0.9,6.0,2013-01,6,Global-CQR,rolling_global_norm,0.1285445378270767
Persistence,Ausgrid,persistence_qi__c90__h6,0.9,6.0,2013-01,6,Segment-CQR,rolling_group_norm,0.123042944498828
Persistence,Ausgrid,persistence_qi__c90__h6,0.9,6.0,2013-01,6,User-CQR,rolling_user_norm,0.1096226614789565
Persistence,Ausgrid,persistence_qi__c90__h6,0.9,6.0,2013-01,6,Ex-post best fixed,rolling_user_norm,0.1096226614789565
Persistence,Ausgrid,persistence_qi__c90__h6,0.9,6.0,2013-01,6,Month-wise oracle,rolling_user_norm,0.1096226614789565
Persistence,Ausgrid,persistence_qi__c90__h6,0.9,6.0,2013-02,7,CSGR,rolling_user_norm,0.0830840807845391
Persistence,Ausgrid,persistence_qi__c90__h6,0.9,6.0,2013-02,7,Mean-fold minimum,rolling_user_norm,0.0830840807845391
Persistence,Ausgrid,persistence_qi__c90__h6,0.9,6.0,2013-02,7,Latest-fold minimum,rolling_user_norm,0.0830840807845391
Persistence,Ausgrid,persistence_qi__c90__h6,0.9,6.0,2013-02,7,Previous-window winner,rolling_user_norm,0.0830840807845391
Persistence,Ausgrid,persistence_qi__c90__h6,0.9,6.0,2013-02,7,Follow-the-leader,rolling_user_norm,0.0830840807845391
Persistence,Ausgrid,persistence_qi__c90__h6,0.9,6.0,2013-02,7,Global-CQR,rolling_global_norm,0.0988549140166802
Persistence,Ausgrid,persistence_qi__c90__h6,0.9,6.0,2013-02,7,Segment-CQR,rolling_group_norm,0.0950052713840209
Persistence,Ausgrid,persistence_qi__c90__h6,0.9,6.0,2013-02,7,User-CQR,rolling_user_norm,0.0830840807845391
Persistence,Ausgrid,persistence_qi__c90__h6,0.9,6.0,2013-02,7,Ex-post best fixed,rolling_user_norm,0.0830840807845391
Persistence,Ausgrid,persistence_qi__c90__h6,0.9,6.0,2013-02,7,Month-wise oracle,rolling_user_norm,0.0830840807845391
Persistence,Ausgrid,persistence_qi__c90__h6,0.9,6.0,2013-03,8,CSGR,rolling_user_norm,0.077550446638971
Persistence,Ausgrid,persistence_qi__c90__h6,0.9,6.0,2013-03,8,Mean-fold minimum,rolling_user_norm,0.077550446638971
Persistence,Ausgrid,persistence_qi__c90__h6,0.9,6.0,2013-03,8,Latest-fold minimum,rolling_user_norm,0.077550446638971
Persistence,Ausgrid,persistence_qi__c90__h6,0.9,6.0,2013-03,8,Previous-window winner,rolling_user_norm,0.077550446638971
Persistence,Ausgrid,persistence_qi__c90__h6,0.9,6.0,2013-03,8,Follow-the-leader,rolling_user_norm,0.077550446638971
Persistence,Ausgrid,persistence_qi__c90__h6,0.9,6.0,2013-03,8,Global-CQR,rolling_global_norm,0.1002044838492809
Persistence,Ausgrid,persistence_qi__c90__h6,0.9,6.0,2013-03,8,Segment-CQR,rolling_group_norm,0.0931166507503956
Persistence,Ausgrid,persistence_qi__c90__h6,0.9,6.0,2013-03,8,User-CQR,rolling_user_norm,0.077550446638971
Persistence,Ausgrid,persistence_qi__c90__h6,0.9,6.0,2013-03,8,Ex-post best fixed,rolling_user_norm,0.077550446638971
Persistence,Ausgrid,persistence_qi__c90__h6,0.9,6.0,2013-03,8,Month-wise oracle,rolling_user_norm,0.077550446638971
Persistence,Ausgrid,persistence_qi__c90__h6,0.9,6.0,2013-04,9,CSGR,rolling_user_norm,0.0851036172499374
Persistence,Ausgrid,persistence_qi__c90__h6,0.9,6.0,2013-04,9,Mean-fold minimum,rolling_user_norm,0.0851036172499374
Persistence,Ausgrid,persistence_qi__c90__h6,0.9,6.0,2013-04,9,Latest-fold minimum,rolling_user_norm,0.0851036172499374
Persistence,Ausgrid,persistence_qi__c90__h6,0.9,6.0,2013-04,9,Previous-window winner,rolling_user_norm,0.0851036172499374
Persistence,Ausgrid,persistence_qi__c90__h6,0.9,6.0,2013-04,9,Follow-the-leader,rolling_user_norm,0.0851036172499374
Persistence,Ausgrid,persistence_qi__c90__h6,0.9,6.0,2013-04,9,Global-CQR,rolling_global_norm,0.0919221685999787
Persistence,Ausgrid,persistence_qi__c90__h6,0.9,6.0,2013-04,9,Segment-CQR,rolling_group_norm,0.0838930272930052
Persistence,Ausgrid,persistence_qi__c90__h6,0.9,6.0,2013-04,9,User-CQR,rolling_user_norm,0.0851036172499374
Persistence,Ausgrid,persistence_qi__c90__h6,0.9,6.0,2013-04,9,Ex-post best fixed,rolling_user_norm,0.0851036172499374
Persistence,Ausgrid,persistence_qi__c90__h6,0.9,6.0,2013-04,9,Month-wise oracle,rolling_group_norm,0.0838930272930052
Persistence,Ausgrid,persistence_qi__c90__h6,0.9,6.0,2013-05,10,CSGR,rolling_user_norm,0.1488251734116378
Persistence,Ausgrid,persistence_qi__c90__h6,0.9,6.0,2013-05,10,Mean-fold minimum,rolling_user_norm,0.1488251734116378
Persistence,Ausgrid,persistence_qi__c90__h6,0.9,6.0,2013-05,10,Latest-fold minimum,rolling_user_norm,0.1488251734116378
Persistence,Ausgrid,persistence_qi__c90__h6,0.9,6.0,2013-05,10,Previous-window winner,rolling_group_norm,0.1429873347342797
Persistence,Ausgrid,persistence_qi__c90__h6,0.9,6.0,2013-05,10,Follow-the-leader,rolling_user_norm,0.1488251734116378
Persistence,Ausgrid,persistence_qi__c90__h6,0.9,6.0,2013-05,10,Global-CQR,rolling_global_norm,0.1429607919991661
Persistence,Ausgrid,persistence_qi__c90__h6,0.9,6.0,2013-05,10,Segment-CQR,rolling_group_norm,0.1429873347342797
Persistence,Ausgrid,persistence_qi__c90__h6,0.9,6.0,2013-05,10,User-CQR,rolling_user_norm,0.1488251734116378
Persistence,Ausgrid,persistence_qi__c90__h6,0.9,6.0,2013-05,10,Ex-post best fixed,rolling_user_norm,0.1488251734116378
Persistence,Ausgrid,persistence_qi__c90__h6,0.9,6.0,2013-05,10,Month-wise oracle,rolling_global_norm,0.1429607919991661
Persistence,Ausgrid,persistence_qi__c90__h6,0.9,6.0,2013-06,11,CSGR,rolling_global_norm,0.1923404726218444
Persistence,Ausgrid,persistence_qi__c90__h6,0.9,6.0,2013-06,11,Mean-fold minimum,rolling_user_norm,0.199556332164351
Persistence,Ausgrid,persistence_qi__c90__h6,0.9,6.0,2013-06,11,Latest-fold minimum,rolling_user_norm,0.199556332164351
Persistence,Ausgrid,persistence_qi__c90__h6,0.9,6.0,2013-06,11,Previous-window winner,rolling_global_norm,0.1923404726218444
Persistence,Ausgrid,persistence_qi__c90__h6,0.9,6.0,2013-06,11,Follow-the-leader,rolling_user_norm,0.199556332164351
Persistence,Ausgrid,persistence_qi__c90__h6,0.9,6.0,2013-06,11,Global-CQR,rolling_global_norm,0.1923404726218444
Persistence,Ausgrid,persistence_qi__c90__h6,0.9,6.0,2013-06,11,Segment-CQR,rolling_group_norm,0.1982223948467423
Persistence,Ausgrid,persistence_qi__c90__h6,0.9,6.0,2013-06,11,User-CQR,rolling_user_norm,0.199556332164351
Persistence,Ausgrid,persistence_qi__c90__h6,0.9,6.0,2013-06,11,Ex-post best fixed,rolling_user_norm,0.199556332164351
Persistence,Ausgrid,persistence_qi__c90__h6,0.9,6.0,2013-06,11,Month-wise oracle,rolling_global_norm,0.1923404726218444
Persistence,London,persistence_qi__c80__h1,0.8,1.0,2013-03,0,CSGR,rolling_user_norm,0.059134650183008
Persistence,London,persistence_qi__c80__h1,0.8,1.0,2013-03,0,Mean-fold minimum,rolling_user_norm,0.059134650183008
Persistence,London,persistence_qi__c80__h1,0.8,1.0,2013-03,0,Latest-fold minimum,rolling_user_norm,0.059134650183008
Persistence,London,persistence_qi__c80__h1,0.8,1.0,2013-03,0,Previous-window winner,rolling_global_norm,0.0781519183302124
Persistence,London,persistence_qi__c80__h1,0.8,1.0,2013-03,0,Follow-the-leader,rolling_global_norm,0.0781519183302124
Persistence,London,persistence_qi__c80__h1,0.8,1.0,2013-03,0,Global-CQR,rolling_global_norm,0.0781519183302124
Persistence,London,persistence_qi__c80__h1,0.8,1.0,2013-03,0,Segment-CQR,rolling_group_norm,0.0655026228073458
Persistence,London,persistence_qi__c80__h1,0.8,1.0,2013-03,0,User-CQR,rolling_user_norm,0.059134650183008
Persistence,London,persistence_qi__c80__h1,0.8,1.0,2013-03,0,Ex-post best fixed,rolling_user_norm,0.059134650183008
Persistence,London,persistence_qi__c80__h1,0.8,1.0,2013-03,0,Month-wise oracle,rolling_user_norm,0.059134650183008
Persistence,London,persistence_qi__c80__h1,0.8,1.0,2013-04,1,CSGR,rolling_user_norm,0.0722239765177687
Persistence,London,persistence_qi__c80__h1,0.8,1.0,2013-04,1,Mean-fold minimum,rolling_user_norm,0.0722239765177687
Persistence,London,persistence_qi__c80__h1,0.8,1.0,2013-04,1,Latest-fold minimum,rolling_user_norm,0.0722239765177687
Persistence,London,persistence_qi__c80__h1,0.8,1.0,2013-04,1,Previous-window winner,rolling_user_norm,0.0722239765177687
Persistence,London,persistence_qi__c80__h1,0.8,1.0,2013-04,1,Follow-the-leader,rolling_user_norm,0.0722239765177687
Persistence,London,persistence_qi__c80__h1,0.8,1.0,2013-04,1,Global-CQR,rolling_global_norm,0.0724562874659647
Persistence,London,persistence_qi__c80__h1,0.8,1.0,2013-04,1,Segment-CQR,rolling_group_norm,0.076989474873594
Persistence,London,persistence_qi__c80__h1,0.8,1.0,2013-04,1,User-CQR,rolling_user_norm,0.0722239765177687
Persistence,London,persistence_qi__c80__h1,0.8,1.0,2013-04,1,Ex-post best fixed,rolling_user_norm,0.0722239765177687
Persistence,London,persistence_qi__c80__h1,0.8,1.0,2013-04,1,Month-wise oracle,rolling_user_norm,0.0722239765177687
Persistence,London,persistence_qi__c80__h1,0.8,1.0,2013-05,2,CSGR,rolling_global_norm,0.0744467796168325
Persistence,London,persistence_qi__c80__h1,0.8,1.0,2013-05,2,Mean-fold minimum,rolling_global_norm,0.0744467796168325
Persistence,London,persistence_qi__c80__h1,0.8,1.0,2013-05,2,Latest-fold minimum,rolling_global_norm,0.0744467796168325
Persistence,London,persistence_qi__c80__h1,0.8,1.0,2013-05,2,Previous-window winner,rolling_user_norm,0.081625239548775
Persistence,London,persistence_qi__c80__h1,0.8,1.0,2013-05,2,Follow-the-leader,rolling_user_norm,0.081625239548775
Persistence,London,persistence_qi__c80__h1,0.8,1.0,2013-05,2,Global-CQR,rolling_global_norm,0.0744467796168325
Persistence,London,persistence_qi__c80__h1,0.8,1.0,2013-05,2,Segment-CQR,rolling_group_norm,0.0859408375959248
Persistence,London,persistence_qi__c80__h1,0.8,1.0,2013-05,2,User-CQR,rolling_user_norm,0.081625239548775
Persistence,London,persistence_qi__c80__h1,0.8,1.0,2013-05,2,Ex-post best fixed,rolling_user_norm,0.081625239548775
Persistence,London,persistence_qi__c80__h1,0.8,1.0,2013-05,2,Month-wise oracle,rolling_global_norm,0.0744467796168325
Persistence,London,persistence_qi__c80__h1,0.8,1.0,2013-06,3,CSGR,rolling_user_norm,0.0735191943815761
Persistence,London,persistence_qi__c80__h1,0.8,1.0,2013-06,3,Mean-fold minimum,rolling_user_norm,0.0735191943815761
Persistence,London,persistence_qi__c80__h1,0.8,1.0,2013-06,3,Latest-fold minimum,rolling_global_norm,0.0752393704492076
Persistence,London,persistence_qi__c80__h1,0.8,1.0,2013-06,3,Previous-window winner,rolling_global_norm,0.0752393704492076
Persistence,London,persistence_qi__c80__h1,0.8,1.0,2013-06,3,Follow-the-leader,rolling_user_norm,0.0735191943815761
Persistence,London,persistence_qi__c80__h1,0.8,1.0,2013-06,3,Global-CQR,rolling_global_norm,0.0752393704492076
Persistence,London,persistence_qi__c80__h1,0.8,1.0,2013-06,3,Segment-CQR,rolling_group_norm,0.0776233170595534
Persistence,London,persistence_qi__c80__h1,0.8,1.0,2013-06,3,User-CQR,rolling_user_norm,0.0735191943815761
Persistence,London,persistence_qi__c80__h1,0.8,1.0,2013-06,3,Ex-post best fixed,rolling_user_norm,0.0735191943815761
Persistence,London,persistence_qi__c80__h1,0.8,1.0,2013-06,3,Month-wise oracle,rolling_user_norm,0.0735191943815761
Persistence,London,persistence_qi__c80__h1,0.8,1.0,2013-07,4,CSGR,rolling_user_norm,0.0723404596416198
Persistence,London,persistence_qi__c80__h1,0.8,1.0,2013-07,4,Mean-fold minimum,rolling_user_norm,0.0723404596416198
Persistence,London,persistence_qi__c80__h1,0.8,1.0,2013-07,4,Latest-fold minimum,rolling_user_norm,0.0723404596416198
Persistence,London,persistence_qi__c80__h1,0.8,1.0,2013-07,4,Previous-window winner,rolling_user_norm,0.0723404596416198
Persistence,London,persistence_qi__c80__h1,0.8,1.0,2013-07,4,Follow-the-leader,rolling_user_norm,0.0723404596416198
Persistence,London,persistence_qi__c80__h1,0.8,1.0,2013-07,4,Global-CQR,rolling_global_norm,0.0852698085772864
Persistence,London,persistence_qi__c80__h1,0.8,1.0,2013-07,4,Segment-CQR,rolling_group_norm,0.0806727498925175
Persistence,London,persistence_qi__c80__h1,0.8,1.0,2013-07,4,User-CQR,rolling_user_norm,0.0723404596416198
Persistence,London,persistence_qi__c80__h1,0.8,1.0,2013-07,4,Ex-post best fixed,rolling_user_norm,0.0723404596416198
Persistence,London,persistence_qi__c80__h1,0.8,1.0,2013-07,4,Month-wise oracle,rolling_user_norm,0.0723404596416198
Persistence,London,persistence_qi__c80__h1,0.8,1.0,2013-08,5,CSGR,rolling_user_norm,0.0525765791170632
Persistence,London,persistence_qi__c80__h1,0.8,1.0,2013-08,5,Mean-fold minimum,rolling_user_norm,0.0525765791170632
Persistence,London,persistence_qi__c80__h1,0.8,1.0,2013-08,5,Latest-fold minimum,rolling_user_norm,0.0525765791170632
Persistence,London,persistence_qi__c80__h1,0.8,1.0,2013-08,5,Previous-window winner,rolling_user_norm,0.0525765791170632
Persistence,London,persistence_qi__c80__h1,0.8,1.0,2013-08,5,Follow-the-leader,rolling_user_norm,0.0525765791170632
Persistence,London,persistence_qi__c80__h1,0.8,1.0,2013-08,5,Global-CQR,rolling_global_norm,0.0758096111361577
Persistence,London,persistence_qi__c80__h1,0.8,1.0,2013-08,5,Segment-CQR,rolling_group_norm,0.0659652280223137
Persistence,London,persistence_qi__c80__h1,0.8,1.0,2013-08,5,User-CQR,rolling_user_norm,0.0525765791170632
Persistence,London,persistence_qi__c80__h1,0.8,1.0,2013-08,5,Ex-post best fixed,rolling_user_norm,0.0525765791170632
Persistence,London,persistence_qi__c80__h1,0.8,1.0,2013-08,5,Month-wise oracle,rolling_user_norm,0.0525765791170632
Persistence,London,persistence_qi__c80__h1,0.8,1.0,2013-09,6,CSGR,rolling_user_norm,0.0831802455369321
Persistence,London,persistence_qi__c80__h1,0.8,1.0,2013-09,6,Mean-fold minimum,rolling_user_norm,0.0831802455369321
Persistence,London,persistence_qi__c80__h1,0.8,1.0,2013-09,6,Latest-fold minimum,rolling_user_norm,0.0831802455369321
Persistence,London,persistence_qi__c80__h1,0.8,1.0,2013-09,6,Previous-window winner,rolling_user_norm,0.0831802455369321
Persistence,London,persistence_qi__c80__h1,0.8,1.0,2013-09,6,Follow-the-leader,rolling_user_norm,0.0831802455369321
Persistence,London,persistence_qi__c80__h1,0.8,1.0,2013-09,6,Global-CQR,rolling_global_norm,0.0850919148385909
Persistence,London,persistence_qi__c80__h1,0.8,1.0,2013-09,6,Segment-CQR,rolling_group_norm,0.0813688871256082
Persistence,London,persistence_qi__c80__h1,0.8,1.0,2013-09,6,User-CQR,rolling_user_norm,0.0831802455369321
Persistence,London,persistence_qi__c80__h1,0.8,1.0,2013-09,6,Ex-post best fixed,rolling_user_norm,0.0831802455369321
Persistence,London,persistence_qi__c80__h1,0.8,1.0,2013-09,6,Month-wise oracle,rolling_group_norm,0.0813688871256082
Persistence,London,persistence_qi__c80__h1,0.8,1.0,2013-10,7,CSGR,rolling_user_norm,0.0790769030425944
Persistence,London,persistence_qi__c80__h1,0.8,1.0,2013-10,7,Mean-fold minimum,rolling_user_norm,0.0790769030425944
Persistence,London,persistence_qi__c80__h1,0.8,1.0,2013-10,7,Latest-fold minimum,rolling_user_norm,0.0790769030425944
Persistence,London,persistence_qi__c80__h1,0.8,1.0,2013-10,7,Previous-window winner,rolling_group_norm,0.0802550331679127
Persistence,London,persistence_qi__c80__h1,0.8,1.0,2013-10,7,Follow-the-leader,rolling_user_norm,0.0790769030425944
Persistence,London,persistence_qi__c80__h1,0.8,1.0,2013-10,7,Global-CQR,rolling_global_norm,0.0856987982675404
Persistence,London,persistence_qi__c80__h1,0.8,1.0,2013-10,7,Segment-CQR,rolling_group_norm,0.0802550331679127
Persistence,London,persistence_qi__c80__h1,0.8,1.0,2013-10,7,User-CQR,rolling_user_norm,0.0790769030425944
Persistence,London,persistence_qi__c80__h1,0.8,1.0,2013-10,7,Ex-post best fixed,rolling_user_norm,0.0790769030425944
Persistence,London,persistence_qi__c80__h1,0.8,1.0,2013-10,7,Month-wise oracle,rolling_user_norm,0.0790769030425944
Persistence,London,persistence_qi__c80__h1,0.8,1.0,2013-11,8,CSGR,rolling_user_norm,0.106377990149547
Persistence,London,persistence_qi__c80__h1,0.8,1.0,2013-11,8,Mean-fold minimum,rolling_user_norm,0.106377990149547
Persistence,London,persistence_qi__c80__h1,0.8,1.0,2013-11,8,Latest-fold minimum,rolling_user_norm,0.106377990149547
Persistence,London,persistence_qi__c80__h1,0.8,1.0,2013-11,8,Previous-window winner,rolling_user_norm,0.106377990149547
Persistence,London,persistence_qi__c80__h1,0.8,1.0,2013-11,8,Follow-the-leader,rolling_user_norm,0.106377990149547
Persistence,London,persistence_qi__c80__h1,0.8,1.0,2013-11,8,Global-CQR,rolling_global_norm,0.093224403623812
Persistence,London,persistence_qi__c80__h1,0.8,1.0,2013-11,8,Segment-CQR,rolling_group_norm,0.1047491449845464
Persistence,London,persistence_qi__c80__h1,0.8,1.0,2013-11,8,User-CQR,rolling_user_norm,0.106377990149547
Persistence,London,persistence_qi__c80__h1,0.8,1.0,2013-11,8,Ex-post best fixed,rolling_user_norm,0.106377990149547
Persistence,London,persistence_qi__c80__h1,0.8,1.0,2013-11,8,Month-wise oracle,rolling_global_norm,0.093224403623812
Persistence,London,persistence_qi__c80__h1,0.8,1.0,2013-12,9,CSGR,rolling_global_norm,0.0759077328972071
Persistence,London,persistence_qi__c80__h1,0.8,1.0,2013-12,9,Mean-fold minimum,rolling_user_norm,0.0696162414659795
Persistence,London,persistence_qi__c80__h1,0.8,1.0,2013-12,9,Latest-fold minimum,rolling_user_norm,0.0696162414659795
Persistence,London,persistence_qi__c80__h1,0.8,1.0,2013-12,9,Previous-window winner,rolling_global_norm,0.0759077328972071
Persistence,London,persistence_qi__c80__h1,0.8,1.0,2013-12,9,Follow-the-leader,rolling_user_norm,0.0696162414659795
Persistence,London,persistence_qi__c80__h1,0.8,1.0,2013-12,9,Global-CQR,rolling_global_norm,0.0759077328972071
Persistence,London,persistence_qi__c80__h1,0.8,1.0,2013-12,9,Segment-CQR,rolling_group_norm,0.0757997431020442
Persistence,London,persistence_qi__c80__h1,0.8,1.0,2013-12,9,User-CQR,rolling_user_norm,0.0696162414659795
Persistence,London,persistence_qi__c80__h1,0.8,1.0,2013-12,9,Ex-post best fixed,rolling_user_norm,0.0696162414659795
Persistence,London,persistence_qi__c80__h1,0.8,1.0,2013-12,9,Month-wise oracle,rolling_user_norm,0.0696162414659795
Persistence,London,persistence_qi__c80__h1,0.8,1.0,2014-01,10,CSGR,rolling_user_norm,0.0583633150856644
Persistence,London,persistence_qi__c80__h1,0.8,1.0,2014-01,10,Mean-fold minimum,rolling_user_norm,0.0583633150856644
Persistence,London,persistence_qi__c80__h1,0.8,1.0,2014-01,10,Latest-fold minimum,rolling_user_norm,0.0583633150856644
Persistence,London,persistence_qi__c80__h1,0.8,1.0,2014-01,10,Previous-window winner,rolling_user_norm,0.0583633150856644
Persistence,London,persistence_qi__c80__h1,0.8,1.0,2014-01,10,Follow-the-leader,rolling_user_norm,0.0583633150856644
Persistence,London,persistence_qi__c80__h1,0.8,1.0,2014-01,10,Global-CQR,rolling_global_norm,0.0773890843994654
Persistence,London,persistence_qi__c80__h1,0.8,1.0,2014-01,10,Segment-CQR,rolling_group_norm,0.0704680459213255
Persistence,London,persistence_qi__c80__h1,0.8,1.0,2014-01,10,User-CQR,rolling_user_norm,0.0583633150856644
Persistence,London,persistence_qi__c80__h1,0.8,1.0,2014-01,10,Ex-post best fixed,rolling_user_norm,0.0583633150856644
Persistence,London,persistence_qi__c80__h1,0.8,1.0,2014-01,10,Month-wise oracle,rolling_user_norm,0.0583633150856644
Persistence,London,persistence_qi__c80__h6,0.8,6.0,2013-03,0,CSGR,rolling_user_norm,0.0828875172023389
Persistence,London,persistence_qi__c80__h6,0.8,6.0,2013-03,0,Mean-fold minimum,rolling_user_norm,0.0828875172023389
Persistence,London,persistence_qi__c80__h6,0.8,6.0,2013-03,0,Latest-fold minimum,rolling_user_norm,0.0828875172023389
Persistence,London,persistence_qi__c80__h6,0.8,6.0,2013-03,0,Previous-window winner,rolling_global_norm,0.122979775278305
Persistence,London,persistence_qi__c80__h6,0.8,6.0,2013-03,0,Follow-the-leader,rolling_global_norm,0.122979775278305
Persistence,London,persistence_qi__c80__h6,0.8,6.0,2013-03,0,Global-CQR,rolling_global_norm,0.122979775278305
Persistence,London,persistence_qi__c80__h6,0.8,6.0,2013-03,0,Segment-CQR,rolling_group_norm,0.0951915589725592
Persistence,London,persistence_qi__c80__h6,0.8,6.0,2013-03,0,User-CQR,rolling_user_norm,0.0828875172023389
Persistence,London,persistence_qi__c80__h6,0.8,6.0,2013-03,0,Ex-post best fixed,rolling_user_norm,0.0828875172023389
Persistence,London,persistence_qi__c80__h6,0.8,6.0,2013-03,0,Month-wise oracle,rolling_user_norm,0.0828875172023389
Persistence,London,persistence_qi__c80__h6,0.8,6.0,2013-04,1,CSGR,rolling_user_norm,0.1117283343534272
Persistence,London,persistence_qi__c80__h6,0.8,6.0,2013-04,1,Mean-fold minimum,rolling_user_norm,0.1117283343534272
Persistence,London,persistence_qi__c80__h6,0.8,6.0,2013-04,1,Latest-fold minimum,rolling_user_norm,0.1117283343534272
Persistence,London,persistence_qi__c80__h6,0.8,6.0,2013-04,1,Previous-window winner,rolling_user_norm,0.1117283343534272
Persistence,London,persistence_qi__c80__h6,0.8,6.0,2013-04,1,Follow-the-leader,rolling_user_norm,0.1117283343534272
Persistence,London,persistence_qi__c80__h6,0.8,6.0,2013-04,1,Global-CQR,rolling_global_norm,0.1131293394499067
Persistence,London,persistence_qi__c80__h6,0.8,6.0,2013-04,1,Segment-CQR,rolling_group_norm,0.1161472724823094
Persistence,London,persistence_qi__c80__h6,0.8,6.0,2013-04,1,User-CQR,rolling_user_norm,0.1117283343534272
Persistence,London,persistence_qi__c80__h6,0.8,6.0,2013-04,1,Ex-post best fixed,rolling_user_norm,0.1117283343534272
Persistence,London,persistence_qi__c80__h6,0.8,6.0,2013-04,1,Month-wise oracle,rolling_user_norm,0.1117283343534272
Persistence,London,persistence_qi__c80__h6,0.8,6.0,2013-05,2,CSGR,rolling_global_norm,0.1191578748791934
Persistence,London,persistence_qi__c80__h6,0.8,6.0,2013-05,2,Mean-fold minimum,rolling_global_norm,0.1191578748791934
Persistence,London,persistence_qi__c80__h6,0.8,6.0,2013-05,2,Latest-fold minimum,rolling_global_norm,0.1191578748791934
Persistence,London,persistence_qi__c80__h6,0.8,6.0,2013-05,2,Previous-window winner,rolling_user_norm,0.1283304370573648
Persistence,London,persistence_qi__c80__h6,0.8,6.0,2013-05,2,Follow-the-leader,rolling_user_norm,0.1283304370573648
Persistence,London,persistence_qi__c80__h6,0.8,6.0,2013-05,2,Global-CQR,rolling_global_norm,0.1191578748791934
Persistence,London,persistence_qi__c80__h6,0.8,6.0,2013-05,2,Segment-CQR,rolling_group_norm,0.1359833769124139
Persistence,London,persistence_qi__c80__h6,0.8,6.0,2013-05,2,User-CQR,rolling_user_norm,0.1283304370573648
Persistence,London,persistence_qi__c80__h6,0.8,6.0,2013-05,2,Ex-post best fixed,rolling_user_norm,0.1283304370573648
Persistence,London,persistence_qi__c80__h6,0.8,6.0,2013-05,2,Month-wise oracle,rolling_global_norm,0.1191578748791934
Persistence,London,persistence_qi__c80__h6,0.8,6.0,2013-06,3,CSGR,rolling_user_norm,0.1048429465245275
Persistence,London,persistence_qi__c80__h6,0.8,6.0,2013-06,3,Mean-fold minimum,rolling_user_norm,0.1048429465245275
Persistence,London,persistence_qi__c80__h6,0.8,6.0,2013-06,3,Latest-fold minimum,rolling_user_norm,0.1048429465245275
Persistence,London,persistence_qi__c80__h6,0.8,6.0,2013-06,3,Previous-window winner,rolling_global_norm,0.1186698393853905
Persistence,London,persistence_qi__c80__h6,0.8,6.0,2013-06,3,Follow-the-leader,rolling_user_norm,0.1048429465245275
Persistence,London,persistence_qi__c80__h6,0.8,6.0,2013-06,3,Global-CQR,rolling_global_norm,0.1186698393853905
Persistence,London,persistence_qi__c80__h6,0.8,6.0,2013-06,3,Segment-CQR,rolling_group_norm,0.1146696833728085
Persistence,London,persistence_qi__c80__h6,0.8,6.0,2013-06,3,User-CQR,rolling_user_norm,0.1048429465245275
Persistence,London,persistence_qi__c80__h6,0.8,6.0,2013-06,3,Ex-post best fixed,rolling_user_norm,0.1048429465245275
Persistence,London,persistence_qi__c80__h6,0.8,6.0,2013-06,3,Month-wise oracle,rolling_user_norm,0.1048429465245275
Persistence,London,persistence_qi__c80__h6,0.8,6.0,2013-07,4,CSGR,rolling_user_norm,0.098588058847144
Persistence,London,persistence_qi__c80__h6,0.8,6.0,2013-07,4,Mean-fold minimum,rolling_user_norm,0.098588058847144
Persistence,London,persistence_qi__c80__h6,0.8,6.0,2013-07,4,Latest-fold minimum,rolling_user_norm,0.098588058847144
Persistence,London,persistence_qi__c80__h6,0.8,6.0,2013-07,4,Previous-window winner,rolling_user_norm,0.098588058847144
Persistence,London,persistence_qi__c80__h6,0.8,6.0,2013-07,4,Follow-the-leader,rolling_user_norm,0.098588058847144
Persistence,London,persistence_qi__c80__h6,0.8,6.0,2013-07,4,Global-CQR,rolling_global_norm,0.1298894685227603
Persistence,London,persistence_qi__c80__h6,0.8,6.0,2013-07,4,Segment-CQR,rolling_group_norm,0.1109487029821812
Persistence,London,persistence_qi__c80__h6,0.8,6.0,2013-07,4,User-CQR,rolling_user_norm,0.098588058847144
Persistence,London,persistence_qi__c80__h6,0.8,6.0,2013-07,4,Ex-post best fixed,rolling_user_norm,0.098588058847144
Persistence,London,persistence_qi__c80__h6,0.8,6.0,2013-07,4,Month-wise oracle,rolling_user_norm,0.098588058847144
Persistence,London,persistence_qi__c80__h6,0.8,6.0,2013-08,5,CSGR,rolling_user_norm,0.0643533314965168
Persistence,London,persistence_qi__c80__h6,0.8,6.0,2013-08,5,Mean-fold minimum,rolling_user_norm,0.0643533314965168
Persistence,London,persistence_qi__c80__h6,0.8,6.0,2013-08,5,Latest-fold minimum,rolling_user_norm,0.0643533314965168
Persistence,London,persistence_qi__c80__h6,0.8,6.0,2013-08,5,Previous-window winner,rolling_user_norm,0.0643533314965168
Persistence,London,persistence_qi__c80__h6,0.8,6.0,2013-08,5,Follow-the-leader,rolling_user_norm,0.0643533314965168
Persistence,London,persistence_qi__c80__h6,0.8,6.0,2013-08,5,Global-CQR,rolling_global_norm,0.1222866385953369
Persistence,London,persistence_qi__c80__h6,0.8,6.0,2013-08,5,Segment-CQR,rolling_group_norm,0.0848102533278372
Persistence,London,persistence_qi__c80__h6,0.8,6.0,2013-08,5,User-CQR,rolling_user_norm,0.0643533314965168
Persistence,London,persistence_qi__c80__h6,0.8,6.0,2013-08,5,Ex-post best fixed,rolling_user_norm,0.0643533314965168
Persistence,London,persistence_qi__c80__h6,0.8,6.0,2013-08,5,Month-wise oracle,rolling_user_norm,0.0643533314965168
Persistence,London,persistence_qi__c80__h6,0.8,6.0,2013-09,6,CSGR,rolling_user_norm,0.1243758286395171
Persistence,London,persistence_qi__c80__h6,0.8,6.0,2013-09,6,Mean-fold minimum,rolling_user_norm,0.1243758286395171
Persistence,London,persistence_qi__c80__h6,0.8,6.0,2013-09,6,Latest-fold minimum,rolling_user_norm,0.1243758286395171
Persistence,London,persistence_qi__c80__h6,0.8,6.0,2013-09,6,Previous-window winner,rolling_user_norm,0.1243758286395171
Persistence,London,persistence_qi__c80__h6,0.8,6.0,2013-09,6,Follow-the-leader,rolling_user_norm,0.1243758286395171
Persistence,London,persistence_qi__c80__h6,0.8,6.0,2013-09,6,Global-CQR,rolling_global_norm,0.1235550976423335
Persistence,London,persistence_qi__c80__h6,0.8,6.0,2013-09,6,Segment-CQR,rolling_group_norm,0.1215409933992031
Persistence,London,persistence_qi__c80__h6,0.8,6.0,2013-09,6,User-CQR,rolling_user_norm,0.1243758286395171
Persistence,London,persistence_qi__c80__h6,0.8,6.0,2013-09,6,Ex-post best fixed,rolling_user_norm,0.1243758286395171
Persistence,London,persistence_qi__c80__h6,0.8,6.0,2013-09,6,Month-wise oracle,rolling_group_norm,0.1215409933992031
Persistence,London,persistence_qi__c80__h6,0.8,6.0,2013-10,7,CSGR,rolling_global_norm,0.1245869240324498
Persistence,London,persistence_qi__c80__h6,0.8,6.0,2013-10,7,Mean-fold minimum,rolling_global_norm,0.1245869240324498
Persistence,London,persistence_qi__c80__h6,0.8,6.0,2013-10,7,Latest-fold minimum,rolling_user_norm,0.1238461894467478
Persistence,London,persistence_qi__c80__h6,0.8,6.0,2013-10,7,Previous-window winner,rolling_group_norm,0.1225361617298905
Persistence,London,persistence_qi__c80__h6,0.8,6.0,2013-10,7,Follow-the-leader,rolling_user_norm,0.1238461894467478
Persistence,London,persistence_qi__c80__h6,0.8,6.0,2013-10,7,Global-CQR,rolling_global_norm,0.1245869240324498
Persistence,London,persistence_qi__c80__h6,0.8,6.0,2013-10,7,Segment-CQR,rolling_group_norm,0.1225361617298905
Persistence,London,persistence_qi__c80__h6,0.8,6.0,2013-10,7,User-CQR,rolling_user_norm,0.1238461894467478
Persistence,London,persistence_qi__c80__h6,0.8,6.0,2013-10,7,Ex-post best fixed,rolling_user_norm,0.1238461894467478
Persistence,London,persistence_qi__c80__h6,0.8,6.0,2013-10,7,Month-wise oracle,rolling_group_norm,0.1225361617298905
Persistence,London,persistence_qi__c80__h6,0.8,6.0,2013-11,8,CSGR,rolling_user_norm,0.1798821078034577
Persistence,London,persistence_qi__c80__h6,0.8,6.0,2013-11,8,Mean-fold minimum,rolling_user_norm,0.1798821078034577
Persistence,London,persistence_qi__c80__h6,0.8,6.0,2013-11,8,Latest-fold minimum,rolling_user_norm,0.1798821078034577
Persistence,London,persistence_qi__c80__h6,0.8,6.0,2013-11,8,Previous-window winner,rolling_group_norm,0.1739199981052279
Persistence,London,persistence_qi__c80__h6,0.8,6.0,2013-11,8,Follow-the-leader,rolling_user_norm,0.1798821078034577
Persistence,London,persistence_qi__c80__h6,0.8,6.0,2013-11,8,Global-CQR,rolling_global_norm,0.1390703064320217
Persistence,London,persistence_qi__c80__h6,0.8,6.0,2013-11,8,Segment-CQR,rolling_group_norm,0.1739199981052279
Persistence,London,persistence_qi__c80__h6,0.8,6.0,2013-11,8,User-CQR,rolling_user_norm,0.1798821078034577
Persistence,London,persistence_qi__c80__h6,0.8,6.0,2013-11,8,Ex-post best fixed,rolling_user_norm,0.1798821078034577
Persistence,London,persistence_qi__c80__h6,0.8,6.0,2013-11,8,Month-wise oracle,rolling_global_norm,0.1390703064320217
Persistence,London,persistence_qi__c80__h6,0.8,6.0,2013-12,9,CSGR,rolling_global_norm,0.1230798119033873
Persistence,London,persistence_qi__c80__h6,0.8,6.0,2013-12,9,Mean-fold minimum,rolling_global_norm,0.1230798119033873
Persistence,London,persistence_qi__c80__h6,0.8,6.0,2013-12,9,Latest-fold minimum,rolling_global_norm,0.1230798119033873
Persistence,London,persistence_qi__c80__h6,0.8,6.0,2013-12,9,Previous-window winner,rolling_global_norm,0.1230798119033873
Persistence,London,persistence_qi__c80__h6,0.8,6.0,2013-12,9,Follow-the-leader,rolling_user_norm,0.1254038046832677
Persistence,London,persistence_qi__c80__h6,0.8,6.0,2013-12,9,Global-CQR,rolling_global_norm,0.1230798119033873
Persistence,London,persistence_qi__c80__h6,0.8,6.0,2013-12,9,Segment-CQR,rolling_group_norm,0.1282833886414966
Persistence,London,persistence_qi__c80__h6,0.8,6.0,2013-12,9,User-CQR,rolling_user_norm,0.1254038046832677
Persistence,London,persistence_qi__c80__h6,0.8,6.0,2013-12,9,Ex-post best fixed,rolling_user_norm,0.1254038046832677
Persistence,London,persistence_qi__c80__h6,0.8,6.0,2013-12,9,Month-wise oracle,rolling_global_norm,0.1230798119033873
Persistence,London,persistence_qi__c80__h6,0.8,6.0,2014-01,10,CSGR,rolling_user_norm,0.0833098097652918
Persistence,London,persistence_qi__c80__h6,0.8,6.0,2014-01,10,Mean-fold minimum,rolling_user_norm,0.0833098097652918
Persistence,London,persistence_qi__c80__h6,0.8,6.0,2014-01,10,Latest-fold minimum,rolling_user_norm,0.0833098097652918
Persistence,London,persistence_qi__c80__h6,0.8,6.0,2014-01,10,Previous-window winner,rolling_global_norm,0.1156443765974003
Persistence,London,persistence_qi__c80__h6,0.8,6.0,2014-01,10,Follow-the-leader,rolling_user_norm,0.0833098097652918
Persistence,London,persistence_qi__c80__h6,0.8,6.0,2014-01,10,Global-CQR,rolling_global_norm,0.1156443765974003
Persistence,London,persistence_qi__c80__h6,0.8,6.0,2014-01,10,Segment-CQR,rolling_group_norm,0.0994085986817098
Persistence,London,persistence_qi__c80__h6,0.8,6.0,2014-01,10,User-CQR,rolling_user_norm,0.0833098097652918
Persistence,London,persistence_qi__c80__h6,0.8,6.0,2014-01,10,Ex-post best fixed,rolling_user_norm,0.0833098097652918
Persistence,London,persistence_qi__c80__h6,0.8,6.0,2014-01,10,Month-wise oracle,rolling_user_norm,0.0833098097652918
Persistence,London,persistence_qi__c90__h1,0.9,1.0,2013-03,0,CSGR,rolling_user_norm,0.0708398354245768
Persistence,London,persistence_qi__c90__h1,0.9,1.0,2013-03,0,Mean-fold minimum,rolling_user_norm,0.0708398354245768
Persistence,London,persistence_qi__c90__h1,0.9,1.0,2013-03,0,Latest-fold minimum,rolling_user_norm,0.0708398354245768
Persistence,London,persistence_qi__c90__h1,0.9,1.0,2013-03,0,Previous-window winner,rolling_global_norm,0.0813717117216857
Persistence,London,persistence_qi__c90__h1,0.9,1.0,2013-03,0,Follow-the-leader,rolling_global_norm,0.0813717117216857
Persistence,London,persistence_qi__c90__h1,0.9,1.0,2013-03,0,Global-CQR,rolling_global_norm,0.0813717117216857
Persistence,London,persistence_qi__c90__h1,0.9,1.0,2013-03,0,Segment-CQR,rolling_group_norm,0.075821214240579
Persistence,London,persistence_qi__c90__h1,0.9,1.0,2013-03,0,User-CQR,rolling_user_norm,0.0708398354245768
Persistence,London,persistence_qi__c90__h1,0.9,1.0,2013-03,0,Ex-post best fixed,rolling_user_norm,0.0708398354245768
Persistence,London,persistence_qi__c90__h1,0.9,1.0,2013-03,0,Month-wise oracle,rolling_user_norm,0.0708398354245768
Persistence,London,persistence_qi__c90__h1,0.9,1.0,2013-04,1,CSGR,rolling_user_norm,0.0754985833359378
Persistence,London,persistence_qi__c90__h1,0.9,1.0,2013-04,1,Mean-fold minimum,rolling_user_norm,0.0754985833359378
Persistence,London,persistence_qi__c90__h1,0.9,1.0,2013-04,1,Latest-fold minimum,rolling_user_norm,0.0754985833359378
Persistence,London,persistence_qi__c90__h1,0.9,1.0,2013-04,1,Previous-window winner,rolling_user_norm,0.0754985833359378
Persistence,London,persistence_qi__c90__h1,0.9,1.0,2013-04,1,Follow-the-leader,rolling_user_norm,0.0754985833359378
Persistence,London,persistence_qi__c90__h1,0.9,1.0,2013-04,1,Global-CQR,rolling_global_norm,0.0765880406096771
Persistence,London,persistence_qi__c90__h1,0.9,1.0,2013-04,1,Segment-CQR,rolling_group_norm,0.0778698324607302
Persistence,London,persistence_qi__c90__h1,0.9,1.0,2013-04,1,User-CQR,rolling_user_norm,0.0754985833359378
Persistence,London,persistence_qi__c90__h1,0.9,1.0,2013-04,1,Ex-post best fixed,rolling_user_norm,0.0754985833359378
Persistence,London,persistence_qi__c90__h1,0.9,1.0,2013-04,1,Month-wise oracle,rolling_user_norm,0.0754985833359378
Persistence,London,persistence_qi__c90__h1,0.9,1.0,2013-05,2,CSGR,rolling_global_norm,0.0766954004459453
Persistence,London,persistence_qi__c90__h1,0.9,1.0,2013-05,2,Mean-fold minimum,rolling_user_norm,0.0788488465588325
Persistence,London,persistence_qi__c90__h1,0.9,1.0,2013-05,2,Latest-fold minimum,rolling_global_norm,0.0766954004459453
Persistence,London,persistence_qi__c90__h1,0.9,1.0,2013-05,2,Previous-window winner,rolling_user_norm,0.0788488465588325
Persistence,London,persistence_qi__c90__h1,0.9,1.0,2013-05,2,Follow-the-leader,rolling_user_norm,0.0788488465588325
Persistence,London,persistence_qi__c90__h1,0.9,1.0,2013-05,2,Global-CQR,rolling_global_norm,0.0766954004459453
Persistence,London,persistence_qi__c90__h1,0.9,1.0,2013-05,2,Segment-CQR,rolling_group_norm,0.0812643534031538
Persistence,London,persistence_qi__c90__h1,0.9,1.0,2013-05,2,User-CQR,rolling_user_norm,0.0788488465588325
Persistence,London,persistence_qi__c90__h1,0.9,1.0,2013-05,2,Ex-post best fixed,rolling_user_norm,0.0788488465588325
Persistence,London,persistence_qi__c90__h1,0.9,1.0,2013-05,2,Month-wise oracle,rolling_global_norm,0.0766954004459453
Persistence,London,persistence_qi__c90__h1,0.9,1.0,2013-06,3,CSGR,rolling_user_norm,0.0732261314343362
Persistence,London,persistence_qi__c90__h1,0.9,1.0,2013-06,3,Mean-fold minimum,rolling_user_norm,0.0732261314343362
Persistence,London,persistence_qi__c90__h1,0.9,1.0,2013-06,3,Latest-fold minimum,rolling_user_norm,0.0732261314343362
Persistence,London,persistence_qi__c90__h1,0.9,1.0,2013-06,3,Previous-window winner,rolling_global_norm,0.0774587707373558
Persistence,London,persistence_qi__c90__h1,0.9,1.0,2013-06,3,Follow-the-leader,rolling_user_norm,0.0732261314343362
Persistence,London,persistence_qi__c90__h1,0.9,1.0,2013-06,3,Global-CQR,rolling_global_norm,0.0774587707373558
Persistence,London,persistence_qi__c90__h1,0.9,1.0,2013-06,3,Segment-CQR,rolling_group_norm,0.0769926945564722
Persistence,London,persistence_qi__c90__h1,0.9,1.0,2013-06,3,User-CQR,rolling_user_norm,0.0732261314343362
Persistence,London,persistence_qi__c90__h1,0.9,1.0,2013-06,3,Ex-post best fixed,rolling_user_norm,0.0732261314343362
Persistence,London,persistence_qi__c90__h1,0.9,1.0,2013-06,3,Month-wise oracle,rolling_user_norm,0.0732261314343362
Persistence,London,persistence_qi__c90__h1,0.9,1.0,2013-07,4,CSGR,rolling_user_norm,0.0705616516470035
Persistence,London,persistence_qi__c90__h1,0.9,1.0,2013-07,4,Mean-fold minimum,rolling_user_norm,0.0705616516470035
Persistence,London,persistence_qi__c90__h1,0.9,1.0,2013-07,4,Latest-fold minimum,rolling_user_norm,0.0705616516470035
Persistence,London,persistence_qi__c90__h1,0.9,1.0,2013-07,4,Previous-window winner,rolling_user_norm,0.0705616516470035
Persistence,London,persistence_qi__c90__h1,0.9,1.0,2013-07,4,Follow-the-leader,rolling_user_norm,0.0705616516470035
Persistence,London,persistence_qi__c90__h1,0.9,1.0,2013-07,4,Global-CQR,rolling_global_norm,0.0817074300307205
Persistence,London,persistence_qi__c90__h1,0.9,1.0,2013-07,4,Segment-CQR,rolling_group_norm,0.0763692806498042
Persistence,London,persistence_qi__c90__h1,0.9,1.0,2013-07,4,User-CQR,rolling_user_norm,0.0705616516470035
Persistence,London,persistence_qi__c90__h1,0.9,1.0,2013-07,4,Ex-post best fixed,rolling_user_norm,0.0705616516470035
Persistence,London,persistence_qi__c90__h1,0.9,1.0,2013-07,4,Month-wise oracle,rolling_user_norm,0.0705616516470035
Persistence,London,persistence_qi__c90__h1,0.9,1.0,2013-08,5,CSGR,rolling_user_norm,0.0589206765785622
Persistence,London,persistence_qi__c90__h1,0.9,1.0,2013-08,5,Mean-fold minimum,rolling_user_norm,0.0589206765785622
Persistence,London,persistence_qi__c90__h1,0.9,1.0,2013-08,5,Latest-fold minimum,rolling_user_norm,0.0589206765785622
Persistence,London,persistence_qi__c90__h1,0.9,1.0,2013-08,5,Previous-window winner,rolling_user_norm,0.0589206765785622
Persistence,London,persistence_qi__c90__h1,0.9,1.0,2013-08,5,Follow-the-leader,rolling_user_norm,0.0589206765785622
Persistence,London,persistence_qi__c90__h1,0.9,1.0,2013-08,5,Global-CQR,rolling_global_norm,0.0774578254901869
Persistence,London,persistence_qi__c90__h1,0.9,1.0,2013-08,5,Segment-CQR,rolling_group_norm,0.0677063173235778
Persistence,London,persistence_qi__c90__h1,0.9,1.0,2013-08,5,User-CQR,rolling_user_norm,0.0589206765785622
Persistence,London,persistence_qi__c90__h1,0.9,1.0,2013-08,5,Ex-post best fixed,rolling_user_norm,0.0589206765785622
Persistence,London,persistence_qi__c90__h1,0.9,1.0,2013-08,5,Month-wise oracle,rolling_user_norm,0.0589206765785622
Persistence,London,persistence_qi__c90__h1,0.9,1.0,2013-09,6,CSGR,rolling_user_norm,0.0824835069124989
Persistence,London,persistence_qi__c90__h1,0.9,1.0,2013-09,6,Mean-fold minimum,rolling_user_norm,0.0824835069124989
Persistence,London,persistence_qi__c90__h1,0.9,1.0,2013-09,6,Latest-fold minimum,rolling_user_norm,0.0824835069124989
Persistence,London,persistence_qi__c90__h1,0.9,1.0,2013-09,6,Previous-window winner,rolling_user_norm,0.0824835069124989
Persistence,London,persistence_qi__c90__h1,0.9,1.0,2013-09,6,Follow-the-leader,rolling_user_norm,0.0824835069124989
Persistence,London,persistence_qi__c90__h1,0.9,1.0,2013-09,6,Global-CQR,rolling_global_norm,0.0794615398377426
Persistence,London,persistence_qi__c90__h1,0.9,1.0,2013-09,6,Segment-CQR,rolling_group_norm,0.0800792446358382
Persistence,London,persistence_qi__c90__h1,0.9,1.0,2013-09,6,User-CQR,rolling_user_norm,0.0824835069124989
Persistence,London,persistence_qi__c90__h1,0.9,1.0,2013-09,6,Ex-post best fixed,rolling_user_norm,0.0824835069124989
Persistence,London,persistence_qi__c90__h1,0.9,1.0,2013-09,6,Month-wise oracle,rolling_global_norm,0.0794615398377426
Persistence,London,persistence_qi__c90__h1,0.9,1.0,2013-10,7,CSGR,rolling_global_norm,0.0841643901051951
Persistence,London,persistence_qi__c90__h1,0.9,1.0,2013-10,7,Mean-fold minimum,rolling_global_norm,0.0841643901051951
Persistence,London,persistence_qi__c90__h1,0.9,1.0,2013-10,7,Latest-fold minimum,rolling_user_norm,0.0824582316759025
Persistence,London,persistence_qi__c90__h1,0.9,1.0,2013-10,7,Previous-window winner,rolling_global_norm,0.0841643901051951
Persistence,London,persistence_qi__c90__h1,0.9,1.0,2013-10,7,Follow-the-leader,rolling_user_norm,0.0824582316759025
Persistence,London,persistence_qi__c90__h1,0.9,1.0,2013-10,7,Global-CQR,rolling_global_norm,0.0841643901051951
Persistence,London,persistence_qi__c90__h1,0.9,1.0,2013-10,7,Segment-CQR,rolling_group_norm,0.0822130972730635
Persistence,London,persistence_qi__c90__h1,0.9,1.0,2013-10,7,User-CQR,rolling_user_norm,0.0824582316759025
Persistence,London,persistence_qi__c90__h1,0.9,1.0,2013-10,7,Ex-post best fixed,rolling_user_norm,0.0824582316759025
Persistence,London,persistence_qi__c90__h1,0.9,1.0,2013-10,7,Month-wise oracle,rolling_group_norm,0.0822130972730635
Persistence,London,persistence_qi__c90__h1,0.9,1.0,2013-11,8,CSGR,rolling_user_norm,0.1048675584371268
Persistence,London,persistence_qi__c90__h1,0.9,1.0,2013-11,8,Mean-fold minimum,rolling_user_norm,0.1048675584371268
Persistence,London,persistence_qi__c90__h1,0.9,1.0,2013-11,8,Latest-fold minimum,rolling_user_norm,0.1048675584371268
Persistence,London,persistence_qi__c90__h1,0.9,1.0,2013-11,8,Previous-window winner,rolling_group_norm,0.101119675307904
Persistence,London,persistence_qi__c90__h1,0.9,1.0,2013-11,8,Follow-the-leader,rolling_user_norm,0.1048675584371268
Persistence,London,persistence_qi__c90__h1,0.9,1.0,2013-11,8,Global-CQR,rolling_global_norm,0.0899640828351058
Persistence,London,persistence_qi__c90__h1,0.9,1.0,2013-11,8,Segment-CQR,rolling_group_norm,0.101119675307904
Persistence,London,persistence_qi__c90__h1,0.9,1.0,2013-11,8,User-CQR,rolling_user_norm,0.1048675584371268
Persistence,London,persistence_qi__c90__h1,0.9,1.0,2013-11,8,Ex-post best fixed,rolling_user_norm,0.1048675584371268
Persistence,London,persistence_qi__c90__h1,0.9,1.0,2013-11,8,Month-wise oracle,rolling_global_norm,0.0899640828351058
Persistence,London,persistence_qi__c90__h1,0.9,1.0,2013-12,9,CSGR,rolling_global_norm,0.0813621503124943
Persistence,London,persistence_qi__c90__h1,0.9,1.0,2013-12,9,Mean-fold minimum,rolling_global_norm,0.0813621503124943
Persistence,London,persistence_qi__c90__h1,0.9,1.0,2013-12,9,Latest-fold minimum,rolling_user_norm,0.0787583529306533
Persistence,London,persistence_qi__c90__h1,0.9,1.0,2013-12,9,Previous-window winner,rolling_global_norm,0.0813621503124943
Persistence,London,persistence_qi__c90__h1,0.9,1.0,2013-12,9,Follow-the-leader,rolling_user_norm,0.0787583529306533
Persistence,London,persistence_qi__c90__h1,0.9,1.0,2013-12,9,Global-CQR,rolling_global_norm,0.0813621503124943
Persistence,London,persistence_qi__c90__h1,0.9,1.0,2013-12,9,Segment-CQR,rolling_group_norm,0.0823704142526082
Persistence,London,persistence_qi__c90__h1,0.9,1.0,2013-12,9,User-CQR,rolling_user_norm,0.0787583529306533
Persistence,London,persistence_qi__c90__h1,0.9,1.0,2013-12,9,Ex-post best fixed,rolling_user_norm,0.0787583529306533
Persistence,London,persistence_qi__c90__h1,0.9,1.0,2013-12,9,Month-wise oracle,rolling_user_norm,0.0787583529306533
Persistence,London,persistence_qi__c90__h1,0.9,1.0,2014-01,10,CSGR,rolling_user_norm,0.0692655793190931
Persistence,London,persistence_qi__c90__h1,0.9,1.0,2014-01,10,Mean-fold minimum,rolling_user_norm,0.0692655793190931
Persistence,London,persistence_qi__c90__h1,0.9,1.0,2014-01,10,Latest-fold minimum,rolling_user_norm,0.0692655793190931
Persistence,London,persistence_qi__c90__h1,0.9,1.0,2014-01,10,Previous-window winner,rolling_user_norm,0.0692655793190931
Persistence,London,persistence_qi__c90__h1,0.9,1.0,2014-01,10,Follow-the-leader,rolling_user_norm,0.0692655793190931
Persistence,London,persistence_qi__c90__h1,0.9,1.0,2014-01,10,Global-CQR,rolling_global_norm,0.0817452057308501
Persistence,London,persistence_qi__c90__h1,0.9,1.0,2014-01,10,Segment-CQR,rolling_group_norm,0.0782102467145938
Persistence,London,persistence_qi__c90__h1,0.9,1.0,2014-01,10,User-CQR,rolling_user_norm,0.0692655793190931
Persistence,London,persistence_qi__c90__h1,0.9,1.0,2014-01,10,Ex-post best fixed,rolling_user_norm,0.0692655793190931
Persistence,London,persistence_qi__c90__h1,0.9,1.0,2014-01,10,Month-wise oracle,rolling_user_norm,0.0692655793190931
Persistence,London,persistence_qi__c90__h6,0.9,6.0,2013-03,0,CSGR,rolling_user_norm,0.0929440794598112
Persistence,London,persistence_qi__c90__h6,0.9,6.0,2013-03,0,Mean-fold minimum,rolling_user_norm,0.0929440794598112
Persistence,London,persistence_qi__c90__h6,0.9,6.0,2013-03,0,Latest-fold minimum,rolling_user_norm,0.0929440794598112
Persistence,London,persistence_qi__c90__h6,0.9,6.0,2013-03,0,Previous-window winner,rolling_global_norm,0.112747365600542
Persistence,London,persistence_qi__c90__h6,0.9,6.0,2013-03,0,Follow-the-leader,rolling_global_norm,0.112747365600542
Persistence,London,persistence_qi__c90__h6,0.9,6.0,2013-03,0,Global-CQR,rolling_global_norm,0.112747365600542
Persistence,London,persistence_qi__c90__h6,0.9,6.0,2013-03,0,Segment-CQR,rolling_group_norm,0.1006262249616873
Persistence,London,persistence_qi__c90__h6,0.9,6.0,2013-03,0,User-CQR,rolling_user_norm,0.0929440794598112
Persistence,London,persistence_qi__c90__h6,0.9,6.0,2013-03,0,Ex-post best fixed,rolling_user_norm,0.0929440794598112
Persistence,London,persistence_qi__c90__h6,0.9,6.0,2013-03,0,Month-wise oracle,rolling_user_norm,0.0929440794598112
Persistence,London,persistence_qi__c90__h6,0.9,6.0,2013-04,1,CSGR,rolling_user_norm,0.1043051587559536
Persistence,London,persistence_qi__c90__h6,0.9,6.0,2013-04,1,Mean-fold minimum,rolling_user_norm,0.1043051587559536
Persistence,London,persistence_qi__c90__h6,0.9,6.0,2013-04,1,Latest-fold minimum,rolling_user_norm,0.1043051587559536
Persistence,London,persistence_qi__c90__h6,0.9,6.0,2013-04,1,Previous-window winner,rolling_user_norm,0.1043051587559536
Persistence,London,persistence_qi__c90__h6,0.9,6.0,2013-04,1,Follow-the-leader,rolling_user_norm,0.1043051587559536
Persistence,London,persistence_qi__c90__h6,0.9,6.0,2013-04,1,Global-CQR,rolling_global_norm,0.1033629704432346
Persistence,London,persistence_qi__c90__h6,0.9,6.0,2013-04,1,Segment-CQR,rolling_group_norm,0.1065904631957633
Persistence,London,persistence_qi__c90__h6,0.9,6.0,2013-04,1,User-CQR,rolling_user_norm,0.1043051587559536
Persistence,London,persistence_qi__c90__h6,0.9,6.0,2013-04,1,Ex-post best fixed,rolling_user_norm,0.1043051587559536
Persistence,London,persistence_qi__c90__h6,0.9,6.0,2013-04,1,Month-wise oracle,rolling_global_norm,0.1033629704432346
Persistence,London,persistence_qi__c90__h6,0.9,6.0,2013-05,2,CSGR,rolling_global_norm,0.1079210496424539
Persistence,London,persistence_qi__c90__h6,0.9,6.0,2013-05,2,Mean-fold minimum,rolling_global_norm,0.1079210496424539
Persistence,London,persistence_qi__c90__h6,0.9,6.0,2013-05,2,Latest-fold minimum,rolling_global_norm,0.1079210496424539
Persistence,London,persistence_qi__c90__h6,0.9,6.0,2013-05,2,Previous-window winner,rolling_global_norm,0.1079210496424539
Persistence,London,persistence_qi__c90__h6,0.9,6.0,2013-05,2,Follow-the-leader,rolling_user_norm,0.1104107435188635
Persistence,London,persistence_qi__c90__h6,0.9,6.0,2013-05,2,Global-CQR,rolling_global_norm,0.1079210496424539
Persistence,London,persistence_qi__c90__h6,0.9,6.0,2013-05,2,Segment-CQR,rolling_group_norm,0.1137925107059666
Persistence,London,persistence_qi__c90__h6,0.9,6.0,2013-05,2,User-CQR,rolling_user_norm,0.1104107435188635
Persistence,London,persistence_qi__c90__h6,0.9,6.0,2013-05,2,Ex-post best fixed,rolling_user_norm,0.1104107435188635
Persistence,London,persistence_qi__c90__h6,0.9,6.0,2013-05,2,Month-wise oracle,rolling_global_norm,0.1079210496424539
Persistence,London,persistence_qi__c90__h6,0.9,6.0,2013-06,3,CSGR,rolling_user_norm,0.0953128700022107
Persistence,London,persistence_qi__c90__h6,0.9,6.0,2013-06,3,Mean-fold minimum,rolling_user_norm,0.0953128700022107
Persistence,London,persistence_qi__c90__h6,0.9,6.0,2013-06,3,Latest-fold minimum,rolling_user_norm,0.0953128700022107
Persistence,London,persistence_qi__c90__h6,0.9,6.0,2013-06,3,Previous-window winner,rolling_global_norm,0.1044108934559821
Persistence,London,persistence_qi__c90__h6,0.9,6.0,2013-06,3,Follow-the-leader,rolling_user_norm,0.0953128700022107
Persistence,London,persistence_qi__c90__h6,0.9,6.0,2013-06,3,Global-CQR,rolling_global_norm,0.1044108934559821
Persistence,London,persistence_qi__c90__h6,0.9,6.0,2013-06,3,Segment-CQR,rolling_group_norm,0.1022280814015672
Persistence,London,persistence_qi__c90__h6,0.9,6.0,2013-06,3,User-CQR,rolling_user_norm,0.0953128700022107
Persistence,London,persistence_qi__c90__h6,0.9,6.0,2013-06,3,Ex-post best fixed,rolling_user_norm,0.0953128700022107
Persistence,London,persistence_qi__c90__h6,0.9,6.0,2013-06,3,Month-wise oracle,rolling_user_norm,0.0953128700022107
Persistence,London,persistence_qi__c90__h6,0.9,6.0,2013-07,4,CSGR,rolling_user_norm,0.0885275446955065
Persistence,London,persistence_qi__c90__h6,0.9,6.0,2013-07,4,Mean-fold minimum,rolling_user_norm,0.0885275446955065
Persistence,London,persistence_qi__c90__h6,0.9,6.0,2013-07,4,Latest-fold minimum,rolling_user_norm,0.0885275446955065
Persistence,London,persistence_qi__c90__h6,0.9,6.0,2013-07,4,Previous-window winner,rolling_user_norm,0.0885275446955065
Persistence,London,persistence_qi__c90__h6,0.9,6.0,2013-07,4,Follow-the-leader,rolling_user_norm,0.0885275446955065
Persistence,London,persistence_qi__c90__h6,0.9,6.0,2013-07,4,Global-CQR,rolling_global_norm,0.1069972611451189
Persistence,London,persistence_qi__c90__h6,0.9,6.0,2013-07,4,Segment-CQR,rolling_group_norm,0.0961112674649578
Persistence,London,persistence_qi__c90__h6,0.9,6.0,2013-07,4,User-CQR,rolling_user_norm,0.0885275446955065
Persistence,London,persistence_qi__c90__h6,0.9,6.0,2013-07,4,Ex-post best fixed,rolling_user_norm,0.0885275446955065
Persistence,London,persistence_qi__c90__h6,0.9,6.0,2013-07,4,Month-wise oracle,rolling_user_norm,0.0885275446955065
Persistence,London,persistence_qi__c90__h6,0.9,6.0,2013-08,5,CSGR,rolling_user_norm,0.0716527360732786
Persistence,London,persistence_qi__c90__h6,0.9,6.0,2013-08,5,Mean-fold minimum,rolling_user_norm,0.0716527360732786
Persistence,London,persistence_qi__c90__h6,0.9,6.0,2013-08,5,Latest-fold minimum,rolling_user_norm,0.0716527360732786
Persistence,London,persistence_qi__c90__h6,0.9,6.0,2013-08,5,Previous-window winner,rolling_user_norm,0.0716527360732786
Persistence,London,persistence_qi__c90__h6,0.9,6.0,2013-08,5,Follow-the-leader,rolling_user_norm,0.0716527360732786
Persistence,London,persistence_qi__c90__h6,0.9,6.0,2013-08,5,Global-CQR,rolling_global_norm,0.101708572657356
Persistence,London,persistence_qi__c90__h6,0.9,6.0,2013-08,5,Segment-CQR,rolling_group_norm,0.0832264919202997
Persistence,London,persistence_qi__c90__h6,0.9,6.0,2013-08,5,User-CQR,rolling_user_norm,0.0716527360732786
Persistence,London,persistence_qi__c90__h6,0.9,6.0,2013-08,5,Ex-post best fixed,rolling_user_norm,0.0716527360732786
Persistence,London,persistence_qi__c90__h6,0.9,6.0,2013-08,5,Month-wise oracle,rolling_user_norm,0.0716527360732786
Persistence,London,persistence_qi__c90__h6,0.9,6.0,2013-09,6,CSGR,rolling_user_norm,0.117368961904817
Persistence,London,persistence_qi__c90__h6,0.9,6.0,2013-09,6,Mean-fold minimum,rolling_user_norm,0.117368961904817
Persistence,London,persistence_qi__c90__h6,0.9,6.0,2013-09,6,Latest-fold minimum,rolling_user_norm,0.117368961904817
Persistence,London,persistence_qi__c90__h6,0.9,6.0,2013-09,6,Previous-window winner,rolling_user_norm,0.117368961904817
Persistence,London,persistence_qi__c90__h6,0.9,6.0,2013-09,6,Follow-the-leader,rolling_user_norm,0.117368961904817
Persistence,London,persistence_qi__c90__h6,0.9,6.0,2013-09,6,Global-CQR,rolling_global_norm,0.1097009182761195
Persistence,London,persistence_qi__c90__h6,0.9,6.0,2013-09,6,Segment-CQR,rolling_group_norm,0.1126445582417257
Persistence,London,persistence_qi__c90__h6,0.9,6.0,2013-09,6,User-CQR,rolling_user_norm,0.117368961904817
Persistence,London,persistence_qi__c90__h6,0.9,6.0,2013-09,6,Ex-post best fixed,rolling_user_norm,0.117368961904817
Persistence,London,persistence_qi__c90__h6,0.9,6.0,2013-09,6,Month-wise oracle,rolling_global_norm,0.1097009182761195
Persistence,London,persistence_qi__c90__h6,0.9,6.0,2013-10,7,CSGR,rolling_global_norm,0.114267541966496
Persistence,London,persistence_qi__c90__h6,0.9,6.0,2013-10,7,Mean-fold minimum,rolling_global_norm,0.114267541966496
Persistence,London,persistence_qi__c90__h6,0.9,6.0,2013-10,7,Latest-fold minimum,rolling_user_norm,0.1169141004168819
Persistence,London,persistence_qi__c90__h6,0.9,6.0,2013-10,7,Previous-window winner,rolling_global_norm,0.114267541966496
Persistence,London,persistence_qi__c90__h6,0.9,6.0,2013-10,7,Follow-the-leader,rolling_user_norm,0.1169141004168819
Persistence,London,persistence_qi__c90__h6,0.9,6.0,2013-10,7,Global-CQR,rolling_global_norm,0.114267541966496
Persistence,London,persistence_qi__c90__h6,0.9,6.0,2013-10,7,Segment-CQR,rolling_group_norm,0.1136025940327469
Persistence,London,persistence_qi__c90__h6,0.9,6.0,2013-10,7,User-CQR,rolling_user_norm,0.1169141004168819
Persistence,London,persistence_qi__c90__h6,0.9,6.0,2013-10,7,Ex-post best fixed,rolling_user_norm,0.1169141004168819
Persistence,London,persistence_qi__c90__h6,0.9,6.0,2013-10,7,Month-wise oracle,rolling_group_norm,0.1136025940327469
Persistence,London,persistence_qi__c90__h6,0.9,6.0,2013-11,8,CSGR,rolling_global_norm,0.1304621811564301
Persistence,London,persistence_qi__c90__h6,0.9,6.0,2013-11,8,Mean-fold minimum,rolling_user_norm,0.1730707425390481
Persistence,London,persistence_qi__c90__h6,0.9,6.0,2013-11,8,Latest-fold minimum,rolling_user_norm,0.1730707425390481
Persistence,London,persistence_qi__c90__h6,0.9,6.0,2013-11,8,Previous-window winner,rolling_group_norm,0.1620080100494089
Persistence,London,persistence_qi__c90__h6,0.9,6.0,2013-11,8,Follow-the-leader,rolling_user_norm,0.1730707425390481
Persistence,London,persistence_qi__c90__h6,0.9,6.0,2013-11,8,Global-CQR,rolling_global_norm,0.1304621811564301
Persistence,London,persistence_qi__c90__h6,0.9,6.0,2013-11,8,Segment-CQR,rolling_group_norm,0.1620080100494089
Persistence,London,persistence_qi__c90__h6,0.9,6.0,2013-11,8,User-CQR,rolling_user_norm,0.1730707425390481
Persistence,London,persistence_qi__c90__h6,0.9,6.0,2013-11,8,Ex-post best fixed,rolling_user_norm,0.1730707425390481
Persistence,London,persistence_qi__c90__h6,0.9,6.0,2013-11,8,Month-wise oracle,rolling_global_norm,0.1304621811564301
Persistence,London,persistence_qi__c90__h6,0.9,6.0,2013-12,9,CSGR,rolling_global_norm,0.1163650807597304
Persistence,London,persistence_qi__c90__h6,0.9,6.0,2013-12,9,Mean-fold minimum,rolling_global_norm,0.1163650807597304
Persistence,London,persistence_qi__c90__h6,0.9,6.0,2013-12,9,Latest-fold minimum,rolling_global_norm,0.1163650807597304
Persistence,London,persistence_qi__c90__h6,0.9,6.0,2013-12,9,Previous-window winner,rolling_global_norm,0.1163650807597304
Persistence,London,persistence_qi__c90__h6,0.9,6.0,2013-12,9,Follow-the-leader,rolling_user_norm,0.1227571006187618
Persistence,London,persistence_qi__c90__h6,0.9,6.0,2013-12,9,Global-CQR,rolling_global_norm,0.1163650807597304
Persistence,London,persistence_qi__c90__h6,0.9,6.0,2013-12,9,Segment-CQR,rolling_group_norm,0.122218619866552
Persistence,London,persistence_qi__c90__h6,0.9,6.0,2013-12,9,User-CQR,rolling_user_norm,0.1227571006187618
Persistence,London,persistence_qi__c90__h6,0.9,6.0,2013-12,9,Ex-post best fixed,rolling_user_norm,0.1227571006187618
Persistence,London,persistence_qi__c90__h6,0.9,6.0,2013-12,9,Month-wise oracle,rolling_global_norm,0.1163650807597304
Persistence,London,persistence_qi__c90__h6,0.9,6.0,2014-01,10,CSGR,rolling_user_norm,0.0943258684282764
Persistence,London,persistence_qi__c90__h6,0.9,6.0,2014-01,10,Mean-fold minimum,rolling_user_norm,0.0943258684282764
Persistence,London,persistence_qi__c90__h6,0.9,6.0,2014-01,10,Latest-fold minimum,rolling_user_norm,0.0943258684282764
Persistence,London,persistence_qi__c90__h6,0.9,6.0,2014-01,10,Previous-window winner,rolling_global_norm,0.1116943610664856
Persistence,London,persistence_qi__c90__h6,0.9,6.0,2014-01,10,Follow-the-leader,rolling_user_norm,0.0943258684282764
Persistence,London,persistence_qi__c90__h6,0.9,6.0,2014-01,10,Global-CQR,rolling_global_norm,0.1116943610664856
Persistence,London,persistence_qi__c90__h6,0.9,6.0,2014-01,10,Segment-CQR,rolling_group_norm,0.1077008445460238
Persistence,London,persistence_qi__c90__h6,0.9,6.0,2014-01,10,User-CQR,rolling_user_norm,0.0943258684282764
Persistence,London,persistence_qi__c90__h6,0.9,6.0,2014-01,10,Ex-post best fixed,rolling_user_norm,0.0943258684282764
Persistence,London,persistence_qi__c90__h6,0.9,6.0,2014-01,10,Month-wise oracle,rolling_user_norm,0.0943258684282764
Persistence,UCI Electricity,persistence_qi__c80__h1,0.8,1.0,2014-01,0,CSGR,rolling_group_norm,0.0486296107622711
Persistence,UCI Electricity,persistence_qi__c80__h1,0.8,1.0,2014-01,0,Mean-fold minimum,rolling_group_norm,0.0486296107622711
Persistence,UCI Electricity,persistence_qi__c80__h1,0.8,1.0,2014-01,0,Latest-fold minimum,rolling_group_norm,0.0486296107622711
Persistence,UCI Electricity,persistence_qi__c80__h1,0.8,1.0,2014-01,0,Previous-window winner,rolling_global_norm,0.0855029851643111
Persistence,UCI Electricity,persistence_qi__c80__h1,0.8,1.0,2014-01,0,Follow-the-leader,rolling_global_norm,0.0855029851643111
Persistence,UCI Electricity,persistence_qi__c80__h1,0.8,1.0,2014-01,0,Global-CQR,rolling_global_norm,0.0855029851643111
Persistence,UCI Electricity,persistence_qi__c80__h1,0.8,1.0,2014-01,0,Segment-CQR,rolling_group_norm,0.0486296107622711
Persistence,UCI Electricity,persistence_qi__c80__h1,0.8,1.0,2014-01,0,User-CQR,rolling_user_norm,0.0504399787913508
Persistence,UCI Electricity,persistence_qi__c80__h1,0.8,1.0,2014-01,0,Ex-post best fixed,rolling_user_norm,0.0504399787913508
Persistence,UCI Electricity,persistence_qi__c80__h1,0.8,1.0,2014-01,0,Month-wise oracle,rolling_group_norm,0.0486296107622711
Persistence,UCI Electricity,persistence_qi__c80__h1,0.8,1.0,2014-02,1,CSGR,rolling_user_norm,0.045662125905545
Persistence,UCI Electricity,persistence_qi__c80__h1,0.8,1.0,2014-02,1,Mean-fold minimum,rolling_user_norm,0.045662125905545
Persistence,UCI Electricity,persistence_qi__c80__h1,0.8,1.0,2014-02,1,Latest-fold minimum,rolling_group_norm,0.0464892199103067
Persistence,UCI Electricity,persistence_qi__c80__h1,0.8,1.0,2014-02,1,Previous-window winner,rolling_group_norm,0.0464892199103067
Persistence,UCI Electricity,persistence_qi__c80__h1,0.8,1.0,2014-02,1,Follow-the-leader,rolling_group_norm,0.0464892199103067
Persistence,UCI Electricity,persistence_qi__c80__h1,0.8,1.0,2014-02,1,Global-CQR,rolling_global_norm,0.0884506057773653
Persistence,UCI Electricity,persistence_qi__c80__h1,0.8,1.0,2014-02,1,Segment-CQR,rolling_group_norm,0.0464892199103067
Persistence,UCI Electricity,persistence_qi__c80__h1,0.8,1.0,2014-02,1,User-CQR,rolling_user_norm,0.045662125905545
Persistence,UCI Electricity,persistence_qi__c80__h1,0.8,1.0,2014-02,1,Ex-post best fixed,rolling_user_norm,0.045662125905545
Persistence,UCI Electricity,persistence_qi__c80__h1,0.8,1.0,2014-02,1,Month-wise oracle,rolling_user_norm,0.045662125905545
Persistence,UCI Electricity,persistence_qi__c80__h1,0.8,1.0,2014-03,2,CSGR,rolling_group_norm,0.0477956847168354
Persistence,UCI Electricity,persistence_qi__c80__h1,0.8,1.0,2014-03,2,Mean-fold minimum,rolling_group_norm,0.0477956847168354
Persistence,UCI Electricity,persistence_qi__c80__h1,0.8,1.0,2014-03,2,Latest-fold minimum,rolling_user_norm,0.0577463955762899
Persistence,UCI Electricity,persistence_qi__c80__h1,0.8,1.0,2014-03,2,Previous-window winner,rolling_user_norm,0.0577463955762899
Persistence,UCI Electricity,persistence_qi__c80__h1,0.8,1.0,2014-03,2,Follow-the-leader,rolling_group_norm,0.0477956847168354
Persistence,UCI Electricity,persistence_qi__c80__h1,0.8,1.0,2014-03,2,Global-CQR,rolling_global_norm,0.0751880986086621
Persistence,UCI Electricity,persistence_qi__c80__h1,0.8,1.0,2014-03,2,Segment-CQR,rolling_group_norm,0.0477956847168354
Persistence,UCI Electricity,persistence_qi__c80__h1,0.8,1.0,2014-03,2,User-CQR,rolling_user_norm,0.0577463955762899
Persistence,UCI Electricity,persistence_qi__c80__h1,0.8,1.0,2014-03,2,Ex-post best fixed,rolling_user_norm,0.0577463955762899
Persistence,UCI Electricity,persistence_qi__c80__h1,0.8,1.0,2014-03,2,Month-wise oracle,rolling_group_norm,0.0477956847168354
Persistence,UCI Electricity,persistence_qi__c80__h1,0.8,1.0,2014-04,3,CSGR,rolling_group_norm,0.049122105573569
Persistence,UCI Electricity,persistence_qi__c80__h1,0.8,1.0,2014-04,3,Mean-fold minimum,rolling_group_norm,0.049122105573569
Persistence,UCI Electricity,persistence_qi__c80__h1,0.8,1.0,2014-04,3,Latest-fold minimum,rolling_user_norm,0.0566786562721143
Persistence,UCI Electricity,persistence_qi__c80__h1,0.8,1.0,2014-04,3,Previous-window winner,rolling_group_norm,0.049122105573569
Persistence,UCI Electricity,persistence_qi__c80__h1,0.8,1.0,2014-04,3,Follow-the-leader,rolling_group_norm,0.049122105573569
Persistence,UCI Electricity,persistence_qi__c80__h1,0.8,1.0,2014-04,3,Global-CQR,rolling_global_norm,0.0794364028459262
Persistence,UCI Electricity,persistence_qi__c80__h1,0.8,1.0,2014-04,3,Segment-CQR,rolling_group_norm,0.049122105573569
Persistence,UCI Electricity,persistence_qi__c80__h1,0.8,1.0,2014-04,3,User-CQR,rolling_user_norm,0.0566786562721143
Persistence,UCI Electricity,persistence_qi__c80__h1,0.8,1.0,2014-04,3,Ex-post best fixed,rolling_user_norm,0.0566786562721143
Persistence,UCI Electricity,persistence_qi__c80__h1,0.8,1.0,2014-04,3,Month-wise oracle,rolling_group_norm,0.049122105573569
Persistence,UCI Electricity,persistence_qi__c80__h1,0.8,1.0,2014-05,4,CSGR,rolling_user_norm,0.0466287407147024
Persistence,UCI Electricity,persistence_qi__c80__h1,0.8,1.0,2014-05,4,Mean-fold minimum,rolling_user_norm,0.0466287407147024
Persistence,UCI Electricity,persistence_qi__c80__h1,0.8,1.0,2014-05,4,Latest-fold minimum,rolling_user_norm,0.0466287407147024
Persistence,UCI Electricity,persistence_qi__c80__h1,0.8,1.0,2014-05,4,Previous-window winner,rolling_group_norm,0.0504834883386334
Persistence,UCI Electricity,persistence_qi__c80__h1,0.8,1.0,2014-05,4,Follow-the-leader,rolling_group_norm,0.0504834883386334
Persistence,UCI Electricity,persistence_qi__c80__h1,0.8,1.0,2014-05,4,Global-CQR,rolling_global_norm,0.0831335150572822
Persistence,UCI Electricity,persistence_qi__c80__h1,0.8,1.0,2014-05,4,Segment-CQR,rolling_group_norm,0.0504834883386334
Persistence,UCI Electricity,persistence_qi__c80__h1,0.8,1.0,2014-05,4,User-CQR,rolling_user_norm,0.0466287407147024
Persistence,UCI Electricity,persistence_qi__c80__h1,0.8,1.0,2014-05,4,Ex-post best fixed,rolling_user_norm,0.0466287407147024
Persistence,UCI Electricity,persistence_qi__c80__h1,0.8,1.0,2014-05,4,Month-wise oracle,rolling_user_norm,0.0466287407147024
Persistence,UCI Electricity,persistence_qi__c80__h1,0.8,1.0,2014-06,5,CSGR,rolling_user_norm,0.0436259308638859
Persistence,UCI Electricity,persistence_qi__c80__h1,0.8,1.0,2014-06,5,Mean-fold minimum,rolling_user_norm,0.0436259308638859
Persistence,UCI Electricity,persistence_qi__c80__h1,0.8,1.0,2014-06,5,Latest-fold minimum,rolling_user_norm,0.0436259308638859
Persistence,UCI Electricity,persistence_qi__c80__h1,0.8,1.0,2014-06,5,Previous-window winner,rolling_user_norm,0.0436259308638859
Persistence,UCI Electricity,persistence_qi__c80__h1,0.8,1.0,2014-06,5,Follow-the-leader,rolling_group_norm,0.0543123165799283
Persistence,UCI Electricity,persistence_qi__c80__h1,0.8,1.0,2014-06,5,Global-CQR,rolling_global_norm,0.0832231690461206
Persistence,UCI Electricity,persistence_qi__c80__h1,0.8,1.0,2014-06,5,Segment-CQR,rolling_group_norm,0.0543123165799283
Persistence,UCI Electricity,persistence_qi__c80__h1,0.8,1.0,2014-06,5,User-CQR,rolling_user_norm,0.0436259308638859
Persistence,UCI Electricity,persistence_qi__c80__h1,0.8,1.0,2014-06,5,Ex-post best fixed,rolling_user_norm,0.0436259308638859
Persistence,UCI Electricity,persistence_qi__c80__h1,0.8,1.0,2014-06,5,Month-wise oracle,rolling_user_norm,0.0436259308638859
Persistence,UCI Electricity,persistence_qi__c80__h1,0.8,1.0,2014-07,6,CSGR,rolling_user_norm,0.0468704391948176
Persistence,UCI Electricity,persistence_qi__c80__h1,0.8,1.0,2014-07,6,Mean-fold minimum,rolling_user_norm,0.0468704391948176
Persistence,UCI Electricity,persistence_qi__c80__h1,0.8,1.0,2014-07,6,Latest-fold minimum,rolling_user_norm,0.0468704391948176
Persistence,UCI Electricity,persistence_qi__c80__h1,0.8,1.0,2014-07,6,Previous-window winner,rolling_user_norm,0.0468704391948176
Persistence,UCI Electricity,persistence_qi__c80__h1,0.8,1.0,2014-07,6,Follow-the-leader,rolling_group_norm,0.0556070845836101
Persistence,UCI Electricity,persistence_qi__c80__h1,0.8,1.0,2014-07,6,Global-CQR,rolling_global_norm,0.0933211188999844
Persistence,UCI Electricity,persistence_qi__c80__h1,0.8,1.0,2014-07,6,Segment-CQR,rolling_group_norm,0.0556070845836101
Persistence,UCI Electricity,persistence_qi__c80__h1,0.8,1.0,2014-07,6,User-CQR,rolling_user_norm,0.0468704391948176
Persistence,UCI Electricity,persistence_qi__c80__h1,0.8,1.0,2014-07,6,Ex-post best fixed,rolling_user_norm,0.0468704391948176
Persistence,UCI Electricity,persistence_qi__c80__h1,0.8,1.0,2014-07,6,Month-wise oracle,rolling_user_norm,0.0468704391948176
Persistence,UCI Electricity,persistence_qi__c80__h1,0.8,1.0,2014-08,7,CSGR,rolling_user_norm,0.0559371459918615
Persistence,UCI Electricity,persistence_qi__c80__h1,0.8,1.0,2014-08,7,Mean-fold minimum,rolling_user_norm,0.0559371459918615
Persistence,UCI Electricity,persistence_qi__c80__h1,0.8,1.0,2014-08,7,Latest-fold minimum,rolling_user_norm,0.0559371459918615
Persistence,UCI Electricity,persistence_qi__c80__h1,0.8,1.0,2014-08,7,Previous-window winner,rolling_user_norm,0.0559371459918615
Persistence,UCI Electricity,persistence_qi__c80__h1,0.8,1.0,2014-08,7,Follow-the-leader,rolling_user_norm,0.0559371459918615
Persistence,UCI Electricity,persistence_qi__c80__h1,0.8,1.0,2014-08,7,Global-CQR,rolling_global_norm,0.0685782283223605
Persistence,UCI Electricity,persistence_qi__c80__h1,0.8,1.0,2014-08,7,Segment-CQR,rolling_group_norm,0.0539593748399058
Persistence,UCI Electricity,persistence_qi__c80__h1,0.8,1.0,2014-08,7,User-CQR,rolling_user_norm,0.0559371459918615
Persistence,UCI Electricity,persistence_qi__c80__h1,0.8,1.0,2014-08,7,Ex-post best fixed,rolling_user_norm,0.0559371459918615
Persistence,UCI Electricity,persistence_qi__c80__h1,0.8,1.0,2014-08,7,Month-wise oracle,rolling_group_norm,0.0539593748399058
Persistence,UCI Electricity,persistence_qi__c80__h1,0.8,1.0,2014-09,8,CSGR,rolling_user_norm,0.043333745130312
Persistence,UCI Electricity,persistence_qi__c80__h1,0.8,1.0,2014-09,8,Mean-fold minimum,rolling_user_norm,0.043333745130312
Persistence,UCI Electricity,persistence_qi__c80__h1,0.8,1.0,2014-09,8,Latest-fold minimum,rolling_user_norm,0.043333745130312
Persistence,UCI Electricity,persistence_qi__c80__h1,0.8,1.0,2014-09,8,Previous-window winner,rolling_group_norm,0.0510467069121386
Persistence,UCI Electricity,persistence_qi__c80__h1,0.8,1.0,2014-09,8,Follow-the-leader,rolling_user_norm,0.043333745130312
Persistence,UCI Electricity,persistence_qi__c80__h1,0.8,1.0,2014-09,8,Global-CQR,rolling_global_norm,0.0689436774508359
Persistence,UCI Electricity,persistence_qi__c80__h1,0.8,1.0,2014-09,8,Segment-CQR,rolling_group_norm,0.0510467069121386
Persistence,UCI Electricity,persistence_qi__c80__h1,0.8,1.0,2014-09,8,User-CQR,rolling_user_norm,0.043333745130312
Persistence,UCI Electricity,persistence_qi__c80__h1,0.8,1.0,2014-09,8,Ex-post best fixed,rolling_user_norm,0.043333745130312
Persistence,UCI Electricity,persistence_qi__c80__h1,0.8,1.0,2014-09,8,Month-wise oracle,rolling_user_norm,0.043333745130312
Persistence,UCI Electricity,persistence_qi__c80__h1,0.8,1.0,2014-10,9,CSGR,rolling_user_norm,0.0472975348656088
Persistence,UCI Electricity,persistence_qi__c80__h1,0.8,1.0,2014-10,9,Mean-fold minimum,rolling_user_norm,0.0472975348656088
Persistence,UCI Electricity,persistence_qi__c80__h1,0.8,1.0,2014-10,9,Latest-fold minimum,rolling_user_norm,0.0472975348656088
Persistence,UCI Electricity,persistence_qi__c80__h1,0.8,1.0,2014-10,9,Previous-window winner,rolling_user_norm,0.0472975348656088
Persistence,UCI Electricity,persistence_qi__c80__h1,0.8,1.0,2014-10,9,Follow-the-leader,rolling_user_norm,0.0472975348656088
Persistence,UCI Electricity,persistence_qi__c80__h1,0.8,1.0,2014-10,9,Global-CQR,rolling_global_norm,0.0754462128066134
Persistence,UCI Electricity,persistence_qi__c80__h1,0.8,1.0,2014-10,9,Segment-CQR,rolling_group_norm,0.0533435786689377
Persistence,UCI Electricity,persistence_qi__c80__h1,0.8,1.0,2014-10,9,User-CQR,rolling_user_norm,0.0472975348656088
Persistence,UCI Electricity,persistence_qi__c80__h1,0.8,1.0,2014-10,9,Ex-post best fixed,rolling_user_norm,0.0472975348656088
Persistence,UCI Electricity,persistence_qi__c80__h1,0.8,1.0,2014-10,9,Month-wise oracle,rolling_user_norm,0.0472975348656088
Persistence,UCI Electricity,persistence_qi__c80__h1,0.8,1.0,2014-11,10,CSGR,rolling_user_norm,0.0535580301650039
Persistence,UCI Electricity,persistence_qi__c80__h1,0.8,1.0,2014-11,10,Mean-fold minimum,rolling_user_norm,0.0535580301650039
Persistence,UCI Electricity,persistence_qi__c80__h1,0.8,1.0,2014-11,10,Latest-fold minimum,rolling_user_norm,0.0535580301650039
Persistence,UCI Electricity,persistence_qi__c80__h1,0.8,1.0,2014-11,10,Previous-window winner,rolling_user_norm,0.0535580301650039
Persistence,UCI Electricity,persistence_qi__c80__h1,0.8,1.0,2014-11,10,Follow-the-leader,rolling_user_norm,0.0535580301650039
Persistence,UCI Electricity,persistence_qi__c80__h1,0.8,1.0,2014-11,10,Global-CQR,rolling_global_norm,0.0795035358731922
Persistence,UCI Electricity,persistence_qi__c80__h1,0.8,1.0,2014-11,10,Segment-CQR,rolling_group_norm,0.0558116473409407
Persistence,UCI Electricity,persistence_qi__c80__h1,0.8,1.0,2014-11,10,User-CQR,rolling_user_norm,0.0535580301650039
Persistence,UCI Electricity,persistence_qi__c80__h1,0.8,1.0,2014-11,10,Ex-post best fixed,rolling_user_norm,0.0535580301650039
Persistence,UCI Electricity,persistence_qi__c80__h1,0.8,1.0,2014-11,10,Month-wise oracle,rolling_user_norm,0.0535580301650039
Persistence,UCI Electricity,persistence_qi__c80__h1,0.8,1.0,2014-12,11,CSGR,rolling_user_norm,0.0512935115148734
Persistence,UCI Electricity,persistence_qi__c80__h1,0.8,1.0,2014-12,11,Mean-fold minimum,rolling_user_norm,0.0512935115148734
Persistence,UCI Electricity,persistence_qi__c80__h1,0.8,1.0,2014-12,11,Latest-fold minimum,rolling_user_norm,0.0512935115148734
Persistence,UCI Electricity,persistence_qi__c80__h1,0.8,1.0,2014-12,11,Previous-window winner,rolling_user_norm,0.0512935115148734
Persistence,UCI Electricity,persistence_qi__c80__h1,0.8,1.0,2014-12,11,Follow-the-leader,rolling_user_norm,0.0512935115148734
Persistence,UCI Electricity,persistence_qi__c80__h1,0.8,1.0,2014-12,11,Global-CQR,rolling_global_norm,0.0897448316496268
Persistence,UCI Electricity,persistence_qi__c80__h1,0.8,1.0,2014-12,11,Segment-CQR,rolling_group_norm,0.0515043544068722
Persistence,UCI Electricity,persistence_qi__c80__h1,0.8,1.0,2014-12,11,User-CQR,rolling_user_norm,0.0512935115148734
Persistence,UCI Electricity,persistence_qi__c80__h1,0.8,1.0,2014-12,11,Ex-post best fixed,rolling_user_norm,0.0512935115148734
Persistence,UCI Electricity,persistence_qi__c80__h1,0.8,1.0,2014-12,11,Month-wise oracle,rolling_user_norm,0.0512935115148734
Persistence,UCI Electricity,persistence_qi__c80__h6,0.8,6.0,2014-01,0,CSGR,rolling_user_norm,0.0866455254829683
Persistence,UCI Electricity,persistence_qi__c80__h6,0.8,6.0,2014-01,0,Mean-fold minimum,rolling_user_norm,0.0866455254829683
Persistence,UCI Electricity,persistence_qi__c80__h6,0.8,6.0,2014-01,0,Latest-fold minimum,rolling_user_norm,0.0866455254829683
Persistence,UCI Electricity,persistence_qi__c80__h6,0.8,6.0,2014-01,0,Previous-window winner,rolling_global_norm,0.1453696155854731
Persistence,UCI Electricity,persistence_qi__c80__h6,0.8,6.0,2014-01,0,Follow-the-leader,rolling_global_norm,0.1453696155854731
Persistence,UCI Electricity,persistence_qi__c80__h6,0.8,6.0,2014-01,0,Global-CQR,rolling_global_norm,0.1453696155854731
Persistence,UCI Electricity,persistence_qi__c80__h6,0.8,6.0,2014-01,0,Segment-CQR,rolling_group_norm,0.1033062812573057
Persistence,UCI Electricity,persistence_qi__c80__h6,0.8,6.0,2014-01,0,User-CQR,rolling_user_norm,0.0866455254829683
Persistence,UCI Electricity,persistence_qi__c80__h6,0.8,6.0,2014-01,0,Ex-post best fixed,rolling_user_norm,0.0866455254829683
Persistence,UCI Electricity,persistence_qi__c80__h6,0.8,6.0,2014-01,0,Month-wise oracle,rolling_user_norm,0.0866455254829683
Persistence,UCI Electricity,persistence_qi__c80__h6,0.8,6.0,2014-02,1,CSGR,rolling_user_norm,0.0776704210966939
Persistence,UCI Electricity,persistence_qi__c80__h6,0.8,6.0,2014-02,1,Mean-fold minimum,rolling_user_norm,0.0776704210966939
Persistence,UCI Electricity,persistence_qi__c80__h6,0.8,6.0,2014-02,1,Latest-fold minimum,rolling_user_norm,0.0776704210966939
Persistence,UCI Electricity,persistence_qi__c80__h6,0.8,6.0,2014-02,1,Previous-window winner,rolling_user_norm,0.0776704210966939
Persistence,UCI Electricity,persistence_qi__c80__h6,0.8,6.0,2014-02,1,Follow-the-leader,rolling_user_norm,0.0776704210966939
Persistence,UCI Electricity,persistence_qi__c80__h6,0.8,6.0,2014-02,1,Global-CQR,rolling_global_norm,0.1555729541780691
Persistence,UCI Electricity,persistence_qi__c80__h6,0.8,6.0,2014-02,1,Segment-CQR,rolling_group_norm,0.1076315160576351
Persistence,UCI Electricity,persistence_qi__c80__h6,0.8,6.0,2014-02,1,User-CQR,rolling_user_norm,0.0776704210966939
Persistence,UCI Electricity,persistence_qi__c80__h6,0.8,6.0,2014-02,1,Ex-post best fixed,rolling_user_norm,0.0776704210966939
Persistence,UCI Electricity,persistence_qi__c80__h6,0.8,6.0,2014-02,1,Month-wise oracle,rolling_user_norm,0.0776704210966939
Persistence,UCI Electricity,persistence_qi__c80__h6,0.8,6.0,2014-03,2,CSGR,rolling_user_norm,0.1009523321762871
Persistence,UCI Electricity,persistence_qi__c80__h6,0.8,6.0,2014-03,2,Mean-fold minimum,rolling_user_norm,0.1009523321762871
Persistence,UCI Electricity,persistence_qi__c80__h6,0.8,6.0,2014-03,2,Latest-fold minimum,rolling_user_norm,0.1009523321762871
Persistence,UCI Electricity,persistence_qi__c80__h6,0.8,6.0,2014-03,2,Previous-window winner,rolling_user_norm,0.1009523321762871
Persistence,UCI Electricity,persistence_qi__c80__h6,0.8,6.0,2014-03,2,Follow-the-leader,rolling_user_norm,0.1009523321762871
Persistence,UCI Electricity,persistence_qi__c80__h6,0.8,6.0,2014-03,2,Global-CQR,rolling_global_norm,0.1416035189639154
Persistence,UCI Electricity,persistence_qi__c80__h6,0.8,6.0,2014-03,2,Segment-CQR,rolling_group_norm,0.1101934948102597
Persistence,UCI Electricity,persistence_qi__c80__h6,0.8,6.0,2014-03,2,User-CQR,rolling_user_norm,0.1009523321762871
Persistence,UCI Electricity,persistence_qi__c80__h6,0.8,6.0,2014-03,2,Ex-post best fixed,rolling_user_norm,0.1009523321762871
Persistence,UCI Electricity,persistence_qi__c80__h6,0.8,6.0,2014-03,2,Month-wise oracle,rolling_user_norm,0.1009523321762871
Persistence,UCI Electricity,persistence_qi__c80__h6,0.8,6.0,2014-04,3,CSGR,rolling_user_norm,0.1100048187015422
Persistence,UCI Electricity,persistence_qi__c80__h6,0.8,6.0,2014-04,3,Mean-fold minimum,rolling_user_norm,0.1100048187015422
Persistence,UCI Electricity,persistence_qi__c80__h6,0.8,6.0,2014-04,3,Latest-fold minimum,rolling_user_norm,0.1100048187015422
Persistence,UCI Electricity,persistence_qi__c80__h6,0.8,6.0,2014-04,3,Previous-window winner,rolling_user_norm,0.1100048187015422
Persistence,UCI Electricity,persistence_qi__c80__h6,0.8,6.0,2014-04,3,Follow-the-leader,rolling_user_norm,0.1100048187015422
Persistence,UCI Electricity,persistence_qi__c80__h6,0.8,6.0,2014-04,3,Global-CQR,rolling_global_norm,0.1545973369154762
Persistence,UCI Electricity,persistence_qi__c80__h6,0.8,6.0,2014-04,3,Segment-CQR,rolling_group_norm,0.1106238439158374
Persistence,UCI Electricity,persistence_qi__c80__h6,0.8,6.0,2014-04,3,User-CQR,rolling_user_norm,0.1100048187015422
Persistence,UCI Electricity,persistence_qi__c80__h6,0.8,6.0,2014-04,3,Ex-post best fixed,rolling_user_norm,0.1100048187015422
Persistence,UCI Electricity,persistence_qi__c80__h6,0.8,6.0,2014-04,3,Month-wise oracle,rolling_user_norm,0.1100048187015422
Persistence,UCI Electricity,persistence_qi__c80__h6,0.8,6.0,2014-05,4,CSGR,rolling_user_norm,0.0994935850533889
Persistence,UCI Electricity,persistence_qi__c80__h6,0.8,6.0,2014-05,4,Mean-fold minimum,rolling_user_norm,0.0994935850533889
Persistence,UCI Electricity,persistence_qi__c80__h6,0.8,6.0,2014-05,4,Latest-fold minimum,rolling_user_norm,0.0994935850533889
Persistence,UCI Electricity,persistence_qi__c80__h6,0.8,6.0,2014-05,4,Previous-window winner,rolling_user_norm,0.0994935850533889
Persistence,UCI Electricity,persistence_qi__c80__h6,0.8,6.0,2014-05,4,Follow-the-leader,rolling_user_norm,0.0994935850533889
Persistence,UCI Electricity,persistence_qi__c80__h6,0.8,6.0,2014-05,4,Global-CQR,rolling_global_norm,0.1627911028085402
Persistence,UCI Electricity,persistence_qi__c80__h6,0.8,6.0,2014-05,4,Segment-CQR,rolling_group_norm,0.1081343357000444
Persistence,UCI Electricity,persistence_qi__c80__h6,0.8,6.0,2014-05,4,User-CQR,rolling_user_norm,0.0994935850533889
Persistence,UCI Electricity,persistence_qi__c80__h6,0.8,6.0,2014-05,4,Ex-post best fixed,rolling_user_norm,0.0994935850533889
Persistence,UCI Electricity,persistence_qi__c80__h6,0.8,6.0,2014-05,4,Month-wise oracle,rolling_user_norm,0.0994935850533889
Persistence,UCI Electricity,persistence_qi__c80__h6,0.8,6.0,2014-06,5,CSGR,rolling_user_norm,0.110539104877012
Persistence,UCI Electricity,persistence_qi__c80__h6,0.8,6.0,2014-06,5,Mean-fold minimum,rolling_user_norm,0.110539104877012
Persistence,UCI Electricity,persistence_qi__c80__h6,0.8,6.0,2014-06,5,Latest-fold minimum,rolling_user_norm,0.110539104877012
Persistence,UCI Electricity,persistence_qi__c80__h6,0.8,6.0,2014-06,5,Previous-window winner,rolling_user_norm,0.110539104877012
Persistence,UCI Electricity,persistence_qi__c80__h6,0.8,6.0,2014-06,5,Follow-the-leader,rolling_user_norm,0.110539104877012
Persistence,UCI Electricity,persistence_qi__c80__h6,0.8,6.0,2014-06,5,Global-CQR,rolling_global_norm,0.1711629461879253
Persistence,UCI Electricity,persistence_qi__c80__h6,0.8,6.0,2014-06,5,Segment-CQR,rolling_group_norm,0.12752266724623
Persistence,UCI Electricity,persistence_qi__c80__h6,0.8,6.0,2014-06,5,User-CQR,rolling_user_norm,0.110539104877012
Persistence,UCI Electricity,persistence_qi__c80__h6,0.8,6.0,2014-06,5,Ex-post best fixed,rolling_user_norm,0.110539104877012
Persistence,UCI Electricity,persistence_qi__c80__h6,0.8,6.0,2014-06,5,Month-wise oracle,rolling_user_norm,0.110539104877012
Persistence,UCI Electricity,persistence_qi__c80__h6,0.8,6.0,2014-07,6,CSGR,rolling_user_norm,0.1315227279485367
Persistence,UCI Electricity,persistence_qi__c80__h6,0.8,6.0,2014-07,6,Mean-fold minimum,rolling_user_norm,0.1315227279485367
Persistence,UCI Electricity,persistence_qi__c80__h6,0.8,6.0,2014-07,6,Latest-fold minimum,rolling_user_norm,0.1315227279485367
Persistence,UCI Electricity,persistence_qi__c80__h6,0.8,6.0,2014-07,6,Previous-window winner,rolling_user_norm,0.1315227279485367
Persistence,UCI Electricity,persistence_qi__c80__h6,0.8,6.0,2014-07,6,Follow-the-leader,rolling_user_norm,0.1315227279485367
Persistence,UCI Electricity,persistence_qi__c80__h6,0.8,6.0,2014-07,6,Global-CQR,rolling_global_norm,0.189750351312968
Persistence,UCI Electricity,persistence_qi__c80__h6,0.8,6.0,2014-07,6,Segment-CQR,rolling_group_norm,0.1472780186179606
Persistence,UCI Electricity,persistence_qi__c80__h6,0.8,6.0,2014-07,6,User-CQR,rolling_user_norm,0.1315227279485367
Persistence,UCI Electricity,persistence_qi__c80__h6,0.8,6.0,2014-07,6,Ex-post best fixed,rolling_user_norm,0.1315227279485367
Persistence,UCI Electricity,persistence_qi__c80__h6,0.8,6.0,2014-07,6,Month-wise oracle,rolling_user_norm,0.1315227279485367
Persistence,UCI Electricity,persistence_qi__c80__h6,0.8,6.0,2014-08,7,CSGR,rolling_user_norm,0.090517665392761
Persistence,UCI Electricity,persistence_qi__c80__h6,0.8,6.0,2014-08,7,Mean-fold minimum,rolling_user_norm,0.090517665392761
Persistence,UCI Electricity,persistence_qi__c80__h6,0.8,6.0,2014-08,7,Latest-fold minimum,rolling_user_norm,0.090517665392761
Persistence,UCI Electricity,persistence_qi__c80__h6,0.8,6.0,2014-08,7,Previous-window winner,rolling_user_norm,0.090517665392761
Persistence,UCI Electricity,persistence_qi__c80__h6,0.8,6.0,2014-08,7,Follow-the-leader,rolling_user_norm,0.090517665392761
Persistence,UCI Electricity,persistence_qi__c80__h6,0.8,6.0,2014-08,7,Global-CQR,rolling_global_norm,0.1387002426807343
Persistence,UCI Electricity,persistence_qi__c80__h6,0.8,6.0,2014-08,7,Segment-CQR,rolling_group_norm,0.1197196084624531
Persistence,UCI Electricity,persistence_qi__c80__h6,0.8,6.0,2014-08,7,User-CQR,rolling_user_norm,0.090517665392761
Persistence,UCI Electricity,persistence_qi__c80__h6,0.8,6.0,2014-08,7,Ex-post best fixed,rolling_user_norm,0.090517665392761
Persistence,UCI Electricity,persistence_qi__c80__h6,0.8,6.0,2014-08,7,Month-wise oracle,rolling_user_norm,0.090517665392761
Persistence,UCI Electricity,persistence_qi__c80__h6,0.8,6.0,2014-09,8,CSGR,rolling_user_norm,0.0932294478489886
Persistence,UCI Electricity,persistence_qi__c80__h6,0.8,6.0,2014-09,8,Mean-fold minimum,rolling_user_norm,0.0932294478489886
Persistence,UCI Electricity,persistence_qi__c80__h6,0.8,6.0,2014-09,8,Latest-fold minimum,rolling_user_norm,0.0932294478489886
Persistence,UCI Electricity,persistence_qi__c80__h6,0.8,6.0,2014-09,8,Previous-window winner,rolling_user_norm,0.0932294478489886
Persistence,UCI Electricity,persistence_qi__c80__h6,0.8,6.0,2014-09,8,Follow-the-leader,rolling_user_norm,0.0932294478489886
Persistence,UCI Electricity,persistence_qi__c80__h6,0.8,6.0,2014-09,8,Global-CQR,rolling_global_norm,0.1278963194321145
Persistence,UCI Electricity,persistence_qi__c80__h6,0.8,6.0,2014-09,8,Segment-CQR,rolling_group_norm,0.1162073275342053
Persistence,UCI Electricity,persistence_qi__c80__h6,0.8,6.0,2014-09,8,User-CQR,rolling_user_norm,0.0932294478489886
Persistence,UCI Electricity,persistence_qi__c80__h6,0.8,6.0,2014-09,8,Ex-post best fixed,rolling_user_norm,0.0932294478489886
Persistence,UCI Electricity,persistence_qi__c80__h6,0.8,6.0,2014-09,8,Month-wise oracle,rolling_user_norm,0.0932294478489886
Persistence,UCI Electricity,persistence_qi__c80__h6,0.8,6.0,2014-10,9,CSGR,rolling_user_norm,0.1255361155923262
Persistence,UCI Electricity,persistence_qi__c80__h6,0.8,6.0,2014-10,9,Mean-fold minimum,rolling_user_norm,0.1255361155923262
Persistence,UCI Electricity,persistence_qi__c80__h6,0.8,6.0,2014-10,9,Latest-fold minimum,rolling_user_norm,0.1255361155923262
Persistence,UCI Electricity,persistence_qi__c80__h6,0.8,6.0,2014-10,9,Previous-window winner,rolling_user_norm,0.1255361155923262
Persistence,UCI Electricity,persistence_qi__c80__h6,0.8,6.0,2014-10,9,Follow-the-leader,rolling_user_norm,0.1255361155923262
Persistence,UCI Electricity,persistence_qi__c80__h6,0.8,6.0,2014-10,9,Global-CQR,rolling_global_norm,0.1281670593145415
Persistence,UCI Electricity,persistence_qi__c80__h6,0.8,6.0,2014-10,9,Segment-CQR,rolling_group_norm,0.1275742083632684
Persistence,UCI Electricity,persistence_qi__c80__h6,0.8,6.0,2014-10,9,User-CQR,rolling_user_norm,0.1255361155923262
Persistence,UCI Electricity,persistence_qi__c80__h6,0.8,6.0,2014-10,9,Ex-post best fixed,rolling_user_norm,0.1255361155923262
Persistence,UCI Electricity,persistence_qi__c80__h6,0.8,6.0,2014-10,9,Month-wise oracle,rolling_user_norm,0.1255361155923262
Persistence,UCI Electricity,persistence_qi__c80__h6,0.8,6.0,2014-11,10,CSGR,rolling_user_norm,0.1354980693680362
Persistence,UCI Electricity,persistence_qi__c80__h6,0.8,6.0,2014-11,10,Mean-fold minimum,rolling_user_norm,0.1354980693680362
Persistence,UCI Electricity,persistence_qi__c80__h6,0.8,6.0,2014-11,10,Latest-fold minimum,rolling_user_norm,0.1354980693680362
Persistence,UCI Electricity,persistence_qi__c80__h6,0.8,6.0,2014-11,10,Previous-window winner,rolling_user_norm,0.1354980693680362
Persistence,UCI Electricity,persistence_qi__c80__h6,0.8,6.0,2014-11,10,Follow-the-leader,rolling_user_norm,0.1354980693680362
Persistence,UCI Electricity,persistence_qi__c80__h6,0.8,6.0,2014-11,10,Global-CQR,rolling_global_norm,0.1679127904293496
Persistence,UCI Electricity,persistence_qi__c80__h6,0.8,6.0,2014-11,10,Segment-CQR,rolling_group_norm,0.138692063399206
Persistence,UCI Electricity,persistence_qi__c80__h6,0.8,6.0,2014-11,10,User-CQR,rolling_user_norm,0.1354980693680362
Persistence,UCI Electricity,persistence_qi__c80__h6,0.8,6.0,2014-11,10,Ex-post best fixed,rolling_user_norm,0.1354980693680362
Persistence,UCI Electricity,persistence_qi__c80__h6,0.8,6.0,2014-11,10,Month-wise oracle,rolling_user_norm,0.1354980693680362
Persistence,UCI Electricity,persistence_qi__c80__h6,0.8,6.0,2014-12,11,CSGR,rolling_user_norm,0.1090523203791426
Persistence,UCI Electricity,persistence_qi__c80__h6,0.8,6.0,2014-12,11,Mean-fold minimum,rolling_user_norm,0.1090523203791426
Persistence,UCI Electricity,persistence_qi__c80__h6,0.8,6.0,2014-12,11,Latest-fold minimum,rolling_user_norm,0.1090523203791426
Persistence,UCI Electricity,persistence_qi__c80__h6,0.8,6.0,2014-12,11,Previous-window winner,rolling_user_norm,0.1090523203791426
Persistence,UCI Electricity,persistence_qi__c80__h6,0.8,6.0,2014-12,11,Follow-the-leader,rolling_user_norm,0.1090523203791426
Persistence,UCI Electricity,persistence_qi__c80__h6,0.8,6.0,2014-12,11,Global-CQR,rolling_global_norm,0.1922818163916448
Persistence,UCI Electricity,persistence_qi__c80__h6,0.8,6.0,2014-12,11,Segment-CQR,rolling_group_norm,0.1245594457316406
Persistence,UCI Electricity,persistence_qi__c80__h6,0.8,6.0,2014-12,11,User-CQR,rolling_user_norm,0.1090523203791426
Persistence,UCI Electricity,persistence_qi__c80__h6,0.8,6.0,2014-12,11,Ex-post best fixed,rolling_user_norm,0.1090523203791426
Persistence,UCI Electricity,persistence_qi__c80__h6,0.8,6.0,2014-12,11,Month-wise oracle,rolling_user_norm,0.1090523203791426
Persistence,UCI Electricity,persistence_qi__c90__h1,0.9,1.0,2014-01,0,CSGR,rolling_group_norm,0.0423472407504022
Persistence,UCI Electricity,persistence_qi__c90__h1,0.9,1.0,2014-01,0,Mean-fold minimum,rolling_group_norm,0.0423472407504022
Persistence,UCI Electricity,persistence_qi__c90__h1,0.9,1.0,2014-01,0,Latest-fold minimum,rolling_group_norm,0.0423472407504022
Persistence,UCI Electricity,persistence_qi__c90__h1,0.9,1.0,2014-01,0,Previous-window winner,rolling_global_norm,0.0665226928654642
Persistence,UCI Electricity,persistence_qi__c90__h1,0.9,1.0,2014-01,0,Follow-the-leader,rolling_global_norm,0.0665226928654642
Persistence,UCI Electricity,persistence_qi__c90__h1,0.9,1.0,2014-01,0,Global-CQR,rolling_global_norm,0.0665226928654642
Persistence,UCI Electricity,persistence_qi__c90__h1,0.9,1.0,2014-01,0,Segment-CQR,rolling_group_norm,0.0423472407504022
Persistence,UCI Electricity,persistence_qi__c90__h1,0.9,1.0,2014-01,0,User-CQR,rolling_user_norm,0.0429712356255483
Persistence,UCI Electricity,persistence_qi__c90__h1,0.9,1.0,2014-01,0,Ex-post best fixed,rolling_user_norm,0.0429712356255483
Persistence,UCI Electricity,persistence_qi__c90__h1,0.9,1.0,2014-01,0,Month-wise oracle,rolling_group_norm,0.0423472407504022
Persistence,UCI Electricity,persistence_qi__c90__h1,0.9,1.0,2014-02,1,CSGR,rolling_user_norm,0.0378340469100783
Persistence,UCI Electricity,persistence_qi__c90__h1,0.9,1.0,2014-02,1,Mean-fold minimum,rolling_user_norm,0.0378340469100783
Persistence,UCI Electricity,persistence_qi__c90__h1,0.9,1.0,2014-02,1,Latest-fold minimum,rolling_user_norm,0.0378340469100783
Persistence,UCI Electricity,persistence_qi__c90__h1,0.9,1.0,2014-02,1,Previous-window winner,rolling_group_norm,0.0440439523879323
Persistence,UCI Electricity,persistence_qi__c90__h1,0.9,1.0,2014-02,1,Follow-the-leader,rolling_group_norm,0.0440439523879323
Persistence,UCI Electricity,persistence_qi__c90__h1,0.9,1.0,2014-02,1,Global-CQR,rolling_global_norm,0.0686327934642987
Persistence,UCI Electricity,persistence_qi__c90__h1,0.9,1.0,2014-02,1,Segment-CQR,rolling_group_norm,0.0440439523879323
Persistence,UCI Electricity,persistence_qi__c90__h1,0.9,1.0,2014-02,1,User-CQR,rolling_user_norm,0.0378340469100783
Persistence,UCI Electricity,persistence_qi__c90__h1,0.9,1.0,2014-02,1,Ex-post best fixed,rolling_user_norm,0.0378340469100783
Persistence,UCI Electricity,persistence_qi__c90__h1,0.9,1.0,2014-02,1,Month-wise oracle,rolling_user_norm,0.0378340469100783
Persistence,UCI Electricity,persistence_qi__c90__h1,0.9,1.0,2014-03,2,CSGR,rolling_user_norm,0.0453290391347207
Persistence,UCI Electricity,persistence_qi__c90__h1,0.9,1.0,2014-03,2,Mean-fold minimum,rolling_user_norm,0.0453290391347207
Persistence,UCI Electricity,persistence_qi__c90__h1,0.9,1.0,2014-03,2,Latest-fold minimum,rolling_user_norm,0.0453290391347207
Persistence,UCI Electricity,persistence_qi__c90__h1,0.9,1.0,2014-03,2,Previous-window winner,rolling_user_norm,0.0453290391347207
Persistence,UCI Electricity,persistence_qi__c90__h1,0.9,1.0,2014-03,2,Follow-the-leader,rolling_user_norm,0.0453290391347207
Persistence,UCI Electricity,persistence_qi__c90__h1,0.9,1.0,2014-03,2,Global-CQR,rolling_global_norm,0.0568092748684778
Persistence,UCI Electricity,persistence_qi__c90__h1,0.9,1.0,2014-03,2,Segment-CQR,rolling_group_norm,0.0421973196339543
Persistence,UCI Electricity,persistence_qi__c90__h1,0.9,1.0,2014-03,2,User-CQR,rolling_user_norm,0.0453290391347207
Persistence,UCI Electricity,persistence_qi__c90__h1,0.9,1.0,2014-03,2,Ex-post best fixed,rolling_user_norm,0.0453290391347207
Persistence,UCI Electricity,persistence_qi__c90__h1,0.9,1.0,2014-03,2,Month-wise oracle,rolling_group_norm,0.0421973196339543
Persistence,UCI Electricity,persistence_qi__c90__h1,0.9,1.0,2014-04,3,CSGR,rolling_user_norm,0.050253182988924
Persistence,UCI Electricity,persistence_qi__c90__h1,0.9,1.0,2014-04,3,Mean-fold minimum,rolling_user_norm,0.050253182988924
Persistence,UCI Electricity,persistence_qi__c90__h1,0.9,1.0,2014-04,3,Latest-fold minimum,rolling_user_norm,0.050253182988924
Persistence,UCI Electricity,persistence_qi__c90__h1,0.9,1.0,2014-04,3,Previous-window winner,rolling_group_norm,0.0451169197472906
Persistence,UCI Electricity,persistence_qi__c90__h1,0.9,1.0,2014-04,3,Follow-the-leader,rolling_user_norm,0.050253182988924
Persistence,UCI Electricity,persistence_qi__c90__h1,0.9,1.0,2014-04,3,Global-CQR,rolling_global_norm,0.0558560539428812
Persistence,UCI Electricity,persistence_qi__c90__h1,0.9,1.0,2014-04,3,Segment-CQR,rolling_group_norm,0.0451169197472906
Persistence,UCI Electricity,persistence_qi__c90__h1,0.9,1.0,2014-04,3,User-CQR,rolling_user_norm,0.050253182988924
Persistence,UCI Electricity,persistence_qi__c90__h1,0.9,1.0,2014-04,3,Ex-post best fixed,rolling_user_norm,0.050253182988924
Persistence,UCI Electricity,persistence_qi__c90__h1,0.9,1.0,2014-04,3,Month-wise oracle,rolling_group_norm,0.0451169197472906
Persistence,UCI Electricity,persistence_qi__c90__h1,0.9,1.0,2014-05,4,CSGR,rolling_user_norm,0.0420191708268334
Persistence,UCI Electricity,persistence_qi__c90__h1,0.9,1.0,2014-05,4,Mean-fold minimum,rolling_user_norm,0.0420191708268334
Persistence,UCI Electricity,persistence_qi__c90__h1,0.9,1.0,2014-05,4,Latest-fold minimum,rolling_user_norm,0.0420191708268334
Persistence,UCI Electricity,persistence_qi__c90__h1,0.9,1.0,2014-05,4,Previous-window winner,rolling_group_norm,0.0446718725925757
Persistence,UCI Electricity,persistence_qi__c90__h1,0.9,1.0,2014-05,4,Follow-the-leader,rolling_group_norm,0.0446718725925757
Persistence,UCI Electricity,persistence_qi__c90__h1,0.9,1.0,2014-05,4,Global-CQR,rolling_global_norm,0.0660356144819107
Persistence,UCI Electricity,persistence_qi__c90__h1,0.9,1.0,2014-05,4,Segment-CQR,rolling_group_norm,0.0446718725925757
Persistence,UCI Electricity,persistence_qi__c90__h1,0.9,1.0,2014-05,4,User-CQR,rolling_user_norm,0.0420191708268334
Persistence,UCI Electricity,persistence_qi__c90__h1,0.9,1.0,2014-05,4,Ex-post best fixed,rolling_user_norm,0.0420191708268334
Persistence,UCI Electricity,persistence_qi__c90__h1,0.9,1.0,2014-05,4,Month-wise oracle,rolling_user_norm,0.0420191708268334
Persistence,UCI Electricity,persistence_qi__c90__h1,0.9,1.0,2014-06,5,CSGR,rolling_user_norm,0.0417034041149931
Persistence,UCI Electricity,persistence_qi__c90__h1,0.9,1.0,2014-06,5,Mean-fold minimum,rolling_user_norm,0.0417034041149931
Persistence,UCI Electricity,persistence_qi__c90__h1,0.9,1.0,2014-06,5,Latest-fold minimum,rolling_user_norm,0.0417034041149931
Persistence,UCI Electricity,persistence_qi__c90__h1,0.9,1.0,2014-06,5,Previous-window winner,rolling_user_norm,0.0417034041149931
Persistence,UCI Electricity,persistence_qi__c90__h1,0.9,1.0,2014-06,5,Follow-the-leader,rolling_group_norm,0.0473265362853488
Persistence,UCI Electricity,persistence_qi__c90__h1,0.9,1.0,2014-06,5,Global-CQR,rolling_global_norm,0.0616843572846362
Persistence,UCI Electricity,persistence_qi__c90__h1,0.9,1.0,2014-06,5,Segment-CQR,rolling_group_norm,0.0473265362853488
Persistence,UCI Electricity,persistence_qi__c90__h1,0.9,1.0,2014-06,5,User-CQR,rolling_user_norm,0.0417034041149931
Persistence,UCI Electricity,persistence_qi__c90__h1,0.9,1.0,2014-06,5,Ex-post best fixed,rolling_user_norm,0.0417034041149931
Persistence,UCI Electricity,persistence_qi__c90__h1,0.9,1.0,2014-06,5,Month-wise oracle,rolling_user_norm,0.0417034041149931
Persistence,UCI Electricity,persistence_qi__c90__h1,0.9,1.0,2014-07,6,CSGR,rolling_user_norm,0.0456300911211047
Persistence,UCI Electricity,persistence_qi__c90__h1,0.9,1.0,2014-07,6,Mean-fold minimum,rolling_user_norm,0.0456300911211047
Persistence,UCI Electricity,persistence_qi__c90__h1,0.9,1.0,2014-07,6,Latest-fold minimum,rolling_user_norm,0.0456300911211047
Persistence,UCI Electricity,persistence_qi__c90__h1,0.9,1.0,2014-07,6,Previous-window winner,rolling_user_norm,0.0456300911211047
Persistence,UCI Electricity,persistence_qi__c90__h1,0.9,1.0,2014-07,6,Follow-the-leader,rolling_user_norm,0.0456300911211047
Persistence,UCI Electricity,persistence_qi__c90__h1,0.9,1.0,2014-07,6,Global-CQR,rolling_global_norm,0.0760617424903368
Persistence,UCI Electricity,persistence_qi__c90__h1,0.9,1.0,2014-07,6,Segment-CQR,rolling_group_norm,0.0517140953140116
Persistence,UCI Electricity,persistence_qi__c90__h1,0.9,1.0,2014-07,6,User-CQR,rolling_user_norm,0.0456300911211047
Persistence,UCI Electricity,persistence_qi__c90__h1,0.9,1.0,2014-07,6,Ex-post best fixed,rolling_user_norm,0.0456300911211047
Persistence,UCI Electricity,persistence_qi__c90__h1,0.9,1.0,2014-07,6,Month-wise oracle,rolling_user_norm,0.0456300911211047
Persistence,UCI Electricity,persistence_qi__c90__h1,0.9,1.0,2014-08,7,CSGR,rolling_user_norm,0.0451429119790336
Persistence,UCI Electricity,persistence_qi__c90__h1,0.9,1.0,2014-08,7,Mean-fold minimum,rolling_user_norm,0.0451429119790336
Persistence,UCI Electricity,persistence_qi__c90__h1,0.9,1.0,2014-08,7,Latest-fold minimum,rolling_user_norm,0.0451429119790336
Persistence,UCI Electricity,persistence_qi__c90__h1,0.9,1.0,2014-08,7,Previous-window winner,rolling_user_norm,0.0451429119790336
Persistence,UCI Electricity,persistence_qi__c90__h1,0.9,1.0,2014-08,7,Follow-the-leader,rolling_user_norm,0.0451429119790336
Persistence,UCI Electricity,persistence_qi__c90__h1,0.9,1.0,2014-08,7,Global-CQR,rolling_global_norm,0.0600636766273905
Persistence,UCI Electricity,persistence_qi__c90__h1,0.9,1.0,2014-08,7,Segment-CQR,rolling_group_norm,0.0446761440124091
Persistence,UCI Electricity,persistence_qi__c90__h1,0.9,1.0,2014-08,7,User-CQR,rolling_user_norm,0.0451429119790336
Persistence,UCI Electricity,persistence_qi__c90__h1,0.9,1.0,2014-08,7,Ex-post best fixed,rolling_user_norm,0.0451429119790336
Persistence,UCI Electricity,persistence_qi__c90__h1,0.9,1.0,2014-08,7,Month-wise oracle,rolling_group_norm,0.0446761440124091
Persistence,UCI Electricity,persistence_qi__c90__h1,0.9,1.0,2014-09,8,CSGR,rolling_user_norm,0.0406788645889367
Persistence,UCI Electricity,persistence_qi__c90__h1,0.9,1.0,2014-09,8,Mean-fold minimum,rolling_user_norm,0.0406788645889367
Persistence,UCI Electricity,persistence_qi__c90__h1,0.9,1.0,2014-09,8,Latest-fold minimum,rolling_group_norm,0.0457831804861718
Persistence,UCI Electricity,persistence_qi__c90__h1,0.9,1.0,2014-09,8,Previous-window winner,rolling_group_norm,0.0457831804861718
Persistence,UCI Electricity,persistence_qi__c90__h1,0.9,1.0,2014-09,8,Follow-the-leader,rolling_user_norm,0.0406788645889367
Persistence,UCI Electricity,persistence_qi__c90__h1,0.9,1.0,2014-09,8,Global-CQR,rolling_global_norm,0.0593873348900532
Persistence,UCI Electricity,persistence_qi__c90__h1,0.9,1.0,2014-09,8,Segment-CQR,rolling_group_norm,0.0457831804861718
Persistence,UCI Electricity,persistence_qi__c90__h1,0.9,1.0,2014-09,8,User-CQR,rolling_user_norm,0.0406788645889367
Persistence,UCI Electricity,persistence_qi__c90__h1,0.9,1.0,2014-09,8,Ex-post best fixed,rolling_user_norm,0.0406788645889367
Persistence,UCI Electricity,persistence_qi__c90__h1,0.9,1.0,2014-09,8,Month-wise oracle,rolling_user_norm,0.0406788645889367
Persistence,UCI Electricity,persistence_qi__c90__h1,0.9,1.0,2014-10,9,CSGR,rolling_user_norm,0.0438730675474682
Persistence,UCI Electricity,persistence_qi__c90__h1,0.9,1.0,2014-10,9,Mean-fold minimum,rolling_user_norm,0.0438730675474682
Persistence,UCI Electricity,persistence_qi__c90__h1,0.9,1.0,2014-10,9,Latest-fold minimum,rolling_user_norm,0.0438730675474682
Persistence,UCI Electricity,persistence_qi__c90__h1,0.9,1.0,2014-10,9,Previous-window winner,rolling_user_norm,0.0438730675474682
Persistence,UCI Electricity,persistence_qi__c90__h1,0.9,1.0,2014-10,9,Follow-the-leader,rolling_user_norm,0.0438730675474682
Persistence,UCI Electricity,persistence_qi__c90__h1,0.9,1.0,2014-10,9,Global-CQR,rolling_global_norm,0.0605022863235124
Persistence,UCI Electricity,persistence_qi__c90__h1,0.9,1.0,2014-10,9,Segment-CQR,rolling_group_norm,0.0463128539517101
Persistence,UCI Electricity,persistence_qi__c90__h1,0.9,1.0,2014-10,9,User-CQR,rolling_user_norm,0.0438730675474682
Persistence,UCI Electricity,persistence_qi__c90__h1,0.9,1.0,2014-10,9,Ex-post best fixed,rolling_user_norm,0.0438730675474682
Persistence,UCI Electricity,persistence_qi__c90__h1,0.9,1.0,2014-10,9,Month-wise oracle,rolling_user_norm,0.0438730675474682
Persistence,UCI Electricity,persistence_qi__c90__h1,0.9,1.0,2014-11,10,CSGR,rolling_user_norm,0.0440953678278502
Persistence,UCI Electricity,persistence_qi__c90__h1,0.9,1.0,2014-11,10,Mean-fold minimum,rolling_user_norm,0.0440953678278502
Persistence,UCI Electricity,persistence_qi__c90__h1,0.9,1.0,2014-11,10,Latest-fold minimum,rolling_user_norm,0.0440953678278502
Persistence,UCI Electricity,persistence_qi__c90__h1,0.9,1.0,2014-11,10,Previous-window winner,rolling_user_norm,0.0440953678278502
Persistence,UCI Electricity,persistence_qi__c90__h1,0.9,1.0,2014-11,10,Follow-the-leader,rolling_user_norm,0.0440953678278502
Persistence,UCI Electricity,persistence_qi__c90__h1,0.9,1.0,2014-11,10,Global-CQR,rolling_global_norm,0.0615476966891988
Persistence,UCI Electricity,persistence_qi__c90__h1,0.9,1.0,2014-11,10,Segment-CQR,rolling_group_norm,0.0472729954077793
Persistence,UCI Electricity,persistence_qi__c90__h1,0.9,1.0,2014-11,10,User-CQR,rolling_user_norm,0.0440953678278502
Persistence,UCI Electricity,persistence_qi__c90__h1,0.9,1.0,2014-11,10,Ex-post best fixed,rolling_user_norm,0.0440953678278502
Persistence,UCI Electricity,persistence_qi__c90__h1,0.9,1.0,2014-11,10,Month-wise oracle,rolling_user_norm,0.0440953678278502
Persistence,UCI Electricity,persistence_qi__c90__h1,0.9,1.0,2014-12,11,CSGR,rolling_user_norm,0.0420559646711661
Persistence,UCI Electricity,persistence_qi__c90__h1,0.9,1.0,2014-12,11,Mean-fold minimum,rolling_user_norm,0.0420559646711661
Persistence,UCI Electricity,persistence_qi__c90__h1,0.9,1.0,2014-12,11,Latest-fold minimum,rolling_user_norm,0.0420559646711661
Persistence,UCI Electricity,persistence_qi__c90__h1,0.9,1.0,2014-12,11,Previous-window winner,rolling_user_norm,0.0420559646711661
Persistence,UCI Electricity,persistence_qi__c90__h1,0.9,1.0,2014-12,11,Follow-the-leader,rolling_user_norm,0.0420559646711661
Persistence,UCI Electricity,persistence_qi__c90__h1,0.9,1.0,2014-12,11,Global-CQR,rolling_global_norm,0.0723084574524649
Persistence,UCI Electricity,persistence_qi__c90__h1,0.9,1.0,2014-12,11,Segment-CQR,rolling_group_norm,0.0454297685129527
Persistence,UCI Electricity,persistence_qi__c90__h1,0.9,1.0,2014-12,11,User-CQR,rolling_user_norm,0.0420559646711661
Persistence,UCI Electricity,persistence_qi__c90__h1,0.9,1.0,2014-12,11,Ex-post best fixed,rolling_user_norm,0.0420559646711661
Persistence,UCI Electricity,persistence_qi__c90__h1,0.9,1.0,2014-12,11,Month-wise oracle,rolling_user_norm,0.0420559646711661
Persistence,UCI Electricity,persistence_qi__c90__h6,0.9,6.0,2014-01,0,CSGR,rolling_user_norm,0.0743725033416158
Persistence,UCI Electricity,persistence_qi__c90__h6,0.9,6.0,2014-01,0,Mean-fold minimum,rolling_user_norm,0.0743725033416158
Persistence,UCI Electricity,persistence_qi__c90__h6,0.9,6.0,2014-01,0,Latest-fold minimum,rolling_user_norm,0.0743725033416158
Persistence,UCI Electricity,persistence_qi__c90__h6,0.9,6.0,2014-01,0,Previous-window winner,rolling_global_norm,0.1188114357603368
Persistence,UCI Electricity,persistence_qi__c90__h6,0.9,6.0,2014-01,0,Follow-the-leader,rolling_global_norm,0.1188114357603368
Persistence,UCI Electricity,persistence_qi__c90__h6,0.9,6.0,2014-01,0,Global-CQR,rolling_global_norm,0.1188114357603368
Persistence,UCI Electricity,persistence_qi__c90__h6,0.9,6.0,2014-01,0,Segment-CQR,rolling_group_norm,0.0915458960699028
Persistence,UCI Electricity,persistence_qi__c90__h6,0.9,6.0,2014-01,0,User-CQR,rolling_user_norm,0.0743725033416158
Persistence,UCI Electricity,persistence_qi__c90__h6,0.9,6.0,2014-01,0,Ex-post best fixed,rolling_user_norm,0.0743725033416158
Persistence,UCI Electricity,persistence_qi__c90__h6,0.9,6.0,2014-01,0,Month-wise oracle,rolling_user_norm,0.0743725033416158
Persistence,UCI Electricity,persistence_qi__c90__h6,0.9,6.0,2014-02,1,CSGR,rolling_user_norm,0.0738905972471131
Persistence,UCI Electricity,persistence_qi__c90__h6,0.9,6.0,2014-02,1,Mean-fold minimum,rolling_user_norm,0.0738905972471131
Persistence,UCI Electricity,persistence_qi__c90__h6,0.9,6.0,2014-02,1,Latest-fold minimum,rolling_user_norm,0.0738905972471131
Persistence,UCI Electricity,persistence_qi__c90__h6,0.9,6.0,2014-02,1,Previous-window winner,rolling_user_norm,0.0738905972471131
Persistence,UCI Electricity,persistence_qi__c90__h6,0.9,6.0,2014-02,1,Follow-the-leader,rolling_user_norm,0.0738905972471131
Persistence,UCI Electricity,persistence_qi__c90__h6,0.9,6.0,2014-02,1,Global-CQR,rolling_global_norm,0.1265804802607114
Persistence,UCI Electricity,persistence_qi__c90__h6,0.9,6.0,2014-02,1,Segment-CQR,rolling_group_norm,0.0973723702494741
Persistence,UCI Electricity,persistence_qi__c90__h6,0.9,6.0,2014-02,1,User-CQR,rolling_user_norm,0.0738905972471131
Persistence,UCI Electricity,persistence_qi__c90__h6,0.9,6.0,2014-02,1,Ex-post best fixed,rolling_user_norm,0.0738905972471131
Persistence,UCI Electricity,persistence_qi__c90__h6,0.9,6.0,2014-02,1,Month-wise oracle,rolling_user_norm,0.0738905972471131
Persistence,UCI Electricity,persistence_qi__c90__h6,0.9,6.0,2014-03,2,CSGR,rolling_user_norm,0.0852994853631224
Persistence,UCI Electricity,persistence_qi__c90__h6,0.9,6.0,2014-03,2,Mean-fold minimum,rolling_user_norm,0.0852994853631224
Persistence,UCI Electricity,persistence_qi__c90__h6,0.9,6.0,2014-03,2,Latest-fold minimum,rolling_user_norm,0.0852994853631224
Persistence,UCI Electricity,persistence_qi__c90__h6,0.9,6.0,2014-03,2,Previous-window winner,rolling_user_norm,0.0852994853631224
Persistence,UCI Electricity,persistence_qi__c90__h6,0.9,6.0,2014-03,2,Follow-the-leader,rolling_user_norm,0.0852994853631224
Persistence,UCI Electricity,persistence_qi__c90__h6,0.9,6.0,2014-03,2,Global-CQR,rolling_global_norm,0.1162562274922394
Persistence,UCI Electricity,persistence_qi__c90__h6,0.9,6.0,2014-03,2,Segment-CQR,rolling_group_norm,0.0996503344919327
Persistence,UCI Electricity,persistence_qi__c90__h6,0.9,6.0,2014-03,2,User-CQR,rolling_user_norm,0.0852994853631224
Persistence,UCI Electricity,persistence_qi__c90__h6,0.9,6.0,2014-03,2,Ex-post best fixed,rolling_user_norm,0.0852994853631224
Persistence,UCI Electricity,persistence_qi__c90__h6,0.9,6.0,2014-03,2,Month-wise oracle,rolling_user_norm,0.0852994853631224
Persistence,UCI Electricity,persistence_qi__c90__h6,0.9,6.0,2014-04,3,CSGR,rolling_user_norm,0.0913365350085359
Persistence,UCI Electricity,persistence_qi__c90__h6,0.9,6.0,2014-04,3,Mean-fold minimum,rolling_user_norm,0.0913365350085359
Persistence,UCI Electricity,persistence_qi__c90__h6,0.9,6.0,2014-04,3,Latest-fold minimum,rolling_user_norm,0.0913365350085359
Persistence,UCI Electricity,persistence_qi__c90__h6,0.9,6.0,2014-04,3,Previous-window winner,rolling_user_norm,0.0913365350085359
Persistence,UCI Electricity,persistence_qi__c90__h6,0.9,6.0,2014-04,3,Follow-the-leader,rolling_user_norm,0.0913365350085359
Persistence,UCI Electricity,persistence_qi__c90__h6,0.9,6.0,2014-04,3,Global-CQR,rolling_global_norm,0.1218844802046504
Persistence,UCI Electricity,persistence_qi__c90__h6,0.9,6.0,2014-04,3,Segment-CQR,rolling_group_norm,0.1015700106953662
Persistence,UCI Electricity,persistence_qi__c90__h6,0.9,6.0,2014-04,3,User-CQR,rolling_user_norm,0.0913365350085359
Persistence,UCI Electricity,persistence_qi__c90__h6,0.9,6.0,2014-04,3,Ex-post best fixed,rolling_user_norm,0.0913365350085359
Persistence,UCI Electricity,persistence_qi__c90__h6,0.9,6.0,2014-04,3,Month-wise oracle,rolling_user_norm,0.0913365350085359
Persistence,UCI Electricity,persistence_qi__c90__h6,0.9,6.0,2014-05,4,CSGR,rolling_user_norm,0.103679623913894
Persistence,UCI Electricity,persistence_qi__c90__h6,0.9,6.0,2014-05,4,Mean-fold minimum,rolling_user_norm,0.103679623913894
Persistence,UCI Electricity,persistence_qi__c90__h6,0.9,6.0,2014-05,4,Latest-fold minimum,rolling_user_norm,0.103679623913894
Persistence,UCI Electricity,persistence_qi__c90__h6,0.9,6.0,2014-05,4,Previous-window winner,rolling_user_norm,0.103679623913894
Persistence,UCI Electricity,persistence_qi__c90__h6,0.9,6.0,2014-05,4,Follow-the-leader,rolling_user_norm,0.103679623913894
Persistence,UCI Electricity,persistence_qi__c90__h6,0.9,6.0,2014-05,4,Global-CQR,rolling_global_norm,0.1590125813080818
Persistence,UCI Electricity,persistence_qi__c90__h6,0.9,6.0,2014-05,4,Segment-CQR,rolling_group_norm,0.0972410492012945
Persistence,UCI Electricity,persistence_qi__c90__h6,0.9,6.0,2014-05,4,User-CQR,rolling_user_norm,0.103679623913894
Persistence,UCI Electricity,persistence_qi__c90__h6,0.9,6.0,2014-05,4,Ex-post best fixed,rolling_user_norm,0.103679623913894
Persistence,UCI Electricity,persistence_qi__c90__h6,0.9,6.0,2014-05,4,Month-wise oracle,rolling_group_norm,0.0972410492012945
Persistence,UCI Electricity,persistence_qi__c90__h6,0.9,6.0,2014-06,5,CSGR,rolling_user_norm,0.1148463003180514
Persistence,UCI Electricity,persistence_qi__c90__h6,0.9,6.0,2014-06,5,Mean-fold minimum,rolling_user_norm,0.1148463003180514
Persistence,UCI Electricity,persistence_qi__c90__h6,0.9,6.0,2014-06,5,Latest-fold minimum,rolling_user_norm,0.1148463003180514
Persistence,UCI Electricity,persistence_qi__c90__h6,0.9,6.0,2014-06,5,Previous-window winner,rolling_group_norm,0.1170151363598857
Persistence,UCI Electricity,persistence_qi__c90__h6,0.9,6.0,2014-06,5,Follow-the-leader,rolling_user_norm,0.1148463003180514
Persistence,UCI Electricity,persistence_qi__c90__h6,0.9,6.0,2014-06,5,Global-CQR,rolling_global_norm,0.1650997002368555
Persistence,UCI Electricity,persistence_qi__c90__h6,0.9,6.0,2014-06,5,Segment-CQR,rolling_group_norm,0.1170151363598857
Persistence,UCI Electricity,persistence_qi__c90__h6,0.9,6.0,2014-06,5,User-CQR,rolling_user_norm,0.1148463003180514
Persistence,UCI Electricity,persistence_qi__c90__h6,0.9,6.0,2014-06,5,Ex-post best fixed,rolling_user_norm,0.1148463003180514
Persistence,UCI Electricity,persistence_qi__c90__h6,0.9,6.0,2014-06,5,Month-wise oracle,rolling_user_norm,0.1148463003180514
Persistence,UCI Electricity,persistence_qi__c90__h6,0.9,6.0,2014-07,6,CSGR,rolling_user_norm,0.1320154714927426
Persistence,UCI Electricity,persistence_qi__c90__h6,0.9,6.0,2014-07,6,Mean-fold minimum,rolling_user_norm,0.1320154714927426
Persistence,UCI Electricity,persistence_qi__c90__h6,0.9,6.0,2014-07,6,Latest-fold minimum,rolling_user_norm,0.1320154714927426
Persistence,UCI Electricity,persistence_qi__c90__h6,0.9,6.0,2014-07,6,Previous-window winner,rolling_user_norm,0.1320154714927426
Persistence,UCI Electricity,persistence_qi__c90__h6,0.9,6.0,2014-07,6,Follow-the-leader,rolling_user_norm,0.1320154714927426
Persistence,UCI Electricity,persistence_qi__c90__h6,0.9,6.0,2014-07,6,Global-CQR,rolling_global_norm,0.1711209791194755
Persistence,UCI Electricity,persistence_qi__c90__h6,0.9,6.0,2014-07,6,Segment-CQR,rolling_group_norm,0.1381246459649679
Persistence,UCI Electricity,persistence_qi__c90__h6,0.9,6.0,2014-07,6,User-CQR,rolling_user_norm,0.1320154714927426
Persistence,UCI Electricity,persistence_qi__c90__h6,0.9,6.0,2014-07,6,Ex-post best fixed,rolling_user_norm,0.1320154714927426
Persistence,UCI Electricity,persistence_qi__c90__h6,0.9,6.0,2014-07,6,Month-wise oracle,rolling_user_norm,0.1320154714927426
Persistence,UCI Electricity,persistence_qi__c90__h6,0.9,6.0,2014-08,7,CSGR,rolling_user_norm,0.0779501150810922
Persistence,UCI Electricity,persistence_qi__c90__h6,0.9,6.0,2014-08,7,Mean-fold minimum,rolling_user_norm,0.0779501150810922
Persistence,UCI Electricity,persistence_qi__c90__h6,0.9,6.0,2014-08,7,Latest-fold minimum,rolling_user_norm,0.0779501150810922
Persistence,UCI Electricity,persistence_qi__c90__h6,0.9,6.0,2014-08,7,Previous-window winner,rolling_user_norm,0.0779501150810922
Persistence,UCI Electricity,persistence_qi__c90__h6,0.9,6.0,2014-08,7,Follow-the-leader,rolling_user_norm,0.0779501150810922
Persistence,UCI Electricity,persistence_qi__c90__h6,0.9,6.0,2014-08,7,Global-CQR,rolling_global_norm,0.1170841061104691
Persistence,UCI Electricity,persistence_qi__c90__h6,0.9,6.0,2014-08,7,Segment-CQR,rolling_group_norm,0.1046140725527161
Persistence,UCI Electricity,persistence_qi__c90__h6,0.9,6.0,2014-08,7,User-CQR,rolling_user_norm,0.0779501150810922
Persistence,UCI Electricity,persistence_qi__c90__h6,0.9,6.0,2014-08,7,Ex-post best fixed,rolling_user_norm,0.0779501150810922
Persistence,UCI Electricity,persistence_qi__c90__h6,0.9,6.0,2014-08,7,Month-wise oracle,rolling_user_norm,0.0779501150810922
Persistence,UCI Electricity,persistence_qi__c90__h6,0.9,6.0,2014-09,8,CSGR,rolling_user_norm,0.0820322781464431
Persistence,UCI Electricity,persistence_qi__c90__h6,0.9,6.0,2014-09,8,Mean-fold minimum,rolling_user_norm,0.0820322781464431
Persistence,UCI Electricity,persistence_qi__c90__h6,0.9,6.0,2014-09,8,Latest-fold minimum,rolling_user_norm,0.0820322781464431
Persistence,UCI Electricity,persistence_qi__c90__h6,0.9,6.0,2014-09,8,Previous-window winner,rolling_user_norm,0.0820322781464431
Persistence,UCI Electricity,persistence_qi__c90__h6,0.9,6.0,2014-09,8,Follow-the-leader,rolling_user_norm,0.0820322781464431
Persistence,UCI Electricity,persistence_qi__c90__h6,0.9,6.0,2014-09,8,Global-CQR,rolling_global_norm,0.104083247509704
Persistence,UCI Electricity,persistence_qi__c90__h6,0.9,6.0,2014-09,8,Segment-CQR,rolling_group_norm,0.100931015647037
Persistence,UCI Electricity,persistence_qi__c90__h6,0.9,6.0,2014-09,8,User-CQR,rolling_user_norm,0.0820322781464431
Persistence,UCI Electricity,persistence_qi__c90__h6,0.9,6.0,2014-09,8,Ex-post best fixed,rolling_user_norm,0.0820322781464431
Persistence,UCI Electricity,persistence_qi__c90__h6,0.9,6.0,2014-09,8,Month-wise oracle,rolling_user_norm,0.0820322781464431
Persistence,UCI Electricity,persistence_qi__c90__h6,0.9,6.0,2014-10,9,CSGR,rolling_user_norm,0.102511545285378
Persistence,UCI Electricity,persistence_qi__c90__h6,0.9,6.0,2014-10,9,Mean-fold minimum,rolling_user_norm,0.102511545285378
Persistence,UCI Electricity,persistence_qi__c90__h6,0.9,6.0,2014-10,9,Latest-fold minimum,rolling_user_norm,0.102511545285378
Persistence,UCI Electricity,persistence_qi__c90__h6,0.9,6.0,2014-10,9,Previous-window winner,rolling_user_norm,0.102511545285378
Persistence,UCI Electricity,persistence_qi__c90__h6,0.9,6.0,2014-10,9,Follow-the-leader,rolling_user_norm,0.102511545285378
Persistence,UCI Electricity,persistence_qi__c90__h6,0.9,6.0,2014-10,9,Global-CQR,rolling_global_norm,0.1039432010683571
Persistence,UCI Electricity,persistence_qi__c90__h6,0.9,6.0,2014-10,9,Segment-CQR,rolling_group_norm,0.1103828871747494
Persistence,UCI Electricity,persistence_qi__c90__h6,0.9,6.0,2014-10,9,User-CQR,rolling_user_norm,0.102511545285378
Persistence,UCI Electricity,persistence_qi__c90__h6,0.9,6.0,2014-10,9,Ex-post best fixed,rolling_user_norm,0.102511545285378
Persistence,UCI Electricity,persistence_qi__c90__h6,0.9,6.0,2014-10,9,Month-wise oracle,rolling_user_norm,0.102511545285378
Persistence,UCI Electricity,persistence_qi__c90__h6,0.9,6.0,2014-11,10,CSGR,rolling_user_norm,0.107596591949592
Persistence,UCI Electricity,persistence_qi__c90__h6,0.9,6.0,2014-11,10,Mean-fold minimum,rolling_user_norm,0.107596591949592
Persistence,UCI Electricity,persistence_qi__c90__h6,0.9,6.0,2014-11,10,Latest-fold minimum,rolling_user_norm,0.107596591949592
Persistence,UCI Electricity,persistence_qi__c90__h6,0.9,6.0,2014-11,10,Previous-window winner,rolling_user_norm,0.107596591949592
Persistence,UCI Electricity,persistence_qi__c90__h6,0.9,6.0,2014-11,10,Follow-the-leader,rolling_user_norm,0.107596591949592
Persistence,UCI Electricity,persistence_qi__c90__h6,0.9,6.0,2014-11,10,Global-CQR,rolling_global_norm,0.1359941451754844
Persistence,UCI Electricity,persistence_qi__c90__h6,0.9,6.0,2014-11,10,Segment-CQR,rolling_group_norm,0.1107945487892963
Persistence,UCI Electricity,persistence_qi__c90__h6,0.9,6.0,2014-11,10,User-CQR,rolling_user_norm,0.107596591949592
Persistence,UCI Electricity,persistence_qi__c90__h6,0.9,6.0,2014-11,10,Ex-post best fixed,rolling_user_norm,0.107596591949592
Persistence,UCI Electricity,persistence_qi__c90__h6,0.9,6.0,2014-11,10,Month-wise oracle,rolling_user_norm,0.107596591949592
Persistence,UCI Electricity,persistence_qi__c90__h6,0.9,6.0,2014-12,11,CSGR,rolling_user_norm,0.1141026843466092
Persistence,UCI Electricity,persistence_qi__c90__h6,0.9,6.0,2014-12,11,Mean-fold minimum,rolling_user_norm,0.1141026843466092
Persistence,UCI Electricity,persistence_qi__c90__h6,0.9,6.0,2014-12,11,Latest-fold minimum,rolling_user_norm,0.1141026843466092
Persistence,UCI Electricity,persistence_qi__c90__h6,0.9,6.0,2014-12,11,Previous-window winner,rolling_user_norm,0.1141026843466092
Persistence,UCI Electricity,persistence_qi__c90__h6,0.9,6.0,2014-12,11,Follow-the-leader,rolling_user_norm,0.1141026843466092
Persistence,UCI Electricity,persistence_qi__c90__h6,0.9,6.0,2014-12,11,Global-CQR,rolling_global_norm,0.1687674971359006
Persistence,UCI Electricity,persistence_qi__c90__h6,0.9,6.0,2014-12,11,Segment-CQR,rolling_group_norm,0.1204669256662065
Persistence,UCI Electricity,persistence_qi__c90__h6,0.9,6.0,2014-12,11,User-CQR,rolling_user_norm,0.1141026843466092
Persistence,UCI Electricity,persistence_qi__c90__h6,0.9,6.0,2014-12,11,Ex-post best fixed,rolling_user_norm,0.1141026843466092
Persistence,UCI Electricity,persistence_qi__c90__h6,0.9,6.0,2014-12,11,Month-wise oracle,rolling_user_norm,0.1141026843466092
