dataset,configuration,coverage,horizon_hours,window,window_order,user_weight,efficiency_weight,selected_policy,router_loss,oracle_loss,oracle_policy,router_macro_user_abs_coverage_gap,router_max_abs_cluster_coverage_gap,router_normalized_interval_score,loss__rolling_global_norm,loss__rolling_group_norm,loss__rolling_user_norm,cv_mean_gain_over_global__rolling_global_norm,cv_mean_gain_over_global__rolling_group_norm,cv_mean_gain_over_global__rolling_user_norm,cv_lower_gain__rolling_global_norm,cv_lower_gain__rolling_group_norm,cv_lower_gain__rolling_user_norm,mean_fold_policy,latest_fold_policy,forecaster,previous_window_policy,follow_the_leader_policy,best_fixed_policy
Ausgrid,lightgbm_quantile__c80__h1,0.8,1.0,2012-07,0,0.5,0.01,rolling_user_norm,0.0491411741757897,0.0491411741757897,rolling_user_norm,0.0269491494947315,0.0137707722385141,2.8781213309166893,0.0565054948992088,0.0554605048479896,0.0491411741757897,0.0,-0.0005703107638565,0.0038756433316502,0.0,-0.001748245775086,0.0029597365321834,rolling_user_norm,rolling_user_norm,LightGBM,rolling_global_norm,rolling_global_norm,rolling_user_norm
Ausgrid,lightgbm_quantile__c80__h1,0.8,1.0,2012-08,1,0.5,0.01,rolling_user_norm,0.0447685228464658,0.0447685228464658,rolling_user_norm,0.0258478081058726,0.0116293988269794,2.602991938003977,0.051021736050185,0.0490928344536757,0.0447685228464658,0.0,0.0033487742979955,0.0094681826113533,0.0,0.0031641249392182,0.0085141759539976,rolling_user_norm,rolling_user_norm,LightGBM,rolling_user_norm,rolling_user_norm,rolling_user_norm
Ausgrid,lightgbm_quantile__c80__h1,0.8,1.0,2012-09,2,0.5,0.01,rolling_user_norm,0.0507426140404972,0.0507426140404972,rolling_user_norm,0.0353748606465997,0.0277777777777776,1.916629482830849,0.052508080901569,0.0515286659158034,0.0507426140404972,0.0,0.0015010419533127,0.0063187220677484,0.0,0.0009257039447351,0.0052426858340374,rolling_user_norm,rolling_user_norm,LightGBM,rolling_user_norm,rolling_user_norm,rolling_user_norm
Ausgrid,lightgbm_quantile__c80__h1,0.8,1.0,2012-10,3,0.5,0.01,rolling_user_norm,0.0351530082169891,0.0351530082169891,rolling_user_norm,0.02739418132125,0.0068091120718324,1.805136152044788,0.0415763669171679,0.0390448894928754,0.0351530082169891,0.0,0.0002306995605235,0.0049962691780658,0.0,-6.600094763273837e-05,0.0045207116002087,rolling_user_norm,rolling_user_norm,LightGBM,rolling_user_norm,rolling_user_norm,rolling_user_norm
Ausgrid,lightgbm_quantile__c80__h1,0.8,1.0,2012-11,4,0.5,0.01,rolling_user_norm,0.0360372550805877,0.0360372550805877,rolling_user_norm,0.0253553511705685,0.0105350378787879,1.809206055590948,0.0424798197205388,0.0415324135846639,0.0360372550805877,0.0,0.0013312291591012,0.006514498135697,0.0,0.0007318461291534,0.0047197552773975,rolling_user_norm,rolling_user_norm,LightGBM,rolling_user_norm,rolling_user_norm,rolling_user_norm
Ausgrid,lightgbm_quantile__c80__h1,0.8,1.0,2012-12,5,0.5,0.01,rolling_user_norm,0.035146285701265,0.035146285701265,rolling_user_norm,0.0257165461934045,0.0060954993903115,1.9240262909407024,0.0438061854899157,0.0409165779597222,0.035146285701265,0.0,0.0010863861626555,0.008023681678659,0.0,-0.0016348160403269,0.0042050142204924,rolling_user_norm,rolling_user_norm,LightGBM,rolling_user_norm,rolling_user_norm,rolling_user_norm
Ausgrid,lightgbm_quantile__c80__h1,0.8,1.0,2013-01,6,0.5,0.01,rolling_user_norm,0.0417156955436563,0.0417156955436563,rolling_user_norm,0.0279956485776962,0.0101901119609799,2.2622815274318184,0.0505143958795098,0.048897790415613,0.0417156955436563,0.0,0.0017113858243536,0.008244254376476,0.0,0.000574659859597,0.0057115120555437,rolling_user_norm,rolling_user_norm,LightGBM,rolling_user_norm,rolling_user_norm,rolling_user_norm
Ausgrid,lightgbm_quantile__c80__h1,0.8,1.0,2013-02,7,0.5,0.01,rolling_user_norm,0.0360427903341234,0.0360427903341234,rolling_user_norm,0.0295772615066093,0.004976663961039,1.8765827600299303,0.0476474430317539,0.0455167090572543,0.0360427903341234,0.0,0.0024066176937047,0.0077229250949568,0.0,0.0015461579030702,0.0064686689012183,rolling_user_norm,rolling_user_norm,LightGBM,rolling_user_norm,rolling_user_norm,rolling_user_norm
Ausgrid,lightgbm_quantile__c80__h1,0.8,1.0,2013-03,8,0.5,0.01,rolling_user_norm,0.0351998668573815,0.0351998668573815,rolling_user_norm,0.0244736037688351,0.0088141558585522,1.8555987043687856,0.0459291226100637,0.0435471555819784,0.0351998668573815,0.0,0.0029609624619925,0.0121541815540408,0.0,0.002623822071288,0.0106698456132656,rolling_user_norm,rolling_user_norm,LightGBM,rolling_user_norm,rolling_user_norm,rolling_user_norm
Ausgrid,lightgbm_quantile__c80__h1,0.8,1.0,2013-04,9,0.5,0.01,rolling_user_norm,0.039561440652673,0.039561440652673,rolling_user_norm,0.0293060200668896,0.0137548732943469,1.8030993972054743,0.0439988302924943,0.0428792960557484,0.039561440652673,0.0,0.0001604285893427,0.0070573645144947,0.0,-0.0005561250487326,0.0063086354580216,rolling_user_norm,rolling_user_norm,LightGBM,rolling_user_norm,rolling_user_norm,rolling_user_norm
Ausgrid,lightgbm_quantile__c80__h1,0.8,1.0,2013-05,10,0.5,0.01,rolling_user_norm,0.045895704022515,0.045895704022515,rolling_user_norm,0.0308941993023339,0.016909518572825,2.19938450849355,0.0512197094033312,0.0495044475342026,0.045895704022515,0.0,0.0021196289969567,0.0076312231443623,0.0,0.0018995634329245,0.0055232661611266,rolling_user_norm,rolling_user_norm,LightGBM,rolling_user_norm,rolling_user_norm,rolling_user_norm
Ausgrid,lightgbm_quantile__c80__h1,0.8,1.0,2013-06,11,0.5,0.01,rolling_user_norm,0.0512328216344408,0.0512328216344408,rolling_user_norm,0.030309364548495,0.0161512027491409,2.800253798562283,0.0576720835488096,0.0570205039659832,0.0512328216344408,0.0,0.0010770168984278,0.0064772221609854,0.0,-7.94187797424498e-05,0.0055593411371855,rolling_user_norm,rolling_user_norm,LightGBM,rolling_user_norm,rolling_user_norm,rolling_user_norm
Ausgrid,lightgbm_quantile__c80__h6,0.8,6.0,2012-07,0,0.5,0.01,rolling_user_norm,0.0626415189954223,0.0626415189954223,rolling_user_norm,0.0409406804042147,0.0227288000977518,3.080677874443905,0.0750284938431294,0.0705061883689951,0.0626415189954223,0.0,0.0044275619262153,0.008988444409287,0.0,0.0035378319410594,0.0075490451580565,rolling_user_norm,rolling_user_norm,LightGBM,rolling_global_norm,rolling_global_norm,rolling_user_norm
Ausgrid,lightgbm_quantile__c80__h6,0.8,6.0,2012-08,1,0.5,0.01,rolling_user_norm,0.0487156352439047,0.0487156352439047,rolling_user_norm,0.0358097781134246,0.0056191959921798,2.8001148191102465,0.0653296870545571,0.0586318041512264,0.0487156352439047,0.0,0.0070544947579831,0.0181817335316179,0.0,0.0059520520927584,0.0164437620710711,rolling_user_norm,rolling_user_norm,LightGBM,rolling_user_norm,rolling_user_norm,rolling_user_norm
Ausgrid,lightgbm_quantile__c80__h6,0.8,6.0,2012-09,2,0.5,0.01,rolling_user_norm,0.0608651942350896,0.0608651942350896,rolling_user_norm,0.0500278706800445,0.0301215277777777,2.079049500617845,0.0717052963675561,0.0666815520032221,0.0608651942350896,0.0,0.0052071416545678,0.0152880612122751,0.0,0.0046104525260775,0.01313160793144,rolling_user_norm,rolling_user_norm,LightGBM,rolling_user_norm,rolling_user_norm,rolling_user_norm
Ausgrid,lightgbm_quantile__c80__h6,0.8,6.0,2012-10,3,0.5,0.01,rolling_user_norm,0.0448662733882464,0.0448662733882464,rolling_user_norm,0.0385222246197,0.0123302207130731,1.9440050721859847,0.0555410321331953,0.05102249181307,0.0448662733882464,0.0,0.0053489133475323,0.0147516004829131,0.0,0.0048000086752888,0.01327848240085,rolling_user_norm,rolling_user_norm,LightGBM,rolling_user_norm,rolling_user_norm,rolling_user_norm
Ausgrid,lightgbm_quantile__c80__h6,0.8,6.0,2012-11,4,0.5,0.01,rolling_user_norm,0.0479181279945317,0.0479181279945317,rolling_user_norm,0.0391838535860275,0.0174873737373737,1.9582514332831131,0.0551432914505001,0.0532712005850823,0.0479181279945317,0.0,0.0051471507404242,0.0127992354043297,0.0,0.0037078533598117,0.01079892712855,rolling_user_norm,rolling_user_norm,LightGBM,rolling_user_norm,rolling_user_norm,rolling_user_norm
Ausgrid,lightgbm_quantile__c80__h6,0.8,6.0,2012-12,5,0.5,0.01,rolling_user_norm,0.0441692116911726,0.0441692116911726,rolling_user_norm,0.0377652209875211,0.0067329010087573,2.19201506930334,0.0595319994579771,0.051392737967863,0.0441692116911726,0.0,0.0039449719794123,0.0113523567206597,0.0,0.0020751788244877,0.008338889801372,rolling_user_norm,rolling_user_norm,LightGBM,rolling_user_norm,rolling_user_norm,rolling_user_norm
Ausgrid,lightgbm_quantile__c80__h6,0.8,6.0,2013-01,6,0.5,0.01,rolling_user_norm,0.0579735002612769,0.0579735002612769,rolling_user_norm,0.0419215485309454,0.0192800133022946,2.737271934465692,0.0682991241862519,0.0648953736172647,0.0579735002612769,0.0,0.0058836307903005,0.0134951574244513,0.0,0.0037256917875401,0.0094380504765885,rolling_user_norm,rolling_user_norm,LightGBM,rolling_user_norm,rolling_user_norm,rolling_user_norm
Ausgrid,lightgbm_quantile__c80__h6,0.8,6.0,2013-02,7,0.5,0.01,rolling_user_norm,0.0527943784385675,0.0527943784385675,rolling_user_norm,0.042366917502787,0.0222569955817377,2.0482421896305105,0.0672213190527122,0.0631388642397883,0.0527943784385675,0.0,0.0037086302348751,0.0141486693504236,0.0,0.0022811040142287,0.0113846556568297,rolling_user_norm,rolling_user_norm,LightGBM,rolling_user_norm,rolling_user_norm,rolling_user_norm
Ausgrid,lightgbm_quantile__c80__h6,0.8,6.0,2013-03,8,0.5,0.01,rolling_user_norm,0.0453246312641888,0.0453246312641888,rolling_user_norm,0.0339891933685762,0.0162551877004338,2.020244072968376,0.0621779711695112,0.0568290343323452,0.0453246312641888,0.0,0.0046574658179136,0.0137799870039961,0.0,0.0027048655750076,0.0113204286821419,rolling_user_norm,rolling_user_norm,LightGBM,rolling_user_norm,rolling_user_norm,rolling_user_norm
Ausgrid,lightgbm_quantile__c80__h6,0.8,6.0,2013-04,9,0.5,0.01,rolling_user_norm,0.0491428247233775,0.0491428247233775,rolling_user_norm,0.0435247120029728,0.0163255360623781,1.9217700690702,0.0560948698127897,0.0549016508059719,0.0491428247233775,0.0,0.0021202552121571,0.0150376730035682,0.0,0.001480590685045,0.0136397765158021,rolling_user_norm,rolling_user_norm,LightGBM,rolling_user_norm,rolling_user_norm,rolling_user_norm
Ausgrid,lightgbm_quantile__c80__h6,0.8,6.0,2013-05,10,0.5,0.01,rolling_user_norm,0.0623849700598462,0.0623849700598462,rolling_user_norm,0.049758603948646,0.0277282588190908,2.364153867597784,0.072388025857853,0.0694683615567971,0.0623849700598462,0.0,0.0025326304423596,0.0110966704346053,0.0,0.0016895780869295,0.00795931774418,rolling_user_norm,rolling_user_norm,LightGBM,rolling_user_norm,rolling_user_norm,rolling_user_norm
Ausgrid,lightgbm_quantile__c80__h6,0.8,6.0,2013-06,11,0.5,0.01,rolling_user_norm,0.0664573242718351,0.0664573242718351,rolling_user_norm,0.0432436826458565,0.0288301832760595,3.042039131087703,0.0811182046242399,0.077637264852812,0.0664573242718351,0.0,0.0050262083609173,0.0156725094225978,0.0,0.0049493597663562,0.0124837170931126,rolling_user_norm,rolling_user_norm,LightGBM,rolling_user_norm,rolling_user_norm,rolling_user_norm
Ausgrid,lightgbm_quantile__c90__h1,0.9,1.0,2012-07,0,0.5,0.01,rolling_user_norm,0.0508089288746868,0.0508089288746868,rolling_user_norm,0.0189489157406408,0.0113605816226783,3.565418019302726,0.0572841061867486,0.0558883610771165,0.0508089288746868,0.0,0.0018813655275253,0.0046609049060517,0.0,0.0007109316643711,0.0036847411697969,rolling_user_norm,rolling_user_norm,LightGBM,rolling_global_norm,rolling_global_norm,rolling_user_norm
Ausgrid,lightgbm_quantile__c90__h1,0.9,1.0,2012-08,1,0.5,0.01,rolling_user_norm,0.0440193274407606,0.0440193274407606,rolling_user_norm,0.017258244326968,0.0057154203323558,3.2532495111098747,0.05022703748421,0.0482829405304854,0.0440193274407606,0.0,0.0023729768920292,0.0065102197159815,0.0,0.0017113593450647,0.0051012109434865,rolling_user_norm,rolling_user_norm,LightGBM,rolling_user_norm,rolling_user_norm,rolling_user_norm
Ausgrid,lightgbm_quantile__c90__h1,0.9,1.0,2012-09,2,0.5,0.01,rolling_user_norm,0.0461333188975978,0.0461333188975978,rolling_user_norm,0.0244867149758454,0.0187342171717171,2.452285282381658,0.0492446103668744,0.0477168026337532,0.0461333188975978,0.0,0.0023446223245485,0.0063787004142884,0.0,0.0021811936357686,0.006092477807497,rolling_user_norm,rolling_user_norm,LightGBM,rolling_user_norm,rolling_user_norm,rolling_user_norm
Ausgrid,lightgbm_quantile__c90__h1,0.9,1.0,2012-10,3,0.5,0.01,rolling_user_norm,0.0352514257630088,0.0352514257630088,rolling_user_norm,0.0196632142985579,0.0043398736282008,2.3249881799629493,0.0414389477811493,0.0389577479531856,0.0352514257630088,0.0,0.0007343024864753,0.0045232378782169,0.0,0.0002857944915717,0.0036547161415972,rolling_user_norm,rolling_user_norm,LightGBM,rolling_user_norm,rolling_user_norm,rolling_user_norm
Ausgrid,lightgbm_quantile__c90__h1,0.9,1.0,2012-11,4,0.5,0.01,rolling_user_norm,0.0368886453958547,0.0368886453958547,rolling_user_norm,0.0183110367892976,0.0086410984848485,2.341257775878169,0.042163440521746,0.0409059192014192,0.0368886453958547,0.0,0.0012890238829511,0.0053198375761271,0.0,0.0012431332299839,0.0038020171150317,rolling_user_norm,rolling_user_norm,LightGBM,rolling_user_norm,rolling_user_norm,rolling_user_norm
Ausgrid,lightgbm_quantile__c90__h1,0.9,1.0,2012-12,5,0.5,0.01,rolling_user_norm,0.0378999257135921,0.0378999257135921,rolling_user_norm,0.0210468587046427,0.0046585744374237,2.504720914255885,0.0442325612886483,0.0421515433876716,0.0378999257135921,0.0,0.0014723534196046,0.0058003339068432,0.0,-0.0001886695828435,0.0034090131128594,rolling_user_norm,rolling_user_norm,LightGBM,rolling_user_norm,rolling_user_norm,rolling_user_norm
Ausgrid,lightgbm_quantile__c90__h1,0.9,1.0,2013-01,6,0.5,0.01,rolling_user_norm,0.0466559026741083,0.0466559026741083,rolling_user_norm,0.0225401877225159,0.0116049608993157,2.9583328363192494,0.0510934769398473,0.050376283899781,0.0466559026741083,0.0,0.0014568492414661,0.0056412786564617,0.0,0.000478285267555,0.0027422170069053,rolling_user_norm,rolling_user_norm,LightGBM,rolling_user_norm,rolling_user_norm,rolling_user_norm
Ausgrid,lightgbm_quantile__c90__h1,0.9,1.0,2013-02,7,0.5,0.01,rolling_user_norm,0.0363691605558101,0.0363691605558101,rolling_user_norm,0.0217520703933747,0.0020388438880706,2.4473703415087504,0.0439568380652704,0.043731059716046,0.0363691605558101,0.0,0.0016905306107257,0.0064381372456344,0.0,0.0013500561823365,0.0061466730591276,rolling_user_norm,rolling_user_norm,LightGBM,rolling_user_norm,rolling_user_norm,rolling_user_norm
Ausgrid,lightgbm_quantile__c90__h1,0.9,1.0,2013-03,8,0.5,0.01,rolling_user_norm,0.0367994122248933,0.0367994122248933,rolling_user_norm,0.018283166109253,0.0070294313269039,2.41431135068149,0.0451827970591045,0.0439020482797566,0.0367994122248933,0.0,0.0008653113494784,0.0075808062076585,0.0,0.0002630148377139,0.0070678009812714,rolling_user_norm,rolling_user_norm,LightGBM,rolling_user_norm,rolling_user_norm,rolling_user_norm
Ausgrid,lightgbm_quantile__c90__h1,0.9,1.0,2013-04,9,0.5,0.01,rolling_user_norm,0.0417599194122781,0.0417599194122781,rolling_user_norm,0.0233625975473801,0.0139680799220273,2.3094580677574443,0.0445510418931509,0.0438737470183763,0.0417599194122781,0.0,-6.14208905059301e-05,0.006499118786868,0.0,-0.0006824273074521,0.0054946144057074,rolling_user_norm,rolling_user_norm,LightGBM,rolling_user_norm,rolling_user_norm,rolling_user_norm
Ausgrid,lightgbm_quantile__c90__h1,0.9,1.0,2013-05,10,0.5,0.01,rolling_user_norm,0.0494977996520189,0.0494977996520189,rolling_user_norm,0.0252930916675657,0.017711451058641,2.7995528288915565,0.0513646876503399,0.0502620453862409,0.0494977996520189,0.0,0.0014298583631066,0.0065319046532749,0.0,0.0008558472118943,0.0051302202849956,rolling_user_norm,rolling_user_norm,LightGBM,rolling_user_norm,rolling_user_norm,rolling_user_norm
Ausgrid,lightgbm_quantile__c90__h1,0.9,1.0,2013-06,11,0.5,0.01,rolling_user_norm,0.0523741624066639,0.0523741624066639,rolling_user_norm,0.0224730583426235,0.0119487399770905,3.5163263246806893,0.0590627261840058,0.0579284163032302,0.0523741624066639,0.0,0.0017112276831676,0.0041076473937946,0.0,0.0007641832674758,0.0025808374923409,rolling_user_norm,rolling_user_norm,LightGBM,rolling_user_norm,rolling_user_norm,rolling_user_norm
Ausgrid,lightgbm_quantile__c90__h6,0.9,6.0,2012-07,0,0.5,0.01,rolling_user_norm,0.0596938399322815,0.0596938399322815,rolling_user_norm,0.0280257668932283,0.0156295821114369,3.7866165429948953,0.0692093330593335,0.065397986693889,0.0596938399322815,0.0,0.0044794120125069,0.0066982437508772,0.0,0.0041705267370229,0.0062999347276168,rolling_user_norm,rolling_user_norm,LightGBM,rolling_global_norm,rolling_global_norm,rolling_user_norm
Ausgrid,lightgbm_quantile__c90__h6,0.9,6.0,2012-08,1,0.5,0.01,rolling_user_norm,0.0474433605934075,0.0474433605934075,rolling_user_norm,0.0233160714927895,0.0019618939822675,3.480437785587897,0.0610785245654798,0.0548963324972612,0.0474433605934075,0.0,0.0044055506683863,0.0109148650299837,0.0,0.003283083899224,0.0088811920363853,rolling_user_norm,rolling_user_norm,LightGBM,rolling_user_norm,rolling_user_norm,rolling_user_norm
Ausgrid,lightgbm_quantile__c90__h6,0.9,6.0,2012-09,2,0.5,0.01,rolling_user_norm,0.0504976583423348,0.0504976583423348,rolling_user_norm,0.0315101263470828,0.0162720959595958,2.6606547188995497,0.0596743511959845,0.055405840516845,0.0504976583423348,0.0,0.0048787123861055,0.012254082675845,0.0,0.0045064138296424,0.0116827802364631,rolling_user_norm,rolling_user_norm,LightGBM,rolling_user_norm,rolling_user_norm,rolling_user_norm
Ausgrid,lightgbm_quantile__c90__h6,0.9,6.0,2012-10,3,0.5,0.01,rolling_user_norm,0.0431618477059852,0.0431618477059852,rolling_user_norm,0.0269976984212608,0.0091134574880833,2.5106269751313186,0.0493057873826588,0.0475637752830512,0.0431618477059852,0.0,0.003968573671314,0.0082677041387844,0.0,0.0031002433901526,0.0069976086771354,rolling_user_norm,rolling_user_norm,LightGBM,rolling_user_norm,rolling_user_norm,rolling_user_norm
Ausgrid,lightgbm_quantile__c90__h6,0.9,6.0,2012-11,4,0.5,0.01,rolling_user_norm,0.0474379111191954,0.0474379111191954,rolling_user_norm,0.0270670754366406,0.0168166035353535,2.5496071633198403,0.0491463097863721,0.0494299780634542,0.0474379111191954,0.0,0.0018333078262126,0.0070361425644676,0.0,0.0009386380580132,0.0037721463270291,rolling_user_norm,rolling_user_norm,LightGBM,rolling_user_norm,rolling_user_norm,rolling_user_norm
Ausgrid,lightgbm_quantile__c90__h6,0.9,6.0,2012-12,5,0.5,0.01,rolling_user_norm,0.0460121585007729,0.0460121585007729,rolling_user_norm,0.0270377063329377,0.0078802239219598,2.855319337332412,0.0522244164209197,0.0483768971467655,0.0460121585007729,0.0,0.0014566203330005,0.0065508622683422,0.0,0.000352484414519,0.0032515660705444,rolling_user_norm,rolling_user_norm,LightGBM,rolling_user_norm,rolling_user_norm,rolling_user_norm
Ausgrid,lightgbm_quantile__c90__h6,0.9,6.0,2013-01,6,0.5,0.01,rolling_user_norm,0.0573167529362415,0.0573167529362415,rolling_user_norm,0.0277852698960693,0.0152259007734389,3.5811167601487326,0.0660988615796406,0.0631691548151637,0.0573167529362415,0.0,0.0038667262507048,0.0066505273523976,0.0,0.0030481612671361,0.0042429390231721,rolling_user_norm,rolling_user_norm,LightGBM,rolling_user_norm,rolling_user_norm,rolling_user_norm
Ausgrid,lightgbm_quantile__c90__h6,0.9,6.0,2013-02,7,0.5,0.01,rolling_user_norm,0.0491649214668294,0.0491649214668294,rolling_user_norm,0.0303516682592769,0.0143271354933726,2.6825519590504623,0.0575388249202042,0.05512533362835,0.0491649214668294,0.0,0.0039571245825617,0.0105113676211378,0.0,0.0024628740713517,0.0085772636617505,rolling_user_norm,rolling_user_norm,LightGBM,rolling_user_norm,rolling_user_norm,rolling_user_norm
Ausgrid,lightgbm_quantile__c90__h6,0.9,6.0,2013-03,8,0.5,0.01,rolling_user_norm,0.0436821649247858,0.0436821649247858,rolling_user_norm,0.0229353220412126,0.0118031975099037,2.63129051492277,0.054636635018037,0.0522742602014125,0.0436821649247858,0.0,0.0020278615217409,0.0098119688434299,0.0,0.0004986246198894,0.0078179425092978,rolling_user_norm,rolling_user_norm,LightGBM,rolling_user_norm,rolling_user_norm,rolling_user_norm
Ausgrid,lightgbm_quantile__c90__h6,0.9,6.0,2013-04,9,0.5,0.01,rolling_user_norm,0.046653701280041,0.046653701280041,rolling_user_norm,0.0317028985507246,0.0123355263157894,2.463448884678395,0.0496855398966326,0.0480825951885097,0.046653701280041,0.0,-0.0005069375797954,0.0092922928236779,0.0,-0.0011493387395123,0.0086742615566923,rolling_user_norm,rolling_user_norm,LightGBM,rolling_user_norm,rolling_user_norm,rolling_user_norm
Ausgrid,lightgbm_quantile__c90__h6,0.9,6.0,2013-05,10,0.5,0.01,rolling_user_norm,0.058486357912586,0.058486357912586,rolling_user_norm,0.034450857697702,0.0223825693265421,3.0069644400464,0.0651266200815634,0.062702254433172,0.058486357912586,0.0,0.0015724277114634,0.0065395232608041,0.0,0.0011867394693799,0.0033803097709774,rolling_user_norm,rolling_user_norm,LightGBM,rolling_user_norm,rolling_user_norm,rolling_user_norm
Ausgrid,lightgbm_quantile__c90__h6,0.9,6.0,2013-06,11,0.5,0.01,rolling_user_norm,0.0652730320445764,0.0652730320445764,rolling_user_norm,0.0320327015979189,0.0225873424971363,3.796300999704875,0.0735518927857154,0.0712701668338902,0.0652730320445764,0.0,0.0042434557743009,0.0084352036219746,0.0,0.0038870955785751,0.0056496130290081,rolling_user_norm,rolling_user_norm,LightGBM,rolling_user_norm,rolling_user_norm,rolling_user_norm
London,lightgbm_quantile__c80__h1,0.8,1.0,2013-03,0,0.5,0.01,rolling_global_norm,0.0487299045828491,0.0477419986660134,rolling_user_norm,0.0354694288808543,0.0081409367900465,2.6924721747398723,0.0487299045828491,0.0524740605383302,0.0477419986660134,0.0,-0.0007090059321206,0.0017801082170497,0.0,-0.0031931339500605,-0.0010440206061895,rolling_user_norm,rolling_global_norm,LightGBM,rolling_global_norm,rolling_global_norm,rolling_user_norm
London,lightgbm_quantile__c80__h1,0.8,1.0,2013-04,1,0.5,0.01,rolling_user_norm,0.0426929029552997,0.0426929029552997,rolling_user_norm,0.0319511595742441,0.0062633416067636,2.3585652364795884,0.0428127743093,0.0432166160727947,0.0426929029552997,0.0,-0.001985692713055,0.0049103757471666,0.0,-0.0024555778671412,0.0040799976183316,rolling_user_norm,rolling_user_norm,LightGBM,rolling_user_norm,rolling_user_norm,rolling_user_norm
London,lightgbm_quantile__c80__h1,0.8,1.0,2013-05,2,0.5,0.01,rolling_global_norm,0.0459800389845846,0.0452175622317052,rolling_group_norm,0.0394865205883957,0.0099069260666642,2.128331565705464,0.0459800389845846,0.0452175622317052,0.0484958036503398,0.0,0.0003245224380954,0.0006270960403706,0.0,-0.0002172076225558,-0.00056439464704,rolling_user_norm,rolling_group_norm,LightGBM,rolling_user_norm,rolling_user_norm,rolling_user_norm
London,lightgbm_quantile__c80__h1,0.8,1.0,2013-06,3,0.5,0.01,rolling_user_norm,0.039054445129308,0.039054445129308,rolling_user_norm,0.0279995854172746,0.0095020325203252,2.0303636160508125,0.047497186731501,0.0427026883805888,0.039054445129308,0.0,0.0013738781021089,0.0052906860242031,0.0,0.000832314598954,0.0030936117097104,rolling_user_norm,rolling_user_norm,LightGBM,rolling_group_norm,rolling_global_norm,rolling_user_norm
London,lightgbm_quantile__c80__h1,0.8,1.0,2013-07,4,0.5,0.01,rolling_user_norm,0.0474169705266241,0.0474169705266241,rolling_user_norm,0.0381437438232902,0.0197355921469284,1.8477302541514813,0.0573398200769334,0.0521469046180781,0.0474169705266241,0.0,0.0054313182363321,0.0118431137785604,0.0,0.0027328893050564,0.0073963579912754,rolling_user_norm,rolling_user_norm,LightGBM,rolling_user_norm,rolling_user_norm,rolling_user_norm
London,lightgbm_quantile__c80__h1,0.8,1.0,2013-08,5,0.5,0.01,rolling_user_norm,0.035507427312986,0.035507427312986,rolling_user_norm,0.0295702833516979,0.0046161573416755,1.8414206966299336,0.0473219170604038,0.0436453306607363,0.035507427312986,0.0,0.0025378158161841,0.009717405478684,0.0,0.0015891728919892,0.0087602896865257,rolling_user_norm,rolling_user_norm,LightGBM,rolling_user_norm,rolling_user_norm,rolling_user_norm
London,lightgbm_quantile__c80__h1,0.8,1.0,2013-09,6,0.5,0.01,rolling_user_norm,0.0480250165428762,0.0480250165428762,rolling_user_norm,0.0353012708877478,0.0191503267973857,2.079921770030949,0.0508058099128766,0.0506207887480667,0.0480250165428762,0.0,0.0009527166890314,0.0076789745256978,0.0,0.0002440229881997,0.0062694794569165,rolling_user_norm,rolling_user_norm,LightGBM,rolling_user_norm,rolling_user_norm,rolling_user_norm
London,lightgbm_quantile__c80__h1,0.8,1.0,2013-10,7,0.5,0.01,rolling_user_norm,0.0434472628018726,0.0434472628018726,rolling_user_norm,0.0288005368099611,0.0131035328656609,2.2495227964061577,0.0471463747274058,0.0481707688273539,0.0434472628018726,0.0,2.197144805632147e-05,0.0041150209151111,0.0,-0.000852451326324,0.0012334072563024,rolling_user_norm,rolling_user_norm,LightGBM,rolling_user_norm,rolling_user_norm,rolling_user_norm
London,lightgbm_quantile__c80__h1,0.8,1.0,2013-11,8,0.5,0.01,rolling_user_norm,0.0546800041629459,0.0535106459722342,rolling_global_norm,0.0330712052105148,0.0245157246554805,2.5886539229948218,0.0535106459722342,0.0580269884075302,0.0546800041629459,0.0,0.0007675622174354,0.0069594344498193,0.0,-0.0018673199357946,0.0038756532743052,rolling_user_norm,rolling_user_norm,LightGBM,rolling_user_norm,rolling_user_norm,rolling_user_norm
London,lightgbm_quantile__c80__h1,0.8,1.0,2013-12,9,0.5,0.01,rolling_user_norm,0.0454787014671527,0.0454787014671527,rolling_user_norm,0.0317092786159303,0.0063093928772066,2.646936572058419,0.0529027097700579,0.0520760230621171,0.0454787014671527,0.0,-0.0018395997960008,0.0032808158142915,0.0,-0.0027598879786328,0.0022380941748771,rolling_user_norm,rolling_user_norm,LightGBM,rolling_global_norm,rolling_user_norm,rolling_user_norm
London,lightgbm_quantile__c80__h1,0.8,1.0,2014-01,10,0.5,0.01,rolling_user_norm,0.0438141184132651,0.0438141184132651,rolling_user_norm,0.0304529769428744,0.0047042633375119,2.6235498273071958,0.051391934260458,0.0499261131074584,0.0438141184132651,0.0,-0.0010851728696172,0.0081951687403348,0.0,-0.0016917999860412,0.00722843441374,rolling_user_norm,rolling_user_norm,LightGBM,rolling_user_norm,rolling_user_norm,rolling_user_norm
London,lightgbm_quantile__c80__h6,0.8,6.0,2013-03,0,0.5,0.01,rolling_user_norm,0.0640492720165034,0.0640492720165034,rolling_user_norm,0.0394178947503132,0.0309932166966051,2.884371629304431,0.0640628897714747,0.0686504673087142,0.0640492720165034,0.0,-0.0008915115077365,0.0055509745878174,0.0,-0.0037714557205621,0.0038070622945789,rolling_user_norm,rolling_user_norm,LightGBM,rolling_global_norm,rolling_global_norm,rolling_user_norm
London,lightgbm_quantile__c80__h6,0.8,6.0,2013-04,1,0.5,0.01,rolling_user_norm,0.0502389808482253,0.0502389808482253,rolling_user_norm,0.0420565317209849,0.0084027869215275,2.500932152696914,0.0528950783427456,0.0507229068936305,0.0502389808482253,0.0,-0.0033059072819413,0.0042746097028487,0.0,-0.004492078425337,0.0028601525926796,rolling_user_norm,rolling_user_norm,LightGBM,rolling_user_norm,rolling_user_norm,rolling_user_norm
London,lightgbm_quantile__c80__h6,0.8,6.0,2013-05,2,0.5,0.01,rolling_user_norm,0.0574103688622868,0.0559329274222216,rolling_group_norm,0.0506605344538379,0.0190926117159824,2.253379577737667,0.0596518065604577,0.0559329274222216,0.0574103688622868,0.0,0.0021172749048529,0.0093740650865054,0.0,0.001298574336728,0.0080848341621221,rolling_user_norm,rolling_user_norm,LightGBM,rolling_user_norm,rolling_user_norm,rolling_user_norm
London,lightgbm_quantile__c80__h6,0.8,6.0,2013-06,3,0.5,0.01,rolling_user_norm,0.0457590163567866,0.0457590163567866,rolling_user_norm,0.0387902524359548,0.0101964769647696,2.126565165642438,0.0601562865007325,0.0530472480306764,0.0457590163567866,0.0,0.0024753806479387,0.0098325442315896,0.0,0.0013685930603141,0.0064250418493414,rolling_user_norm,rolling_user_norm,LightGBM,rolling_group_norm,rolling_user_norm,rolling_user_norm
London,lightgbm_quantile__c80__h6,0.8,6.0,2013-07,4,0.5,0.01,rolling_user_norm,0.0543628528687817,0.0543628528687817,rolling_user_norm,0.0492586155456548,0.0202859653706386,1.9590562410635024,0.070910613411181,0.0611975666705659,0.0543628528687817,0.0,0.0077824022226665,0.0177017026628698,0.0,0.0047731953066249,0.0126890575295954,rolling_user_norm,rolling_user_norm,LightGBM,rolling_user_norm,rolling_user_norm,rolling_user_norm
London,lightgbm_quantile__c80__h6,0.8,6.0,2013-08,5,0.5,0.01,rolling_user_norm,0.0422974039327739,0.0422974039327739,rolling_user_norm,0.0379922452156996,0.007484228326143,1.955916716185267,0.0613735367165306,0.0551919910856471,0.0422974039327739,0.0,0.0068541303878628,0.0167118881704036,0.0,0.005886737933132,0.0163895603353112,rolling_user_norm,rolling_user_norm,LightGBM,rolling_user_norm,rolling_user_norm,rolling_user_norm
London,lightgbm_quantile__c80__h6,0.8,6.0,2013-09,6,0.5,0.01,rolling_user_norm,0.0631985427643867,0.0631985427643867,rolling_user_norm,0.0491263497400634,0.03313924867168,2.206574355851497,0.0685382540563549,0.0645218576556858,0.0631985427643867,0.0,0.0062309873748799,0.0144053064280647,0.0,0.0049580908766801,0.012589216011712,rolling_user_norm,rolling_user_norm,LightGBM,rolling_user_norm,rolling_user_norm,rolling_user_norm
London,lightgbm_quantile__c80__h6,0.8,6.0,2013-10,7,0.5,0.01,rolling_user_norm,0.0522260535746545,0.0522260535746545,rolling_user_norm,0.0404383216146383,0.015856032668049,2.40788764333108,0.0676341392456592,0.060556951132627,0.0522260535746545,0.0,0.0038051087513981,0.0084684504751237,0.0,0.0031322973659725,0.0043562099294427,rolling_user_norm,rolling_user_norm,LightGBM,rolling_user_norm,rolling_user_norm,rolling_user_norm
London,lightgbm_quantile__c80__h6,0.8,6.0,2013-11,8,0.5,0.01,rolling_user_norm,0.0680066679650436,0.0680066679650436,rolling_user_norm,0.0464095181002661,0.0338666644079855,2.7868576710917794,0.0688096096509642,0.0714727662003255,0.0680066679650436,0.0,0.0075659998785979,0.0163006063452118,0.0,0.0051864243593861,0.0133548001716079,rolling_user_norm,rolling_user_norm,LightGBM,rolling_user_norm,rolling_user_norm,rolling_user_norm
London,lightgbm_quantile__c80__h6,0.8,6.0,2013-12,9,0.5,0.01,rolling_user_norm,0.0562256902505357,0.0562256902505357,rolling_user_norm,0.0427639760429021,0.0116551339651723,2.901613524649844,0.0691203416589299,0.0626092853826925,0.0562256902505357,0.0,-0.0013243596589821,0.0057291113515866,0.0,-0.0042945101643012,0.0021305662588289,rolling_user_norm,rolling_user_norm,LightGBM,rolling_user_norm,rolling_user_norm,rolling_user_norm
London,lightgbm_quantile__c80__h6,0.8,6.0,2014-01,10,0.5,0.01,rolling_user_norm,0.051917950248644,0.051917950248644,rolling_user_norm,0.0390650089740265,0.0080715009674743,2.834969527789358,0.0722872699731961,0.0693719315596727,0.051917950248644,0.0,0.0024455664303212,0.0146947784194933,0.0,0.0004889841720704,0.0134484602479378,rolling_user_norm,rolling_user_norm,LightGBM,rolling_user_norm,rolling_user_norm,rolling_user_norm
London,lightgbm_quantile__c90__h1,0.9,1.0,2013-03,0,0.5,0.01,rolling_user_norm,0.0540002276345108,0.0540002276345108,rolling_user_norm,0.0220079648888385,0.0157495878681506,3.512145125601631,0.0549597775413723,0.0575543824279165,0.0540002276345108,0.0,-0.0003110899473479,0.0023048193287266,0.0,-0.0014809102241893,0.0015199323901713,rolling_user_norm,rolling_user_norm,LightGBM,rolling_global_norm,rolling_global_norm,rolling_user_norm
London,lightgbm_quantile__c90__h1,0.9,1.0,2013-04,1,0.5,0.01,rolling_user_norm,0.0521803735929912,0.045287644554498,rolling_group_norm,0.0266585142129977,0.0154872542125907,3.1107489380196958,0.0467052173061524,0.045287644554498,0.0521803735929912,0.0,-0.001864813386917,0.0020281304535143,0.0,-0.0022669603791364,0.0011180920605756,rolling_user_norm,rolling_user_norm,LightGBM,rolling_user_norm,rolling_user_norm,rolling_user_norm
London,lightgbm_quantile__c90__h1,0.9,1.0,2013-05,2,0.5,0.01,rolling_user_norm,0.0472886633003367,0.0463554419866586,rolling_group_norm,0.0282694064953866,0.0099459553223437,2.8180982391471527,0.0475741215195252,0.0463554419866586,0.0472886633003367,0.0,-0.0003713803732317,0.0011698319276242,0.0,-0.0006465632794532,0.0001287430884947,rolling_user_norm,rolling_group_norm,LightGBM,rolling_group_norm,rolling_global_norm,rolling_user_norm
London,lightgbm_quantile__c90__h1,0.9,1.0,2013-06,3,0.5,0.01,rolling_user_norm,0.039318240858034,0.039318240858034,rolling_user_norm,0.0204780702606696,0.0041881529976234,2.698512922888752,0.0497167362635437,0.0450880725193607,0.039318240858034,0.0,0.0024588420041365,0.0069214377006399,0.0,0.0016031245086558,0.0056013468164557,rolling_user_norm,rolling_user_norm,LightGBM,rolling_group_norm,rolling_group_norm,rolling_user_norm
London,lightgbm_quantile__c90__h1,0.9,1.0,2013-07,4,0.5,0.01,rolling_user_norm,0.0436661466526395,0.0436661466526395,rolling_user_norm,0.0259006589906412,0.0120289740341988,2.470133014021946,0.0529900272760081,0.0476568602395185,0.0436661466526395,0.0,0.0058888168581491,0.0117580932796233,0.0,0.0053800306248694,0.0092034862133733,rolling_user_norm,rolling_user_norm,LightGBM,rolling_user_norm,rolling_user_norm,rolling_user_norm
London,lightgbm_quantile__c90__h1,0.9,1.0,2013-08,5,0.5,0.01,rolling_user_norm,0.0363980985588102,0.0363980985588102,rolling_user_norm,0.0209659647686046,0.0028665579172575,2.448183721587914,0.0491623885237376,0.0444139282448061,0.0363980985588102,0.0,0.0051987384115546,0.010271632899001,0.0,0.0047601676565388,0.0098698770509778,rolling_user_norm,rolling_user_norm,LightGBM,rolling_user_norm,rolling_user_norm,rolling_user_norm
London,lightgbm_quantile__c90__h1,0.9,1.0,2013-09,6,0.5,0.01,rolling_user_norm,0.0498175324343169,0.0498175324343169,rolling_user_norm,0.0277204975892174,0.0168872549019608,2.751365618872773,0.052727299433195,0.0500661320837401,0.0498175324343169,0.0,0.00367375136621,0.007207071809498,0.0,0.0035066886067719,0.0064608651762164,rolling_user_norm,rolling_user_norm,LightGBM,rolling_user_norm,rolling_user_norm,rolling_user_norm
London,lightgbm_quantile__c90__h1,0.9,1.0,2013-10,7,0.5,0.01,rolling_user_norm,0.0459578170285095,0.0459578170285095,rolling_user_norm,0.0220595665435652,0.0107457832326374,2.955514214040825,0.0507870746774334,0.0489819145734663,0.0459578170285095,0.0,0.0027132091748617,0.005494044366794,0.0,0.0020112115172301,0.0029596126108596,rolling_user_norm,rolling_user_norm,LightGBM,rolling_user_norm,rolling_user_norm,rolling_user_norm
London,lightgbm_quantile__c90__h1,0.9,1.0,2013-11,8,0.5,0.01,rolling_user_norm,0.057532558448164,0.0542155739490502,rolling_global_norm,0.0262060228263183,0.0211980044552484,3.3830544807380645,0.0542155739490502,0.0579560321085183,0.057532558448164,0.0,0.0021156147491985,0.0057636070896755,0.0,0.0007014663710403,0.0031109690710504,rolling_user_norm,rolling_user_norm,LightGBM,rolling_user_norm,rolling_user_norm,rolling_user_norm
London,lightgbm_quantile__c90__h1,0.9,1.0,2013-12,9,0.5,0.01,rolling_user_norm,0.0483903534172827,0.0483903534172827,rolling_user_norm,0.0220786218945276,0.0060546117753178,3.432373658236002,0.0549218569793784,0.0545473805671509,0.0483903534172827,0.0,-0.0004728321855031,0.0027921302071231,0.0,-0.001855722535701,0.000735462290239,rolling_user_norm,rolling_user_norm,LightGBM,rolling_global_norm,rolling_user_norm,rolling_user_norm
London,lightgbm_quantile__c90__h1,0.9,1.0,2014-01,10,0.5,0.01,rolling_user_norm,0.0453341485819806,0.0453341485819806,rolling_user_norm,0.0200309492527726,0.0027135280742974,3.396190991844559,0.0562230133174955,0.0537932314971225,0.0453341485819806,0.0,-8.213774009765047e-05,0.0071336182059372,0.0,-0.0015587673598796,0.0056788405593387,rolling_user_norm,rolling_user_norm,LightGBM,rolling_user_norm,rolling_user_norm,rolling_user_norm
London,lightgbm_quantile__c90__h6,0.9,6.0,2013-03,0,0.5,0.01,rolling_user_norm,0.0665646733585734,0.0665646733585734,rolling_user_norm,0.0319405650408324,0.0265040970496321,3.73423423133411,0.0669129923362689,0.0694155863514857,0.0665646733585734,0.0,-0.0009380303831662,0.0026065737187304,0.0,-0.0018291596765125,0.0024045082069471,rolling_user_norm,rolling_user_norm,LightGBM,rolling_global_norm,rolling_global_norm,rolling_user_norm
London,lightgbm_quantile__c90__h6,0.9,6.0,2013-04,1,0.5,0.01,rolling_user_norm,0.0528759979450419,0.0506254757228295,rolling_group_norm,0.0315963066292412,0.0089050939479427,3.2625297656449925,0.0541481861977459,0.0506254757228295,0.0528759979450419,0.0,-0.0015887333024354,0.0046513587806265,0.0,-0.0026278671752946,0.0035423683940556,rolling_user_norm,rolling_user_norm,LightGBM,rolling_user_norm,rolling_user_norm,rolling_user_norm
London,lightgbm_quantile__c90__h6,0.9,6.0,2013-05,2,0.5,0.01,rolling_user_norm,0.0518823362745714,0.0518823362745714,rolling_user_norm,0.0338033467376019,0.0102940012349002,2.983366228832037,0.0575144752381766,0.0534003367175647,0.0518823362745714,0.0,0.0016700054019927,0.0089832058844262,0.0,0.0012237447574828,0.0077173223993079,rolling_user_norm,rolling_user_norm,LightGBM,rolling_group_norm,rolling_user_norm,rolling_user_norm
London,lightgbm_quantile__c90__h6,0.9,6.0,2013-06,3,0.5,0.01,rolling_user_norm,0.0478716470895086,0.0478716470895086,rolling_user_norm,0.0306864399911122,0.0085145084937681,2.827117284706851,0.0604159433171967,0.0554914719648984,0.0478716470895086,0.0,0.0027762065309946,0.0094354952774893,0.0,0.0013123881496142,0.0074308965487703,rolling_user_norm,rolling_user_norm,LightGBM,rolling_user_norm,rolling_user_norm,rolling_user_norm
London,lightgbm_quantile__c90__h6,0.9,6.0,2013-07,4,0.5,0.01,rolling_user_norm,0.0491782915352859,0.0491782915352859,rolling_user_norm,0.036052457503079,0.0101964230577393,2.605385125487668,0.0617250395660948,0.0565170170181808,0.0491782915352859,0.0,0.0048987850782208,0.0140593183276915,0.0,0.0030157698520933,0.0101202715508525,rolling_user_norm,rolling_user_norm,LightGBM,rolling_user_norm,rolling_user_norm,rolling_user_norm
London,lightgbm_quantile__c90__h6,0.9,6.0,2013-08,5,0.5,0.01,rolling_user_norm,0.0454195728693098,0.0454195728693098,rolling_user_norm,0.0288430877400904,0.0100602683894465,2.5967894804541323,0.0607391597104598,0.0546002642301524,0.0454195728693098,0.0,0.0047441348199103,0.0139182153149854,0.0,0.0045338976234569,0.0131659112139627,rolling_user_norm,rolling_user_norm,LightGBM,rolling_user_norm,rolling_user_norm,rolling_user_norm
London,lightgbm_quantile__c90__h6,0.9,6.0,2013-09,6,0.5,0.01,rolling_user_norm,0.0622581065631517,0.0618793297014539,rolling_group_norm,0.039499718066055,0.0267483660130719,2.913406452358825,0.0654973490087978,0.0618793297014539,0.0622581065631517,0.0,0.0078574253876947,0.0148364150448823,0.0,0.0075032477284887,0.0133660207435737,rolling_user_norm,rolling_user_norm,LightGBM,rolling_user_norm,rolling_user_norm,rolling_user_norm
London,lightgbm_quantile__c90__h6,0.9,6.0,2013-10,7,0.5,0.01,rolling_group_norm,0.0577397149265683,0.0539396181348915,rolling_user_norm,0.0438679491488789,0.0083092864637985,3.1651097120229585,0.0630648441685455,0.0577397149265683,0.0539396181348915,0.0,0.0039724770917298,0.0069494550893629,0.0,0.0032912831457348,0.0030631803685662,rolling_user_norm,rolling_user_norm,LightGBM,rolling_group_norm,rolling_user_norm,rolling_user_norm
London,lightgbm_quantile__c90__h6,0.9,6.0,2013-11,8,0.5,0.01,rolling_user_norm,0.0689238702536429,0.0667909571106518,rolling_global_norm,0.0340822327595285,0.0314637100531072,3.6150898847325097,0.0667909571106518,0.0681029545357521,0.0689238702536429,0.0,0.0060106932783855,0.0102319879857481,0.0,0.0036276744090472,0.0058333429216371,rolling_user_norm,rolling_user_norm,LightGBM,rolling_user_norm,rolling_user_norm,rolling_user_norm
London,lightgbm_quantile__c90__h6,0.9,6.0,2013-12,9,0.5,0.01,rolling_user_norm,0.0580389890048265,0.0580389890048265,rolling_user_norm,0.0316425522872742,0.0095661299314596,3.743464789545964,0.0684627606933189,0.0630481074484786,0.0580389890048265,0.0,0.0033026411697526,0.0054141849279533,0.0,0.0009093787221279,0.0027935262683153,rolling_user_norm,rolling_user_norm,LightGBM,rolling_global_norm,rolling_user_norm,rolling_user_norm
London,lightgbm_quantile__c90__h6,0.9,6.0,2014-01,10,0.5,0.01,rolling_user_norm,0.0527539060126838,0.0527539060126838,rolling_user_norm,0.0276319726199765,0.0049458212638128,3.646500907078913,0.0692217448595237,0.0633795274234887,0.0527539060126838,0.0,0.0026840814182592,0.0115526699002833,0.0,0.0009628971035389,0.0112136740534316,rolling_user_norm,rolling_user_norm,LightGBM,rolling_user_norm,rolling_user_norm,rolling_user_norm
UCI Electricity,lightgbm_quantile__c80__h1,0.8,1.0,2014-01,0,0.5,0.01,rolling_user_norm,0.0383884978404538,0.0369947856446808,rolling_group_norm,0.0278355560993515,0.0245974776930362,1.2171980944259957,0.0414428389537228,0.0369947856446808,0.0383884978404538,0.0,0.0298287294810584,0.0309995216047995,0.0,0.0159161466163856,0.0185833134450649,rolling_user_norm,rolling_user_norm,LightGBM,rolling_global_norm,rolling_global_norm,rolling_user_norm
UCI Electricity,lightgbm_quantile__c80__h1,0.8,1.0,2014-02,1,0.5,0.01,rolling_user_norm,0.0363972750369524,0.0363972750369524,rolling_user_norm,0.0272899904287818,0.0209140586189766,1.229525051307324,0.042616452711531,0.0395694086376508,0.0363972750369524,0.0,0.0053372251174182,0.0095162620965016,0.0,0.0032462715387796,0.0090057248156265,rolling_user_norm,rolling_user_norm,LightGBM,rolling_group_norm,rolling_group_norm,rolling_user_norm
UCI Electricity,lightgbm_quantile__c80__h1,0.8,1.0,2014-03,2,0.5,0.01,rolling_user_norm,0.0346958722621571,0.0346958722621571,rolling_user_norm,0.0324682372722141,0.0125546193698261,1.2184443941136944,0.0696658761156459,0.0395660656444859,0.0346958722621571,0.0,0.0445974939464099,0.0490807562560555,0.0,0.0424348618819097,0.0462379859255847,rolling_user_norm,rolling_user_norm,LightGBM,rolling_user_norm,rolling_user_norm,rolling_user_norm
UCI Electricity,lightgbm_quantile__c80__h1,0.8,1.0,2014-04,3,0.5,0.01,rolling_user_norm,0.0334212423710438,0.0334212423710438,rolling_user_norm,0.0335815873300731,0.0095121966709217,1.1874350370546365,0.067477256227201,0.0392109490739732,0.0334212423710438,0.0,0.0332516450234444,0.0411644966001794,0.0,0.0322018475034991,0.040641197644042,rolling_user_norm,rolling_user_norm,LightGBM,rolling_user_norm,rolling_user_norm,rolling_user_norm
UCI Electricity,lightgbm_quantile__c80__h1,0.8,1.0,2014-05,4,0.5,0.01,rolling_user_norm,0.030719733827892,0.030719733827892,rolling_user_norm,0.0287733410166441,0.0086997670802682,1.198317977943594,0.0426442836557833,0.0385101742635944,0.030719733827892,0.0,0.0146179128996461,0.0233604908676734,0.0,0.0080421825983595,0.0188011442737631,rolling_user_norm,rolling_user_norm,LightGBM,rolling_user_norm,rolling_user_norm,rolling_user_norm
UCI Electricity,lightgbm_quantile__c80__h1,0.8,1.0,2014-06,5,0.5,0.01,rolling_user_norm,0.0298441318398248,0.0298441318398248,rolling_user_norm,0.0265605945044232,0.0082212950084994,1.2453187083363475,0.0436868240651502,0.0384949046935686,0.0298441318398248,0.0,0.004801230227591,0.0130835192231886,0.0,0.0025663975657473,0.0093960311064449,rolling_user_norm,rolling_user_norm,LightGBM,rolling_user_norm,rolling_user_norm,rolling_user_norm
UCI Electricity,lightgbm_quantile__c80__h1,0.8,1.0,2014-07,6,0.5,0.01,rolling_user_norm,0.0315108722858711,0.0315108722858711,rolling_user_norm,0.0295532496852342,0.0067471842459445,1.3360655320281711,0.0475094600334661,0.0381762829700447,0.0315108722858711,0.0,0.0046462222837329,0.0098726250197495,0.0,0.0027212309304802,0.0074002779403023,rolling_user_norm,rolling_user_norm,LightGBM,rolling_user_norm,rolling_user_norm,rolling_user_norm
UCI Electricity,lightgbm_quantile__c80__h1,0.8,1.0,2014-08,7,0.5,0.01,rolling_user_norm,0.0364560366893006,0.0364560366893006,rolling_user_norm,0.0265283407600951,0.0202856288320621,1.304905189322193,0.0471861092688908,0.0396373427005214,0.0364560366893006,0.0,0.0035355047492903,0.0159238372726902,0.0,0.0026631782399409,0.0142337218295381,rolling_user_norm,rolling_user_norm,LightGBM,rolling_user_norm,rolling_user_norm,rolling_user_norm
UCI Electricity,lightgbm_quantile__c80__h1,0.8,1.0,2014-09,8,0.5,0.01,rolling_user_norm,0.0352573459883595,0.0352573459883595,rolling_user_norm,0.0289716900713356,0.0162442693040745,1.2649366300654452,0.0444202834688298,0.0383470925645893,0.0352573459883595,0.0,0.0061638149571316,0.0062655341387287,0.0,0.0044085167072814,0.0046954929502865,rolling_user_norm,rolling_user_norm,LightGBM,rolling_user_norm,rolling_user_norm,rolling_user_norm
UCI Electricity,lightgbm_quantile__c80__h1,0.8,1.0,2014-10,9,0.5,0.01,rolling_user_norm,0.0432078249525078,0.0432078249525078,rolling_user_norm,0.0341393573647296,0.026886023942764,1.2695134298760993,0.0800982348224633,0.0457124853088536,0.0432078249525078,0.0,0.0133905563292903,0.0206253103431405,0.0,0.0064180454149622,0.0159396257151373,rolling_user_norm,rolling_user_norm,LightGBM,rolling_user_norm,rolling_user_norm,rolling_user_norm
UCI Electricity,lightgbm_quantile__c80__h1,0.8,1.0,2014-11,10,0.5,0.01,rolling_user_norm,0.0366387368631461,0.0366387368631461,rolling_user_norm,0.0362443357710081,0.013205068768351,1.1914034593466611,0.0431110197720623,0.0391358182051751,0.0366387368631461,0.0,0.0105613533742789,0.0148888914691866,0.0,0.0047601101110109,0.0089009289537081,rolling_user_norm,rolling_user_norm,LightGBM,rolling_user_norm,rolling_user_norm,rolling_user_norm
UCI Electricity,lightgbm_quantile__c80__h1,0.8,1.0,2014-12,11,0.5,0.01,rolling_user_norm,0.042194092627229,0.042194092627229,rolling_user_norm,0.0407896969960096,0.0176560175674719,1.2971235345488243,0.0564293532295801,0.0446025735057202,0.042194092627229,0.0,0.004790396113043,0.0112999881367909,0.0,0.0039969080764598,0.0089797849034598,rolling_user_norm,rolling_user_norm,LightGBM,rolling_user_norm,rolling_user_norm,rolling_user_norm
UCI Electricity,lightgbm_quantile__c80__h6,0.8,6.0,2014-01,0,0.5,0.01,rolling_user_norm,0.057992906564453,0.057992906564453,rolling_user_norm,0.0588262642157213,0.0192055341606047,1.897700737629002,0.0882644899454692,0.0704563972459014,0.057992906564453,0.0,0.0119445213268545,0.0169849637237156,0.0,0.008172707159129,0.0110699817802334,rolling_user_norm,rolling_group_norm,LightGBM,rolling_global_norm,rolling_global_norm,rolling_user_norm
UCI Electricity,lightgbm_quantile__c80__h6,0.8,6.0,2014-02,1,0.5,0.01,rolling_user_norm,0.054971908002826,0.054971908002826,rolling_user_norm,0.0554219175186917,0.0173337721282926,1.8594063179333813,0.0845507092943969,0.071982834044748,0.054971908002826,0.0,0.0211967798356735,0.0379089337849214,0.0,0.0198032310788665,0.0361193985106131,rolling_user_norm,rolling_user_norm,LightGBM,rolling_user_norm,rolling_user_norm,rolling_user_norm
UCI Electricity,lightgbm_quantile__c80__h6,0.8,6.0,2014-03,2,0.5,0.01,rolling_user_norm,0.0723419328945343,0.0723419328945343,rolling_user_norm,0.0669420403881458,0.0375372783408199,2.010227353005144,0.0814759233127997,0.075975228464405,0.0723419328945343,0.0,0.0136346321252599,0.0333610126434709,0.0,0.0072798969205631,0.0276994299859503,rolling_user_norm,rolling_user_norm,LightGBM,rolling_user_norm,rolling_user_norm,rolling_user_norm
UCI Electricity,lightgbm_quantile__c80__h6,0.8,6.0,2014-04,3,0.5,0.01,rolling_user_norm,0.055070555481513,0.055070555481513,rolling_user_norm,0.0605189876537125,0.0140277163496976,1.7797203479807926,0.0866112337544587,0.0667001637744269,0.055070555481513,0.0,0.0153028744589944,0.0294275486010436,0.0,0.0097551981595998,0.0237272950539506,rolling_user_norm,rolling_user_norm,LightGBM,rolling_user_norm,rolling_user_norm,rolling_user_norm
UCI Electricity,lightgbm_quantile__c80__h6,0.8,6.0,2014-05,4,0.5,0.01,rolling_user_norm,0.0486123132346426,0.0486123132346426,rolling_user_norm,0.0537286714509373,0.0085003897984186,1.7497782609964645,0.0831853926130167,0.0611873168254789,0.0486123132346426,0.0,0.0195522538417742,0.0305929342930373,0.0,0.0157632139474236,0.026438326161365,rolling_user_norm,rolling_user_norm,LightGBM,rolling_user_norm,rolling_user_norm,rolling_user_norm
UCI Electricity,lightgbm_quantile__c80__h6,0.8,6.0,2014-06,5,0.5,0.01,rolling_user_norm,0.049955166882969,0.049955166882969,rolling_user_norm,0.0501819496126896,0.0119002852282465,1.8914049462500968,0.0886806402403624,0.0711527402101767,0.049955166882969,0.0,0.0102815591250706,0.0195347557264673,0.0,0.0063387054648171,0.0131709560403198,rolling_user_norm,rolling_user_norm,LightGBM,rolling_user_norm,rolling_user_norm,rolling_user_norm
UCI Electricity,lightgbm_quantile__c80__h6,0.8,6.0,2014-07,6,0.5,0.01,rolling_user_norm,0.0629506355055581,0.0629506355055581,rolling_user_norm,0.0548430806888714,0.0295072029667664,2.0775493677739254,0.0885336082234468,0.0759959209335324,0.0629506355055581,0.0,0.0165589631776379,0.0315336908911029,0.0,0.014921139372695,0.0292725477416758,rolling_user_norm,rolling_user_norm,LightGBM,rolling_user_norm,rolling_user_norm,rolling_user_norm
UCI Electricity,lightgbm_quantile__c80__h6,0.8,6.0,2014-08,7,0.5,0.01,rolling_user_norm,0.050530727985571,0.050530727985571,rolling_user_norm,0.0486112104522804,0.0116245899301097,2.041282779437596,0.0895462310593954,0.066990236734631,0.050530727985571,0.0,0.0189269436120078,0.0311623191062434,0.0,0.0180077171566162,0.026031784251873,rolling_user_norm,rolling_user_norm,LightGBM,rolling_user_norm,rolling_user_norm,rolling_user_norm
UCI Electricity,lightgbm_quantile__c80__h6,0.8,6.0,2014-09,8,0.5,0.01,rolling_user_norm,0.0537733565365258,0.0537733565365258,rolling_user_norm,0.0493623549126395,0.0197038074489054,1.924027535575342,0.0918985084098553,0.0650321476200639,0.0537733565365258,0.0,0.0227626185130772,0.0363048286476743,0.0,0.0221909699327598,0.033431252575625,rolling_user_norm,rolling_user_norm,LightGBM,rolling_user_norm,rolling_user_norm,rolling_user_norm
UCI Electricity,lightgbm_quantile__c80__h6,0.8,6.0,2014-10,9,0.5,0.01,rolling_user_norm,0.076380969070184,0.076380969070184,rolling_user_norm,0.0655838479205906,0.050278134360291,1.8449977929743169,0.0878898621112091,0.0817344233519861,0.076380969070184,0.0,0.0244345492021246,0.0388828809256668,0.0,0.022832056672516,0.0359890437019391,rolling_user_norm,rolling_user_norm,LightGBM,rolling_user_norm,rolling_user_norm,rolling_user_norm
UCI Electricity,lightgbm_quantile__c80__h6,0.8,6.0,2014-11,10,0.5,0.01,rolling_user_norm,0.0701007114848689,0.0701007114848689,rolling_user_norm,0.0732234242670675,0.0312951496388029,1.7841424531933667,0.0866166381125159,0.0766266059312684,0.0701007114848689,0.0,0.0134782204871685,0.0305291126845593,0.0,0.009917455741196,0.0261983840176339,rolling_user_norm,rolling_user_norm,LightGBM,rolling_user_norm,rolling_user_norm,rolling_user_norm
UCI Electricity,lightgbm_quantile__c80__h6,0.8,6.0,2014-12,11,0.5,0.01,rolling_user_norm,0.0996274645063436,0.0944377629413583,rolling_global_norm,0.084791065652592,0.0713842533162174,2.153980502193893,0.0944377629413583,0.1055796404142707,0.0996274645063436,0.0,0.0168496018796154,0.0342699101460982,0.0,0.0125956084851891,0.0319113261930649,rolling_user_norm,rolling_user_norm,LightGBM,rolling_user_norm,rolling_user_norm,rolling_user_norm
UCI Electricity,lightgbm_quantile__c90__h1,0.9,1.0,2014-01,0,0.5,0.01,rolling_user_norm,0.0290099930941864,0.0290099930941864,rolling_user_norm,0.0194464069339248,0.0067344598973131,1.591955967856746,0.0397383231497454,0.0352960085085826,0.0290099930941864,0.0,0.0353999728137449,0.0385537850258932,0.0,0.0242550858165274,0.0260876605085099,rolling_user_norm,rolling_user_norm,LightGBM,rolling_global_norm,rolling_global_norm,rolling_user_norm
UCI Electricity,lightgbm_quantile__c90__h1,0.9,1.0,2014-02,1,0.5,0.01,rolling_user_norm,0.0337361491773315,0.0337361491773315,rolling_user_norm,0.0219493381000039,0.0132559416424817,1.6133509306088707,0.0424209019830887,0.0385689306255184,0.0337361491773315,0.0,0.0009114626142381,0.0058047855702858,0.0,0.0004406982801701,0.0049145700337292,rolling_user_norm,rolling_user_norm,LightGBM,rolling_user_norm,rolling_user_norm,rolling_user_norm
UCI Electricity,lightgbm_quantile__c90__h1,0.9,1.0,2014-03,2,0.5,0.01,rolling_user_norm,0.0346606088720587,0.0346606088720587,rolling_user_norm,0.024442400824114,0.0125251203008904,1.6176848309556506,0.067561386093875,0.0369213754852052,0.0346606088720587,0.0,0.0506703421520263,0.0569059977835526,0.0,0.0504437449170932,0.0566162983650269,rolling_user_norm,rolling_user_norm,LightGBM,rolling_user_norm,rolling_user_norm,rolling_user_norm
UCI Electricity,lightgbm_quantile__c90__h1,0.9,1.0,2014-04,3,0.5,0.01,rolling_user_norm,0.0338310363629847,0.0338310363629847,rolling_user_norm,0.0264021388454965,0.0099773076641535,1.564131310815975,0.0596537494371559,0.0359016649224527,0.0338310363629847,0.0,0.0304612894320674,0.0339682504239263,0.0,0.0283392110821281,0.0336493275055151,rolling_user_norm,rolling_user_norm,LightGBM,rolling_user_norm,rolling_user_norm,rolling_user_norm
UCI Electricity,lightgbm_quantile__c90__h1,0.9,1.0,2014-05,4,0.5,0.01,rolling_user_norm,0.02846102349961,0.02846102349961,rolling_user_norm,0.0196165185919017,0.0058832205608511,1.5711153923233645,0.0407683546953733,0.0325613118195065,0.02846102349961,0.0,0.0026942903975204,0.0084429250267662,0.0,0.0008541274320433,0.0067259241517369,rolling_user_norm,rolling_user_norm,LightGBM,rolling_user_norm,rolling_user_norm,rolling_user_norm
UCI Electricity,lightgbm_quantile__c90__h1,0.9,1.0,2014-06,5,0.5,0.01,rolling_user_norm,0.0268247552126765,0.0268247552126765,rolling_user_norm,0.0184053283519387,0.0027523607349388,1.624591066923771,0.0402553339583646,0.0327230881723313,0.0268247552126765,0.0,0.0066662331968484,0.0112569596096065,0.0,0.0051501092654292,0.0088024596551674,rolling_user_norm,rolling_user_norm,LightGBM,rolling_user_norm,rolling_user_norm,rolling_user_norm
UCI Electricity,lightgbm_quantile__c90__h1,0.9,1.0,2014-07,6,0.5,0.01,rolling_user_norm,0.029563129911295,0.029563129911295,rolling_user_norm,0.0202797961817629,0.0042962385776015,1.7275112531612793,0.0403423063221663,0.0367417962395314,0.029563129911295,0.0,0.0047184722895727,0.0087907974365259,0.0,0.0017059490613639,0.0046218177247505,rolling_user_norm,rolling_user_norm,LightGBM,rolling_user_norm,rolling_user_norm,rolling_user_norm
UCI Electricity,lightgbm_quantile__c90__h1,0.9,1.0,2014-08,7,0.5,0.01,rolling_user_norm,0.0291648716369508,0.0291648716369508,rolling_user_norm,0.0180415056657838,0.0065724540152534,1.6857891796432154,0.0411244166288369,0.0347376796940996,0.0291648716369508,0.0,0.0014106661567389,0.0091615923441958,0.0,-0.0002084226718756,0.0060551393579522,rolling_user_norm,rolling_user_norm,LightGBM,rolling_user_norm,rolling_user_norm,rolling_user_norm
UCI Electricity,lightgbm_quantile__c90__h1,0.9,1.0,2014-09,8,0.5,0.01,rolling_user_norm,0.0306212365377714,0.0306212365377714,rolling_user_norm,0.0203889811117591,0.0079354041106475,1.645904392656808,0.0413140852289764,0.0349078016080478,0.0306212365377714,0.0,0.0045126292395142,0.0109413315288917,0.0,0.0030549033410214,0.0104160861629319,rolling_user_norm,rolling_user_norm,LightGBM,rolling_user_norm,rolling_user_norm,rolling_user_norm
UCI Electricity,lightgbm_quantile__c90__h1,0.9,1.0,2014-10,9,0.5,0.01,rolling_user_norm,0.0377221094822399,0.0377221094822399,rolling_user_norm,0.0229433658426842,0.0189558688106538,1.6772492155570906,0.040104233822155,0.0418423631001391,0.0377221094822399,0.0,0.0084504960785686,0.014198029698398,0.0,0.0081820004309628,0.0124389365438487,rolling_user_norm,rolling_user_norm,LightGBM,rolling_user_norm,rolling_user_norm,rolling_user_norm
UCI Electricity,lightgbm_quantile__c90__h1,0.9,1.0,2014-11,10,0.5,0.01,rolling_user_norm,0.0330216276792663,0.0330216276792663,rolling_user_norm,0.024939330040501,0.0098799773347756,1.561197399162805,0.0422053331220068,0.036521724089857,0.0330216276792663,0.0,0.0023833760981236,0.0079787951402794,0.0,-1.814216134838004e-05,0.0069331663543516,rolling_user_norm,rolling_user_norm,LightGBM,rolling_user_norm,rolling_user_norm,rolling_user_norm
UCI Electricity,lightgbm_quantile__c90__h1,0.9,1.0,2014-12,11,0.5,0.01,rolling_user_norm,0.0433717386825089,0.0433717386825089,rolling_user_norm,0.0320098041150444,0.0206701140468937,1.7031779601539838,0.0650296464578694,0.0452301440384665,0.0433717386825089,0.0,0.0059156159603891,0.0112281703085579,0.0,0.0047722379855776,0.0095571598708087,rolling_user_norm,rolling_user_norm,LightGBM,rolling_user_norm,rolling_user_norm,rolling_user_norm
UCI Electricity,lightgbm_quantile__c90__h6,0.9,6.0,2014-01,0,0.5,0.01,rolling_user_norm,0.0462970160906941,0.0462970160906941,rolling_user_norm,0.0364474803105802,0.0085582408335498,2.3794155518629148,0.0612408008477378,0.0559698957395983,0.0462970160906941,0.0,0.0004731509244,0.0040454031463978,0.0,-0.0018316554353041,3.276556248351173e-05,rolling_user_norm,rolling_global_norm,LightGBM,rolling_global_norm,rolling_global_norm,rolling_user_norm
UCI Electricity,lightgbm_quantile__c90__h6,0.9,6.0,2014-02,1,0.5,0.01,rolling_user_norm,0.0497116502243021,0.0497116502243021,rolling_user_norm,0.0371806557290428,0.0159356725146199,2.3153486102470806,0.0637024184727554,0.0617887089489656,0.0497116502243021,0.0,0.0023393566231033,0.0135207381852439,0.0,-6.678756013856141e-05,0.0113557899139223,rolling_user_norm,rolling_user_norm,LightGBM,rolling_user_norm,rolling_user_norm,rolling_user_norm
UCI Electricity,lightgbm_quantile__c90__h6,0.9,6.0,2014-03,2,0.5,0.01,rolling_user_norm,0.0621207831654691,0.0617270448599344,rolling_group_norm,0.0459464829252398,0.0290371979062256,2.4628942749736407,0.0658650387959986,0.0617270448599344,0.0621207831654691,0.0,0.0040981943500833,0.0184686106409907,0.0,0.003009074451843,0.018042473255432,rolling_user_norm,rolling_user_norm,LightGBM,rolling_user_norm,rolling_user_norm,rolling_user_norm
UCI Electricity,lightgbm_quantile__c90__h6,0.9,6.0,2014-04,3,0.5,0.01,rolling_user_norm,0.0523906920655457,0.0504043742961987,rolling_group_norm,0.0430889951288433,0.0168214654282765,2.2435461786985766,0.0638839914248043,0.0504043742961987,0.0523906920655457,0.0,0.0095935995511181,0.019719535366831,0.0,0.0084202744172243,0.0181003929288813,rolling_user_norm,rolling_user_norm,LightGBM,rolling_group_norm,rolling_user_norm,rolling_user_norm
UCI Electricity,lightgbm_quantile__c90__h6,0.9,6.0,2014-05,4,0.5,0.01,rolling_user_norm,0.0446676349898089,0.0446676349898089,rolling_user_norm,0.0387996805187993,0.0066822242296497,2.1926682615584427,0.0626372616928771,0.0538158528277904,0.0446676349898089,0.0,0.0067223888159368,0.013987900135613,0.0,0.004721407701963,0.0116785362432588,rolling_user_norm,rolling_user_norm,LightGBM,rolling_group_norm,rolling_user_norm,rolling_user_norm
UCI Electricity,lightgbm_quantile__c90__h6,0.9,6.0,2014-06,5,0.5,0.01,rolling_user_norm,0.0446205195100935,0.0446205195100935,rolling_user_norm,0.0353489489637497,0.0069512015332448,2.347044426159632,0.0669723845415712,0.0579957707944786,0.0446205195100935,0.0,0.0073426052196426,0.0147456655687515,0.0,0.0059023935800841,0.0121619962124743,rolling_user_norm,rolling_user_norm,LightGBM,rolling_user_norm,rolling_user_norm,rolling_user_norm
UCI Electricity,lightgbm_quantile__c90__h6,0.9,6.0,2014-07,6,0.5,0.01,rolling_user_norm,0.0563424682403213,0.0563424682403213,rolling_user_norm,0.0417326292031248,0.0208220415537488,2.506513286188446,0.0774795533066721,0.0662062440186243,0.0563424682403213,0.0,0.0080253597487864,0.0169105816253612,0.0,0.005684993363864,0.0106246281076505,rolling_user_norm,rolling_user_norm,LightGBM,rolling_user_norm,rolling_user_norm,rolling_user_norm
UCI Electricity,lightgbm_quantile__c90__h6,0.9,6.0,2014-08,7,0.5,0.01,rolling_user_norm,0.0478039322234491,0.0478039322234491,rolling_user_norm,0.0376989803622376,0.0086501218893467,2.4629381097656973,0.0762827232279238,0.0587766017674826,0.0478039322234491,0.0,0.010072712894228,0.0235816773767315,0.0,0.006709401227536,0.019421221939052,rolling_user_norm,rolling_user_norm,LightGBM,rolling_user_norm,rolling_user_norm,rolling_user_norm
UCI Electricity,lightgbm_quantile__c90__h6,0.9,6.0,2014-09,8,0.5,0.01,rolling_user_norm,0.0448612437071811,0.0448612437071811,rolling_user_norm,0.0332031346262845,0.0097629919547727,2.337818041665253,0.0765999001069249,0.0602799702309864,0.0448612437071811,0.0,0.0140772698998503,0.0252895560961597,0.0,0.0115945416904012,0.0239193097639911,rolling_user_norm,rolling_user_norm,LightGBM,rolling_user_norm,rolling_user_norm,rolling_user_norm
UCI Electricity,lightgbm_quantile__c90__h6,0.9,6.0,2014-10,9,0.5,0.01,rolling_user_norm,0.074660328360683,0.0681494695477791,rolling_global_norm,0.0506506846593392,0.0520146911995436,2.3327640431241576,0.0681494695477791,0.0774229113978228,0.074660328360683,0.0,0.0168348096516353,0.0305380309840173,0.0,0.0150392890859934,0.0292982083606513,rolling_user_norm,rolling_user_norm,LightGBM,rolling_user_norm,rolling_user_norm,rolling_user_norm
UCI Electricity,lightgbm_quantile__c90__h6,0.9,6.0,2014-11,10,0.5,0.01,rolling_user_norm,0.0594710806099879,0.0574880134600548,rolling_group_norm,0.0553153519472305,0.0185426802299867,2.2542064521379346,0.067121896346659,0.0574880134600548,0.0594710806099879,0.0,0.0030851504131241,0.0157150083517641,0.0,-0.0020181598314569,0.0102573050244562,rolling_user_norm,rolling_user_norm,LightGBM,rolling_global_norm,rolling_user_norm,rolling_user_norm
UCI Electricity,lightgbm_quantile__c90__h6,0.9,6.0,2014-12,11,0.5,0.01,rolling_user_norm,0.0914653620654025,0.0844903527561421,rolling_group_norm,0.0732879542871675,0.0549634331959758,2.7339668323830817,0.0907766436985678,0.0844903527561421,0.0914653620654025,0.0,0.0093370566742694,0.0156539956582691,0.0,0.0082020803345309,0.0143902482936699,rolling_user_norm,rolling_user_norm,LightGBM,rolling_group_norm,rolling_user_norm,rolling_user_norm
Ausgrid,persistence_qi__c80__h1,0.8,1.0,2012-07,0,0.5,0.01,rolling_user_norm,0.0783682773416373,0.0783682773416373,rolling_user_norm,0.0408912324234905,0.0253214721206075,4.526192506958829,0.0912549031552351,0.0835954873877459,0.0783682773416373,0.0,0.0047107631617029,0.011251727843648,0.0,0.0014127634663903,0.0076250365994361,rolling_user_norm,rolling_user_norm,Persistence,rolling_global_norm,rolling_global_norm,rolling_user_norm
Ausgrid,persistence_qi__c80__h1,0.8,1.0,2012-08,1,0.5,0.01,rolling_user_norm,0.0723738813387482,0.0723738813387482,rolling_user_norm,0.0420667457834358,0.0196175464320624,4.153173523099914,0.0839607587902204,0.0776740981719954,0.0723738813387482,0.0,0.006101962878651,0.0141920528574543,0.0,0.0030244098708478,0.0117283059158784,rolling_user_norm,rolling_user_norm,Persistence,rolling_user_norm,rolling_user_norm,rolling_user_norm
Ausgrid,persistence_qi__c80__h1,0.8,1.0,2012-09,2,0.5,0.01,rolling_user_norm,0.104283282780814,0.0992157163256576,rolling_global_norm,0.0773225566703827,0.0680913516609392,3.1576328615153,0.0992157163256576,0.1062621296581812,0.104283282780814,0.0,0.0029440233341342,0.007182322496977,0.0,-0.0010072418931103,0.0017400274015362,rolling_user_norm,rolling_global_norm,Persistence,rolling_user_norm,rolling_user_norm,rolling_user_norm
Ausgrid,persistence_qi__c80__h1,0.8,1.0,2012-10,3,0.5,0.01,rolling_global_norm,0.0752088815339669,0.0749392898633886,rolling_user_norm,0.0485183586866616,0.0459289435761001,2.798523040258606,0.0752088815339669,0.0755670198080067,0.0749392898633886,0.0,-0.0032881120533044,-0.0018951958338702,0.0,-0.0040485416290138,-0.002242673492803,rolling_global_norm,rolling_global_norm,Persistence,rolling_global_norm,rolling_user_norm,rolling_user_norm
Ausgrid,persistence_qi__c80__h1,0.8,1.0,2012-11,4,0.5,0.01,rolling_user_norm,0.0486456207522258,0.0486456207522258,rolling_user_norm,0.0370889074693422,0.0052205165692007,2.74909087329544,0.0576425249179318,0.0529991650771914,0.0486456207522258,0.0,0.0041652472594853,0.00619017509225,0.0,0.0032280550311521,0.0043257119450293,rolling_user_norm,rolling_user_norm,Persistence,rolling_user_norm,rolling_user_norm,rolling_user_norm
Ausgrid,persistence_qi__c80__h1,0.8,1.0,2012-12,5,0.5,0.01,rolling_user_norm,0.0544806905219682,0.0544806905219682,rolling_user_norm,0.0374127917430862,0.0165558385210337,2.7496375389908296,0.0607211137752846,0.0604001211419441,0.0544806905219682,0.0,0.0043205951567448,0.0105264487221679,0.0,0.0022261417676707,0.007203395111351,rolling_user_norm,rolling_user_norm,Persistence,rolling_user_norm,rolling_user_norm,rolling_user_norm
Ausgrid,persistence_qi__c80__h1,0.8,1.0,2013-01,6,0.5,0.01,rolling_user_norm,0.0521358818067624,0.0521358818067624,rolling_user_norm,0.0350999748264825,0.0089014521671655,3.0135168309938365,0.0612103592137853,0.0589180112721431,0.0521358818067624,0.0,0.0004049031009821,0.0072197639696211,0.0,-0.002695578984555,0.0041285003724228,rolling_user_norm,rolling_user_norm,Persistence,rolling_user_norm,rolling_user_norm,rolling_user_norm
Ausgrid,persistence_qi__c80__h1,0.8,1.0,2013-02,7,0.5,0.01,rolling_user_norm,0.0508685920803867,0.0508685920803867,rolling_user_norm,0.0384366539257843,0.0073990549828177,2.7950737626085687,0.0570233896332189,0.0555621158654476,0.0508685920803867,0.0,0.0028391087169614,0.0062693131972582,0.0,0.0023883228793108,0.0060853170878634,rolling_user_norm,rolling_user_norm,Persistence,rolling_user_norm,rolling_user_norm,rolling_user_norm
Ausgrid,persistence_qi__c80__h1,0.8,1.0,2013-03,8,0.5,0.01,rolling_user_norm,0.0453383154911012,0.0453383154911012,rolling_user_norm,0.0332389326428597,0.0020798691941026,2.7678914572620075,0.0582243370761883,0.0552194112936816,0.0453383154911012,0.0,0.0021243351769139,0.010749088485825,0.0,0.0017651468476413,0.0103869584521873,rolling_user_norm,rolling_user_norm,Persistence,rolling_user_norm,rolling_user_norm,rolling_user_norm
Ausgrid,persistence_qi__c80__h1,0.8,1.0,2013-04,9,0.5,0.01,rolling_user_norm,0.0650255841408796,0.0602956618718789,rolling_group_norm,0.045006503158677,0.0289772727272727,2.803369619790467,0.0636938700827789,0.0602956618718789,0.0650255841408796,0.0,0.0041945854462257,0.013233168491618,0.0,0.0034469589280007,0.0123641457511165,rolling_user_norm,rolling_user_norm,Persistence,rolling_user_norm,rolling_user_norm,rolling_user_norm
Ausgrid,persistence_qi__c80__h1,0.8,1.0,2013-05,10,0.5,0.01,rolling_user_norm,0.0929209502510255,0.0929209502510255,rolling_user_norm,0.0626389038731255,0.0534365835777126,3.488320652560648,0.0946581073997837,0.0939893000942399,0.0929209502510255,0.0,0.0013003334182868,0.0037799521819461,0.0,-0.0007226146193802,0.0005744332861632,rolling_user_norm,rolling_user_norm,Persistence,rolling_group_norm,rolling_user_norm,rolling_user_norm
Ausgrid,persistence_qi__c80__h1,0.8,1.0,2013-06,11,0.5,0.01,rolling_user_norm,0.1159880262019653,0.1159880262019653,rolling_user_norm,0.0738967855815682,0.0705808080808081,4.374922937077717,0.1204912285484876,0.1201506152384359,0.1159880262019653,0.0,0.0013297851130267,0.009136060967847,0.0,-4.755032354768988e-05,0.0064788478348665,rolling_user_norm,rolling_user_norm,Persistence,rolling_user_norm,rolling_user_norm,rolling_user_norm
Ausgrid,persistence_qi__c80__h6,0.8,6.0,2012-07,0,0.5,0.01,rolling_user_norm,0.1183303613555472,0.1183303613555472,rolling_user_norm,0.0607877512856475,0.0408200310386875,6.752647019337963,0.1508888814904672,0.1310995711126283,0.1183303613555472,0.0,0.0117181469701544,0.0220415071853317,0.0,0.0084502829253839,0.0181475090856899,rolling_user_norm,rolling_user_norm,Persistence,rolling_global_norm,rolling_global_norm,rolling_user_norm
Ausgrid,persistence_qi__c80__h6,0.8,6.0,2012-08,1,0.5,0.01,rolling_user_norm,0.1027390043993775,0.1027390043993775,rolling_user_norm,0.0576033013270039,0.0224584555229716,6.270812597438977,0.1353717264783643,0.1211439940116115,0.1027390043993775,0.0,0.0157727297385875,0.030494665292806,0.0,0.0102816201017238,0.0250026891170779,rolling_user_norm,rolling_user_norm,Persistence,rolling_user_norm,rolling_user_norm,rolling_user_norm
Ausgrid,persistence_qi__c80__h6,0.8,6.0,2012-09,2,0.5,0.01,rolling_user_norm,0.1544014618343151,0.1525875701303516,rolling_global_norm,0.1089650687476774,0.1014993686868686,4.916924311704209,0.1525875701303516,0.1609400835594014,0.1544014618343151,0.0,0.0089138606419307,0.0220631286323449,0.0,0.0033404370450422,0.0117971616338371,rolling_user_norm,rolling_user_norm,Persistence,rolling_user_norm,rolling_user_norm,rolling_user_norm
Ausgrid,persistence_qi__c80__h6,0.8,6.0,2012-10,3,0.5,0.01,rolling_user_norm,0.11674013376825,0.11674013376825,rolling_user_norm,0.0786411694896968,0.0727968074492849,4.102114529875916,0.1236899238672021,0.1245965633682174,0.11674013376825,0.0,-0.0065900151342789,0.0012997785820148,0.0,-0.0083913525121223,0.0005368490998007,rolling_user_norm,rolling_user_norm,Persistence,rolling_global_norm,rolling_user_norm,rolling_user_norm
Ausgrid,persistence_qi__c80__h6,0.8,6.0,2012-11,4,0.5,0.01,rolling_user_norm,0.074000119522483,0.074000119522483,rolling_user_norm,0.0525408769973987,0.0181844215349369,3.8637470256315214,0.0932622780035069,0.0842569498046348,0.074000119522483,0.0,0.0079164024528274,0.0137974451891451,0.0,0.0074681716902351,0.0109203091934804,rolling_user_norm,rolling_user_norm,Persistence,rolling_user_norm,rolling_user_norm,rolling_user_norm
Ausgrid,persistence_qi__c80__h6,0.8,6.0,2012-12,5,0.5,0.01,rolling_user_norm,0.078628514358583,0.078628514358583,rolling_user_norm,0.0532001834070557,0.0209705132468684,4.154316603162093,0.0907840813610574,0.0920024250936054,0.078628514358583,0.0,0.0096530659159071,0.0257072267784451,0.0,0.0054703034150325,0.019328610152209,rolling_user_norm,rolling_user_norm,Persistence,rolling_user_norm,rolling_user_norm,rolling_user_norm
Ausgrid,persistence_qi__c80__h6,0.8,6.0,2013-01,6,0.5,0.01,rolling_user_norm,0.0947486062661467,0.0947486062661467,rolling_user_norm,0.0582074657460351,0.0310442301296973,5.0122758328280455,0.1130504591197414,0.1093609222777844,0.0947486062661467,0.0,0.0006848873299619,0.0163754188935411,0.0,-0.0023760388235067,0.0125458320424297,rolling_user_norm,rolling_user_norm,Persistence,rolling_user_norm,rolling_user_norm,rolling_user_norm
Ausgrid,persistence_qi__c80__h6,0.8,6.0,2013-02,7,0.5,0.01,rolling_user_norm,0.0809793844660949,0.0809793844660949,rolling_user_norm,0.0555014731645166,0.0267979872361314,3.982965426577091,0.0957597642285119,0.0927905428740397,0.0809793844660949,0.0,0.0075784680352578,0.0179203696484448,0.0,0.0073352768007377,0.0171484290787454,rolling_user_norm,rolling_user_norm,Persistence,rolling_user_norm,rolling_user_norm,rolling_user_norm
Ausgrid,persistence_qi__c80__h6,0.8,6.0,2013-03,8,0.5,0.01,rolling_user_norm,0.0700224764513438,0.0700224764513438,rolling_user_norm,0.0500602366310641,0.0111351291431104,3.9424793564256553,0.0922694498058657,0.0867368720635584,0.0700224764513438,0.0,0.003396717855272,0.0205408375703917,0.0,0.0021174724704082,0.0189798095069044,rolling_user_norm,rolling_user_norm,Persistence,rolling_user_norm,rolling_user_norm,rolling_user_norm
Ausgrid,persistence_qi__c80__h6,0.8,6.0,2013-04,9,0.5,0.01,rolling_user_norm,0.0872775147270588,0.0872775147270588,rolling_user_norm,0.063003994797473,0.0339330808080808,3.880897692428184,0.0963786546179816,0.0872942600494962,0.0872775147270588,0.0,0.0063191527096731,0.0261718275775583,0.0,0.0049217447536626,0.0240948042157735,rolling_user_norm,rolling_user_norm,Persistence,rolling_user_norm,rolling_user_norm,rolling_user_norm
Ausgrid,persistence_qi__c80__h6,0.8,6.0,2013-05,10,0.5,0.01,rolling_user_norm,0.1471873917555269,0.144329987349476,rolling_group_norm,0.0999743769554429,0.0911091764418378,5.164561505688661,0.1465476473199573,0.144329987349476,0.1471873917555269,0.0,0.0061164525861092,0.0153243540858151,0.0,0.0032523057662245,0.0083540517209853,rolling_user_norm,rolling_user_norm,Persistence,rolling_user_norm,rolling_user_norm,rolling_user_norm
Ausgrid,persistence_qi__c80__h6,0.8,6.0,2013-06,11,0.5,0.01,rolling_user_norm,0.1957577221389899,0.1957577221389899,rolling_user_norm,0.1239850427350427,0.1317550505050505,6.788767551894331,0.2009114809951241,0.2004966290160964,0.1957577221389899,0.0,0.0002694439570559,0.0091956303120343,0.0,-0.0020303068034536,0.0045870963814729,rolling_user_norm,rolling_user_norm,Persistence,rolling_group_norm,rolling_user_norm,rolling_user_norm
Ausgrid,persistence_qi__c90__h1,0.9,1.0,2012-07,0,0.5,0.01,rolling_user_norm,0.0870150071518833,0.0870150071518833,rolling_user_norm,0.0285714927895853,0.0200254960647378,6.271651272472172,0.1009591556420962,0.0924206088803708,0.0870150071518833,0.0,0.0061587059515518,0.0116939000450115,0.0,0.0036681377534415,0.0093084332537875,rolling_user_norm,rolling_user_norm,Persistence,rolling_global_norm,rolling_global_norm,rolling_user_norm
Ausgrid,persistence_qi__c90__h1,0.9,1.0,2012-08,1,0.5,0.01,rolling_user_norm,0.0779584056617466,0.0779584056617466,rolling_user_norm,0.0280572337900528,0.0111901056404452,5.833473594649757,0.0886507722659648,0.0838072115029903,0.0779584056617466,0.0,0.0073020936117343,0.0133013729701166,0.0,0.0039021263996651,0.0110008884995158,rolling_user_norm,rolling_user_norm,Persistence,rolling_user_norm,rolling_user_norm,rolling_user_norm
Ausgrid,persistence_qi__c90__h1,0.9,1.0,2012-09,2,0.5,0.01,rolling_user_norm,0.0954897616632025,0.0954642919818078,rolling_global_norm,0.0519416573764399,0.0453178694158075,4.6859998267078815,0.0954642919818078,0.0978036457993062,0.0954897616632025,0.0,0.0032148552727712,0.0088238249789244,0.0,0.0003407666293071,0.004190908968201,rolling_user_norm,rolling_user_norm,Persistence,rolling_user_norm,rolling_user_norm,rolling_user_norm
Ausgrid,persistence_qi__c90__h1,0.9,1.0,2012-10,3,0.5,0.01,rolling_global_norm,0.0763337216500678,0.0737248294616919,rolling_user_norm,0.0362080591218038,0.0361974836492627,4.01309502645345,0.0763337216500678,0.0778056730979928,0.0737248294616919,0.0,-0.0027793992788338,-0.0006329165109828,0.0,-0.0038231017058607,-0.0016787999059013,rolling_global_norm,rolling_global_norm,Persistence,rolling_global_norm,rolling_user_norm,rolling_user_norm
Ausgrid,persistence_qi__c90__h1,0.9,1.0,2012-11,4,0.5,0.01,rolling_group_norm,0.0590538933049646,0.0544127269427893,rolling_user_norm,0.0288275733927907,0.0108349116161615,3.922265080048851,0.0627818100024789,0.0590538933049646,0.0544127269427893,0.0,0.0026711948794004,0.0036922530150925,0.0,0.0021195234070867,0.0016701313548028,rolling_user_norm,rolling_user_norm,Persistence,rolling_user_norm,rolling_user_norm,rolling_user_norm
Ausgrid,persistence_qi__c90__h1,0.9,1.0,2012-12,5,0.5,0.01,rolling_user_norm,0.0567400144216913,0.0567400144216913,rolling_user_norm,0.0260500952997446,0.0086611016789285,3.9384415932354777,0.0651290060906252,0.0620895831022852,0.0567400144216913,0.0,0.0028094053978815,0.0087487721816371,0.0,0.0012369234018392,0.0062245189021922,rolling_user_norm,rolling_user_norm,Persistence,rolling_user_norm,rolling_user_norm,rolling_user_norm
Ausgrid,persistence_qi__c90__h1,0.9,1.0,2013-01,6,0.5,0.01,rolling_user_norm,0.0614699286461663,0.0614699286461663,rolling_user_norm,0.0255713489409141,0.0097033846529814,4.383256184921851,0.0707272763629707,0.0683572370468624,0.0614699286461663,0.0,0.0023968999028633,0.0095609414054648,0.0,0.0007760811292271,0.0076117923082397,rolling_user_norm,rolling_user_norm,Persistence,rolling_user_norm,rolling_user_norm,rolling_user_norm
Ausgrid,persistence_qi__c90__h1,0.9,1.0,2013-02,7,0.5,0.01,rolling_user_norm,0.0553546842945345,0.0553546842945345,rolling_user_norm,0.0263676540850453,0.0046008222876778,3.9870446108172937,0.064744306279219,0.0615195550304443,0.0553546842945345,0.0,0.0033469890529895,0.0073893939534272,0.0,0.0027513067608345,0.0063684799201024,rolling_user_norm,rolling_user_norm,Persistence,rolling_user_norm,rolling_user_norm,rolling_user_norm
Ausgrid,persistence_qi__c90__h1,0.9,1.0,2013-03,8,0.5,0.01,rolling_user_norm,0.0521564385593866,0.0521564385593866,rolling_user_norm,0.0226507713884992,0.0030733843254627,3.929436070240564,0.0665915367915327,0.0614923067219998,0.0521564385593866,0.0,0.0041957490092326,0.012242437117384,0.0,0.0039158938358357,0.0113220550713102,rolling_user_norm,rolling_user_norm,Persistence,rolling_user_norm,rolling_user_norm,rolling_user_norm
Ausgrid,persistence_qi__c90__h1,0.9,1.0,2013-04,9,0.5,0.01,rolling_user_norm,0.0651851682365424,0.060815762942742,rolling_group_norm,0.0321511519881085,0.0190577651515151,3.958070966673063,0.0637185657656848,0.060815762942742,0.0651851682365424,0.0,0.004098299956002,0.0126930378183923,0.0,0.0033622927094889,0.0111531900213417,rolling_user_norm,rolling_user_norm,Persistence,rolling_user_norm,rolling_user_norm,rolling_user_norm
Ausgrid,persistence_qi__c90__h1,0.9,1.0,2013-05,10,0.5,0.01,rolling_global_norm,0.0959896698609207,0.0959896698609207,rolling_global_norm,0.0490847628295033,0.0424672231654404,5.021367686344882,0.0959896698609207,0.0982459320365219,0.0985661268964185,0.0,0.0011447317378221,0.0037585881855922,0.0,-0.0002882523686407,-0.000341053791827,rolling_user_norm,rolling_user_norm,Persistence,rolling_group_norm,rolling_user_norm,rolling_user_norm
Ausgrid,persistence_qi__c90__h1,0.9,1.0,2013-06,11,0.5,0.01,rolling_user_norm,0.1265491678596698,0.1265491678596698,rolling_user_norm,0.0607859531772575,0.0671875,6.256244127104107,0.1278777115776445,0.1289548977222167,0.1265491678596698,0.0,-0.0006472117333241,0.0045668547662826,0.0,-0.0019193632255253,0.002638593446297,rolling_user_norm,rolling_user_norm,Persistence,rolling_global_norm,rolling_user_norm,rolling_user_norm
Ausgrid,persistence_qi__c90__h6,0.9,6.0,2012-07,0,0.5,0.01,rolling_user_norm,0.1203051807981559,0.1203051807981559,rolling_user_norm,0.0386400007192433,0.0319421350182906,8.501411292938888,0.1417156539844272,0.1318652986516059,0.1203051807981559,0.0,0.0068749048420632,0.0173221583069151,0.0,0.0042702426009225,0.0135916429972783,rolling_user_norm,rolling_user_norm,Persistence,rolling_global_norm,rolling_global_norm,rolling_user_norm
Ausgrid,persistence_qi__c90__h6,0.9,6.0,2012-08,1,0.5,0.01,rolling_user_norm,0.1082660293386347,0.1082660293386347,rolling_user_norm,0.0372590534757435,0.0179282210903602,8.067239205558282,0.1232915599631783,0.1191973367473604,0.1082660293386347,0.0,0.0087562992721647,0.022521563270733,0.0,0.0074972901076171,0.0190596481400116,rolling_user_norm,rolling_user_norm,Persistence,rolling_user_norm,rolling_user_norm,rolling_user_norm
Ausgrid,persistence_qi__c90__h6,0.9,6.0,2012-09,2,0.5,0.01,rolling_user_norm,0.128179481566751,0.128179481566751,rolling_user_norm,0.0666132478632478,0.0561211340206185,6.681229062481787,0.1304959020619351,0.1303405736734268,0.128179481566751,0.0,0.0049922413893537,0.0160705449455129,0.0,0.002668384815165,0.0096088179724465,rolling_user_norm,rolling_user_norm,Persistence,rolling_user_norm,rolling_user_norm,rolling_user_norm
Ausgrid,persistence_qi__c90__h6,0.9,6.0,2012-10,3,0.5,0.01,rolling_user_norm,0.1038476473623039,0.1038476473623039,rolling_user_norm,0.0488599992807566,0.0457723644828732,5.653146548048903,0.1108809285350295,0.1115115457491095,0.1038476473623039,0.0,-0.0014901090261129,0.0031242962964525,0.0,-0.0026188202927872,0.0025621578144525,rolling_user_norm,rolling_user_norm,Persistence,rolling_user_norm,rolling_user_norm,rolling_user_norm
Ausgrid,persistence_qi__c90__h6,0.9,6.0,2012-11,4,0.5,0.01,rolling_user_norm,0.0752705691326015,0.0752705691326015,rolling_user_norm,0.0353562801932367,0.0106743986254295,5.225522972326848,0.0918701183755534,0.0835862424843373,0.0752705691326015,0.0,0.0057711750307727,0.010830618554812,0.0,0.0043699437004352,0.0082395699782192,rolling_user_norm,rolling_user_norm,Persistence,rolling_user_norm,rolling_user_norm,rolling_user_norm
Ausgrid,persistence_qi__c90__h6,0.9,6.0,2012-12,5,0.5,0.01,rolling_user_norm,0.0864607330793797,0.0864607330793797,rolling_user_norm,0.0384462545402236,0.0198037911539741,5.733571023228089,0.0996215590230318,0.0982347149090966,0.0864607330793797,0.0,0.0076641535032239,0.0197928994275546,0.0,0.0049712867005809,0.0153499214268838,rolling_user_norm,rolling_user_norm,Persistence,rolling_user_norm,rolling_user_norm,rolling_user_norm
Ausgrid,persistence_qi__c90__h6,0.9,6.0,2013-01,6,0.5,0.01,rolling_user_norm,0.1096226614789565,0.1096226614789565,rolling_user_norm,0.0471562915812565,0.0309375346413923,7.057574836763204,0.1285445378270767,0.123042944498828,0.1096226614789565,0.0,0.003351856838718,0.018677610189393,0.0,-0.0003959999773714,0.0148285551070978,rolling_user_norm,rolling_user_norm,Persistence,rolling_user_norm,rolling_user_norm,rolling_user_norm
Ausgrid,persistence_qi__c90__h6,0.9,6.0,2013-02,7,0.5,0.01,rolling_user_norm,0.0830840807845391,0.0830840807845391,rolling_user_norm,0.0394613991081382,0.016382854688267,5.516195388633648,0.0988549140166802,0.0950052713840209,0.0830840807845391,0.0,0.0045295895902251,0.0155297705942786,0.0,0.0034901668824078,0.0139684294143622,rolling_user_norm,rolling_user_norm,Persistence,rolling_user_norm,rolling_user_norm,rolling_user_norm
Ausgrid,persistence_qi__c90__h6,0.9,6.0,2013-03,8,0.5,0.01,rolling_user_norm,0.077550446638971,0.077550446638971,rolling_user_norm,0.0365447549178264,0.0106717375366568,5.39422004117294,0.1002044838492809,0.0931166507503956,0.077550446638971,0.0,0.0045439006657207,0.0188259648583035,0.0,0.0038347746810435,0.0165590824657746,rolling_user_norm,rolling_user_norm,Persistence,rolling_user_norm,rolling_user_norm,rolling_user_norm
Ausgrid,persistence_qi__c90__h6,0.9,6.0,2013-04,9,0.5,0.01,rolling_user_norm,0.0851036172499374,0.0838930272930052,rolling_group_norm,0.0447556670382757,0.0203519570707071,5.254980519544601,0.0919221685999787,0.0838930272930052,0.0851036172499374,0.0,0.0059147038340056,0.024241930326626,0.0,0.0039552965762194,0.021749775243887,rolling_user_norm,rolling_user_norm,Persistence,rolling_user_norm,rolling_user_norm,rolling_user_norm
Ausgrid,persistence_qi__c90__h6,0.9,6.0,2013-05,10,0.5,0.01,rolling_user_norm,0.1488251734116378,0.1429607919991661,rolling_global_norm,0.0778176358470888,0.0794583944281525,7.018715827401716,0.1429607919991661,0.1429873347342797,0.1488251734116378,0.0,0.0083411494566705,0.0155078119088166,0.0,0.0054973660647456,0.0083935957680008,rolling_user_norm,rolling_user_norm,Persistence,rolling_group_norm,rolling_user_norm,rolling_user_norm
Ausgrid,persistence_qi__c90__h6,0.9,6.0,2013-06,11,0.5,0.01,rolling_global_norm,0.1923404726218444,0.1923404726218444,rolling_global_norm,0.0990198810850985,0.1008128156565656,9.242412425101236,0.1923404726218444,0.1982223948467423,0.199556332164351,0.0,-0.0024336282959397,0.0030579324605646,0.0,-0.0052892257780247,-0.0035657565073793,rolling_user_norm,rolling_user_norm,Persistence,rolling_global_norm,rolling_user_norm,rolling_user_norm
London,persistence_qi__c80__h1,0.8,1.0,2013-03,0,0.5,0.01,rolling_user_norm,0.059134650183008,0.059134650183008,rolling_user_norm,0.0289708551691943,0.0062814880660398,4.150847856539094,0.0781519183302124,0.0655026228073458,0.059134650183008,0.0,0.0105474845721736,0.0167081064143353,0.0,0.0061165811614383,0.0118879970978498,rolling_user_norm,rolling_user_norm,Persistence,rolling_global_norm,rolling_global_norm,rolling_user_norm
London,persistence_qi__c80__h1,0.8,1.0,2013-04,1,0.5,0.01,rolling_user_norm,0.0722239765177687,0.0722239765177687,rolling_user_norm,0.0375817243419501,0.0312088693899329,3.7828679651827177,0.0724562874659647,0.076989474873594,0.0722239765177687,0.0,0.0176603782394952,0.0221524127929865,0.0,0.0175722494542021,0.0215466148918309,rolling_user_norm,rolling_user_norm,Persistence,rolling_user_norm,rolling_user_norm,rolling_user_norm
London,persistence_qi__c80__h1,0.8,1.0,2013-05,2,0.5,0.01,rolling_global_norm,0.0744467796168325,0.0744467796168325,rolling_global_norm,0.0466701577607178,0.033138925683557,3.454223789469513,0.0744467796168325,0.0859408375959248,0.081625239548775,0.0,-0.0074651009877264,-0.0022584318410049,0.0,-0.0106655146808637,-0.0048681081264727,rolling_global_norm,rolling_global_norm,Persistence,rolling_user_norm,rolling_user_norm,rolling_user_norm
London,persistence_qi__c80__h1,0.8,1.0,2013-06,3,0.5,0.01,rolling_user_norm,0.0735191943815761,0.0735191943815761,rolling_user_norm,0.0383416000956836,0.0429623983739837,3.2867195146742483,0.0752393704492076,0.0776233170595534,0.0735191943815761,0.0,-0.0019625166465395,0.0025327419532216,0.0,-0.0029759210380433,0.0009394851923559,rolling_user_norm,rolling_global_norm,Persistence,rolling_global_norm,rolling_user_norm,rolling_user_norm
London,persistence_qi__c80__h1,0.8,1.0,2013-07,4,0.5,0.01,rolling_user_norm,0.0723404596416198,0.0723404596416198,rolling_user_norm,0.0453789091696023,0.0409470889063728,2.9177460603632244,0.0852698085772864,0.0806727498925175,0.0723404596416198,0.0,0.0027492666215536,0.0100961839353695,0.0,0.002176474573717,0.0084834683980443,rolling_user_norm,rolling_user_norm,Persistence,rolling_user_norm,rolling_user_norm,rolling_user_norm
London,persistence_qi__c80__h1,0.8,1.0,2013-08,5,0.5,0.01,rolling_user_norm,0.0525765791170632,0.0525765791170632,rolling_user_norm,0.035119491412973,0.0117206588175757,2.915650400178877,0.0758096111361577,0.0659652280223137,0.0525765791170632,0.0,0.010042317395935,0.0224108447423039,0.0,0.0098748315371291,0.0219284067833968,rolling_user_norm,rolling_user_norm,Persistence,rolling_user_norm,rolling_user_norm,rolling_user_norm
London,persistence_qi__c80__h1,0.8,1.0,2013-09,6,0.5,0.01,rolling_user_norm,0.0831802455369321,0.0813688871256082,rolling_group_norm,0.0531385103890005,0.0466572895659984,3.328234555943267,0.0850919148385909,0.0813688871256082,0.0831802455369321,0.0,0.0021420469531118,0.0110994657101261,0.0,0.0009181052642641,0.009433593253531,rolling_user_norm,rolling_user_norm,Persistence,rolling_user_norm,rolling_user_norm,rolling_user_norm
London,persistence_qi__c80__h1,0.8,1.0,2013-10,7,0.5,0.01,rolling_user_norm,0.0790769030425944,0.0790769030425944,rolling_user_norm,0.0473227988168486,0.0393941380893057,3.5718434589517254,0.0856987982675404,0.0802550331679127,0.0790769030425944,0.0,0.0019567610090024,0.0031413255605556,0.0,0.0003317217980525,0.0021401563450399,rolling_user_norm,rolling_user_norm,Persistence,rolling_group_norm,rolling_user_norm,rolling_user_norm
London,persistence_qi__c80__h1,0.8,1.0,2013-11,8,0.5,0.01,rolling_user_norm,0.106377990149547,0.093224403623812,rolling_global_norm,0.0516315258522112,0.0806097819182722,4.025733626430526,0.093224403623812,0.1047491449845464,0.106377990149547,0.0,0.0015134540875058,0.0045447617139642,0.0,-0.0007568389824854,0.002215754141399,rolling_user_norm,rolling_user_norm,Persistence,rolling_user_norm,rolling_user_norm,rolling_user_norm
London,persistence_qi__c80__h1,0.8,1.0,2013-12,9,0.5,0.01,rolling_global_norm,0.0759077328972071,0.0696162414659795,rolling_user_norm,0.0501621560759703,0.0199845906691584,4.083435952464268,0.0759077328972071,0.0757997431020442,0.0696162414659795,0.0,-0.0048965047646182,0.0007442844539447,0.0,-0.0063765083993769,-0.0010776608332013,rolling_user_norm,rolling_user_norm,Persistence,rolling_global_norm,rolling_user_norm,rolling_user_norm
London,persistence_qi__c80__h1,0.8,1.0,2014-01,10,0.5,0.01,rolling_user_norm,0.0583633150856644,0.0583633150856644,rolling_user_norm,0.029389835689327,0.0061588224187046,4.058898603164854,0.0773890843994654,0.0704680459213255,0.0583633150856644,0.0,-0.00260837848032,0.0071386260996803,0.0,-0.0056502021091108,0.0038154304535147,rolling_user_norm,rolling_user_norm,Persistence,rolling_user_norm,rolling_user_norm,rolling_user_norm
London,persistence_qi__c80__h6,0.8,6.0,2013-03,0,0.5,0.01,rolling_user_norm,0.0828875172023389,0.0828875172023389,rolling_user_norm,0.0399140062565921,0.0093009263525343,5.828005089777575,0.122979775278305,0.0951915589725592,0.0828875172023389,0.0,0.0264535244756466,0.0365608672248837,0.0,0.0192072081669002,0.0277334155505609,rolling_user_norm,rolling_user_norm,Persistence,rolling_global_norm,rolling_global_norm,rolling_user_norm
London,persistence_qi__c80__h6,0.8,6.0,2013-04,1,0.5,0.01,rolling_user_norm,0.1117283343534272,0.1117283343534272,rolling_user_norm,0.0570763615199178,0.0622249326624992,5.207768726221863,0.1131293394499067,0.1161472724823094,0.1117283343534272,0.0,0.0365199065373521,0.0465930477649348,0.0,0.03519876090537,0.0447568957857138,rolling_user_norm,rolling_user_norm,Persistence,rolling_user_norm,rolling_user_norm,rolling_user_norm
London,persistence_qi__c80__h6,0.8,6.0,2013-05,2,0.5,0.01,rolling_global_norm,0.1191578748791934,0.1191578748791934,rolling_global_norm,0.0713817843147071,0.0748442827170207,4.604484136332951,0.1191578748791934,0.1359833769124139,0.1283304370573648,0.0,-0.0127774262540487,-0.0064469559740371,0.0,-0.0163402919182537,-0.0094636557189729,rolling_global_norm,rolling_global_norm,Persistence,rolling_user_norm,rolling_user_norm,rolling_user_norm
London,persistence_qi__c80__h6,0.8,6.0,2013-06,3,0.5,0.01,rolling_user_norm,0.1048429465245275,0.1048429465245275,rolling_user_norm,0.0523422388981896,0.0733231707317072,4.201024170957905,0.1186698393853905,0.1146696833728085,0.1048429465245275,0.0,0.0009305293922591,0.0113615477825536,0.0,-0.0004625530607968,0.00967428347729,rolling_user_norm,rolling_user_norm,Persistence,rolling_global_norm,rolling_user_norm,rolling_user_norm
London,persistence_qi__c80__h6,0.8,6.0,2013-07,4,0.5,0.01,rolling_user_norm,0.098588058847144,0.098588058847144,rolling_user_norm,0.0579670717075105,0.0646816810910043,3.726368244788656,0.1298894685227603,0.1109487029821812,0.098588058847144,0.0,0.01889619183764,0.0289394930914907,0.0,0.0176795468088337,0.0277016052496583,rolling_user_norm,rolling_user_norm,Persistence,rolling_user_norm,rolling_user_norm,rolling_user_norm
London,persistence_qi__c80__h6,0.8,6.0,2013-08,5,0.5,0.01,rolling_user_norm,0.0643533314965168,0.0643533314965168,rolling_user_norm,0.0423008263895734,0.0113914297891871,3.750720340713651,0.1222866385953369,0.0848102533278372,0.0643533314965168,0.0,0.0318159528609063,0.0501369325687867,0.0,0.0312134768855566,0.0489052645769084,rolling_user_norm,rolling_user_norm,Persistence,rolling_user_norm,rolling_user_norm,rolling_user_norm
London,persistence_qi__c80__h6,0.8,6.0,2013-09,6,0.5,0.01,rolling_user_norm,0.1243758286395171,0.1215409933992031,rolling_group_norm,0.0780712599010834,0.0814576271186441,4.46113851296534,0.1235550976423335,0.1215409933992031,0.1243758286395171,0.0,0.0283050970285763,0.0425427719767308,0.0,0.0276614783358118,0.042034052001759,rolling_user_norm,rolling_user_norm,Persistence,rolling_user_norm,rolling_user_norm,rolling_user_norm
London,persistence_qi__c80__h6,0.8,6.0,2013-10,7,0.5,0.01,rolling_global_norm,0.1245869240324498,0.1225361617298905,rolling_group_norm,0.0839566382892559,0.0669437418158453,4.913673397989911,0.1245869240324498,0.1225361617298905,0.1238461894467478,0.0,-0.0026422510086269,-0.0028715502171561,0.0,-0.0039047070337108,-0.0063219236577306,rolling_global_norm,rolling_user_norm,Persistence,rolling_group_norm,rolling_user_norm,rolling_user_norm
London,persistence_qi__c80__h6,0.8,6.0,2013-11,8,0.5,0.01,rolling_user_norm,0.1798821078034577,0.1390703064320217,rolling_global_norm,0.0852131001689358,0.1592069380219185,5.767208870803055,0.1390703064320217,0.1739199981052279,0.1798821078034577,0.0,0.0058172594067929,0.0111349374370153,0.0,0.0002280215809662,0.0044391852191797,rolling_user_norm,rolling_user_norm,Persistence,rolling_group_norm,rolling_user_norm,rolling_user_norm
London,persistence_qi__c80__h6,0.8,6.0,2013-12,9,0.5,0.01,rolling_global_norm,0.1230798119033873,0.1230798119033873,rolling_global_norm,0.074096653710283,0.0534344262295082,5.931427193349175,0.1230798119033873,0.1282833886414966,0.1254038046832677,0.0,-0.017503348657939,-0.0160446145455948,0.0,-0.021224184256107,-0.0197703378871086,rolling_global_norm,rolling_global_norm,Persistence,rolling_global_norm,rolling_user_norm,rolling_user_norm
London,persistence_qi__c80__h6,0.8,6.0,2014-01,10,0.5,0.01,rolling_user_norm,0.0833098097652918,0.0833098097652918,rolling_user_norm,0.0417849322839639,0.0110194964111492,5.690759541773519,0.1156443765974003,0.0994085986817098,0.0833098097652918,0.0,0.0027827778197103,0.0160711598141945,0.0,-0.0013045085448805,0.0114559163841417,rolling_user_norm,rolling_user_norm,Persistence,rolling_global_norm,rolling_user_norm,rolling_user_norm
London,persistence_qi__c90__h1,0.9,1.0,2013-03,0,0.5,0.01,rolling_user_norm,0.0708398354245768,0.0708398354245768,rolling_user_norm,0.0205167158203637,0.0015851421045071,5.978890646214145,0.0813717117216857,0.075821214240579,0.0708398354245768,0.0,0.0040275695281094,0.0077900683875549,0.0,0.0011336145262948,0.004939732386625,rolling_user_norm,rolling_user_norm,Persistence,rolling_global_norm,rolling_global_norm,rolling_user_norm
London,persistence_qi__c90__h1,0.9,1.0,2013-04,1,0.5,0.01,rolling_user_norm,0.0754985833359378,0.0754985833359378,rolling_user_norm,0.0235675220413707,0.0172348372561806,5.509740368716211,0.0765880406096771,0.0778698324607302,0.0754985833359378,0.0,0.007993469056541,0.0115273892791031,0.0,0.0076928797046896,0.011128962090265,rolling_user_norm,rolling_user_norm,Persistence,rolling_user_norm,rolling_user_norm,rolling_user_norm
London,persistence_qi__c90__h1,0.9,1.0,2013-05,2,0.5,0.01,rolling_global_norm,0.0766954004459453,0.0766954004459453,rolling_global_norm,0.0284641098007957,0.0233215316024127,5.0802579744341045,0.0766954004459453,0.0812643534031538,0.0788488465588325,0.0,-0.0027310730881465,2.2836932229523363e-07,0.0,-0.0041722590589128,-0.0017220055209965,rolling_user_norm,rolling_global_norm,Persistence,rolling_user_norm,rolling_user_norm,rolling_user_norm
London,persistence_qi__c90__h1,0.9,1.0,2013-06,3,0.5,0.01,rolling_user_norm,0.0732261314343362,0.0732261314343362,rolling_user_norm,0.023532550501743,0.0262025745257452,4.835856892059212,0.0774587707373558,0.0769926945564722,0.0732261314343362,0.0,-0.0002290855498633,0.0028384541773385,0.0,-0.0004106585761155,0.0024964040979832,rolling_user_norm,rolling_user_norm,Persistence,rolling_global_norm,rolling_user_norm,rolling_user_norm
London,persistence_qi__c90__h1,0.9,1.0,2013-07,4,0.5,0.01,rolling_user_norm,0.0705616516470035,0.0705616516470035,rolling_user_norm,0.0279932423950319,0.0270013768686073,4.306434201518388,0.0817074300307205,0.0763692806498042,0.0705616516470035,0.0,0.0051684231984545,0.0101430748196295,0.0,0.0048536507453546,0.0096382801123547,rolling_user_norm,rolling_user_norm,Persistence,rolling_user_norm,rolling_user_norm,rolling_user_norm
London,persistence_qi__c90__h1,0.9,1.0,2013-08,5,0.5,0.01,rolling_user_norm,0.0589206765785622,0.0589206765785622,rolling_user_norm,0.0218698426343592,0.0101616287456559,4.290494088855467,0.0774578254901869,0.0677063173235778,0.0589206765785622,0.0,0.0089848148093777,0.0178123497590702,0.0,0.0084318109199543,0.0174504726065066,rolling_user_norm,rolling_user_norm,Persistence,rolling_user_norm,rolling_user_norm,rolling_user_norm
London,persistence_qi__c90__h1,0.9,1.0,2013-09,6,0.5,0.01,rolling_user_norm,0.0824835069124989,0.0794615398377426,rolling_global_norm,0.0356081902372455,0.0319036079242149,4.872760783176873,0.0794615398377426,0.0800792446358382,0.0824835069124989,0.0,0.0049151508371344,0.0109519104477664,0.0,0.0038682047130309,0.0096869290855038,rolling_user_norm,rolling_user_norm,Persistence,rolling_user_norm,rolling_user_norm,rolling_user_norm
London,persistence_qi__c90__h1,0.9,1.0,2013-10,7,0.5,0.01,rolling_global_norm,0.0841643901051951,0.0822130972730635,rolling_group_norm,0.0368976886052949,0.026743854987188,5.234361830895366,0.0841643901051951,0.0822130972730635,0.0824582316759025,0.0,-0.0004663229350893,-0.0009813275418454,0.0,-0.0013899285775025,-0.002050425319763,rolling_global_norm,rolling_user_norm,Persistence,rolling_global_norm,rolling_user_norm,rolling_user_norm
London,persistence_qi__c90__h1,0.9,1.0,2013-11,8,0.5,0.01,rolling_user_norm,0.1048675584371268,0.0899640828351058,rolling_global_norm,0.0356550803882112,0.0574338344272707,5.832310102938587,0.0899640828351058,0.101119675307904,0.1048675584371268,0.0,0.0018309524449318,0.0046539640995246,0.0,0.0004064986716998,0.0022937618161325,rolling_user_norm,rolling_user_norm,Persistence,rolling_group_norm,rolling_user_norm,rolling_user_norm
London,persistence_qi__c90__h1,0.9,1.0,2013-12,9,0.5,0.01,rolling_global_norm,0.0813621503124943,0.0787583529306533,rolling_user_norm,0.0312039163105628,0.0127585980787515,5.938089311783712,0.0813621503124943,0.0823704142526082,0.0787583529306533,0.0,-0.0051627992876255,-0.0024132425780128,0.0,-0.0059362461967855,-0.0040920774317571,rolling_global_norm,rolling_user_norm,Persistence,rolling_global_norm,rolling_user_norm,rolling_user_norm
London,persistence_qi__c90__h1,0.9,1.0,2014-01,10,0.5,0.01,rolling_user_norm,0.0692655793190931,0.0692655793190931,rolling_user_norm,0.0191045054040561,0.0030335617169493,5.819654575859046,0.0817452057308501,0.0782102467145938,0.0692655793190931,0.0,-0.0017622907282112,0.0042579603112811,0.0,-0.0023724047340562,0.0032767624541596,rolling_user_norm,rolling_user_norm,Persistence,rolling_user_norm,rolling_user_norm,rolling_user_norm
London,persistence_qi__c90__h6,0.9,6.0,2013-03,0,0.5,0.01,rolling_user_norm,0.0929440794598112,0.0929440794598112,rolling_user_norm,0.0270104821360078,0.0037953893770292,7.754114370329266,0.112747365600542,0.1006262249616873,0.0929440794598112,0.0,0.0095391186351267,0.0169698421273396,0.0,0.0059311570548374,0.01281020893872,rolling_user_norm,rolling_user_norm,Persistence,rolling_global_norm,rolling_global_norm,rolling_user_norm
London,persistence_qi__c90__h6,0.9,6.0,2013-04,1,0.5,0.01,rolling_user_norm,0.1043051587559536,0.1033629704432346,rolling_global_norm,0.0322075736806553,0.0358980874455794,7.025232819283627,0.1033629704432346,0.1065904631957633,0.1043051587559536,0.0,0.0143786015712858,0.024079645512704,0.0,0.0139176632114511,0.0229441348396161,rolling_user_norm,rolling_user_norm,Persistence,rolling_user_norm,rolling_user_norm,rolling_user_norm
London,persistence_qi__c90__h6,0.9,6.0,2013-05,2,0.5,0.01,rolling_global_norm,0.1079210496424539,0.1079210496424539,rolling_global_norm,0.0405629634601927,0.047301993181222,6.398857132174652,0.1079210496424539,0.1137925107059666,0.1104107435188635,0.0,-0.007443221013118,-0.003178459299647,0.0,-0.0083762020324359,-0.0043604216258568,rolling_global_norm,rolling_global_norm,Persistence,rolling_global_norm,rolling_user_norm,rolling_user_norm
London,persistence_qi__c90__h6,0.9,6.0,2013-06,3,0.5,0.01,rolling_user_norm,0.0953128700022107,0.0953128700022107,rolling_user_norm,0.0297638103916977,0.0433180894308943,5.87719200909147,0.1044108934559821,0.1022280814015672,0.0953128700022107,0.0,0.0009424246458308,0.0082545424538706,0.0,0.00039799426868,0.0069409147100202,rolling_user_norm,rolling_user_norm,Persistence,rolling_global_norm,rolling_user_norm,rolling_user_norm
London,persistence_qi__c90__h6,0.9,6.0,2013-07,4,0.5,0.01,rolling_user_norm,0.0885275446955065,0.0885275446955065,rolling_user_norm,0.0345650101863066,0.0383113690007868,5.208935510195979,0.1069972611451189,0.0961112674649578,0.0885275446955065,0.0,0.0117195920795152,0.0188012879358345,0.0,0.0116656797988146,0.0183851599729779,rolling_user_norm,rolling_user_norm,Persistence,rolling_user_norm,rolling_user_norm,rolling_user_norm
London,persistence_qi__c90__h6,0.9,6.0,2013-08,5,0.5,0.01,rolling_user_norm,0.0716527360732786,0.0716527360732786,rolling_user_norm,0.0267388113247036,0.0121258319399363,5.222041444095872,0.101708572657356,0.0832264919202997,0.0716527360732786,0.0,0.0154312411639393,0.0260995171465135,0.0,0.0147203108600525,0.0250089481403398,rolling_user_norm,rolling_user_norm,Persistence,rolling_user_norm,rolling_user_norm,rolling_user_norm
London,persistence_qi__c90__h6,0.9,6.0,2013-09,6,0.5,0.01,rolling_user_norm,0.117368961904817,0.1097009182761195,rolling_global_norm,0.0530540747779706,0.0584830508474576,6.1600399092102895,0.1097009182761195,0.1126445582417257,0.117368961904817,0.0,0.0128093110632264,0.0221133873699062,0.0,0.0122454980527309,0.0215029421124417,rolling_user_norm,rolling_user_norm,Persistence,rolling_user_norm,rolling_user_norm,rolling_user_norm
London,persistence_qi__c90__h6,0.9,6.0,2013-10,7,0.5,0.01,rolling_global_norm,0.114267541966496,0.1136025940327469,rolling_group_norm,0.0538229547916951,0.0400530834776997,6.732952283179853,0.114267541966496,0.1136025940327469,0.1169141004168819,0.0,-0.0025744662761222,-0.0032122357322803,0.0,-0.0037811221062793,-0.0078357871486317,rolling_global_norm,rolling_user_norm,Persistence,rolling_global_norm,rolling_user_norm,rolling_user_norm
London,persistence_qi__c90__h6,0.9,6.0,2013-11,8,0.5,0.01,rolling_global_norm,0.1304621811564301,0.1304621811564301,rolling_global_norm,0.0528682976217951,0.0525229940545759,7.776653531824457,0.1304621811564301,0.1620080100494089,0.1730707425390481,0.0,0.0020933185832666,0.005030916785767,0.0,-0.001577413330501,-0.000294609446953,rolling_user_norm,rolling_user_norm,Persistence,rolling_group_norm,rolling_user_norm,rolling_user_norm
London,persistence_qi__c90__h6,0.9,6.0,2013-12,9,0.5,0.01,rolling_global_norm,0.1163650807597304,0.1163650807597304,rolling_global_norm,0.0442001748962567,0.0292704918032786,7.962974740996272,0.1163650807597304,0.122218619866552,0.1227571006187618,0.0,-0.0164863815425003,-0.0184975859975849,0.0,-0.0189638045771548,-0.0211047666886862,rolling_global_norm,rolling_global_norm,Persistence,rolling_global_norm,rolling_user_norm,rolling_user_norm
London,persistence_qi__c90__h6,0.9,6.0,2014-01,10,0.5,0.01,rolling_user_norm,0.0943258684282764,0.0943258684282764,rolling_user_norm,0.0268190285668664,0.0111311860453656,7.535076112216041,0.1116943610664856,0.1077008445460238,0.0943258684282764,0.0,0.0006336432554371,0.0105393448294675,0.0,-0.0003776908452146,0.0104091241110158,rolling_user_norm,rolling_user_norm,Persistence,rolling_global_norm,rolling_user_norm,rolling_user_norm
UCI Electricity,persistence_qi__c80__h1,0.8,1.0,2014-01,0,0.5,0.01,rolling_group_norm,0.0486296107622711,0.0486296107622711,rolling_group_norm,0.0513537429445337,0.0096998207885303,1.8102828895739105,0.0855029851643111,0.0486296107622711,0.0504399787913508,0.0,0.0297968138579803,0.0273664140847355,0.0,0.0171427397752378,0.0112551005587437,rolling_group_norm,rolling_group_norm,Persistence,rolling_global_norm,rolling_global_norm,rolling_user_norm
UCI Electricity,persistence_qi__c80__h1,0.8,1.0,2014-02,1,0.5,0.01,rolling_user_norm,0.045662125905545,0.045662125905545,rolling_user_norm,0.0235684174696271,0.0314869929453262,1.813442069806842,0.0884506057773653,0.0464892199103067,0.045662125905545,0.0,0.0393564290439944,0.0412967103515209,0.0,0.0374370624648513,0.0383579896206607,rolling_user_norm,rolling_group_norm,Persistence,rolling_group_norm,rolling_group_norm,rolling_user_norm
UCI Electricity,persistence_qi__c80__h1,0.8,1.0,2014-03,2,0.5,0.01,rolling_group_norm,0.0477956847168354,0.0477956847168354,rolling_group_norm,0.0446681960079462,0.0147774790919952,1.8072847166864712,0.0751880986086621,0.0477956847168354,0.0577463955762899,0.0,0.0377730365196685,0.0370514556621826,0.0,0.035256163333469,0.0332455495294184,rolling_group_norm,rolling_user_norm,Persistence,rolling_user_norm,rolling_group_norm,rolling_user_norm
UCI Electricity,persistence_qi__c80__h1,0.8,1.0,2014-04,3,0.5,0.01,rolling_group_norm,0.049122105573569,0.049122105573569,rolling_group_norm,0.0483484033887259,0.0152397260273972,1.732804086550745,0.0794364028459262,0.049122105573569,0.0566786562721143,0.0,0.0385070405094469,0.0378690879691703,0.0,0.0343561650949735,0.0283911047660649,rolling_group_norm,rolling_user_norm,Persistence,rolling_group_norm,rolling_group_norm,rolling_user_norm
UCI Electricity,persistence_qi__c80__h1,0.8,1.0,2014-05,4,0.5,0.01,rolling_user_norm,0.0466287407147024,0.0466287407147024,rolling_user_norm,0.0318142402169457,0.0273596176821983,1.704181176513044,0.0831335150572822,0.0504834883386334,0.0466287407147024,0.0,0.0267623545760173,0.029801523733156,0.0,0.0201250846799842,0.0223473530967234,rolling_user_norm,rolling_user_norm,Persistence,rolling_group_norm,rolling_group_norm,rolling_user_norm
UCI Electricity,persistence_qi__c80__h1,0.8,1.0,2014-06,5,0.5,0.01,rolling_user_norm,0.0436259308638859,0.0436259308638859,rolling_user_norm,0.0282329341805148,0.0241374269005848,1.7440750323336074,0.0832231690461206,0.0543123165799283,0.0436259308638859,0.0,0.0382464582959405,0.0481993412472807,0.0,0.0339585876268182,0.0431044864487152,rolling_user_norm,rolling_user_norm,Persistence,rolling_user_norm,rolling_group_norm,rolling_user_norm
UCI Electricity,persistence_qi__c80__h1,0.8,1.0,2014-07,6,0.5,0.01,rolling_user_norm,0.0468704391948176,0.0468704391948176,rolling_user_norm,0.0327397281871787,0.0237584889643464,1.8621330619055017,0.0933211188999844,0.0556070845836101,0.0468704391948176,0.0,0.0294472197407815,0.0376616433380836,0.0,0.0232897093578029,0.0307256483612373,rolling_user_norm,rolling_user_norm,Persistence,rolling_user_norm,rolling_group_norm,rolling_user_norm
UCI Electricity,persistence_qi__c80__h1,0.8,1.0,2014-08,7,0.5,0.01,rolling_user_norm,0.0559371459918615,0.0539593748399058,rolling_group_norm,0.0297884542616592,0.0459652528872958,1.806029241738404,0.0685782283223605,0.0539593748399058,0.0559371459918615,0.0,0.0318427334174727,0.0451284505139004,0.0,0.0304218076351542,0.0395303873370515,rolling_user_norm,rolling_user_norm,Persistence,rolling_user_norm,rolling_user_norm,rolling_user_norm
UCI Electricity,persistence_qi__c80__h1,0.8,1.0,2014-09,8,0.5,0.01,rolling_user_norm,0.043333745130312,0.043333745130312,rolling_user_norm,0.0283123574454219,0.0225694444444444,1.7892844185378842,0.0689436774508359,0.0510467069121386,0.043333745130312,0.0,0.0049856923389997,0.0065879808252085,0.0,-0.001255080384802,0.0014082186099722,rolling_user_norm,rolling_user_norm,Persistence,rolling_group_norm,rolling_user_norm,rolling_user_norm
UCI Electricity,persistence_qi__c80__h1,0.8,1.0,2014-10,9,0.5,0.01,rolling_user_norm,0.0472975348656088,0.0472975348656088,rolling_user_norm,0.0358419654400403,0.0228883701188454,1.793236708616589,0.0754462128066134,0.0533435786689377,0.0472975348656088,0.0,0.0180950101535901,0.0271685502521418,0.0,0.0152189287645249,0.0205674771451633,rolling_user_norm,rolling_user_norm,Persistence,rolling_user_norm,rolling_user_norm,rolling_user_norm
UCI Electricity,persistence_qi__c80__h1,0.8,1.0,2014-11,10,0.5,0.01,rolling_user_norm,0.0535580301650039,0.0535580301650039,rolling_user_norm,0.0407400619094167,0.0318544238683127,1.726078727613919,0.0795035358731922,0.0558116473409407,0.0535580301650039,0.0,0.0325412936157864,0.0402403762041411,0.0,0.0292848993498505,0.0359663219254149,rolling_user_norm,rolling_user_norm,Persistence,rolling_user_norm,rolling_user_norm,rolling_user_norm
UCI Electricity,persistence_qi__c80__h1,0.8,1.0,2014-12,11,0.5,0.01,rolling_user_norm,0.0512935115148734,0.0512935115148734,rolling_user_norm,0.0393805379497367,0.0273098367184387,1.794832418078569,0.0897448316496268,0.0515043544068722,0.0512935115148734,0.0,0.0347773519753811,0.0399629031589453,0.0,0.0318243801050663,0.0353693800085796,rolling_user_norm,rolling_user_norm,Persistence,rolling_user_norm,rolling_user_norm,rolling_user_norm
UCI Electricity,persistence_qi__c80__h6,0.8,6.0,2014-01,0,0.5,0.01,rolling_user_norm,0.0866455254829683,0.0866455254829683,rolling_user_norm,0.0504107148488001,0.0379256272401433,4.2477354438496615,0.1453696155854731,0.1033062812573057,0.0866455254829683,0.0,0.0363206864902774,0.0556703702415821,0.0,0.0243929879846377,0.0360467494950147,rolling_user_norm,rolling_user_norm,Persistence,rolling_global_norm,rolling_global_norm,rolling_user_norm
UCI Electricity,persistence_qi__c80__h6,0.8,6.0,2014-02,1,0.5,0.01,rolling_user_norm,0.0776704210966939,0.0776704210966939,rolling_user_norm,0.0464143887026951,0.0231790413533834,4.287370606865466,0.1555729541780691,0.1076315160576351,0.0776704210966939,0.0,0.044697084417254,0.0758446638105814,0.0,0.0426521802270271,0.0711824911096703,rolling_user_norm,rolling_user_norm,Persistence,rolling_user_norm,rolling_user_norm,rolling_user_norm
UCI Electricity,persistence_qi__c80__h6,0.8,6.0,2014-03,2,0.5,0.01,rolling_user_norm,0.1009523321762871,0.1009523321762871,rolling_user_norm,0.0709572966922082,0.0494997013142174,4.072383317307433,0.1416035189639154,0.1101934948102597,0.1009523321762871,0.0,0.0431924568014079,0.0742713024713392,0.0,0.0401857401831592,0.071078644381159,rolling_user_norm,rolling_user_norm,Persistence,rolling_user_norm,rolling_user_norm,rolling_user_norm
UCI Electricity,persistence_qi__c80__h6,0.8,6.0,2014-04,3,0.5,0.01,rolling_user_norm,0.1100048187015422,0.1100048187015422,rolling_user_norm,0.0776311502117953,0.0642746913580246,3.90518979166322,0.1545973369154762,0.1106238439158374,0.1100048187015422,0.0,0.0441123375810151,0.0509856715322434,0.0,0.0293214691575759,0.0302233186216753,rolling_user_norm,rolling_user_norm,Persistence,rolling_user_norm,rolling_user_norm,rolling_user_norm
UCI Electricity,persistence_qi__c80__h6,0.8,6.0,2014-05,4,0.5,0.01,rolling_user_norm,0.0994935850533889,0.0994935850533889,rolling_user_norm,0.0670677245924384,0.05449207696661,3.871368427386464,0.1627911028085402,0.1081343357000444,0.0994935850533889,0.0,0.0536157712388864,0.0609831241117277,0.0,0.0529352547558069,0.058868280345094,rolling_user_norm,rolling_user_norm,Persistence,rolling_user_norm,rolling_user_norm,rolling_user_norm
UCI Electricity,persistence_qi__c80__h6,0.8,6.0,2014-06,5,0.5,0.01,rolling_user_norm,0.110539104877012,0.110539104877012,rolling_user_norm,0.0677551726946888,0.0720540935672514,4.063447174604187,0.1711629461879253,0.12752266724623,0.110539104877012,0.0,0.0612752125089378,0.0792838224753326,0.0,0.0551227214109285,0.0716066916696625,rolling_user_norm,rolling_user_norm,Persistence,rolling_user_norm,rolling_user_norm,rolling_user_norm
UCI Electricity,persistence_qi__c80__h6,0.8,6.0,2014-07,6,0.5,0.01,rolling_user_norm,0.1315227279485367,0.1315227279485367,rolling_user_norm,0.0810107448049695,0.0942947085455574,4.387000127327323,0.189750351312968,0.1472780186179606,0.1315227279485367,0.0,0.040654531214215,0.0582951334507849,0.0,0.0236279175608076,0.0397077116064462,rolling_user_norm,rolling_user_norm,Persistence,rolling_user_norm,rolling_user_norm,rolling_user_norm
UCI Electricity,persistence_qi__c80__h6,0.8,6.0,2014-08,7,0.5,0.01,rolling_user_norm,0.090517665392761,0.090517665392761,rolling_user_norm,0.0574415460536688,0.0390581441656709,4.226782028309112,0.1387002426807343,0.1197196084624531,0.090517665392761,0.0,0.0309906352805611,0.0524669526179076,0.0,0.0256711527836087,0.0420783804763689,rolling_user_norm,rolling_user_norm,Persistence,rolling_user_norm,rolling_user_norm,rolling_user_norm
UCI Electricity,persistence_qi__c80__h6,0.8,6.0,2014-09,8,0.5,0.01,rolling_user_norm,0.0932294478489886,0.0932294478489886,rolling_user_norm,0.0578618849788204,0.0448976608187133,4.184967495022175,0.1278963194321145,0.1162073275342053,0.0932294478489886,0.0,0.0114646945103589,0.0283201615209076,0.0,0.0052282440392095,0.0207702650504752,rolling_user_norm,rolling_user_norm,Persistence,rolling_user_norm,rolling_user_norm,rolling_user_norm
UCI Electricity,persistence_qi__c80__h6,0.8,6.0,2014-10,9,0.5,0.01,rolling_user_norm,0.1255361155923262,0.1255361155923262,rolling_user_norm,0.0842688723867183,0.0835561686474249,4.1623595075254505,0.1281670593145415,0.1275742083632684,0.1255361155923262,0.0,0.0037403483539287,0.0175343006025388,0.0,-0.0050554701547111,0.0032246700446488,rolling_user_norm,rolling_user_norm,Persistence,rolling_user_norm,rolling_user_norm,rolling_user_norm
UCI Electricity,persistence_qi__c80__h6,0.8,6.0,2014-11,10,0.5,0.01,rolling_user_norm,0.1354980693680362,0.1354980693680362,rolling_user_norm,0.0959259938090583,0.092938596491228,4.106577421789306,0.1679127904293496,0.138692063399206,0.1354980693680362,0.0,0.0442414110448754,0.0584792580189406,0.0,0.0227641607260741,0.0318410286839717,rolling_user_norm,rolling_user_norm,Persistence,rolling_user_norm,rolling_user_norm,rolling_user_norm
UCI Electricity,persistence_qi__c80__h6,0.8,6.0,2014-12,11,0.5,0.01,rolling_user_norm,0.1090523203791426,0.1090523203791426,rolling_user_norm,0.0854101630246271,0.0449842269357294,4.385512539896435,0.1922818163916448,0.1245594457316406,0.1090523203791426,0.0,0.0650409657027472,0.0796014446171157,0.0,0.0553846569006579,0.0674303610835009,rolling_user_norm,rolling_user_norm,Persistence,rolling_user_norm,rolling_user_norm,rolling_user_norm
UCI Electricity,persistence_qi__c90__h1,0.9,1.0,2014-01,0,0.5,0.01,rolling_group_norm,0.0423472407504022,0.0423472407504022,rolling_group_norm,0.0327221880616781,0.004308542413381,2.3831875512872585,0.0665226928654642,0.0423472407504022,0.0429712356255483,0.0,0.0186937757571771,0.0179825312060493,0.0,0.0110737266179076,0.0091897002293513,rolling_group_norm,rolling_group_norm,Persistence,rolling_global_norm,rolling_global_norm,rolling_user_norm
UCI Electricity,persistence_qi__c90__h1,0.9,1.0,2014-02,1,0.5,0.01,rolling_user_norm,0.0378340469100783,0.0378340469100783,rolling_user_norm,0.0155370670995671,0.0128086419753086,2.3661192372640447,0.0686327934642987,0.0440439523879323,0.0378340469100783,0.0,0.0248552831333483,0.0298495070721839,0.0,0.0243016481275115,0.0281251969933903,rolling_user_norm,rolling_user_norm,Persistence,rolling_group_norm,rolling_group_norm,rolling_user_norm
UCI Electricity,persistence_qi__c90__h1,0.9,1.0,2014-03,2,0.5,0.01,rolling_user_norm,0.0453290391347207,0.0421973196339543,rolling_group_norm,0.0202456405890328,0.0228643966547191,2.377402051284472,0.0568092748684778,0.0421973196339543,0.0453290391347207,0.0,0.0227769531925709,0.026669779454559,0.0,0.0218616494980316,0.025094310034503,rolling_user_norm,rolling_user_norm,Persistence,rolling_user_norm,rolling_user_norm,rolling_user_norm
UCI Electricity,persistence_qi__c90__h1,0.9,1.0,2014-04,3,0.5,0.01,rolling_user_norm,0.050253182988924,0.0451169197472906,rolling_group_norm,0.0251262626262626,0.0302211934156378,2.257945496797377,0.0558560539428812,0.0451169197472906,0.050253182988924,0.0,0.01816289736082,0.0211425747265639,0.0,0.0152200329487229,0.0153533086413298,rolling_user_norm,rolling_user_norm,Persistence,rolling_group_norm,rolling_user_norm,rolling_user_norm
UCI Electricity,persistence_qi__c90__h1,0.9,1.0,2014-05,4,0.5,0.01,rolling_user_norm,0.0420191708268334,0.0420191708268334,rolling_user_norm,0.0226874625547882,0.0168906810035842,2.223009904764717,0.0660356144819107,0.0446718725925757,0.0420191708268334,0.0,0.0153337655525279,0.0160207042673795,0.0,0.010916370689395,0.0117007504888898,rolling_user_norm,rolling_user_norm,Persistence,rolling_group_norm,rolling_group_norm,rolling_user_norm
UCI Electricity,persistence_qi__c90__h1,0.9,1.0,2014-06,5,0.5,0.01,rolling_user_norm,0.0417034041149931,0.0417034041149931,rolling_user_norm,0.0189638318670576,0.0190586419753086,2.2692167193809984,0.0616843572846362,0.0473265362853488,0.0417034041149931,0.0,0.0241556423502422,0.0326987911113983,0.0,0.02308254452866,0.0307728414546789,rolling_user_norm,rolling_user_norm,Persistence,rolling_user_norm,rolling_group_norm,rolling_user_norm
UCI Electricity,persistence_qi__c90__h1,0.9,1.0,2014-07,6,0.5,0.01,rolling_user_norm,0.0456300911211047,0.0456300911211047,rolling_user_norm,0.0249067811307665,0.0177136389360498,2.431988108769656,0.0760617424903368,0.0517140953140116,0.0456300911211047,0.0,0.0144163916548696,0.0179271715466574,0.0,0.0084254228365313,0.0117787817419948,rolling_user_norm,rolling_user_norm,Persistence,rolling_user_norm,rolling_user_norm,rolling_user_norm
UCI Electricity,persistence_qi__c90__h1,0.9,1.0,2014-08,7,0.5,0.01,rolling_user_norm,0.0451429119790336,0.0446761440124091,rolling_group_norm,0.0187330511146848,0.0244573874950219,2.3547692674180305,0.0600636766273905,0.0446761440124091,0.0451429119790336,0.0,0.0221412277710769,0.0323989027818878,0.0,0.0214464182132232,0.0285369740802261,rolling_user_norm,rolling_user_norm,Persistence,rolling_user_norm,rolling_user_norm,rolling_user_norm
UCI Electricity,persistence_qi__c90__h1,0.9,1.0,2014-09,8,0.5,0.01,rolling_user_norm,0.0406788645889367,0.0406788645889367,rolling_user_norm,0.0189546676441837,0.0153163580246913,2.354335175449916,0.0593873348900532,0.0457831804861718,0.0406788645889367,0.0,0.0060886799158672,0.0070365253850761,0.0,0.0008944124599216,0.0026452664207381,rolling_user_norm,rolling_group_norm,Persistence,rolling_group_norm,rolling_user_norm,rolling_user_norm
UCI Electricity,persistence_qi__c90__h1,0.9,1.0,2014-10,9,0.5,0.01,rolling_user_norm,0.0438730675474682,0.0438730675474682,rolling_user_norm,0.0252534449594803,0.0150573005093378,2.371769481305912,0.0605022863235124,0.0463128539517101,0.0438730675474682,0.0,0.012989853188363,0.0188706758378756,0.0,0.0096670960550525,0.0148074208338326,rolling_user_norm,rolling_user_norm,Persistence,rolling_user_norm,rolling_user_norm,rolling_user_norm
UCI Electricity,persistence_qi__c90__h1,0.9,1.0,2014-11,10,0.5,0.01,rolling_user_norm,0.0440953678278502,0.0440953678278502,rolling_user_norm,0.0272411616161616,0.0157273391812865,2.261111742912615,0.0615476966891988,0.0472729954077793,0.0440953678278502,0.0,0.0192983665938808,0.0269061863350325,0.0,0.0163964897862034,0.0229424526892818,rolling_user_norm,rolling_user_norm,Persistence,rolling_user_norm,rolling_user_norm,rolling_user_norm
UCI Electricity,persistence_qi__c90__h1,0.9,1.0,2014-12,11,0.5,0.01,rolling_user_norm,0.0420559646711661,0.0420559646711661,rolling_user_norm,0.0270612603664112,0.0100263293563117,2.351216980980469,0.0723084574524649,0.0454297685129527,0.0420559646711661,0.0,0.0204402145219174,0.0297299819592578,0.0,0.0184865941065453,0.0252267732053282,rolling_user_norm,rolling_user_norm,Persistence,rolling_user_norm,rolling_user_norm,rolling_user_norm
UCI Electricity,persistence_qi__c90__h6,0.9,6.0,2014-01,0,0.5,0.01,rolling_user_norm,0.0743725033416158,0.0743725033416158,rolling_user_norm,0.0385189039195282,0.0154817487266553,4.737217701852405,0.1188114357603368,0.0915458960699028,0.0743725033416158,0.0,0.0242876068315529,0.0396727551872576,0.0,0.0177832358689132,0.0281314654659889,rolling_user_norm,rolling_user_norm,Persistence,rolling_global_norm,rolling_global_norm,rolling_user_norm
UCI Electricity,persistence_qi__c90__h6,0.9,6.0,2014-02,1,0.5,0.01,rolling_user_norm,0.0738905972471131,0.0738905972471131,rolling_user_norm,0.0358196742773355,0.0165256892230576,4.77179154969165,0.1265804802607114,0.0973723702494741,0.0738905972471131,0.0,0.0270720154085877,0.0496420706923471,0.0,0.0252284328418456,0.0461798067970703,rolling_user_norm,rolling_user_norm,Persistence,rolling_user_norm,rolling_user_norm,rolling_user_norm
UCI Electricity,persistence_qi__c90__h6,0.9,6.0,2014-03,2,0.5,0.01,rolling_user_norm,0.0852994853631224,0.0852994853631224,rolling_user_norm,0.0513194510137798,0.0264987479746648,4.639038586890007,0.1162562274922394,0.0996503344919327,0.0852994853631224,0.0,0.0248713417603022,0.0515488372105872,0.0,0.0245280690504663,0.0489773073597553,rolling_user_norm,rolling_user_norm,Persistence,rolling_user_norm,rolling_user_norm,rolling_user_norm
UCI Electricity,persistence_qi__c90__h6,0.9,6.0,2014-04,3,0.5,0.01,rolling_user_norm,0.0913365350085359,0.0913365350085359,rolling_user_norm,0.0569210247637666,0.0365612139917694,4.459541563076789,0.1218844802046504,0.1015700106953662,0.0913365350085359,0.0,0.0255746740674088,0.0361804394582201,0.0,0.0144175413501793,0.0227330947525463,rolling_user_norm,rolling_user_norm,Persistence,rolling_user_norm,rolling_user_norm,rolling_user_norm
UCI Electricity,persistence_qi__c90__h6,0.9,6.0,2014-05,4,0.5,0.01,rolling_user_norm,0.103679623913894,0.0972410492012945,rolling_group_norm,0.0578014142465235,0.0612867855121674,4.413552403454855,0.1590125813080818,0.0972410492012945,0.103679623913894,0.0,0.0430524990502474,0.0498830224466532,0.0,0.0427103837871313,0.0427201935355507,rolling_user_norm,rolling_user_norm,Persistence,rolling_user_norm,rolling_user_norm,rolling_user_norm
UCI Electricity,persistence_qi__c90__h6,0.9,6.0,2014-06,5,0.5,0.01,rolling_user_norm,0.1148463003180514,0.1148463003180514,rolling_user_norm,0.0604309221244705,0.0761988304093567,4.653142405113782,0.1650997002368555,0.1170151363598857,0.1148463003180514,0.0,0.0671151646807539,0.0791754718315122,0.0,0.0623998254478859,0.0701981257266824,rolling_user_norm,rolling_user_norm,Persistence,rolling_group_norm,rolling_user_norm,rolling_user_norm
UCI Electricity,persistence_qi__c90__h6,0.9,6.0,2014-07,6,0.5,0.01,rolling_user_norm,0.1320154714927426,0.1320154714927426,rolling_user_norm,0.0720002443792766,0.0918718166383701,5.00794409839192,0.1711209791194755,0.1381246459649679,0.1320154714927426,0.0,0.0365701221041686,0.0467724762111004,0.0,0.0241374509900207,0.0298867485412084,rolling_user_norm,rolling_user_norm,Persistence,rolling_user_norm,rolling_user_norm,rolling_user_norm
UCI Electricity,persistence_qi__c90__h6,0.9,6.0,2014-08,7,0.5,0.01,rolling_user_norm,0.0779501150810922,0.0779501150810922,rolling_user_norm,0.0414116450666918,0.0199844368986983,4.725207409839712,0.1170841061104691,0.1046140725527161,0.0779501150810922,0.0,0.0207331875745265,0.0377036022850087,0.0,0.0162131220953793,0.0288772451863149,rolling_user_norm,rolling_user_norm,Persistence,rolling_user_norm,rolling_user_norm,rolling_user_norm
UCI Electricity,persistence_qi__c90__h6,0.9,6.0,2014-09,8,0.5,0.01,rolling_user_norm,0.0820322781464431,0.0820322781464431,rolling_user_norm,0.0443528022157054,0.0255994152046783,4.705616943625127,0.104083247509704,0.100931015647037,0.0820322781464431,0.0,0.0048535968786854,0.0234767401427596,0.0,0.0016387937889978,0.0192922939843261,rolling_user_norm,rolling_user_norm,Persistence,rolling_user_norm,rolling_user_norm,rolling_user_norm
UCI Electricity,persistence_qi__c90__h6,0.9,6.0,2014-10,9,0.5,0.01,rolling_user_norm,0.102511545285378,0.102511545285378,rolling_user_norm,0.0600524627124523,0.0503926146010186,4.728900662864255,0.1039432010683571,0.1103828871747494,0.102511545285378,0.0,-0.0034753221509526,0.0131033219503037,0.0,-0.0064080824328251,0.0079224003611367,rolling_user_norm,rolling_user_norm,Persistence,rolling_user_norm,rolling_user_norm,rolling_user_norm
UCI Electricity,persistence_qi__c90__h6,0.9,6.0,2014-11,10,0.5,0.01,rolling_user_norm,0.107596591949592,0.107596591949592,rolling_user_norm,0.0699841153470185,0.0519298245614034,4.663962199538103,0.1359941451754844,0.1107945487892963,0.107596591949592,0.0,0.0261542885432196,0.0421581891705856,0.0,0.0172396514818569,0.0303999516000228,rolling_user_norm,rolling_user_norm,Persistence,rolling_user_norm,rolling_user_norm,rolling_user_norm
UCI Electricity,persistence_qi__c90__h6,0.9,6.0,2014-12,11,0.5,0.01,rolling_user_norm,0.1141026843466092,0.1141026843466092,rolling_user_norm,0.0769363116072273,0.0498533166396621,5.070787022316442,0.1687674971359006,0.1204669256662065,0.1141026843466092,0.0,0.0607021245828509,0.0715570083341856,0.0,0.05324237238595,0.063103449022453,rolling_user_norm,rolling_user_norm,Persistence,rolling_user_norm,rolling_user_norm,rolling_user_norm
